timestamp_utc,disabled_station_count
2018-06-08 18:59:00+00:00,1
2018-06-08 19:00:00+00:00,1
2018-06-08 19:01:00+00:00,1
2018-06-08 19:02:00+00:00,1
2018-06-08 19:03:00+00:00,1
2018-06-08 19:04:00+00:00,1
2018-06-08 19:05:00+00:00,1
2018-06-08 19:06:00+00:00,1
2018-06-08 19:07:00+00:00,1
2018-06-08 19:08:00+00:00,1
2018-06-08 19:09:00+00:00,1
2018-06-08 19:10:00+00:00,1
2018-06-08 19:11:00+00:00,1
2018-06-08 19:12:00+00:00,1
2018-06-08 19:13:00+00:00,1
2018-06-08 19:14:00+00:00,1
2018-06-08 19:15:00+00:00,1
2018-06-08 19:16:00+00:00,1
2018-06-08 19:17:00+00:00,1
2018-06-08 19:18:00+00:00,1
2018-06-08 19:19:00+00:00,1
2018-06-08 19:20:00+00:00,1
2018-06-08 19:21:00+00:00,1
2018-06-08 19:22:00+00:00,1
2018-06-08 19:23:00+00:00,1
2018-06-08 19:24:00+00:00,1
2018-06-08 19:25:00+00:00,1
2018-06-08 19:26:00+00:00,1
2018-06-08 19:27:00+00:00,1
2018-06-08 19:28:00+00:00,1
2018-06-08 19:29:00+00:00,1
2018-06-08 19:30:00+00:00,1
2018-06-08 19:31:00+00:00,1
2018-06-08 19:32:00+00:00,1
2018-06-08 19:33:00+00:00,1
2018-06-08 19:34:00+00:00,1
2018-06-08 19:35:00+00:00,1
2018-06-08 19:36:00+00:00,1
2018-06-08 19:37:00+00:00,1
2018-06-08 19:38:00+00:00,1
2018-06-08 19:39:00+00:00,1
2018-06-08 19:40:00+00:00,1
2018-06-08 19:41:00+00:00,1
2018-06-08 19:42:00+00:00,1
2018-06-08 19:43:00+00:00,1
2018-06-08 19:44:00+00:00,1
2018-06-08 19:45:00+00:00,1
2018-06-08 19:46:00+00:00,1
2018-06-08 19:47:00+00:00,1
2018-06-08 19:48:00+00:00,1
2018-06-08 19:49:00+00:00,1
2018-06-08 19:50:00+00:00,1
2018-06-08 19:51:00+00:00,1
2018-06-08 19:52:00+00:00,1
2018-06-08 19:53:00+00:00,1
2018-06-08 19:54:00+00:00,1
2018-06-08 19:55:00+00:00,1
2018-06-08 19:56:00+00:00,1
2018-06-08 19:57:00+00:00,1
2018-06-08 19:58:00+00:00,1
2018-06-08 19:59:00+00:00,1
2018-06-08 20:00:00+00:00,1
2018-06-08 20:01:00+00:00,1
2018-06-08 20:02:00+00:00,1
2018-06-08 20:03:00+00:00,1
2018-06-08 20:04:00+00:00,1
2018-06-08 20:05:00+00:00,1
2018-06-08 20:06:00+00:00,1
2018-06-08 20:07:00+00:00,1
2018-06-08 20:08:00+00:00,1
2018-06-08 20:09:00+00:00,1
2018-06-08 20:10:00+00:00,1
2018-06-08 20:11:00+00:00,1
2018-06-08 20:12:00+00:00,1
2018-06-08 20:13:00+00:00,1
2018-06-08 20:14:00+00:00,1
2018-06-08 20:15:00+00:00,1
2018-06-08 20:16:00+00:00,1
2018-06-08 20:17:00+00:00,1
2018-06-08 20:18:00+00:00,1
2018-06-08 20:19:00+00:00,1
2018-06-08 20:20:00+00:00,1
2018-06-08 20:21:00+00:00,1
2018-06-08 20:22:00+00:00,1
2018-06-08 20:23:00+00:00,1
2018-06-08 20:24:00+00:00,1
2018-06-08 20:25:00+00:00,1
2018-06-08 20:26:00+00:00,1
2018-06-08 20:27:00+00:00,1
2018-06-08 20:28:00+00:00,1
2018-06-08 20:29:00+00:00,1
2018-06-08 20:30:00+00:00,1
2018-06-08 20:31:00+00:00,1
2018-06-08 20:32:00+00:00,1
2018-06-08 20:33:00+00:00,1
2018-06-08 20:34:00+00:00,1
2018-06-08 20:35:00+00:00,1
2018-06-08 20:36:00+00:00,1
2018-06-08 20:37:00+00:00,1
2018-06-08 20:38:00+00:00,1
2018-06-08 20:39:00+00:00,1
2018-06-08 20:40:00+00:00,1
2018-06-08 20:41:00+00:00,1
2018-06-08 20:42:00+00:00,1
2018-06-08 20:43:00+00:00,1
2018-06-08 20:44:00+00:00,1
2018-06-08 20:45:00+00:00,1
2018-06-08 20:46:00+00:00,1
2018-06-08 20:47:00+00:00,1
2018-06-08 20:48:00+00:00,1
2018-06-08 20:49:00+00:00,1
2018-06-08 20:50:00+00:00,1
2018-06-08 20:51:00+00:00,1
2018-06-08 20:52:00+00:00,1
2018-06-08 20:53:00+00:00,1
2018-06-08 20:54:00+00:00,1
2018-06-08 20:55:00+00:00,1
2018-06-08 20:56:00+00:00,1
2018-06-08 20:57:00+00:00,1
2018-06-08 20:58:00+00:00,1
2018-06-08 20:59:00+00:00,1
2018-06-08 21:00:00+00:00,1
2018-06-08 21:01:00+00:00,1
2018-06-08 21:02:00+00:00,1
2018-06-08 21:03:00+00:00,1
2018-06-08 21:04:00+00:00,1
2018-06-08 21:05:00+00:00,1
2018-06-08 21:06:00+00:00,1
2018-06-08 21:07:00+00:00,1
2018-06-08 21:08:00+00:00,1
2018-06-08 21:09:00+00:00,1
2018-06-08 21:10:00+00:00,1
2018-06-08 21:11:00+00:00,1
2018-06-08 21:12:00+00:00,1
2018-06-08 21:13:00+00:00,1
2018-06-08 21:14:00+00:00,1
2018-06-08 21:15:00+00:00,1
2018-06-08 21:16:00+00:00,1
2018-06-08 21:17:00+00:00,1
2018-06-08 21:18:00+00:00,1
2018-06-08 21:19:00+00:00,1
2018-06-08 21:20:00+00:00,1
2018-06-08 21:21:00+00:00,1
2018-06-08 21:22:00+00:00,1
2018-06-08 21:23:00+00:00,1
2018-06-08 21:24:00+00:00,1
2018-06-08 21:25:00+00:00,1
2018-06-08 21:26:00+00:00,1
2018-06-08 21:27:00+00:00,1
2018-06-08 21:28:00+00:00,1
2018-06-08 21:29:00+00:00,1
2018-06-08 21:30:00+00:00,1
2018-06-08 21:31:00+00:00,1
2018-06-08 21:32:00+00:00,1
2018-06-08 21:33:00+00:00,1
2018-06-08 21:34:00+00:00,1
2018-06-08 21:35:00+00:00,1
2018-06-08 21:36:00+00:00,1
2018-06-08 21:37:00+00:00,1
2018-06-08 21:38:00+00:00,1
2018-06-08 21:39:00+00:00,1
2018-06-08 21:40:00+00:00,1
2018-06-08 21:41:00+00:00,1
2018-06-08 21:42:00+00:00,1
2018-06-08 21:43:00+00:00,1
2018-06-08 21:44:00+00:00,1
2018-06-08 21:45:00+00:00,1
2018-06-08 21:46:00+00:00,1
2018-06-08 21:47:00+00:00,1
2018-06-08 21:48:00+00:00,1
2018-06-08 21:49:00+00:00,1
2018-06-08 21:50:00+00:00,1
2018-06-08 21:51:00+00:00,1
2018-06-08 21:52:00+00:00,1
2018-06-08 21:53:00+00:00,1
2018-06-08 21:54:00+00:00,1
2018-06-08 21:55:00+00:00,1
2018-06-08 21:56:00+00:00,1
2018-06-08 21:57:00+00:00,1
2018-06-08 21:58:00+00:00,1
2018-06-08 21:59:00+00:00,1
2018-06-08 22:00:00+00:00,1
2018-06-08 22:01:00+00:00,1
2018-06-08 22:02:00+00:00,1
2018-06-08 22:03:00+00:00,1
2018-06-08 22:04:00+00:00,1
2018-06-08 22:05:00+00:00,1
2018-06-08 22:06:00+00:00,1
2018-06-08 22:07:00+00:00,1
2018-06-08 22:08:00+00:00,1
2018-06-08 22:09:00+00:00,1
2018-06-08 22:10:00+00:00,1
2018-06-08 22:11:00+00:00,1
2018-06-08 22:12:00+00:00,1
2018-06-08 22:13:00+00:00,1
2018-06-08 22:14:00+00:00,1
2018-06-08 22:15:00+00:00,1
2018-06-08 22:16:00+00:00,1
2018-06-08 22:17:00+00:00,1
2018-06-08 22:18:00+00:00,1
2018-06-08 22:19:00+00:00,1
2018-06-08 22:20:00+00:00,1
2018-06-08 22:21:00+00:00,1
2018-06-08 22:22:00+00:00,1
2018-06-08 22:23:00+00:00,1
2018-06-08 22:24:00+00:00,1
2018-06-08 22:25:00+00:00,1
2018-06-08 22:26:00+00:00,1
2018-06-08 22:27:00+00:00,1
2018-06-08 22:28:00+00:00,1
2018-06-08 22:29:00+00:00,1
2018-06-08 22:30:00+00:00,1
2018-06-08 22:31:00+00:00,1
2018-06-08 22:32:00+00:00,1
2018-06-08 22:33:00+00:00,1
2018-06-08 22:34:00+00:00,1
2018-06-08 22:35:00+00:00,1
2018-06-08 22:36:00+00:00,1
2018-06-08 22:37:00+00:00,1
2018-06-08 22:38:00+00:00,1
2018-06-08 22:39:00+00:00,1
2018-06-08 22:40:00+00:00,1
2018-06-08 22:41:00+00:00,1
2018-06-08 22:42:00+00:00,1
2018-06-08 22:43:00+00:00,1
2018-06-08 22:44:00+00:00,1
2018-06-08 22:45:00+00:00,1
2018-06-08 22:46:00+00:00,1
2018-06-08 22:47:00+00:00,1
2018-06-08 22:48:00+00:00,1
2018-06-08 22:49:00+00:00,1
2018-06-08 22:50:00+00:00,1
2018-06-08 22:51:00+00:00,1
2018-06-08 22:52:00+00:00,1
2018-06-08 22:53:00+00:00,1
2018-06-08 22:54:00+00:00,1
2018-06-08 22:55:00+00:00,1
2018-06-08 22:56:00+00:00,1
2018-06-08 22:57:00+00:00,1
2018-06-08 22:58:00+00:00,1
2018-06-08 22:59:00+00:00,1
2018-06-08 23:00:00+00:00,1
2018-06-08 23:01:00+00:00,1
2018-06-08 23:02:00+00:00,1
2018-06-08 23:03:00+00:00,1
2018-06-08 23:04:00+00:00,1
2018-06-08 23:05:00+00:00,1
2018-06-08 23:06:00+00:00,1
2018-06-08 23:07:00+00:00,1
2018-06-08 23:08:00+00:00,1
2018-06-08 23:09:00+00:00,1
2018-06-08 23:10:00+00:00,1
2018-06-08 23:11:00+00:00,1
2018-06-08 23:12:00+00:00,1
2018-06-08 23:13:00+00:00,1
2018-06-08 23:14:00+00:00,1
2018-06-08 23:15:00+00:00,1
2018-06-08 23:16:00+00:00,1
2018-06-08 23:17:00+00:00,1
2018-06-08 23:18:00+00:00,1
2018-06-08 23:19:00+00:00,1
2018-06-08 23:20:00+00:00,1
2018-06-08 23:21:00+00:00,1
2018-06-08 23:22:00+00:00,1
2018-06-08 23:23:00+00:00,1
2018-06-08 23:24:00+00:00,1
2018-06-08 23:25:00+00:00,1
2018-06-08 23:26:00+00:00,1
2018-06-08 23:27:00+00:00,1
2018-06-08 23:28:00+00:00,1
2018-06-08 23:29:00+00:00,1
2018-06-08 23:30:00+00:00,1
2018-06-08 23:31:00+00:00,1
2018-06-08 23:32:00+00:00,1
2018-06-08 23:33:00+00:00,1
2018-06-08 23:34:00+00:00,1
2018-06-08 23:35:00+00:00,1
2018-06-08 23:36:00+00:00,1
2018-06-08 23:37:00+00:00,1
2018-06-08 23:38:00+00:00,1
2018-06-08 23:39:00+00:00,1
2018-06-08 23:40:00+00:00,1
2018-06-08 23:41:00+00:00,1
2018-06-08 23:42:00+00:00,1
2018-06-08 23:43:00+00:00,1
2018-06-08 23:44:00+00:00,1
2018-06-08 23:45:00+00:00,1
2018-06-08 23:46:00+00:00,1
2018-06-08 23:47:00+00:00,1
2018-06-08 23:48:00+00:00,1
2018-06-08 23:49:00+00:00,1
2018-06-08 23:50:00+00:00,1
2018-06-08 23:51:00+00:00,1
2018-06-08 23:52:00+00:00,1
2018-06-08 23:53:00+00:00,1
2018-06-08 23:54:00+00:00,1
2018-06-08 23:55:00+00:00,1
2018-06-25 20:04:00+00:00,1
2018-06-25 20:05:00+00:00,1
2018-06-25 20:06:00+00:00,1
2018-06-25 20:07:00+00:00,1
2018-06-25 20:08:00+00:00,1
2018-06-25 20:09:00+00:00,1
2018-06-25 20:10:00+00:00,1
2018-06-25 20:11:00+00:00,1
2018-06-25 20:12:00+00:00,1
2018-06-25 20:13:00+00:00,1
2018-06-25 20:14:00+00:00,1
2018-06-25 20:15:00+00:00,1
2018-06-25 20:16:00+00:00,1
2018-06-25 20:17:00+00:00,1
2018-06-25 20:18:00+00:00,1
2018-06-25 20:19:00+00:00,1
2018-06-25 20:20:00+00:00,1
2018-06-25 20:21:00+00:00,1
2018-06-25 20:22:00+00:00,1
2018-06-25 20:23:00+00:00,1
2018-06-25 20:24:00+00:00,1
2018-06-25 20:25:00+00:00,1
2018-06-25 20:26:00+00:00,1
2018-06-25 20:27:00+00:00,1
2018-06-25 20:28:00+00:00,1
2018-06-25 20:29:00+00:00,1
2018-06-25 20:30:00+00:00,1
2018-06-25 20:31:00+00:00,1
2018-06-25 20:32:00+00:00,1
2018-06-25 20:33:00+00:00,1
2018-06-25 20:34:00+00:00,1
2018-06-25 20:35:00+00:00,1
2018-06-25 20:36:00+00:00,1
2018-06-25 20:37:00+00:00,1
2018-06-25 20:38:00+00:00,1
2018-06-25 20:39:00+00:00,1
2018-06-25 20:40:00+00:00,1
2018-06-25 20:41:00+00:00,1
2018-06-25 20:42:00+00:00,1
2018-06-25 20:43:00+00:00,1
2018-06-25 20:44:00+00:00,1
2018-06-25 20:45:00+00:00,1
2018-07-23 16:48:00+00:00,1
2018-07-23 16:49:00+00:00,1
2018-07-23 16:50:00+00:00,1
2018-07-23 16:51:00+00:00,1
2018-07-23 16:52:00+00:00,1
2018-07-23 16:53:00+00:00,1
2018-07-23 16:54:00+00:00,1
2018-07-23 16:55:00+00:00,1
2018-07-23 16:56:00+00:00,1
2018-07-23 16:57:00+00:00,1
2018-07-23 16:58:00+00:00,1
2018-07-23 16:59:00+00:00,1
2018-07-23 17:00:00+00:00,1
2018-07-23 17:01:00+00:00,1
2018-07-23 17:02:00+00:00,1
2018-07-23 17:03:00+00:00,1
2018-07-23 17:04:00+00:00,1
2018-07-23 17:05:00+00:00,1
2018-07-23 17:06:00+00:00,1
2018-07-23 17:07:00+00:00,1
2018-07-23 17:08:00+00:00,1
2018-07-23 17:09:00+00:00,1
2018-07-23 17:10:00+00:00,1
2018-07-23 17:11:00+00:00,1
2018-07-23 17:12:00+00:00,1
2018-07-23 17:13:00+00:00,1
2018-07-23 17:14:00+00:00,1
2018-07-23 17:15:00+00:00,1
2018-07-23 17:16:00+00:00,1
2018-07-23 17:17:00+00:00,1
2018-07-23 17:18:00+00:00,1
2018-07-23 17:19:00+00:00,1
2018-07-23 17:20:00+00:00,1
2018-07-23 17:21:00+00:00,1
2018-07-23 17:22:00+00:00,1
2018-07-23 17:23:00+00:00,1
2018-07-23 17:24:00+00:00,1
2018-07-23 17:25:00+00:00,1
2018-07-23 17:26:00+00:00,1
2018-07-23 17:27:00+00:00,1
2018-07-23 17:28:00+00:00,1
2018-07-23 17:29:00+00:00,1
2018-07-23 17:30:00+00:00,1
2018-07-23 17:31:00+00:00,1
2018-07-23 17:32:00+00:00,1
2018-07-23 17:33:00+00:00,1
2018-07-23 17:34:00+00:00,1
2018-07-23 17:35:00+00:00,1
2018-07-23 17:36:00+00:00,1
2018-07-23 17:37:00+00:00,1
2018-07-23 17:38:00+00:00,1
2018-07-23 17:39:00+00:00,1
2018-07-23 17:40:00+00:00,1
2018-07-23 17:41:00+00:00,1
2018-07-23 17:42:00+00:00,1
2018-07-23 17:43:00+00:00,1
2018-07-23 17:44:00+00:00,1
2018-07-23 17:45:00+00:00,1
2018-07-23 17:46:00+00:00,1
2018-07-23 17:47:00+00:00,1
2018-07-23 17:48:00+00:00,1
2018-07-23 17:49:00+00:00,1
2018-07-23 17:50:00+00:00,1
2018-07-23 17:51:00+00:00,1
2018-07-23 17:52:00+00:00,1
2018-07-23 17:53:00+00:00,1
2018-07-23 17:54:00+00:00,1
2018-07-23 17:55:00+00:00,1
2018-07-23 17:56:00+00:00,1
2018-07-23 17:57:00+00:00,1
2018-07-23 17:58:00+00:00,1
2018-07-23 17:59:00+00:00,1
2018-07-23 18:00:00+00:00,1
2018-07-23 18:01:00+00:00,1
2018-07-23 18:02:00+00:00,1
2018-07-23 18:03:00+00:00,1
2018-07-23 18:04:00+00:00,1
2018-07-23 18:05:00+00:00,1
2018-07-23 18:06:00+00:00,1
2018-07-23 18:07:00+00:00,1
2018-07-23 18:08:00+00:00,1
2018-07-23 18:09:00+00:00,1
2018-07-23 18:10:00+00:00,1
2018-07-23 18:11:00+00:00,1
2018-07-23 18:12:00+00:00,1
2018-07-23 18:13:00+00:00,1
2018-07-23 18:14:00+00:00,1
2018-07-23 18:15:00+00:00,1
2018-07-23 18:16:00+00:00,1
2018-07-23 18:17:00+00:00,1
2018-07-23 18:18:00+00:00,1
2018-07-23 18:19:00+00:00,1
2018-07-23 18:20:00+00:00,1
2018-07-23 18:21:00+00:00,1
2018-07-23 18:22:00+00:00,1
2018-07-23 18:23:00+00:00,1
2018-07-23 18:24:00+00:00,1
2018-07-23 18:25:00+00:00,1
2018-07-23 18:26:00+00:00,1
2018-07-23 18:27:00+00:00,1
2018-07-23 18:28:00+00:00,1
2018-07-23 18:29:00+00:00,1
2018-07-23 18:30:00+00:00,1
2018-07-23 18:31:00+00:00,1
2018-07-23 18:32:00+00:00,1
2018-07-23 18:33:00+00:00,1
2018-07-23 18:34:00+00:00,1
2018-07-23 18:35:00+00:00,1
2018-07-23 18:36:00+00:00,1
2018-07-23 18:37:00+00:00,1
2018-07-23 18:38:00+00:00,1
2018-07-23 18:39:00+00:00,1
2018-07-23 18:40:00+00:00,1
2018-07-23 18:41:00+00:00,1
2018-07-23 18:42:00+00:00,1
2018-07-23 18:43:00+00:00,1
2018-07-23 18:44:00+00:00,1
2018-07-23 18:45:00+00:00,1
2018-07-23 18:46:00+00:00,1
2018-07-23 18:47:00+00:00,1
2018-07-23 18:48:00+00:00,1
2018-07-23 18:49:00+00:00,1
2018-07-23 18:50:00+00:00,1
2018-07-23 18:51:00+00:00,1
2018-07-23 18:52:00+00:00,1
2018-07-23 18:53:00+00:00,1
2018-07-23 18:54:00+00:00,1
2018-07-23 18:55:00+00:00,1
2018-07-23 18:56:00+00:00,1
2018-07-23 18:57:00+00:00,1
2018-07-23 18:58:00+00:00,1
2018-07-23 18:59:00+00:00,1
2018-07-23 19:00:00+00:00,1
2018-07-23 19:01:00+00:00,1
2018-07-23 19:02:00+00:00,1
2018-07-23 19:03:00+00:00,1
2018-07-23 19:04:00+00:00,1
2018-07-23 19:05:00+00:00,1
2018-07-23 19:06:00+00:00,1
2018-07-23 19:07:00+00:00,1
2018-07-23 19:08:00+00:00,1
2018-07-23 19:43:00+00:00,1
2018-07-23 19:44:00+00:00,1
2018-07-23 19:45:00+00:00,1
2018-07-23 19:46:00+00:00,1
2018-07-23 19:47:00+00:00,1
2018-07-23 19:48:00+00:00,1
2018-07-23 19:49:00+00:00,1
2018-07-23 19:50:00+00:00,1
2018-07-23 19:51:00+00:00,1
2018-07-23 19:52:00+00:00,1
2018-07-23 19:53:00+00:00,1
2018-07-23 19:54:00+00:00,1
2018-07-23 19:55:00+00:00,1
2018-07-23 19:56:00+00:00,1
2018-07-23 19:57:00+00:00,1
2018-07-23 19:58:00+00:00,1
2018-07-23 19:59:00+00:00,1
2018-07-23 20:00:00+00:00,1
2018-07-23 20:01:00+00:00,1
2018-07-23 20:02:00+00:00,1
2018-07-23 20:03:00+00:00,1
2018-07-23 20:04:00+00:00,1
2018-07-23 20:05:00+00:00,1
2018-07-23 20:06:00+00:00,1
2018-07-23 20:07:00+00:00,1
2018-07-23 20:08:00+00:00,1
2018-07-23 20:09:00+00:00,1
2018-07-23 20:10:00+00:00,1
2018-07-23 20:11:00+00:00,1
2018-07-23 20:12:00+00:00,1
2018-07-23 20:13:00+00:00,1
2018-07-23 20:14:00+00:00,1
2018-07-23 20:15:00+00:00,1
2018-07-23 20:16:00+00:00,1
2018-07-23 20:17:00+00:00,1
2018-07-23 20:18:00+00:00,1
2018-07-24 04:03:00+00:00,1
2018-07-24 04:04:00+00:00,1
2018-07-24 04:05:00+00:00,1
2018-07-24 04:06:00+00:00,1
2018-07-24 04:07:00+00:00,1
2018-07-24 04:08:00+00:00,1
2018-07-24 04:09:00+00:00,1
2018-07-24 04:10:00+00:00,1
2018-07-24 04:11:00+00:00,1
2018-07-24 04:12:00+00:00,1
2018-07-24 04:13:00+00:00,1
2018-07-24 04:14:00+00:00,1
2018-07-24 04:15:00+00:00,1
2018-07-24 04:16:00+00:00,1
2018-08-01 00:26:00+00:00,1
2018-08-01 00:27:00+00:00,1
2018-08-01 00:28:00+00:00,1
2018-08-01 00:29:00+00:00,1
2018-08-01 00:30:00+00:00,1
2018-08-01 00:31:00+00:00,1
2018-08-01 00:32:00+00:00,1
2018-08-01 00:33:00+00:00,1
2018-08-01 00:34:00+00:00,1
2018-08-01 00:35:00+00:00,1
2018-08-01 00:36:00+00:00,1
2018-08-01 00:37:00+00:00,1
2018-08-01 00:38:00+00:00,1
2018-08-01 00:39:00+00:00,1
2018-08-01 00:40:00+00:00,1
2018-08-01 00:41:00+00:00,1
2018-08-01 00:42:00+00:00,1
2018-08-01 00:43:00+00:00,1
2018-08-01 00:44:00+00:00,1
2018-08-01 00:45:00+00:00,1
2018-08-01 00:46:00+00:00,1
2018-08-01 00:47:00+00:00,1
2018-08-01 00:48:00+00:00,1
2018-08-01 00:49:00+00:00,1
2018-08-01 00:50:00+00:00,1
2018-08-01 00:51:00+00:00,1
2018-08-01 00:52:00+00:00,1
2018-08-01 00:53:00+00:00,1
2018-08-01 00:54:00+00:00,1
2018-08-01 00:55:00+00:00,1
2018-08-01 00:56:00+00:00,1
2018-08-01 00:57:00+00:00,1
2018-08-01 00:58:00+00:00,1
2018-08-01 00:59:00+00:00,1
2018-08-01 01:00:00+00:00,1
2018-08-01 01:01:00+00:00,1
2018-08-01 01:02:00+00:00,1
2018-08-01 01:03:00+00:00,1
2018-08-01 01:04:00+00:00,1
2018-08-01 01:05:00+00:00,1
2018-08-01 01:06:00+00:00,1
2018-08-01 01:07:00+00:00,1
2018-08-01 01:08:00+00:00,1
2018-08-01 01:09:00+00:00,1
2018-08-01 01:10:00+00:00,1
2018-08-01 01:11:00+00:00,1
2018-08-01 01:12:00+00:00,1
2018-08-01 01:13:00+00:00,1
2018-08-01 01:14:00+00:00,1
2018-08-01 01:15:00+00:00,1
2018-08-01 01:16:00+00:00,1
2018-08-01 01:17:00+00:00,1
2018-08-01 01:18:00+00:00,1
2018-08-01 01:19:00+00:00,1
2018-08-01 01:20:00+00:00,1
2018-08-01 01:21:00+00:00,1
2018-08-01 01:22:00+00:00,1
2018-08-01 01:23:00+00:00,1
2018-08-01 01:24:00+00:00,1
2018-08-01 01:25:00+00:00,1
2018-08-01 01:26:00+00:00,1
2018-08-01 01:27:00+00:00,1
2018-08-01 01:28:00+00:00,1
2018-08-01 01:29:00+00:00,1
2018-08-01 01:30:00+00:00,1
2018-08-01 01:31:00+00:00,1
2018-08-01 01:32:00+00:00,1
2018-08-01 01:33:00+00:00,1
2018-08-01 01:34:00+00:00,1
2018-08-01 01:35:00+00:00,1
2018-08-01 01:36:00+00:00,1
2018-08-09 15:54:00+00:00,1
2018-08-09 15:55:00+00:00,1
2018-08-09 15:56:00+00:00,1
2018-08-09 15:57:00+00:00,1
2018-08-09 15:58:00+00:00,1
2018-08-09 15:59:00+00:00,1
2018-08-09 16:00:00+00:00,1
2018-08-09 16:01:00+00:00,1
2018-08-09 16:02:00+00:00,1
2018-08-09 16:03:00+00:00,1
2018-08-09 16:04:00+00:00,1
2018-08-09 16:05:00+00:00,1
2018-08-09 16:06:00+00:00,1
2018-08-09 16:07:00+00:00,1
2018-08-09 16:08:00+00:00,1
2018-08-09 16:09:00+00:00,1
2018-08-09 16:10:00+00:00,1
2018-08-09 16:11:00+00:00,1
2018-08-09 16:12:00+00:00,1
2018-08-09 16:13:00+00:00,1
2018-08-09 16:14:00+00:00,1
2018-08-09 16:15:00+00:00,1
2018-08-09 16:16:00+00:00,1
2018-08-09 16:17:00+00:00,1
2018-08-09 16:18:00+00:00,1
2018-08-09 16:19:00+00:00,1
2018-08-09 16:20:00+00:00,1
2018-08-09 16:21:00+00:00,1
2018-08-09 16:22:00+00:00,1
2018-08-09 16:23:00+00:00,1
2018-08-09 16:24:00+00:00,1
2018-08-09 16:25:00+00:00,1
2018-08-09 16:26:00+00:00,1
2018-08-09 16:27:00+00:00,1
2018-08-09 16:28:00+00:00,1
2018-08-09 16:29:00+00:00,1
2018-08-09 16:30:00+00:00,1
2018-08-09 16:31:00+00:00,1
2018-08-09 16:32:00+00:00,1
2018-08-09 16:33:00+00:00,1
2018-08-09 16:34:00+00:00,1
2018-08-09 16:35:00+00:00,1
2018-08-09 16:36:00+00:00,1
2018-08-09 16:37:00+00:00,1
2018-08-09 16:38:00+00:00,1
2018-08-09 16:39:00+00:00,1
2018-08-09 16:40:00+00:00,1
2018-08-09 16:41:00+00:00,1
2018-08-09 16:42:00+00:00,1
2018-08-09 16:43:00+00:00,1
2018-08-09 16:44:00+00:00,1
2018-08-09 16:45:00+00:00,1
2018-08-09 16:46:00+00:00,1
2018-08-09 16:47:00+00:00,1
2018-08-09 16:48:00+00:00,1
2018-08-09 16:49:00+00:00,1
2018-08-09 16:50:00+00:00,1
2018-08-09 16:51:00+00:00,1
2018-08-09 16:52:00+00:00,1
2018-08-09 16:53:00+00:00,1
2018-08-09 16:54:00+00:00,1
2018-08-09 16:55:00+00:00,1
2018-08-09 16:56:00+00:00,1
2018-08-09 16:57:00+00:00,1
2018-08-09 16:58:00+00:00,1
2018-08-09 16:59:00+00:00,1
2018-08-09 17:00:00+00:00,1
2018-08-09 17:01:00+00:00,1
2018-08-09 17:02:00+00:00,1
2018-08-09 17:03:00+00:00,1
2018-08-15 22:41:00+00:00,1
2018-08-15 22:42:00+00:00,1
2018-08-15 22:43:00+00:00,1
2018-08-15 22:44:00+00:00,1
2018-08-15 22:45:00+00:00,1
2018-08-15 22:46:00+00:00,1
2018-08-15 22:47:00+00:00,1
2018-08-15 22:48:00+00:00,1
2018-08-15 22:49:00+00:00,1
2018-08-15 22:50:00+00:00,1
2018-08-15 22:51:00+00:00,1
2018-08-15 22:52:00+00:00,1
2018-08-15 22:53:00+00:00,1
2018-08-15 22:54:00+00:00,1
2018-10-25 15:49:00+00:00,1
2018-10-25 16:46:00+00:00,1
2018-11-13 18:32:00+00:00,1
2018-11-13 18:33:00+00:00,1
2018-11-13 18:34:00+00:00,1
2018-11-13 18:35:00+00:00,1
2018-11-13 18:36:00+00:00,1
2018-11-13 18:37:00+00:00,1
2018-11-13 18:38:00+00:00,1
2018-11-13 18:39:00+00:00,1
2018-11-13 18:40:00+00:00,1
2018-11-13 18:41:00+00:00,1
2018-11-13 18:42:00+00:00,1
2018-11-13 18:43:00+00:00,1
2018-11-13 18:44:00+00:00,1
2018-11-13 18:45:00+00:00,1
2018-11-13 18:46:00+00:00,1
2018-11-13 18:47:00+00:00,1
2018-11-13 18:48:00+00:00,1
2018-11-13 18:49:00+00:00,1
2018-11-13 18:50:00+00:00,1
2018-11-13 18:51:00+00:00,1
2018-11-13 18:52:00+00:00,1
2018-11-13 18:53:00+00:00,1
2018-11-13 18:54:00+00:00,1
2018-11-13 18:55:00+00:00,1
2018-11-13 18:56:00+00:00,1
2018-11-13 18:57:00+00:00,1
2018-11-13 18:58:00+00:00,1
2018-11-13 18:59:00+00:00,1
2018-11-13 19:00:00+00:00,1
2018-11-13 19:01:00+00:00,1
2018-11-13 19:02:00+00:00,1
2018-11-13 19:03:00+00:00,1
2018-11-13 19:04:00+00:00,1
2018-11-13 19:05:00+00:00,1
2018-11-13 19:06:00+00:00,1
2018-11-13 19:07:00+00:00,1
2018-11-13 19:08:00+00:00,1
2018-11-13 19:09:00+00:00,1
2018-11-13 19:10:00+00:00,1
2018-11-13 19:11:00+00:00,1
2018-11-13 19:12:00+00:00,1
2018-11-13 19:13:00+00:00,1
2018-11-13 19:14:00+00:00,1
2018-11-13 19:15:00+00:00,1
2018-11-13 19:16:00+00:00,1
2018-11-13 19:17:00+00:00,1
2018-11-13 19:18:00+00:00,1
2018-11-13 19:19:00+00:00,1
2018-11-13 19:20:00+00:00,1
2018-11-13 19:21:00+00:00,1
2018-11-13 19:22:00+00:00,1
2018-11-13 19:23:00+00:00,1
2018-11-13 19:24:00+00:00,1
2018-11-13 19:25:00+00:00,1
2018-11-13 19:26:00+00:00,1
2018-11-13 19:27:00+00:00,1
2018-11-13 19:28:00+00:00,1
2018-11-13 19:29:00+00:00,1
2018-11-13 19:30:00+00:00,1
2018-11-13 19:31:00+00:00,1
2018-11-13 19:32:00+00:00,1
2018-11-13 19:33:00+00:00,1
2018-11-13 19:34:00+00:00,1
2018-11-13 19:35:00+00:00,1
2018-11-13 19:36:00+00:00,1
2018-11-13 19:37:00+00:00,1
2018-11-13 19:38:00+00:00,1
2018-11-13 19:39:00+00:00,1
2018-11-13 19:40:00+00:00,1
2018-11-13 19:41:00+00:00,1
2018-11-13 19:42:00+00:00,1
2018-11-13 19:43:00+00:00,1
2018-11-13 19:44:00+00:00,1
2018-11-13 19:45:00+00:00,1
2018-11-13 19:46:00+00:00,1
2018-11-13 19:47:00+00:00,1
2018-11-13 19:48:00+00:00,1
2018-11-13 19:49:00+00:00,1
2018-11-13 19:50:00+00:00,1
2018-11-13 19:51:00+00:00,1
2018-11-13 19:52:00+00:00,1
2018-11-13 19:53:00+00:00,1
2018-11-13 19:54:00+00:00,1
2018-11-13 19:55:00+00:00,1
2018-11-13 19:56:00+00:00,1
2018-11-13 19:57:00+00:00,1
2018-11-13 19:58:00+00:00,1
2018-11-13 19:59:00+00:00,1
2018-11-13 20:00:00+00:00,1
2018-11-13 20:01:00+00:00,1
2018-11-13 20:02:00+00:00,1
2018-11-13 20:03:00+00:00,1
2018-11-13 20:04:00+00:00,1
2018-11-13 20:05:00+00:00,1
2018-11-13 20:06:00+00:00,1
2018-11-13 20:07:00+00:00,1
2018-11-13 20:08:00+00:00,1
2018-11-13 20:09:00+00:00,1
2018-11-13 20:10:00+00:00,1
2018-11-13 20:11:00+00:00,1
2018-11-13 20:12:00+00:00,1
2018-11-13 20:13:00+00:00,1
2018-11-13 20:14:00+00:00,1
2018-11-13 20:15:00+00:00,1
2018-11-13 20:16:00+00:00,1
2018-11-13 20:17:00+00:00,1
2018-11-13 20:18:00+00:00,1
2018-11-13 20:19:00+00:00,1
2018-11-13 20:20:00+00:00,1
2018-11-13 20:21:00+00:00,1
2018-11-13 20:22:00+00:00,1
2018-11-13 20:23:00+00:00,1
2018-11-13 20:24:00+00:00,1
2018-11-13 20:25:00+00:00,1
2018-11-13 20:26:00+00:00,1
2018-11-13 20:27:00+00:00,1
2018-11-13 20:28:00+00:00,1
2018-11-13 20:29:00+00:00,1
2018-11-13 20:30:00+00:00,1
2018-11-13 20:31:00+00:00,1
2018-11-13 20:32:00+00:00,1
2018-11-13 20:33:00+00:00,1
2018-11-13 20:34:00+00:00,1
2018-11-13 20:35:00+00:00,1
2018-11-13 20:36:00+00:00,1
2018-11-13 20:37:00+00:00,1
2018-11-13 20:38:00+00:00,1
2018-11-13 20:39:00+00:00,1
2018-11-13 20:40:00+00:00,1
2018-11-13 20:41:00+00:00,1
2018-11-13 20:42:00+00:00,1
2018-11-13 20:43:00+00:00,1
2018-11-13 20:44:00+00:00,1
2018-11-13 20:45:00+00:00,1
2018-11-13 20:46:00+00:00,1
2018-11-13 20:47:00+00:00,1
2018-11-13 20:48:00+00:00,1
2018-11-13 20:49:00+00:00,1
2018-11-13 20:50:00+00:00,1
2018-11-13 20:51:00+00:00,1
2018-11-13 20:52:00+00:00,1
2018-11-13 20:53:00+00:00,1
2018-11-13 20:54:00+00:00,1
2018-11-13 20:55:00+00:00,1
2018-11-13 20:56:00+00:00,1
2018-11-13 20:57:00+00:00,1
2018-11-13 20:58:00+00:00,1
2018-11-13 20:59:00+00:00,1
2018-11-13 21:00:00+00:00,1
2018-11-13 21:01:00+00:00,1
2018-11-13 21:02:00+00:00,1
2018-11-13 21:03:00+00:00,1
2018-11-13 21:04:00+00:00,1
2018-11-13 21:05:00+00:00,1
2018-11-13 21:06:00+00:00,1
2018-11-13 21:07:00+00:00,1
2018-11-13 21:08:00+00:00,1
2018-11-13 21:09:00+00:00,1
2018-11-13 21:10:00+00:00,1
2018-11-13 21:11:00+00:00,1
2018-11-13 21:12:00+00:00,1
2018-11-13 21:13:00+00:00,1
2018-11-13 21:14:00+00:00,1
2018-11-13 21:15:00+00:00,1
2018-11-13 21:16:00+00:00,1
2018-11-13 21:17:00+00:00,1
2018-11-13 21:18:00+00:00,1
2018-11-13 21:19:00+00:00,1
2018-11-13 21:20:00+00:00,1
2018-11-13 21:21:00+00:00,1
2018-11-13 21:22:00+00:00,1
2018-11-13 21:23:00+00:00,1
2018-11-13 21:24:00+00:00,1
2018-11-13 21:25:00+00:00,1
2018-11-13 21:26:00+00:00,1
2018-11-13 21:27:00+00:00,1
2018-11-13 21:28:00+00:00,1
2018-11-13 21:29:00+00:00,1
2018-11-13 21:30:00+00:00,1
2018-11-13 21:31:00+00:00,1
2018-11-13 21:32:00+00:00,1
2018-11-13 21:33:00+00:00,1
2018-11-13 21:34:00+00:00,1
2018-11-13 21:35:00+00:00,1
2018-11-13 21:36:00+00:00,1
2018-11-13 21:37:00+00:00,1
2018-11-13 21:38:00+00:00,1
2018-11-13 21:39:00+00:00,1
2018-11-13 21:40:00+00:00,1
2018-11-13 21:41:00+00:00,1
2018-11-13 21:42:00+00:00,1
2018-11-13 21:43:00+00:00,1
2018-11-13 21:44:00+00:00,1
2018-11-13 21:45:00+00:00,1
2018-11-13 21:46:00+00:00,1
2018-11-13 21:47:00+00:00,1
2018-11-13 21:48:00+00:00,1
2018-11-13 21:49:00+00:00,1
2018-11-13 21:50:00+00:00,1
2018-11-13 21:51:00+00:00,1
2018-11-13 21:52:00+00:00,1
2018-11-13 21:53:00+00:00,1
2018-11-13 21:54:00+00:00,1
2018-11-13 21:55:00+00:00,1
2018-11-13 21:56:00+00:00,1
2018-11-13 21:57:00+00:00,1
2018-11-13 21:58:00+00:00,1
2018-11-13 21:59:00+00:00,1
2018-11-13 22:00:00+00:00,1
2018-11-13 22:01:00+00:00,1
2018-11-13 22:02:00+00:00,1
2018-11-13 22:03:00+00:00,1
2018-11-13 22:04:00+00:00,1
2018-11-13 22:05:00+00:00,1
2018-11-13 22:06:00+00:00,1
2018-11-13 22:07:00+00:00,1
2018-11-13 22:08:00+00:00,1
2018-11-13 22:09:00+00:00,1
2018-11-13 22:10:00+00:00,1
2018-11-13 22:11:00+00:00,1
2018-11-13 22:12:00+00:00,1
2018-11-13 22:13:00+00:00,1
2018-11-13 22:14:00+00:00,1
2018-11-13 22:15:00+00:00,1
2018-11-13 22:16:00+00:00,1
2018-11-13 22:17:00+00:00,1
2018-11-13 22:18:00+00:00,1
2018-11-13 22:19:00+00:00,1
2018-11-13 22:20:00+00:00,1
2018-11-13 22:21:00+00:00,1
2018-11-13 22:22:00+00:00,1
2018-11-13 22:23:00+00:00,1
2018-11-13 22:24:00+00:00,1
2018-11-13 22:25:00+00:00,1
2018-11-13 22:26:00+00:00,1
2018-11-13 22:27:00+00:00,1
2018-11-13 22:28:00+00:00,1
2018-11-13 22:29:00+00:00,1
2018-11-13 22:30:00+00:00,1
2018-11-13 22:31:00+00:00,1
2018-11-13 22:32:00+00:00,1
2018-11-13 22:33:00+00:00,1
2018-11-13 22:34:00+00:00,1
2018-11-13 22:35:00+00:00,1
2018-11-13 22:36:00+00:00,1
2018-11-13 22:37:00+00:00,1
2018-11-13 22:38:00+00:00,1
2018-11-13 22:39:00+00:00,1
2018-11-13 22:40:00+00:00,1
2018-11-13 22:41:00+00:00,1
2018-11-13 22:42:00+00:00,1
2018-11-13 22:43:00+00:00,1
2018-11-13 22:44:00+00:00,1
2018-11-13 22:45:00+00:00,1
2018-11-13 22:46:00+00:00,1
2018-11-13 22:47:00+00:00,1
2018-11-13 22:48:00+00:00,1
2018-11-13 22:49:00+00:00,1
2018-11-13 22:50:00+00:00,1
2018-11-13 22:51:00+00:00,1
2018-11-13 22:52:00+00:00,1
2018-11-13 22:53:00+00:00,1
2018-11-13 22:54:00+00:00,1
2018-11-13 22:55:00+00:00,1
2018-11-13 22:56:00+00:00,1
2018-11-13 22:57:00+00:00,1
2018-11-13 22:58:00+00:00,1
2018-11-13 22:59:00+00:00,1
2018-11-13 23:00:00+00:00,1
2018-11-13 23:01:00+00:00,1
2018-11-13 23:02:00+00:00,1
2018-11-13 23:03:00+00:00,1
2018-11-13 23:04:00+00:00,1
2018-11-13 23:05:00+00:00,1
2018-11-13 23:06:00+00:00,1
2018-11-13 23:07:00+00:00,1
2018-11-13 23:08:00+00:00,1
2018-11-13 23:09:00+00:00,1
2018-11-13 23:10:00+00:00,1
2018-11-13 23:11:00+00:00,1
2018-11-13 23:12:00+00:00,1
2018-11-13 23:13:00+00:00,1
2018-11-13 23:14:00+00:00,1
2018-11-13 23:15:00+00:00,1
2018-11-13 23:16:00+00:00,1
2018-11-13 23:17:00+00:00,1
2018-11-13 23:18:00+00:00,1
2018-11-13 23:19:00+00:00,1
2018-11-13 23:20:00+00:00,1
2018-11-13 23:21:00+00:00,1
2018-11-13 23:22:00+00:00,1
2018-11-13 23:23:00+00:00,1
2018-11-13 23:24:00+00:00,1
2018-11-13 23:25:00+00:00,1
2018-11-13 23:26:00+00:00,1
2018-11-13 23:27:00+00:00,1
2018-11-13 23:28:00+00:00,1
2018-11-13 23:29:00+00:00,1
2018-11-13 23:30:00+00:00,1
2018-11-13 23:31:00+00:00,1
2018-11-13 23:32:00+00:00,1
2018-11-13 23:33:00+00:00,1
2018-11-13 23:34:00+00:00,1
2018-11-13 23:35:00+00:00,1
2018-11-13 23:36:00+00:00,1
2018-11-13 23:37:00+00:00,1
2018-11-13 23:38:00+00:00,1
2018-11-13 23:39:00+00:00,1
2018-11-13 23:40:00+00:00,1
2018-11-13 23:41:00+00:00,1
2018-11-13 23:42:00+00:00,1
2018-11-13 23:43:00+00:00,1
2018-11-13 23:44:00+00:00,1
2018-11-13 23:45:00+00:00,1
2018-11-13 23:46:00+00:00,1
2018-11-13 23:47:00+00:00,1
2018-11-13 23:48:00+00:00,1
2018-11-13 23:49:00+00:00,1
2018-11-13 23:50:00+00:00,1
2018-11-13 23:51:00+00:00,1
2018-11-13 23:52:00+00:00,1
2018-11-13 23:53:00+00:00,1
2018-11-13 23:54:00+00:00,1
2018-11-13 23:55:00+00:00,1
2018-11-13 23:56:00+00:00,1
2018-11-13 23:57:00+00:00,1
2018-11-13 23:58:00+00:00,1
2018-11-13 23:59:00+00:00,1
2018-11-14 00:00:00+00:00,1
2018-11-14 00:01:00+00:00,1
2018-11-14 00:02:00+00:00,1
2018-11-14 00:03:00+00:00,1
2018-11-14 00:04:00+00:00,1
2018-11-14 00:05:00+00:00,1
2018-11-14 00:06:00+00:00,1
2018-11-14 00:07:00+00:00,1
2018-11-14 00:08:00+00:00,1
2018-11-14 00:09:00+00:00,1
2018-11-14 00:10:00+00:00,1
2018-11-14 00:11:00+00:00,1
2018-11-14 00:12:00+00:00,1
2018-11-14 00:13:00+00:00,1
2018-11-14 00:14:00+00:00,1
2018-11-14 00:15:00+00:00,1
2018-11-14 00:16:00+00:00,1
2018-11-14 00:17:00+00:00,1
2018-11-14 00:18:00+00:00,1
2018-11-14 00:19:00+00:00,1
2018-11-14 00:20:00+00:00,1
2018-11-14 00:21:00+00:00,1
2018-11-14 00:22:00+00:00,1
2018-11-14 00:23:00+00:00,1
2018-11-14 00:24:00+00:00,1
2018-11-14 00:25:00+00:00,1
2018-11-14 00:26:00+00:00,1
2018-11-14 00:27:00+00:00,1
2018-11-14 00:28:00+00:00,1
2018-11-14 00:29:00+00:00,1
2018-11-14 00:30:00+00:00,1
2018-11-14 00:31:00+00:00,1
2018-11-14 00:32:00+00:00,1
2018-11-14 00:33:00+00:00,1
2018-11-14 00:34:00+00:00,1
2018-11-14 00:35:00+00:00,1
2018-11-14 00:36:00+00:00,1
2018-11-14 00:37:00+00:00,1
2018-11-14 00:38:00+00:00,1
2018-11-14 00:39:00+00:00,1
2018-11-14 00:40:00+00:00,1
2018-11-14 00:41:00+00:00,1
2018-11-14 00:42:00+00:00,1
2018-11-14 00:43:00+00:00,1
2018-11-14 00:44:00+00:00,1
2018-11-14 00:45:00+00:00,1
2018-11-14 00:46:00+00:00,1
2018-11-14 00:47:00+00:00,1
2018-11-14 00:48:00+00:00,1
2018-11-14 00:49:00+00:00,1
2018-11-14 00:50:00+00:00,1
2018-11-14 00:51:00+00:00,1
2018-11-14 00:52:00+00:00,1
2018-11-14 00:53:00+00:00,1
2018-11-14 00:54:00+00:00,1
2018-11-14 00:55:00+00:00,1
2018-11-14 00:56:00+00:00,1
2018-11-14 00:57:00+00:00,1
2018-11-14 00:58:00+00:00,1
2018-11-14 00:59:00+00:00,1
2018-11-14 01:00:00+00:00,1
2018-11-14 01:01:00+00:00,1
2018-11-14 01:02:00+00:00,1
2018-11-14 01:03:00+00:00,1
2018-11-14 01:04:00+00:00,1
2018-11-14 01:05:00+00:00,1
2018-11-14 01:06:00+00:00,1
2018-11-14 01:07:00+00:00,1
2018-11-14 01:08:00+00:00,1
2018-11-14 01:09:00+00:00,1
2018-11-14 01:10:00+00:00,1
2018-11-14 01:11:00+00:00,1
2018-11-14 01:12:00+00:00,1
2018-11-14 01:13:00+00:00,1
2018-11-14 01:14:00+00:00,1
2018-11-14 01:15:00+00:00,1
2018-11-14 01:16:00+00:00,1
2018-11-14 01:17:00+00:00,1
2018-11-14 01:18:00+00:00,1
2018-11-14 01:19:00+00:00,1
2018-11-14 01:20:00+00:00,1
2018-11-14 01:21:00+00:00,1
2018-11-14 01:22:00+00:00,1
2018-11-14 01:23:00+00:00,1
2018-11-14 01:24:00+00:00,1
2018-11-14 01:25:00+00:00,1
2018-11-14 01:26:00+00:00,1
2018-11-14 01:27:00+00:00,1
2018-11-14 01:30:00+00:00,1
2018-11-14 01:31:00+00:00,1
2018-11-14 01:32:00+00:00,1
2018-11-14 01:33:00+00:00,1
2018-11-14 01:34:00+00:00,1
2018-11-14 01:35:00+00:00,1
2018-11-14 01:36:00+00:00,1
2018-11-14 01:37:00+00:00,1
2018-11-14 01:38:00+00:00,1
2018-11-14 16:16:00+00:00,1
2018-11-14 16:17:00+00:00,1
2018-11-14 16:18:00+00:00,1
2018-11-14 16:19:00+00:00,1
2018-11-14 16:21:00+00:00,1
2018-11-14 16:24:00+00:00,1
2018-11-14 16:25:00+00:00,1
2018-11-14 16:26:00+00:00,1
2018-11-14 16:27:00+00:00,1
2018-11-14 16:28:00+00:00,1
2018-11-14 16:29:00+00:00,1
2018-11-14 16:30:00+00:00,1
2018-11-14 16:31:00+00:00,1
2018-11-14 16:32:00+00:00,1
2018-11-14 16:33:00+00:00,1
2018-11-14 16:34:00+00:00,1
2018-11-14 16:35:00+00:00,1
2018-11-14 16:36:00+00:00,1
2018-11-14 16:37:00+00:00,1
2018-11-14 16:38:00+00:00,1
2018-11-14 17:22:00+00:00,1
2018-11-14 17:23:00+00:00,1
2018-11-14 17:24:00+00:00,1
2018-11-14 17:25:00+00:00,1
2018-11-14 17:26:00+00:00,1
2018-11-14 17:27:00+00:00,1
2018-11-14 17:28:00+00:00,1
2018-11-16 16:36:00+00:00,1
2018-11-16 16:37:00+00:00,1
2018-11-27 18:31:00+00:00,1
2018-11-27 18:32:00+00:00,1
2019-03-21 14:28:00+00:00,1
2019-03-21 14:29:00+00:00,6
2019-03-21 14:30:00+00:00,1
2019-03-22 00:48:00+00:00,4
2019-03-22 00:49:00+00:00,1
2019-03-22 00:50:00+00:00,2
2019-03-22 00:51:00+00:00,2
2019-03-22 00:52:00+00:00,3
2019-03-22 00:53:00+00:00,2
2019-03-22 00:54:00+00:00,1
2019-03-22 00:55:00+00:00,2
2019-03-22 00:56:00+00:00,2
2019-03-22 00:57:00+00:00,3
2019-03-22 00:58:00+00:00,2
2019-03-22 00:59:00+00:00,1
2019-03-22 02:56:00+00:00,4
2019-03-22 02:57:00+00:00,2
2019-03-22 10:34:00+00:00,1
2019-03-22 10:35:00+00:00,1
2019-03-22 10:36:00+00:00,1
2019-03-22 10:37:00+00:00,1
2019-03-22 10:38:00+00:00,1
2019-03-22 10:39:00+00:00,1
2019-03-22 10:40:00+00:00,1
2019-03-22 10:41:00+00:00,1
2019-03-22 10:42:00+00:00,1
2019-03-22 10:43:00+00:00,1
2019-03-22 10:44:00+00:00,1
2019-03-22 10:45:00+00:00,1
2019-03-22 10:46:00+00:00,1
2019-03-22 10:47:00+00:00,1
2019-03-22 10:48:00+00:00,1
2019-03-22 10:49:00+00:00,1
2019-03-22 10:50:00+00:00,1
2019-03-22 10:51:00+00:00,1
2019-03-22 10:52:00+00:00,1
2019-03-22 10:53:00+00:00,1
2019-03-22 10:54:00+00:00,1
2019-03-22 10:55:00+00:00,1
2019-03-22 10:56:00+00:00,1
2019-03-22 10:57:00+00:00,1
2019-03-22 10:58:00+00:00,1
2019-03-22 10:59:00+00:00,1
2019-03-22 11:00:00+00:00,1
2019-03-22 11:01:00+00:00,1
2019-03-22 11:02:00+00:00,1
2019-03-22 11:03:00+00:00,1
2019-03-22 11:04:00+00:00,1
2019-03-22 11:05:00+00:00,1
2019-03-22 11:06:00+00:00,1
2019-03-22 11:07:00+00:00,1
2019-03-22 11:08:00+00:00,1
2019-03-22 11:09:00+00:00,1
2019-03-22 11:10:00+00:00,1
2019-03-22 11:11:00+00:00,1
2019-03-22 11:12:00+00:00,1
2019-03-22 11:13:00+00:00,1
2019-03-22 11:14:00+00:00,1
2019-03-22 11:15:00+00:00,1
2019-03-22 11:16:00+00:00,1
2019-03-22 11:17:00+00:00,1
2019-03-22 11:18:00+00:00,1
2019-03-22 11:19:00+00:00,1
2019-03-22 11:20:00+00:00,1
2019-03-22 11:21:00+00:00,1
2019-03-22 11:22:00+00:00,1
2019-03-22 11:23:00+00:00,1
2019-03-22 11:24:00+00:00,1
2019-03-22 11:25:00+00:00,1
2019-03-22 11:26:00+00:00,1
2019-03-22 11:27:00+00:00,1
2019-03-22 11:28:00+00:00,1
2019-03-22 11:29:00+00:00,1
2019-03-22 11:30:00+00:00,1
2019-03-22 11:31:00+00:00,1
2019-03-22 11:32:00+00:00,1
2019-03-22 11:33:00+00:00,1
2019-03-22 11:34:00+00:00,1
2019-03-22 11:35:00+00:00,1
2019-03-22 11:36:00+00:00,1
2019-03-22 11:37:00+00:00,1
2019-03-22 11:38:00+00:00,1
2019-03-22 11:39:00+00:00,1
2019-03-22 11:40:00+00:00,1
2019-03-22 11:41:00+00:00,1
2019-03-22 11:42:00+00:00,1
2019-03-22 11:43:00+00:00,1
2019-03-22 11:44:00+00:00,1
2019-03-22 11:45:00+00:00,1
2019-03-22 11:46:00+00:00,1
2019-03-22 11:47:00+00:00,1
2019-03-22 11:48:00+00:00,1
2019-03-22 11:49:00+00:00,1
2019-03-22 11:50:00+00:00,1
2019-03-22 11:51:00+00:00,1
2019-03-22 11:52:00+00:00,1
2019-03-22 11:53:00+00:00,1
2019-03-22 11:54:00+00:00,1
2019-03-22 11:55:00+00:00,1
2019-03-22 11:56:00+00:00,1
2019-03-22 11:57:00+00:00,1
2019-03-22 11:58:00+00:00,1
2019-03-22 11:59:00+00:00,1
2019-03-22 12:00:00+00:00,1
2019-03-22 12:01:00+00:00,1
2019-03-22 12:02:00+00:00,1
2019-03-22 12:03:00+00:00,1
2019-03-22 12:04:00+00:00,1
2019-03-22 12:05:00+00:00,1
2019-03-22 12:06:00+00:00,1
2019-03-22 12:07:00+00:00,1
2019-03-22 12:08:00+00:00,1
2019-03-22 12:09:00+00:00,1
2019-03-22 12:10:00+00:00,1
2019-03-22 12:11:00+00:00,1
2019-03-22 12:12:00+00:00,1
2019-03-22 12:13:00+00:00,1
2019-03-22 12:14:00+00:00,1
2019-03-22 12:15:00+00:00,1
2019-03-22 12:16:00+00:00,1
2019-03-22 12:17:00+00:00,1
2019-03-22 12:18:00+00:00,1
2019-03-22 12:19:00+00:00,1
2019-03-22 12:20:00+00:00,1
2019-03-22 12:21:00+00:00,1
2019-03-22 12:22:00+00:00,1
2019-03-22 12:23:00+00:00,1
2019-03-22 12:24:00+00:00,1
2019-03-22 12:25:00+00:00,1
2019-03-22 12:26:00+00:00,1
2019-03-22 12:27:00+00:00,1
2019-03-22 12:28:00+00:00,1
2019-03-22 12:29:00+00:00,1
2019-03-22 12:30:00+00:00,1
2019-03-22 12:31:00+00:00,1
2019-03-22 12:32:00+00:00,1
2019-03-22 12:33:00+00:00,1
2019-03-22 12:34:00+00:00,1
2019-03-22 12:35:00+00:00,1
2019-03-22 12:36:00+00:00,1
2019-03-22 12:37:00+00:00,1
2019-03-22 12:38:00+00:00,1
2019-03-22 12:39:00+00:00,1
2019-03-22 12:40:00+00:00,1
2019-03-22 12:41:00+00:00,1
2019-03-22 12:42:00+00:00,1
2019-03-22 12:43:00+00:00,1
2019-03-22 12:44:00+00:00,1
2019-03-22 12:45:00+00:00,1
2019-03-22 12:46:00+00:00,1
2019-03-22 12:47:00+00:00,1
2019-03-22 12:48:00+00:00,1
2019-03-22 12:49:00+00:00,1
2019-03-22 12:50:00+00:00,1
2019-03-22 12:51:00+00:00,1
2019-03-22 12:52:00+00:00,1
2019-03-22 12:53:00+00:00,1
2019-03-22 12:54:00+00:00,1
2019-03-22 12:55:00+00:00,1
2019-03-22 12:56:00+00:00,1
2019-03-22 12:57:00+00:00,1
2019-03-22 12:58:00+00:00,1
2019-03-22 12:59:00+00:00,1
2019-03-22 13:00:00+00:00,1
2019-03-22 13:01:00+00:00,1
2019-03-22 13:02:00+00:00,1
2019-03-22 13:03:00+00:00,1
2019-03-22 13:04:00+00:00,1
2019-03-22 13:05:00+00:00,1
2019-03-22 13:06:00+00:00,1
2019-03-22 13:07:00+00:00,1
2019-03-22 13:08:00+00:00,1
2019-03-22 13:09:00+00:00,1
2019-03-22 13:10:00+00:00,1
2019-03-22 13:11:00+00:00,1
2019-03-22 13:12:00+00:00,1
2019-03-22 13:13:00+00:00,1
2019-03-22 13:14:00+00:00,1
2019-03-22 13:15:00+00:00,1
2019-03-22 13:16:00+00:00,1
2019-03-22 13:17:00+00:00,1
2019-03-22 13:18:00+00:00,1
2019-03-22 13:19:00+00:00,1
2019-03-22 13:20:00+00:00,1
2019-03-22 13:21:00+00:00,1
2019-03-22 13:22:00+00:00,1
2019-03-22 13:23:00+00:00,1
2019-03-22 13:24:00+00:00,1
2019-03-22 13:25:00+00:00,1
2019-03-22 13:26:00+00:00,1
2019-03-22 13:27:00+00:00,1
2019-03-22 13:28:00+00:00,1
2019-03-22 13:29:00+00:00,1
2019-03-22 13:30:00+00:00,1
2019-03-22 13:31:00+00:00,1
2019-03-22 13:32:00+00:00,1
2019-03-22 13:33:00+00:00,1
2019-03-22 13:34:00+00:00,1
2019-03-22 13:35:00+00:00,1
2019-03-22 13:36:00+00:00,1
2019-03-22 13:37:00+00:00,1
2019-03-22 13:38:00+00:00,1
2019-03-22 13:39:00+00:00,1
2019-03-22 13:40:00+00:00,1
2019-03-22 13:41:00+00:00,1
2019-03-22 13:42:00+00:00,1
2019-03-22 13:43:00+00:00,1
2019-03-22 13:44:00+00:00,1
2019-03-22 13:45:00+00:00,1
2019-03-22 13:46:00+00:00,1
2019-03-22 13:47:00+00:00,1
2019-03-22 13:48:00+00:00,1
2019-03-22 13:49:00+00:00,1
2019-03-22 13:50:00+00:00,1
2019-03-22 13:51:00+00:00,1
2019-03-22 13:52:00+00:00,1
2019-03-22 13:53:00+00:00,1
2019-03-22 13:54:00+00:00,1
2019-03-22 13:55:00+00:00,1
2019-03-22 13:56:00+00:00,1
2019-03-22 13:57:00+00:00,1
2019-03-22 13:58:00+00:00,1
2019-03-22 13:59:00+00:00,1
2019-03-22 14:00:00+00:00,1
2019-03-22 14:01:00+00:00,1
2019-03-22 14:02:00+00:00,1
2019-03-22 14:03:00+00:00,1
2019-03-22 14:04:00+00:00,1
2019-03-22 14:05:00+00:00,1
2019-03-22 14:06:00+00:00,1
2019-03-22 14:07:00+00:00,1
2019-03-22 14:08:00+00:00,1
2019-03-22 14:09:00+00:00,1
2019-03-22 14:10:00+00:00,1
2019-03-22 14:11:00+00:00,1
2019-03-22 14:12:00+00:00,1
2019-03-22 14:13:00+00:00,1
2019-03-22 14:14:00+00:00,1
2019-03-22 14:15:00+00:00,1
2019-03-22 14:16:00+00:00,1
2019-03-22 14:17:00+00:00,1
2019-03-22 14:18:00+00:00,1
2019-03-22 14:19:00+00:00,1
2019-03-22 14:20:00+00:00,1
2019-03-22 14:21:00+00:00,1
2019-03-22 14:22:00+00:00,1
2019-03-22 14:23:00+00:00,1
2019-03-22 14:24:00+00:00,1
2019-03-22 14:25:00+00:00,1
2019-03-22 14:26:00+00:00,1
2019-03-22 14:27:00+00:00,1
2019-03-22 14:28:00+00:00,1
2019-03-22 14:29:00+00:00,1
2019-03-22 14:30:00+00:00,1
2019-03-22 14:31:00+00:00,1
2019-03-22 14:32:00+00:00,1
2019-03-22 14:33:00+00:00,1
2019-03-22 14:34:00+00:00,1
2019-03-22 14:35:00+00:00,1
2019-03-22 14:36:00+00:00,1
2019-03-22 14:37:00+00:00,1
2019-03-22 14:38:00+00:00,1
2019-03-22 14:39:00+00:00,1
2019-03-22 14:40:00+00:00,1
2019-03-22 14:41:00+00:00,1
2019-03-22 14:42:00+00:00,1
2019-03-22 14:43:00+00:00,1
2019-03-22 14:44:00+00:00,1
2019-03-22 14:45:00+00:00,1
2019-03-22 14:46:00+00:00,1
2019-03-22 14:47:00+00:00,1
2019-03-22 14:48:00+00:00,1
2019-03-22 14:49:00+00:00,1
2019-03-22 14:50:00+00:00,1
2019-03-22 14:51:00+00:00,1
2019-03-22 14:52:00+00:00,1
2019-03-22 14:53:00+00:00,1
2019-03-22 14:54:00+00:00,1
2019-03-22 14:55:00+00:00,1
2019-03-22 14:56:00+00:00,1
2019-03-22 14:57:00+00:00,1
2019-03-22 14:58:00+00:00,1
2019-03-22 14:59:00+00:00,1
2019-03-22 15:00:00+00:00,1
2019-03-22 15:01:00+00:00,1
2019-03-22 15:02:00+00:00,1
2019-03-22 15:03:00+00:00,1
2019-03-22 15:04:00+00:00,1
2019-03-22 15:05:00+00:00,1
2019-03-22 15:06:00+00:00,1
2019-03-22 15:07:00+00:00,1
2019-03-22 15:08:00+00:00,1
2019-03-22 15:09:00+00:00,1
2019-03-22 15:10:00+00:00,1
2019-03-22 15:11:00+00:00,1
2019-03-22 15:12:00+00:00,1
2019-03-22 15:13:00+00:00,1
2019-03-22 15:14:00+00:00,1
2019-03-22 15:15:00+00:00,1
2019-03-22 15:16:00+00:00,1
2019-03-22 15:17:00+00:00,1
2019-03-22 15:18:00+00:00,1
2019-03-22 15:19:00+00:00,1
2019-03-22 15:20:00+00:00,1
2019-03-22 15:21:00+00:00,1
2019-03-22 15:22:00+00:00,1
2019-03-22 15:23:00+00:00,1
2019-03-22 15:24:00+00:00,1
2019-03-22 15:25:00+00:00,1
2019-03-22 15:26:00+00:00,1
2019-03-22 15:27:00+00:00,1
2019-03-22 15:28:00+00:00,1
2019-03-22 15:29:00+00:00,1
2019-03-22 15:30:00+00:00,1
2019-03-22 15:31:00+00:00,1
2019-03-22 15:32:00+00:00,1
2019-03-22 15:33:00+00:00,1
2019-03-22 15:34:00+00:00,1
2019-03-22 15:35:00+00:00,1
2019-03-22 15:36:00+00:00,1
2019-03-22 15:37:00+00:00,1
2019-03-22 15:38:00+00:00,1
2019-03-22 15:39:00+00:00,1
2019-03-22 15:40:00+00:00,1
2019-03-22 15:41:00+00:00,1
2019-03-22 15:42:00+00:00,1
2019-03-22 15:43:00+00:00,1
2019-03-22 15:44:00+00:00,1
2019-03-22 15:45:00+00:00,1
2019-03-22 15:46:00+00:00,1
2019-03-22 15:47:00+00:00,1
2019-03-22 15:48:00+00:00,1
2019-03-22 17:46:00+00:00,1
2019-03-22 17:47:00+00:00,1
2019-03-22 17:48:00+00:00,1
2019-03-22 17:49:00+00:00,1
2019-03-22 17:50:00+00:00,1
2019-03-22 17:51:00+00:00,1
2019-03-22 17:52:00+00:00,1
2019-03-22 17:53:00+00:00,1
2019-03-22 17:54:00+00:00,1
2019-03-22 17:55:00+00:00,1
2019-03-22 17:56:00+00:00,1
2019-03-22 17:57:00+00:00,1
2019-03-22 17:58:00+00:00,1
2019-03-22 17:59:00+00:00,1
2019-03-22 18:00:00+00:00,1
2019-03-22 18:01:00+00:00,1
2019-03-22 18:02:00+00:00,1
2019-03-22 18:03:00+00:00,1
2019-03-22 18:04:00+00:00,1
2019-03-22 18:05:00+00:00,1
2019-03-22 18:06:00+00:00,1
2019-03-22 18:07:00+00:00,1
2019-03-22 18:08:00+00:00,1
2019-03-22 18:09:00+00:00,1
2019-03-22 18:10:00+00:00,1
2019-03-22 18:11:00+00:00,1
2019-03-22 18:12:00+00:00,1
2019-03-22 18:13:00+00:00,1
2019-03-22 18:14:00+00:00,1
2019-03-22 18:15:00+00:00,1
2019-03-22 18:16:00+00:00,1
2019-03-22 18:17:00+00:00,1
2019-03-22 18:18:00+00:00,1
2019-03-22 18:19:00+00:00,1
2019-03-22 18:20:00+00:00,1
2019-03-22 18:21:00+00:00,1
2019-03-22 18:22:00+00:00,1
2019-03-22 18:23:00+00:00,1
2019-03-22 18:24:00+00:00,1
2019-03-22 18:25:00+00:00,1
2019-03-22 18:26:00+00:00,1
2019-03-22 18:27:00+00:00,1
2019-03-22 18:28:00+00:00,1
2019-03-22 18:29:00+00:00,1
2019-03-22 18:30:00+00:00,1
2019-03-22 18:31:00+00:00,1
2019-03-22 18:32:00+00:00,1
2019-03-22 18:33:00+00:00,1
2019-03-22 18:34:00+00:00,1
2019-03-22 18:35:00+00:00,1
2019-03-22 18:36:00+00:00,1
2019-03-22 18:37:00+00:00,1
2019-03-22 18:38:00+00:00,1
2019-03-22 18:39:00+00:00,1
2019-03-22 18:40:00+00:00,1
2019-03-22 18:41:00+00:00,1
2019-03-22 18:42:00+00:00,1
2019-03-22 18:43:00+00:00,1
2019-03-22 18:44:00+00:00,1
2019-03-22 18:45:00+00:00,1
2019-03-22 18:46:00+00:00,1
2019-03-22 18:47:00+00:00,1
2019-03-22 18:48:00+00:00,1
2019-03-22 18:49:00+00:00,1
2019-03-22 18:50:00+00:00,1
2019-03-22 18:51:00+00:00,1
2019-03-22 18:52:00+00:00,1
2019-03-22 18:53:00+00:00,1
2019-03-22 18:54:00+00:00,1
2019-03-22 18:55:00+00:00,1
2019-03-22 18:56:00+00:00,1
2019-03-22 18:57:00+00:00,1
2019-03-22 18:58:00+00:00,1
2019-03-22 18:59:00+00:00,1
2019-03-22 19:00:00+00:00,1
2019-03-22 19:01:00+00:00,1
2019-03-22 19:02:00+00:00,1
2019-03-22 19:03:00+00:00,1
2019-03-22 19:04:00+00:00,1
2019-03-22 19:05:00+00:00,1
2019-03-22 19:06:00+00:00,1
2019-03-22 19:07:00+00:00,1
2019-03-22 19:08:00+00:00,1
2019-03-22 19:09:00+00:00,1
2019-03-22 19:10:00+00:00,1
2019-03-22 19:11:00+00:00,1
2019-03-22 19:12:00+00:00,1
2019-03-22 19:13:00+00:00,1
2019-03-22 19:14:00+00:00,1
2019-03-22 19:15:00+00:00,1
2019-03-22 19:16:00+00:00,1
2019-03-22 19:17:00+00:00,1
2019-03-22 19:18:00+00:00,1
2019-03-22 19:19:00+00:00,1
2019-03-22 19:20:00+00:00,1
2019-03-22 19:21:00+00:00,1
2019-03-22 19:22:00+00:00,1
2019-03-22 19:23:00+00:00,1
2019-03-22 19:24:00+00:00,1
2019-03-22 19:25:00+00:00,1
2019-03-22 19:26:00+00:00,1
2019-03-22 19:27:00+00:00,1
2019-03-22 19:28:00+00:00,1
2019-03-22 19:29:00+00:00,1
2019-03-22 19:30:00+00:00,1
2019-03-22 19:31:00+00:00,1
2019-03-22 19:32:00+00:00,1
2019-03-22 19:33:00+00:00,1
2019-03-22 19:34:00+00:00,1
2019-03-22 19:35:00+00:00,1
2019-03-22 19:36:00+00:00,1
2019-03-22 19:37:00+00:00,1
2019-03-22 19:38:00+00:00,1
2019-03-22 19:39:00+00:00,1
2019-03-22 19:40:00+00:00,1
2019-03-22 19:41:00+00:00,1
2019-03-22 19:42:00+00:00,1
2019-03-22 19:43:00+00:00,1
2019-03-22 19:44:00+00:00,1
2019-03-22 19:45:00+00:00,1
2019-03-22 19:46:00+00:00,1
2019-03-22 19:47:00+00:00,1
2019-03-22 19:48:00+00:00,1
2019-03-22 19:49:00+00:00,1
2019-03-22 19:50:00+00:00,1
2019-03-22 19:51:00+00:00,1
2019-03-22 19:52:00+00:00,1
2019-03-22 19:53:00+00:00,1
2019-03-22 19:54:00+00:00,1
2019-03-22 19:55:00+00:00,1
2019-03-22 19:56:00+00:00,1
2019-03-22 19:57:00+00:00,1
2019-03-22 19:58:00+00:00,1
2019-03-22 19:59:00+00:00,1
2019-03-22 20:00:00+00:00,1
2019-03-22 20:01:00+00:00,1
2019-03-22 20:02:00+00:00,1
2019-03-22 20:03:00+00:00,1
2019-03-22 20:04:00+00:00,1
2019-03-22 20:05:00+00:00,1
2019-03-22 20:06:00+00:00,1
2019-03-22 20:07:00+00:00,1
2019-03-22 20:08:00+00:00,1
2019-03-22 20:09:00+00:00,1
2019-03-22 20:10:00+00:00,1
2019-03-22 20:11:00+00:00,1
2019-03-22 20:12:00+00:00,1
2019-03-22 20:13:00+00:00,1
2019-03-22 20:14:00+00:00,1
2019-03-22 20:15:00+00:00,1
2019-03-22 20:16:00+00:00,1
2019-03-22 20:19:00+00:00,1
2019-03-23 05:40:00+00:00,3
2019-03-23 05:41:00+00:00,2
2019-03-23 05:42:00+00:00,1
2019-03-23 06:05:00+00:00,6
2019-03-23 06:06:00+00:00,2
2019-03-23 06:07:00+00:00,2
2019-03-23 06:08:00+00:00,3
2019-03-23 06:48:00+00:00,1
2019-03-23 06:49:00+00:00,2
2019-03-23 15:30:00+00:00,5
2019-03-23 15:31:00+00:00,2
2019-03-23 15:43:00+00:00,1
2019-03-23 15:50:00+00:00,1
2019-03-23 15:52:00+00:00,1
2019-03-23 15:53:00+00:00,1
2019-03-23 15:57:00+00:00,1
2019-03-24 00:08:00+00:00,1
2019-03-24 00:09:00+00:00,1
2019-03-24 00:10:00+00:00,1
2019-03-24 00:11:00+00:00,1
2019-03-24 00:12:00+00:00,1
2019-03-24 00:13:00+00:00,1
2019-03-24 00:14:00+00:00,1
2019-03-24 00:15:00+00:00,1
2019-03-24 00:16:00+00:00,1
2019-03-24 00:17:00+00:00,1
2019-03-24 00:18:00+00:00,1
2019-03-24 00:19:00+00:00,1
2019-03-24 00:20:00+00:00,1
2019-03-24 00:21:00+00:00,1
2019-03-24 00:22:00+00:00,1
2019-03-24 00:23:00+00:00,1
2019-03-24 00:24:00+00:00,1
2019-03-24 00:25:00+00:00,1
2019-03-24 00:26:00+00:00,1
2019-03-24 00:27:00+00:00,1
2019-03-24 00:28:00+00:00,1
2019-03-24 00:29:00+00:00,1
2019-03-24 00:30:00+00:00,1
2019-03-24 00:31:00+00:00,1
2019-03-24 00:32:00+00:00,1
2019-03-24 00:33:00+00:00,1
2019-03-24 00:34:00+00:00,1
2019-03-24 00:35:00+00:00,1
2019-03-24 00:36:00+00:00,1
2019-03-24 00:37:00+00:00,1
2019-03-24 00:38:00+00:00,1
2019-03-24 00:39:00+00:00,1
2019-03-24 00:40:00+00:00,1
2019-03-24 00:41:00+00:00,1
2019-03-24 00:42:00+00:00,1
2019-03-24 00:43:00+00:00,1
2019-03-24 00:44:00+00:00,1
2019-03-24 00:45:00+00:00,1
2019-03-24 00:46:00+00:00,1
2019-03-24 00:47:00+00:00,1
2019-03-24 00:48:00+00:00,1
2019-03-24 00:49:00+00:00,1
2019-03-24 00:50:00+00:00,1
2019-03-24 00:51:00+00:00,1
2019-03-24 00:52:00+00:00,1
2019-03-24 00:53:00+00:00,1
2019-03-24 00:54:00+00:00,1
2019-03-24 00:55:00+00:00,1
2019-03-24 00:56:00+00:00,1
2019-03-24 00:57:00+00:00,1
2019-03-24 00:58:00+00:00,1
2019-03-24 00:59:00+00:00,1
2019-03-24 01:00:00+00:00,1
2019-03-24 01:01:00+00:00,1
2019-03-24 01:02:00+00:00,1
2019-03-24 01:03:00+00:00,1
2019-03-24 01:04:00+00:00,1
2019-03-24 01:05:00+00:00,1
2019-03-24 01:06:00+00:00,1
2019-03-24 01:07:00+00:00,1
2019-03-24 01:08:00+00:00,1
2019-03-24 01:09:00+00:00,1
2019-03-24 01:10:00+00:00,1
2019-03-24 01:11:00+00:00,1
2019-03-24 01:12:00+00:00,1
2019-03-24 01:13:00+00:00,1
2019-03-24 01:14:00+00:00,1
2019-03-24 01:15:00+00:00,1
2019-03-24 01:29:00+00:00,1
2019-03-24 01:30:00+00:00,1
2019-03-24 01:31:00+00:00,1
2019-03-24 01:32:00+00:00,1
2019-03-24 01:33:00+00:00,1
2019-03-24 01:34:00+00:00,1
2019-03-24 01:35:00+00:00,1
2019-03-24 01:36:00+00:00,1
2019-03-24 01:37:00+00:00,1
2019-03-24 01:38:00+00:00,1
2019-03-24 01:39:00+00:00,1
2019-03-24 01:40:00+00:00,1
2019-03-24 01:41:00+00:00,1
2019-03-24 01:42:00+00:00,1
2019-03-24 01:43:00+00:00,1
2019-03-24 01:44:00+00:00,1
2019-03-24 01:45:00+00:00,1
2019-03-24 01:46:00+00:00,1
2019-03-24 01:47:00+00:00,1
2019-03-24 01:48:00+00:00,1
2019-03-24 01:49:00+00:00,1
2019-03-24 01:50:00+00:00,1
2019-03-24 01:51:00+00:00,1
2019-03-24 01:52:00+00:00,1
2019-03-24 01:53:00+00:00,1
2019-03-24 01:54:00+00:00,1
2019-03-24 01:55:00+00:00,1
2019-03-24 01:56:00+00:00,1
2019-03-24 01:57:00+00:00,1
2019-03-24 02:05:00+00:00,1
2019-03-24 02:06:00+00:00,1
2019-03-24 02:07:00+00:00,1
2019-03-24 03:55:00+00:00,1
2019-03-24 03:56:00+00:00,1
2019-03-24 03:57:00+00:00,1
2019-03-24 03:58:00+00:00,1
2019-03-24 03:59:00+00:00,1
2019-03-24 04:00:00+00:00,1
2019-03-24 04:01:00+00:00,1
2019-03-24 04:02:00+00:00,1
2019-03-24 04:03:00+00:00,1
2019-03-24 04:04:00+00:00,1
2019-03-24 04:05:00+00:00,1
2019-03-24 04:06:00+00:00,1
2019-03-24 04:07:00+00:00,1
2019-03-24 04:08:00+00:00,1
2019-03-24 04:09:00+00:00,1
2019-03-24 04:10:00+00:00,1
2019-03-24 04:11:00+00:00,1
2019-03-24 04:12:00+00:00,1
2019-03-24 04:13:00+00:00,1
2019-03-24 04:14:00+00:00,1
2019-03-24 04:15:00+00:00,1
2019-03-24 04:16:00+00:00,1
2019-03-24 04:17:00+00:00,1
2019-03-24 04:18:00+00:00,1
2019-03-24 04:19:00+00:00,1
2019-03-24 04:20:00+00:00,1
2019-03-24 04:21:00+00:00,1
2019-03-24 04:22:00+00:00,1
2019-03-24 04:23:00+00:00,1
2019-03-24 04:24:00+00:00,1
2019-03-24 04:25:00+00:00,1
2019-03-24 04:26:00+00:00,1
2019-03-24 04:27:00+00:00,1
2019-03-24 04:28:00+00:00,1
2019-03-24 04:29:00+00:00,1
2019-03-24 04:30:00+00:00,1
2019-03-24 04:31:00+00:00,1
2019-03-24 04:32:00+00:00,1
2019-03-24 04:33:00+00:00,1
2019-03-24 04:34:00+00:00,1
2019-03-24 04:35:00+00:00,1
2019-03-24 04:36:00+00:00,1
2019-03-24 04:37:00+00:00,1
2019-03-24 04:38:00+00:00,1
2019-03-24 04:39:00+00:00,1
2019-03-24 04:40:00+00:00,1
2019-03-24 04:41:00+00:00,1
2019-03-24 04:42:00+00:00,1
2019-03-24 04:43:00+00:00,1
2019-03-24 04:44:00+00:00,1
2019-03-24 04:45:00+00:00,1
2019-03-24 04:46:00+00:00,1
2019-03-24 04:47:00+00:00,1
2019-03-24 04:48:00+00:00,1
2019-03-24 04:49:00+00:00,1
2019-03-24 21:08:00+00:00,1
2019-03-24 21:09:00+00:00,5
2019-03-24 21:10:00+00:00,1
2019-03-24 21:20:00+00:00,1
2019-03-24 21:21:00+00:00,1
2019-03-24 21:22:00+00:00,1
2019-03-24 22:11:00+00:00,1
2019-03-24 22:12:00+00:00,1
2019-03-24 22:13:00+00:00,1
2019-03-25 01:54:00+00:00,5
2019-03-25 01:55:00+00:00,1
2019-03-25 16:24:00+00:00,1
2019-03-25 16:25:00+00:00,1
2019-03-25 16:26:00+00:00,1
2019-03-25 16:27:00+00:00,1
2019-03-25 16:28:00+00:00,1
2019-03-25 16:29:00+00:00,1
2019-03-25 16:30:00+00:00,1
2019-03-25 16:31:00+00:00,1
2019-03-25 16:32:00+00:00,1
2019-03-25 16:33:00+00:00,1
2019-03-25 16:34:00+00:00,1
2019-03-25 16:35:00+00:00,1
2019-03-25 16:36:00+00:00,1
2019-03-25 16:37:00+00:00,1
2019-03-25 16:38:00+00:00,1
2019-03-25 16:39:00+00:00,1
2019-03-25 16:40:00+00:00,1
2019-03-25 16:41:00+00:00,1
2019-03-25 16:42:00+00:00,1
2019-03-25 16:43:00+00:00,1
2019-03-25 16:44:00+00:00,1
2019-03-25 16:45:00+00:00,1
2019-03-25 16:46:00+00:00,1
2019-03-25 16:47:00+00:00,1
2019-03-25 16:48:00+00:00,1
2019-03-25 16:49:00+00:00,2
2019-03-25 16:50:00+00:00,2
2019-03-25 16:51:00+00:00,2
2019-03-25 16:52:00+00:00,1
2019-03-25 16:53:00+00:00,2
2019-03-25 16:54:00+00:00,2
2019-03-25 16:55:00+00:00,2
2019-03-25 16:56:00+00:00,2
2019-03-25 16:57:00+00:00,2
2019-03-25 16:58:00+00:00,3
2019-03-25 16:59:00+00:00,3
2019-03-25 17:00:00+00:00,3
2019-03-25 17:01:00+00:00,3
2019-03-25 17:02:00+00:00,3
2019-03-25 17:03:00+00:00,3
2019-03-25 17:04:00+00:00,3
2019-03-25 17:05:00+00:00,3
2019-03-25 17:06:00+00:00,3
2019-03-25 17:07:00+00:00,3
2019-03-25 17:08:00+00:00,3
2019-03-25 17:09:00+00:00,3
2019-03-25 17:10:00+00:00,3
2019-03-25 17:11:00+00:00,3
2019-03-25 17:12:00+00:00,2
2019-03-25 17:13:00+00:00,3
2019-03-25 17:14:00+00:00,3
2019-03-25 17:15:00+00:00,3
2019-03-25 17:16:00+00:00,3
2019-03-25 17:17:00+00:00,3
2019-03-25 17:18:00+00:00,3
2019-03-25 17:19:00+00:00,3
2019-03-25 17:20:00+00:00,3
2019-03-25 17:21:00+00:00,3
2019-03-25 17:22:00+00:00,3
2019-03-25 17:23:00+00:00,3
2019-03-25 17:24:00+00:00,3
2019-03-25 17:25:00+00:00,3
2019-03-25 17:26:00+00:00,3
2019-03-25 17:27:00+00:00,3
2019-03-25 17:28:00+00:00,2
2019-03-25 17:29:00+00:00,3
2019-03-25 17:30:00+00:00,3
2019-03-25 17:31:00+00:00,3
2019-03-25 17:32:00+00:00,3
2019-03-25 17:33:00+00:00,3
2019-03-25 17:34:00+00:00,3
2019-03-25 17:35:00+00:00,2
2019-03-25 17:36:00+00:00,3
2019-03-25 17:37:00+00:00,3
2019-03-25 17:38:00+00:00,3
2019-03-25 17:39:00+00:00,3
2019-03-25 17:40:00+00:00,2
2019-03-25 17:41:00+00:00,3
2019-03-25 17:42:00+00:00,3
2019-03-25 17:43:00+00:00,3
2019-03-25 17:44:00+00:00,3
2019-03-25 17:45:00+00:00,3
2019-03-25 17:46:00+00:00,3
2019-03-25 17:47:00+00:00,3
2019-03-25 17:48:00+00:00,3
2019-03-25 17:49:00+00:00,3
2019-03-25 17:50:00+00:00,3
2019-03-25 17:51:00+00:00,3
2019-03-25 17:52:00+00:00,3
2019-03-25 17:53:00+00:00,3
2019-03-25 17:54:00+00:00,3
2019-03-25 17:55:00+00:00,3
2019-03-25 17:56:00+00:00,3
2019-03-25 17:57:00+00:00,3
2019-03-25 17:58:00+00:00,3
2019-03-25 17:59:00+00:00,3
2019-03-25 18:00:00+00:00,3
2019-03-25 18:01:00+00:00,3
2019-03-25 18:02:00+00:00,2
2019-03-25 18:03:00+00:00,3
2019-03-25 18:04:00+00:00,3
2019-03-25 18:05:00+00:00,2
2019-03-25 18:06:00+00:00,3
2019-03-25 18:07:00+00:00,3
2019-03-25 18:08:00+00:00,3
2019-03-25 18:09:00+00:00,3
2019-03-25 18:10:00+00:00,3
2019-03-25 18:11:00+00:00,3
2019-03-25 18:12:00+00:00,3
2019-03-25 18:13:00+00:00,3
2019-03-25 18:14:00+00:00,3
2019-03-25 18:15:00+00:00,3
2019-03-25 18:16:00+00:00,3
2019-03-25 18:17:00+00:00,3
2019-03-25 18:18:00+00:00,3
2019-03-25 18:19:00+00:00,2
2019-03-25 18:20:00+00:00,3
2019-03-25 18:21:00+00:00,3
2019-03-25 18:22:00+00:00,3
2019-03-25 18:23:00+00:00,3
2019-03-25 18:24:00+00:00,3
2019-03-25 18:25:00+00:00,3
2019-03-25 18:26:00+00:00,2
2019-03-25 18:27:00+00:00,3
2019-03-25 18:28:00+00:00,2
2019-03-25 18:29:00+00:00,3
2019-03-25 18:30:00+00:00,2
2019-03-25 18:31:00+00:00,3
2019-03-25 18:32:00+00:00,2
2019-03-25 18:33:00+00:00,2
2019-03-25 18:34:00+00:00,2
2019-03-25 18:35:00+00:00,1
2019-03-25 18:36:00+00:00,2
2019-03-25 18:37:00+00:00,1
2019-03-25 18:38:00+00:00,1
2019-03-25 18:39:00+00:00,1
2019-03-25 18:40:00+00:00,2
2019-03-25 18:41:00+00:00,1
2019-03-25 18:42:00+00:00,1
2019-03-25 18:43:00+00:00,2
2019-03-25 18:44:00+00:00,2
2019-03-25 18:45:00+00:00,2
2019-03-25 18:46:00+00:00,2
2019-03-25 18:47:00+00:00,1
2019-03-25 18:48:00+00:00,2
2019-03-25 18:49:00+00:00,2
2019-03-25 18:50:00+00:00,2
2019-03-25 18:51:00+00:00,2
2019-03-25 18:52:00+00:00,2
2019-03-25 18:53:00+00:00,2
2019-03-25 18:54:00+00:00,2
2019-03-25 18:55:00+00:00,2
2019-03-25 18:56:00+00:00,2
2019-03-25 18:57:00+00:00,2
2019-03-25 18:58:00+00:00,2
2019-03-25 18:59:00+00:00,2
2019-03-25 19:00:00+00:00,2
2019-03-25 19:01:00+00:00,2
2019-03-25 19:02:00+00:00,2
2019-03-25 19:03:00+00:00,2
2019-03-25 19:04:00+00:00,2
2019-03-25 19:05:00+00:00,2
2019-03-25 19:06:00+00:00,2
2019-03-25 19:07:00+00:00,2
2019-03-25 19:08:00+00:00,1
2019-03-25 19:09:00+00:00,1
2019-03-25 19:10:00+00:00,1
2019-03-25 19:11:00+00:00,2
2019-03-25 19:12:00+00:00,1
2019-03-25 19:13:00+00:00,2
2019-03-25 19:14:00+00:00,2
2019-03-25 19:15:00+00:00,2
2019-03-25 19:16:00+00:00,2
2019-03-25 19:17:00+00:00,1
2019-03-25 19:18:00+00:00,2
2019-03-25 19:19:00+00:00,2
2019-03-25 19:20:00+00:00,2
2019-03-25 19:21:00+00:00,2
2019-03-25 19:22:00+00:00,2
2019-03-25 19:23:00+00:00,2
2019-03-25 19:24:00+00:00,2
2019-03-25 19:25:00+00:00,2
2019-03-25 19:26:00+00:00,2
2019-03-25 19:27:00+00:00,2
2019-03-25 19:28:00+00:00,2
2019-03-25 19:29:00+00:00,1
2019-03-25 19:30:00+00:00,1
2019-03-25 19:31:00+00:00,1
2019-03-25 19:32:00+00:00,2
2019-03-25 19:33:00+00:00,2
2019-03-25 19:34:00+00:00,2
2019-03-25 19:35:00+00:00,2
2019-03-25 19:36:00+00:00,2
2019-03-25 19:37:00+00:00,2
2019-03-25 19:38:00+00:00,1
2019-03-25 19:39:00+00:00,1
2019-03-25 19:40:00+00:00,1
2019-03-25 19:41:00+00:00,1
2019-03-25 19:42:00+00:00,2
2019-03-25 19:43:00+00:00,2
2019-03-25 19:44:00+00:00,1
2019-03-25 19:45:00+00:00,1
2019-03-25 19:46:00+00:00,1
2019-03-25 19:47:00+00:00,1
2019-03-25 19:48:00+00:00,1
2019-03-25 19:49:00+00:00,1
2019-03-25 19:50:00+00:00,1
2019-03-25 19:51:00+00:00,2
2019-03-25 19:52:00+00:00,2
2019-03-25 19:53:00+00:00,2
2019-03-25 19:54:00+00:00,1
2019-03-25 19:55:00+00:00,1
2019-03-25 19:56:00+00:00,1
2019-03-25 19:57:00+00:00,1
2019-03-25 19:58:00+00:00,1
2019-03-25 19:59:00+00:00,1
2019-03-25 20:00:00+00:00,2
2019-03-25 20:01:00+00:00,2
2019-03-25 20:02:00+00:00,1
2019-03-25 20:03:00+00:00,1
2019-03-25 20:04:00+00:00,1
2019-03-25 20:05:00+00:00,1
2019-03-25 20:06:00+00:00,2
2019-03-25 20:07:00+00:00,2
2019-03-25 20:08:00+00:00,2
2019-03-25 20:09:00+00:00,2
2019-03-25 20:10:00+00:00,2
2019-03-25 20:11:00+00:00,2
2019-03-25 20:12:00+00:00,2
2019-03-25 20:13:00+00:00,2
2019-03-25 20:14:00+00:00,2
2019-03-25 20:15:00+00:00,2
2019-03-25 20:16:00+00:00,2
2019-03-25 20:17:00+00:00,2
2019-03-25 20:18:00+00:00,2
2019-03-25 20:19:00+00:00,2
2019-03-25 20:20:00+00:00,2
2019-03-25 20:21:00+00:00,2
2019-03-25 20:22:00+00:00,2
2019-03-25 20:23:00+00:00,2
2019-03-25 20:24:00+00:00,2
2019-03-25 20:25:00+00:00,2
2019-03-25 20:26:00+00:00,2
2019-03-25 20:27:00+00:00,2
2019-03-25 20:28:00+00:00,2
2019-03-25 20:29:00+00:00,2
2019-03-25 20:30:00+00:00,2
2019-03-25 20:31:00+00:00,2
2019-03-25 20:32:00+00:00,2
2019-03-25 20:33:00+00:00,2
2019-03-25 20:34:00+00:00,2
2019-03-25 20:35:00+00:00,2
2019-03-25 20:36:00+00:00,2
2019-03-25 20:37:00+00:00,2
2019-03-25 20:38:00+00:00,2
2019-03-25 20:39:00+00:00,2
2019-03-25 20:40:00+00:00,2
2019-03-25 20:41:00+00:00,2
2019-03-25 20:42:00+00:00,2
2019-03-25 20:43:00+00:00,2
2019-03-25 20:44:00+00:00,2
2019-03-25 20:45:00+00:00,2
2019-03-25 20:46:00+00:00,2
2019-03-25 20:47:00+00:00,2
2019-03-25 20:48:00+00:00,2
2019-03-25 20:49:00+00:00,2
2019-03-25 20:50:00+00:00,2
2019-03-25 20:51:00+00:00,2
2019-03-25 20:52:00+00:00,2
2019-03-25 20:53:00+00:00,2
2019-03-25 20:54:00+00:00,2
2019-03-25 20:55:00+00:00,2
2019-03-25 20:56:00+00:00,2
2019-03-25 20:57:00+00:00,2
2019-03-25 20:58:00+00:00,2
2019-03-25 20:59:00+00:00,2
2019-03-25 21:00:00+00:00,2
2019-03-25 21:01:00+00:00,2
2019-03-25 21:02:00+00:00,2
2019-03-25 21:03:00+00:00,2
2019-03-25 21:04:00+00:00,2
2019-03-25 21:05:00+00:00,2
2019-03-25 21:06:00+00:00,2
2019-03-25 21:07:00+00:00,2
2019-03-25 21:08:00+00:00,2
2019-03-25 21:09:00+00:00,2
2019-03-25 21:10:00+00:00,2
2019-03-25 21:11:00+00:00,2
2019-03-25 21:12:00+00:00,2
2019-03-25 21:13:00+00:00,2
2019-03-25 21:14:00+00:00,2
2019-03-25 21:15:00+00:00,2
2019-03-25 21:16:00+00:00,2
2019-03-25 21:17:00+00:00,2
2019-03-25 21:18:00+00:00,2
2019-03-25 21:19:00+00:00,2
2019-03-25 21:20:00+00:00,2
2019-03-25 21:21:00+00:00,2
2019-03-25 21:22:00+00:00,2
2019-03-25 21:23:00+00:00,1
2019-03-25 21:24:00+00:00,1
2019-03-25 21:25:00+00:00,1
2019-03-25 21:26:00+00:00,2
2019-03-25 21:27:00+00:00,2
2019-03-25 21:28:00+00:00,1
2019-03-25 21:30:00+00:00,1
2019-03-25 21:31:00+00:00,2
2019-03-25 21:32:00+00:00,1
2019-03-25 21:33:00+00:00,1
2019-03-25 21:34:00+00:00,1
2019-03-25 21:35:00+00:00,1
2019-03-25 21:36:00+00:00,1
2019-03-25 21:37:00+00:00,1
2019-03-25 21:38:00+00:00,1
2019-03-25 21:39:00+00:00,1
2019-03-25 21:40:00+00:00,1
2019-03-25 21:41:00+00:00,1
2019-03-25 21:42:00+00:00,1
2019-03-25 21:43:00+00:00,1
2019-03-25 21:44:00+00:00,2
2019-03-25 21:45:00+00:00,2
2019-03-25 21:46:00+00:00,2
2019-03-25 21:47:00+00:00,2
2019-03-25 21:48:00+00:00,2
2019-03-25 21:49:00+00:00,2
2019-03-25 21:50:00+00:00,2
2019-03-25 21:51:00+00:00,2
2019-03-25 21:52:00+00:00,2
2019-03-25 21:53:00+00:00,2
2019-03-25 21:54:00+00:00,2
2019-03-25 21:55:00+00:00,2
2019-03-25 21:56:00+00:00,2
2019-03-25 21:57:00+00:00,2
2019-03-25 21:58:00+00:00,2
2019-03-25 21:59:00+00:00,2
2019-03-25 22:00:00+00:00,2
2019-03-25 22:01:00+00:00,2
2019-03-25 22:02:00+00:00,2
2019-03-25 22:03:00+00:00,2
2019-03-25 22:04:00+00:00,2
2019-03-25 22:05:00+00:00,2
2019-03-25 22:06:00+00:00,2
2019-03-25 22:07:00+00:00,2
2019-03-25 22:08:00+00:00,2
2019-03-25 22:09:00+00:00,2
2019-03-25 22:10:00+00:00,2
2019-03-25 22:11:00+00:00,2
2019-03-25 22:12:00+00:00,2
2019-03-25 22:13:00+00:00,2
2019-03-25 22:14:00+00:00,2
2019-03-25 22:15:00+00:00,2
2019-03-25 22:16:00+00:00,2
2019-03-25 22:17:00+00:00,2
2019-03-25 22:18:00+00:00,2
2019-03-25 22:19:00+00:00,2
2019-03-25 22:20:00+00:00,2
2019-03-25 22:21:00+00:00,2
2019-03-25 22:22:00+00:00,2
2019-03-25 22:23:00+00:00,2
2019-03-25 22:24:00+00:00,2
2019-03-25 22:25:00+00:00,2
2019-03-25 22:26:00+00:00,2
2019-03-25 22:27:00+00:00,2
2019-03-25 22:28:00+00:00,2
2019-03-25 22:29:00+00:00,2
2019-03-25 22:30:00+00:00,2
2019-03-25 22:31:00+00:00,2
2019-03-25 22:32:00+00:00,2
2019-03-25 22:33:00+00:00,2
2019-03-25 22:34:00+00:00,2
2019-03-25 22:35:00+00:00,2
2019-03-25 22:36:00+00:00,2
2019-03-25 22:37:00+00:00,2
2019-03-25 22:38:00+00:00,2
2019-03-25 22:39:00+00:00,2
2019-03-25 22:40:00+00:00,2
2019-03-25 22:41:00+00:00,2
2019-03-25 22:42:00+00:00,2
2019-03-25 22:43:00+00:00,2
2019-03-25 22:44:00+00:00,2
2019-03-25 22:45:00+00:00,2
2019-03-25 22:46:00+00:00,2
2019-03-25 22:47:00+00:00,1
2019-03-25 22:48:00+00:00,1
2019-03-25 22:49:00+00:00,1
2019-03-25 22:50:00+00:00,1
2019-03-25 22:51:00+00:00,2
2019-03-25 22:52:00+00:00,1
2019-03-25 22:53:00+00:00,1
2019-03-25 22:54:00+00:00,1
2019-03-25 22:55:00+00:00,1
2019-03-25 22:56:00+00:00,1
2019-03-25 22:57:00+00:00,1
2019-03-25 22:58:00+00:00,1
2019-03-25 22:59:00+00:00,1
2019-03-25 23:00:00+00:00,1
2019-03-25 23:01:00+00:00,1
2019-03-25 23:02:00+00:00,1
2019-03-25 23:03:00+00:00,1
2019-03-25 23:04:00+00:00,1
2019-03-25 23:05:00+00:00,1
2019-03-25 23:06:00+00:00,2
2019-03-25 23:07:00+00:00,1
2019-03-25 23:08:00+00:00,1
2019-03-25 23:09:00+00:00,1
2019-03-25 23:10:00+00:00,2
2019-03-25 23:11:00+00:00,2
2019-03-25 23:12:00+00:00,2
2019-03-25 23:13:00+00:00,2
2019-03-25 23:14:00+00:00,2
2019-03-25 23:15:00+00:00,2
2019-03-25 23:16:00+00:00,2
2019-03-25 23:17:00+00:00,2
2019-03-25 23:18:00+00:00,2
2019-03-25 23:19:00+00:00,2
2019-03-25 23:20:00+00:00,2
2019-03-25 23:21:00+00:00,2
2019-03-25 23:22:00+00:00,2
2019-03-25 23:23:00+00:00,2
2019-03-25 23:24:00+00:00,2
2019-03-25 23:25:00+00:00,2
2019-03-25 23:26:00+00:00,2
2019-03-25 23:27:00+00:00,2
2019-03-25 23:28:00+00:00,2
2019-03-25 23:29:00+00:00,2
2019-03-25 23:30:00+00:00,2
2019-03-25 23:31:00+00:00,2
2019-03-25 23:32:00+00:00,2
2019-03-25 23:33:00+00:00,2
2019-03-25 23:34:00+00:00,2
2019-03-25 23:35:00+00:00,1
2019-03-25 23:40:00+00:00,1
2019-03-25 23:41:00+00:00,1
2019-03-25 23:42:00+00:00,1
2019-03-25 23:43:00+00:00,1
2019-03-25 23:44:00+00:00,1
2019-03-25 23:45:00+00:00,1
2019-03-25 23:46:00+00:00,1
2019-03-25 23:47:00+00:00,1
2019-03-25 23:48:00+00:00,1
2019-03-25 23:49:00+00:00,1
2019-03-25 23:50:00+00:00,1
2019-03-25 23:51:00+00:00,1
2019-03-25 23:52:00+00:00,1
2019-03-25 23:53:00+00:00,1
2019-03-25 23:54:00+00:00,1
2019-03-25 23:55:00+00:00,1
2019-03-25 23:56:00+00:00,1
2019-03-25 23:57:00+00:00,1
2019-03-25 23:58:00+00:00,1
2019-03-25 23:59:00+00:00,1
2019-03-26 00:00:00+00:00,1
2019-03-26 00:01:00+00:00,1
2019-03-26 00:02:00+00:00,1
2019-03-26 00:03:00+00:00,1
2019-03-26 00:04:00+00:00,1
2019-03-26 00:05:00+00:00,1
2019-03-26 00:06:00+00:00,1
2019-03-26 00:07:00+00:00,1
2019-03-26 00:08:00+00:00,1
2019-03-26 00:09:00+00:00,1
2019-03-26 00:10:00+00:00,1
2019-03-26 00:11:00+00:00,1
2019-03-26 00:12:00+00:00,1
2019-03-26 00:13:00+00:00,1
2019-03-26 00:14:00+00:00,1
2019-03-26 00:15:00+00:00,1
2019-03-26 00:16:00+00:00,1
2019-03-26 00:17:00+00:00,1
2019-03-26 00:18:00+00:00,1
2019-03-26 00:19:00+00:00,1
2019-03-26 00:20:00+00:00,1
2019-03-26 00:21:00+00:00,1
2019-03-26 00:24:00+00:00,1
2019-03-26 00:31:00+00:00,1
2019-03-26 00:34:00+00:00,1
2019-03-26 00:36:00+00:00,1
2019-03-26 00:37:00+00:00,1
2019-03-26 00:44:00+00:00,1
2019-03-26 00:46:00+00:00,1
2019-03-26 00:48:00+00:00,1
2019-03-26 00:52:00+00:00,1
2019-03-26 00:53:00+00:00,1
2019-03-26 00:54:00+00:00,1
2019-03-26 00:55:00+00:00,1
2019-03-26 00:56:00+00:00,1
2019-03-26 00:57:00+00:00,1
2019-03-26 00:58:00+00:00,1
2019-03-26 00:59:00+00:00,1
2019-03-26 01:00:00+00:00,1
2019-03-26 01:01:00+00:00,1
2019-03-26 01:02:00+00:00,1
2019-03-26 01:03:00+00:00,1
2019-03-26 01:04:00+00:00,1
2019-03-26 01:05:00+00:00,1
2019-03-26 01:06:00+00:00,1
2019-03-26 01:07:00+00:00,1
2019-03-26 01:08:00+00:00,1
2019-03-26 01:09:00+00:00,1
2019-03-26 01:10:00+00:00,1
2019-03-26 01:11:00+00:00,1
2019-03-26 01:12:00+00:00,1
2019-03-26 01:13:00+00:00,1
2019-03-26 01:14:00+00:00,1
2019-03-26 01:15:00+00:00,1
2019-03-26 01:16:00+00:00,1
2019-03-26 01:17:00+00:00,1
2019-03-26 01:18:00+00:00,1
2019-03-26 01:19:00+00:00,1
2019-03-26 01:20:00+00:00,1
2019-03-26 01:21:00+00:00,1
2019-03-26 01:22:00+00:00,1
2019-03-26 01:23:00+00:00,1
2019-03-26 01:24:00+00:00,1
2019-03-26 01:25:00+00:00,1
2019-03-26 01:26:00+00:00,1
2019-03-26 01:27:00+00:00,1
2019-03-26 01:28:00+00:00,1
2019-03-26 01:29:00+00:00,1
2019-03-26 01:30:00+00:00,1
2019-03-26 01:31:00+00:00,1
2019-03-26 04:57:00+00:00,5
2019-03-26 04:58:00+00:00,1
2019-03-26 05:03:00+00:00,1
2019-03-26 05:06:00+00:00,1
2019-03-26 05:08:00+00:00,1
2019-03-26 05:11:00+00:00,1
2019-03-27 06:51:00+00:00,7
2019-03-27 06:52:00+00:00,2
2019-03-27 06:53:00+00:00,1
2019-03-27 06:54:00+00:00,1
2019-03-27 06:55:00+00:00,1
2019-03-27 06:56:00+00:00,1
2019-03-27 06:57:00+00:00,1
2019-03-27 06:58:00+00:00,1
2019-03-27 06:59:00+00:00,1
2019-03-27 07:00:00+00:00,1
2019-03-27 07:01:00+00:00,1
2019-03-27 07:02:00+00:00,1
2019-03-27 07:03:00+00:00,1
2019-03-27 07:04:00+00:00,1
2019-03-27 07:05:00+00:00,1
2019-03-27 07:06:00+00:00,1
2019-03-27 07:07:00+00:00,1
2019-03-27 07:08:00+00:00,1
2019-03-27 07:09:00+00:00,1
2019-03-27 07:10:00+00:00,1
2019-03-27 07:11:00+00:00,1
2019-03-27 07:12:00+00:00,1
2019-03-27 07:13:00+00:00,1
2019-03-27 07:14:00+00:00,1
2019-03-27 07:15:00+00:00,1
2019-03-27 17:01:00+00:00,1
2019-03-27 17:02:00+00:00,1
2019-03-27 17:03:00+00:00,1
2019-03-27 17:04:00+00:00,1
2019-03-27 17:05:00+00:00,1
2019-03-27 17:06:00+00:00,1
2019-03-27 17:07:00+00:00,1
2019-03-27 17:08:00+00:00,1
2019-03-27 17:09:00+00:00,1
2019-03-27 17:10:00+00:00,1
2019-03-27 17:11:00+00:00,1
2019-03-27 17:12:00+00:00,1
2019-03-27 17:13:00+00:00,1
2019-03-27 17:14:00+00:00,1
2019-03-27 17:15:00+00:00,1
2019-03-27 17:17:00+00:00,1
2019-03-27 17:18:00+00:00,1
2019-03-27 17:19:00+00:00,1
2019-03-27 17:20:00+00:00,1
2019-03-27 17:21:00+00:00,1
2019-03-27 17:22:00+00:00,1
2019-03-27 17:23:00+00:00,1
2019-03-27 17:24:00+00:00,1
2019-03-27 17:25:00+00:00,1
2019-03-27 17:26:00+00:00,1
2019-03-27 17:29:00+00:00,1
2019-03-27 17:35:00+00:00,1
2019-03-27 17:39:00+00:00,1
2019-03-27 17:40:00+00:00,1
2019-03-27 17:41:00+00:00,1
2019-03-27 17:45:00+00:00,1
2019-03-27 17:46:00+00:00,1
2019-03-27 17:47:00+00:00,1
2019-03-27 17:48:00+00:00,1
2019-03-27 17:50:00+00:00,1
2019-03-27 17:51:00+00:00,1
2019-03-27 17:52:00+00:00,1
2019-03-27 17:53:00+00:00,1
2019-03-27 17:54:00+00:00,1
2019-03-27 17:55:00+00:00,1
2019-03-27 17:56:00+00:00,1
2019-03-27 17:57:00+00:00,1
2019-03-27 17:58:00+00:00,1
2019-03-27 17:59:00+00:00,1
2019-03-27 18:00:00+00:00,1
2019-03-27 18:01:00+00:00,1
2019-03-27 18:02:00+00:00,1
2019-03-27 18:03:00+00:00,1
2019-03-27 18:04:00+00:00,1
2019-03-27 18:05:00+00:00,1
2019-03-27 18:06:00+00:00,1
2019-03-27 18:07:00+00:00,1
2019-03-27 18:08:00+00:00,1
2019-03-27 18:09:00+00:00,1
2019-03-27 18:10:00+00:00,1
2019-03-27 18:11:00+00:00,1
2019-03-27 18:12:00+00:00,1
2019-03-27 18:13:00+00:00,1
2019-03-27 18:14:00+00:00,1
2019-03-27 18:15:00+00:00,1
2019-03-27 18:16:00+00:00,1
2019-03-27 18:17:00+00:00,1
2019-03-27 18:18:00+00:00,1
2019-03-27 18:19:00+00:00,1
2019-03-27 18:20:00+00:00,1
2019-03-27 18:21:00+00:00,1
2019-03-27 18:22:00+00:00,1
2019-03-27 18:23:00+00:00,1
2019-03-27 18:24:00+00:00,1
2019-03-27 18:25:00+00:00,1
2019-03-27 18:26:00+00:00,1
2019-03-27 18:27:00+00:00,1
2019-03-27 18:28:00+00:00,1
2019-03-27 18:29:00+00:00,1
2019-03-27 18:30:00+00:00,1
2019-03-27 18:31:00+00:00,1
2019-03-27 18:32:00+00:00,1
2019-03-27 18:33:00+00:00,1
2019-03-27 18:34:00+00:00,1
2019-03-27 18:35:00+00:00,1
2019-03-27 18:36:00+00:00,1
2019-03-27 18:37:00+00:00,1
2019-03-27 18:38:00+00:00,1
2019-03-27 18:39:00+00:00,1
2019-03-27 18:40:00+00:00,1
2019-03-27 18:41:00+00:00,1
2019-03-27 18:42:00+00:00,1
2019-03-27 18:43:00+00:00,1
2019-03-27 18:44:00+00:00,1
2019-03-27 18:45:00+00:00,1
2019-03-27 18:46:00+00:00,1
2019-03-27 18:47:00+00:00,1
2019-03-27 18:48:00+00:00,1
2019-03-27 18:49:00+00:00,1
2019-03-27 18:50:00+00:00,1
2019-03-27 18:51:00+00:00,1
2019-03-27 18:52:00+00:00,1
2019-03-27 18:53:00+00:00,1
2019-03-27 18:54:00+00:00,1
2019-03-27 18:55:00+00:00,1
2019-03-27 18:56:00+00:00,1
2019-03-27 18:57:00+00:00,1
2019-03-27 18:58:00+00:00,1
2019-03-27 18:59:00+00:00,1
2019-03-27 19:00:00+00:00,1
2019-03-27 19:01:00+00:00,1
2019-03-27 19:02:00+00:00,1
2019-03-27 19:03:00+00:00,1
2019-03-27 19:04:00+00:00,1
2019-03-27 19:05:00+00:00,1
2019-03-27 19:06:00+00:00,1
2019-03-27 19:07:00+00:00,1
2019-03-27 19:08:00+00:00,1
2019-03-27 19:09:00+00:00,1
2019-03-27 19:10:00+00:00,1
2019-03-27 19:11:00+00:00,1
2019-03-27 19:12:00+00:00,1
2019-03-27 19:13:00+00:00,1
2019-03-27 19:14:00+00:00,1
2019-03-27 19:15:00+00:00,1
2019-03-27 19:16:00+00:00,1
2019-03-27 19:17:00+00:00,1
2019-03-27 19:18:00+00:00,1
2019-03-27 19:19:00+00:00,1
2019-03-27 19:20:00+00:00,1
2019-03-27 19:21:00+00:00,1
2019-03-27 19:22:00+00:00,1
2019-03-27 19:23:00+00:00,1
2019-03-27 19:24:00+00:00,1
2019-03-27 19:25:00+00:00,1
2019-03-27 19:26:00+00:00,1
2019-03-27 19:27:00+00:00,1
2019-03-27 19:28:00+00:00,1
2019-03-27 19:29:00+00:00,1
2019-03-27 19:30:00+00:00,1
2019-03-27 19:31:00+00:00,1
2019-03-27 19:32:00+00:00,1
2019-03-27 19:33:00+00:00,1
2019-03-27 19:34:00+00:00,1
2019-03-27 19:35:00+00:00,1
2019-03-27 19:36:00+00:00,1
2019-03-27 19:37:00+00:00,1
2019-03-27 19:38:00+00:00,1
2019-03-27 19:39:00+00:00,1
2019-03-27 19:40:00+00:00,1
2019-03-27 19:41:00+00:00,1
2019-03-27 19:42:00+00:00,1
2019-03-27 19:43:00+00:00,1
2019-03-27 19:44:00+00:00,1
2019-03-27 19:45:00+00:00,1
2019-03-27 19:46:00+00:00,1
2019-03-27 19:47:00+00:00,1
2019-03-27 19:48:00+00:00,1
2019-03-27 19:49:00+00:00,1
2019-03-27 19:50:00+00:00,1
2019-03-27 19:51:00+00:00,1
2019-03-27 19:52:00+00:00,1
2019-03-27 19:53:00+00:00,1
2019-03-27 19:54:00+00:00,1
2019-03-27 19:55:00+00:00,1
2019-03-27 19:56:00+00:00,1
2019-03-27 19:57:00+00:00,1
2019-03-27 19:58:00+00:00,1
2019-03-27 19:59:00+00:00,1
2019-03-27 20:00:00+00:00,1
2019-03-27 20:01:00+00:00,1
2019-03-27 20:02:00+00:00,1
2019-03-27 20:03:00+00:00,1
2019-03-27 20:04:00+00:00,1
2019-03-27 20:05:00+00:00,1
2019-03-27 20:06:00+00:00,1
2019-03-27 20:07:00+00:00,1
2019-03-27 20:08:00+00:00,1
2019-03-27 20:09:00+00:00,1
2019-03-27 20:10:00+00:00,1
2019-03-27 20:11:00+00:00,1
2019-03-27 20:12:00+00:00,1
2019-03-27 20:13:00+00:00,1
2019-03-27 20:14:00+00:00,1
2019-03-27 20:15:00+00:00,1
2019-03-27 20:16:00+00:00,1
2019-03-27 20:17:00+00:00,1
2019-03-27 20:18:00+00:00,1
2019-03-27 20:19:00+00:00,1
2019-03-27 20:20:00+00:00,1
2019-03-27 20:21:00+00:00,1
2019-03-27 20:23:00+00:00,1
2019-03-27 20:24:00+00:00,1
2019-03-27 20:26:00+00:00,1
2019-03-27 20:27:00+00:00,1
2019-03-27 20:29:00+00:00,1
2019-03-27 20:30:00+00:00,1
2019-03-27 20:31:00+00:00,1
2019-03-27 20:32:00+00:00,1
2019-03-27 20:33:00+00:00,1
2019-03-27 20:34:00+00:00,1
2019-03-27 20:35:00+00:00,1
2019-03-27 20:36:00+00:00,1
2019-03-27 20:37:00+00:00,1
2019-03-27 20:38:00+00:00,1
2019-03-27 20:39:00+00:00,1
2019-03-27 20:40:00+00:00,1
2019-03-27 20:41:00+00:00,1
2019-03-27 20:42:00+00:00,1
2019-03-27 20:43:00+00:00,1
2019-03-27 20:44:00+00:00,1
2019-03-27 20:45:00+00:00,1
2019-03-27 20:46:00+00:00,1
2019-03-27 20:47:00+00:00,1
2019-03-27 20:48:00+00:00,1
2019-03-27 20:50:00+00:00,1
2019-03-27 20:53:00+00:00,1
2019-03-27 20:54:00+00:00,1
2019-03-27 20:57:00+00:00,1
2019-03-27 21:12:00+00:00,1
2019-03-27 21:16:00+00:00,1
2019-03-27 21:17:00+00:00,7
2019-03-27 21:18:00+00:00,3
2019-03-27 21:19:00+00:00,2
2019-03-27 21:20:00+00:00,1
2019-03-27 21:32:00+00:00,1
2019-03-27 21:33:00+00:00,1
2019-03-27 21:34:00+00:00,1
2019-03-27 21:35:00+00:00,1
2019-03-27 21:37:00+00:00,1
2019-03-28 01:50:00+00:00,4
2019-03-28 01:51:00+00:00,2
2019-03-28 01:52:00+00:00,2
2019-03-28 02:38:00+00:00,2
2019-03-28 02:42:00+00:00,1
2019-03-28 03:05:00+00:00,1
2019-03-28 03:06:00+00:00,5
2019-03-28 03:07:00+00:00,1
2019-03-28 03:18:00+00:00,4
2019-03-28 03:19:00+00:00,5
2019-03-28 03:20:00+00:00,2
2019-03-28 03:23:00+00:00,2
2019-03-28 03:27:00+00:00,1
2019-03-28 03:29:00+00:00,1
2019-03-28 03:45:00+00:00,1
2019-03-28 03:46:00+00:00,4
2019-03-28 03:47:00+00:00,4
2019-03-28 03:48:00+00:00,4
2019-03-28 03:50:00+00:00,1
2019-03-28 04:06:00+00:00,1
2019-03-28 04:14:00+00:00,1
2019-03-29 05:00:00+00:00,5
2019-03-29 05:01:00+00:00,1
2019-03-29 05:02:00+00:00,1
2019-03-29 05:03:00+00:00,1
2019-03-29 14:46:00+00:00,4
2019-03-29 14:47:00+00:00,2
2019-03-29 14:48:00+00:00,5
2019-03-29 14:49:00+00:00,1
2019-03-29 14:51:00+00:00,1
2019-03-29 14:52:00+00:00,1
2019-03-29 14:53:00+00:00,1
2019-03-29 16:00:00+00:00,4
2019-03-29 16:01:00+00:00,3
2019-03-29 16:02:00+00:00,3
2019-03-29 16:03:00+00:00,2
2019-03-29 21:32:00+00:00,1
2019-03-29 21:33:00+00:00,1
2019-03-29 21:34:00+00:00,1
2019-03-29 21:35:00+00:00,1
2019-03-29 21:36:00+00:00,1
2019-03-29 21:39:00+00:00,1
2019-03-29 21:40:00+00:00,1
2019-03-29 21:44:00+00:00,1
2019-03-29 21:45:00+00:00,1
2019-03-30 09:06:00+00:00,1
2019-03-30 09:07:00+00:00,1
2019-03-30 09:08:00+00:00,1
2019-03-30 09:09:00+00:00,1
2019-03-30 09:10:00+00:00,1
2019-03-30 09:11:00+00:00,1
2019-03-30 09:12:00+00:00,1
2019-03-30 09:13:00+00:00,1
2019-03-30 09:14:00+00:00,1
2019-03-30 09:15:00+00:00,1
2019-03-30 09:16:00+00:00,1
2019-03-30 09:17:00+00:00,1
2019-03-30 09:18:00+00:00,1
2019-03-30 09:19:00+00:00,1
2019-03-30 09:20:00+00:00,1
2019-03-30 09:21:00+00:00,1
2019-03-30 09:22:00+00:00,1
2019-03-30 09:23:00+00:00,1
2019-03-30 09:24:00+00:00,1
2019-03-30 09:25:00+00:00,1
2019-03-30 09:26:00+00:00,1
2019-03-30 09:27:00+00:00,1
2019-03-30 09:28:00+00:00,1
2019-03-30 09:29:00+00:00,1
2019-03-30 09:30:00+00:00,1
2019-03-30 09:31:00+00:00,1
2019-03-30 09:32:00+00:00,1
2019-03-30 09:33:00+00:00,1
2019-03-30 09:34:00+00:00,1
2019-03-30 09:35:00+00:00,1
2019-03-30 09:36:00+00:00,1
2019-03-30 09:37:00+00:00,1
2019-03-30 09:38:00+00:00,1
2019-03-30 09:39:00+00:00,1
2019-03-30 09:40:00+00:00,1
2019-03-30 09:41:00+00:00,1
2019-03-30 09:42:00+00:00,1
2019-03-30 09:43:00+00:00,1
2019-03-30 09:44:00+00:00,1
2019-03-30 09:45:00+00:00,1
2019-03-30 09:46:00+00:00,1
2019-03-30 09:47:00+00:00,1
2019-03-30 09:48:00+00:00,1
2019-03-30 09:49:00+00:00,1
2019-03-30 09:50:00+00:00,1
2019-03-30 09:51:00+00:00,1
2019-03-30 09:52:00+00:00,1
2019-03-30 09:53:00+00:00,1
2019-03-30 09:54:00+00:00,1
2019-03-30 09:55:00+00:00,1
2019-03-30 09:56:00+00:00,1
2019-03-30 09:57:00+00:00,1
2019-03-30 09:58:00+00:00,1
2019-03-30 09:59:00+00:00,1
2019-03-30 10:00:00+00:00,1
2019-03-30 10:01:00+00:00,1
2019-03-30 10:02:00+00:00,1
2019-03-30 10:03:00+00:00,1
2019-03-30 10:04:00+00:00,1
2019-03-30 10:05:00+00:00,1
2019-03-30 10:06:00+00:00,1
2019-03-30 10:07:00+00:00,1
2019-03-30 10:08:00+00:00,1
2019-03-30 10:09:00+00:00,1
2019-03-30 10:10:00+00:00,1
2019-03-30 10:11:00+00:00,1
2019-03-30 10:12:00+00:00,1
2019-03-30 10:13:00+00:00,1
2019-03-30 10:14:00+00:00,1
2019-03-30 10:15:00+00:00,1
2019-03-30 10:16:00+00:00,1
2019-03-30 10:17:00+00:00,1
2019-03-30 10:18:00+00:00,1
2019-03-30 10:19:00+00:00,1
2019-03-30 10:20:00+00:00,1
2019-03-30 10:21:00+00:00,1
2019-03-30 10:22:00+00:00,1
2019-03-30 10:23:00+00:00,1
2019-03-30 10:24:00+00:00,1
2019-03-30 10:25:00+00:00,1
2019-03-30 10:26:00+00:00,1
2019-03-30 10:27:00+00:00,1
2019-03-30 10:28:00+00:00,1
2019-03-30 10:29:00+00:00,1
2019-03-30 10:30:00+00:00,1
2019-03-30 10:31:00+00:00,1
2019-03-30 10:32:00+00:00,1
2019-03-30 10:33:00+00:00,1
2019-03-30 10:34:00+00:00,1
2019-03-30 10:35:00+00:00,1
2019-03-30 10:36:00+00:00,1
2019-03-30 10:37:00+00:00,1
2019-03-30 10:38:00+00:00,1
2019-03-30 10:39:00+00:00,1
2019-03-30 10:40:00+00:00,1
2019-03-30 10:41:00+00:00,1
2019-03-30 10:42:00+00:00,1
2019-03-30 10:43:00+00:00,1
2019-03-30 10:44:00+00:00,1
2019-03-30 10:45:00+00:00,1
2019-03-30 10:46:00+00:00,1
2019-03-30 10:47:00+00:00,1
2019-03-30 10:48:00+00:00,1
2019-03-30 10:49:00+00:00,1
2019-03-30 10:50:00+00:00,1
2019-03-30 10:51:00+00:00,1
2019-03-30 10:52:00+00:00,1
2019-03-30 10:53:00+00:00,1
2019-03-30 10:54:00+00:00,1
2019-03-30 10:55:00+00:00,1
2019-03-30 10:56:00+00:00,1
2019-03-30 10:57:00+00:00,1
2019-03-30 10:58:00+00:00,1
2019-03-30 10:59:00+00:00,1
2019-03-30 11:00:00+00:00,1
2019-03-30 11:01:00+00:00,1
2019-03-30 11:02:00+00:00,1
2019-03-30 11:03:00+00:00,1
2019-03-30 11:04:00+00:00,1
2019-03-30 11:05:00+00:00,1
2019-03-30 11:06:00+00:00,1
2019-03-30 11:07:00+00:00,1
2019-03-30 11:08:00+00:00,1
2019-03-30 11:09:00+00:00,1
2019-03-30 11:10:00+00:00,1
2019-03-30 11:11:00+00:00,1
2019-03-30 11:12:00+00:00,1
2019-03-30 11:13:00+00:00,1
2019-03-30 11:14:00+00:00,1
2019-03-30 11:15:00+00:00,1
2019-03-30 11:16:00+00:00,1
2019-03-30 11:17:00+00:00,1
2019-03-30 11:18:00+00:00,1
2019-03-30 11:19:00+00:00,1
2019-03-30 11:20:00+00:00,1
2019-03-30 11:21:00+00:00,1
2019-03-30 11:22:00+00:00,1
2019-03-30 11:23:00+00:00,1
2019-03-30 11:24:00+00:00,1
2019-03-30 11:25:00+00:00,1
2019-03-30 11:26:00+00:00,1
2019-03-30 11:27:00+00:00,1
2019-03-30 11:28:00+00:00,1
2019-03-30 11:29:00+00:00,1
2019-03-30 11:30:00+00:00,1
2019-03-30 11:31:00+00:00,1
2019-03-30 11:32:00+00:00,1
2019-03-30 11:33:00+00:00,1
2019-03-30 11:34:00+00:00,1
2019-03-30 11:35:00+00:00,1
2019-03-30 11:36:00+00:00,1
2019-03-30 11:37:00+00:00,1
2019-03-30 11:38:00+00:00,1
2019-03-30 11:39:00+00:00,1
2019-03-30 11:40:00+00:00,1
2019-03-30 11:41:00+00:00,1
2019-03-30 11:42:00+00:00,1
2019-03-30 11:43:00+00:00,1
2019-03-30 11:44:00+00:00,1
2019-03-30 11:45:00+00:00,1
2019-03-30 11:46:00+00:00,1
2019-03-30 11:47:00+00:00,1
2019-03-30 11:48:00+00:00,1
2019-03-30 11:49:00+00:00,1
2019-03-30 11:50:00+00:00,1
2019-03-30 11:51:00+00:00,1
2019-03-30 11:52:00+00:00,1
2019-03-30 11:53:00+00:00,1
2019-03-30 11:54:00+00:00,1
2019-03-30 11:55:00+00:00,1
2019-03-30 11:56:00+00:00,1
2019-03-30 11:57:00+00:00,1
2019-03-30 11:58:00+00:00,1
2019-03-30 11:59:00+00:00,1
2019-03-30 12:00:00+00:00,1
2019-03-30 12:01:00+00:00,1
2019-03-30 12:02:00+00:00,1
2019-03-30 12:03:00+00:00,1
2019-03-30 12:04:00+00:00,1
2019-03-30 12:05:00+00:00,1
2019-03-30 12:06:00+00:00,1
2019-03-30 12:07:00+00:00,1
2019-03-30 12:08:00+00:00,1
2019-03-30 12:09:00+00:00,1
2019-03-30 12:10:00+00:00,1
2019-03-30 12:11:00+00:00,1
2019-03-30 12:12:00+00:00,1
2019-03-30 12:13:00+00:00,1
2019-03-30 12:15:00+00:00,1
2019-03-30 12:16:00+00:00,1
2019-03-30 12:17:00+00:00,1
2019-03-30 12:18:00+00:00,1
2019-03-30 12:19:00+00:00,1
2019-03-30 12:20:00+00:00,1
2019-03-30 12:21:00+00:00,1
2019-03-30 12:22:00+00:00,1
2019-03-30 12:23:00+00:00,1
2019-03-30 12:24:00+00:00,1
2019-03-30 12:25:00+00:00,1
2019-03-30 12:26:00+00:00,1
2019-03-30 12:27:00+00:00,1
2019-03-30 12:28:00+00:00,1
2019-03-30 12:29:00+00:00,1
2019-03-30 12:30:00+00:00,1
2019-03-30 12:31:00+00:00,1
2019-03-30 12:32:00+00:00,1
2019-03-30 12:33:00+00:00,1
2019-03-30 12:34:00+00:00,1
2019-03-30 12:35:00+00:00,1
2019-03-30 12:36:00+00:00,1
2019-03-30 12:37:00+00:00,1
2019-03-30 12:38:00+00:00,1
2019-03-30 12:39:00+00:00,1
2019-03-30 12:40:00+00:00,1
2019-03-30 12:41:00+00:00,1
2019-03-30 12:42:00+00:00,1
2019-03-30 12:43:00+00:00,1
2019-03-30 12:44:00+00:00,1
2019-03-30 12:45:00+00:00,1
2019-03-30 12:46:00+00:00,1
2019-03-30 12:47:00+00:00,1
2019-03-30 12:48:00+00:00,1
2019-03-30 12:49:00+00:00,1
2019-03-30 12:50:00+00:00,1
2019-03-30 12:51:00+00:00,1
2019-03-30 12:52:00+00:00,1
2019-03-30 12:53:00+00:00,1
2019-03-30 12:54:00+00:00,1
2019-03-30 12:55:00+00:00,1
2019-03-30 12:56:00+00:00,1
2019-03-30 12:57:00+00:00,1
2019-03-30 12:58:00+00:00,1
2019-03-30 12:59:00+00:00,1
2019-03-30 13:00:00+00:00,1
2019-03-30 13:01:00+00:00,1
2019-03-30 13:02:00+00:00,1
2019-03-30 13:03:00+00:00,1
2019-03-30 13:04:00+00:00,1
2019-03-30 13:05:00+00:00,1
2019-03-30 13:06:00+00:00,1
2019-03-30 13:07:00+00:00,1
2019-03-30 13:08:00+00:00,1
2019-03-30 13:09:00+00:00,1
2019-03-30 13:10:00+00:00,1
2019-03-30 13:11:00+00:00,1
2019-03-30 13:12:00+00:00,1
2019-03-30 13:13:00+00:00,1
2019-03-30 13:14:00+00:00,1
2019-03-30 13:15:00+00:00,1
2019-03-30 13:16:00+00:00,1
2019-03-30 13:17:00+00:00,1
2019-03-30 13:18:00+00:00,1
2019-03-30 13:19:00+00:00,1
2019-03-30 13:20:00+00:00,1
2019-03-30 13:21:00+00:00,1
2019-03-30 13:22:00+00:00,1
2019-03-30 13:23:00+00:00,1
2019-03-30 13:24:00+00:00,1
2019-03-30 13:25:00+00:00,1
2019-03-30 13:26:00+00:00,1
2019-03-30 13:27:00+00:00,1
2019-03-30 13:28:00+00:00,1
2019-03-30 13:29:00+00:00,1
2019-03-30 13:30:00+00:00,1
2019-03-30 13:31:00+00:00,1
2019-03-30 13:32:00+00:00,1
2019-03-30 13:33:00+00:00,1
2019-03-30 13:34:00+00:00,1
2019-03-30 13:35:00+00:00,1
2019-03-30 13:36:00+00:00,1
2019-03-30 13:37:00+00:00,1
2019-03-30 13:38:00+00:00,1
2019-03-30 13:39:00+00:00,1
2019-03-30 13:40:00+00:00,1
2019-03-30 13:41:00+00:00,1
2019-03-30 13:42:00+00:00,1
2019-03-30 13:43:00+00:00,1
2019-03-30 13:44:00+00:00,1
2019-03-30 13:45:00+00:00,1
2019-03-30 13:46:00+00:00,1
2019-03-30 13:47:00+00:00,1
2019-03-30 13:48:00+00:00,1
2019-03-30 13:49:00+00:00,1
2019-03-30 13:50:00+00:00,1
2019-03-30 13:51:00+00:00,1
2019-03-30 13:52:00+00:00,1
2019-03-30 13:53:00+00:00,1
2019-03-30 13:54:00+00:00,1
2019-03-30 13:55:00+00:00,1
2019-03-30 13:56:00+00:00,1
2019-03-30 13:57:00+00:00,1
2019-03-30 13:58:00+00:00,1
2019-03-30 13:59:00+00:00,1
2019-03-30 14:00:00+00:00,1
2019-03-30 14:01:00+00:00,1
2019-03-30 14:02:00+00:00,1
2019-03-30 14:03:00+00:00,1
2019-03-30 14:04:00+00:00,1
2019-03-30 14:05:00+00:00,1
2019-03-30 14:06:00+00:00,1
2019-03-30 14:07:00+00:00,1
2019-03-30 14:08:00+00:00,1
2019-03-30 14:09:00+00:00,1
2019-03-30 14:10:00+00:00,1
2019-03-30 14:11:00+00:00,1
2019-03-30 14:12:00+00:00,1
2019-03-30 14:13:00+00:00,1
2019-03-30 14:14:00+00:00,1
2019-03-30 14:15:00+00:00,1
2019-03-30 14:16:00+00:00,1
2019-03-30 14:17:00+00:00,1
2019-03-30 14:18:00+00:00,1
2019-03-30 14:19:00+00:00,1
2019-03-30 14:20:00+00:00,1
2019-03-30 14:21:00+00:00,1
2019-03-30 14:22:00+00:00,1
2019-03-30 14:23:00+00:00,1
2019-03-30 14:24:00+00:00,1
2019-03-30 14:25:00+00:00,1
2019-03-30 14:26:00+00:00,1
2019-03-30 14:27:00+00:00,1
2019-03-30 14:28:00+00:00,1
2019-03-30 14:29:00+00:00,1
2019-03-30 14:30:00+00:00,1
2019-03-30 14:31:00+00:00,1
2019-03-30 14:32:00+00:00,1
2019-03-30 14:33:00+00:00,1
2019-03-30 14:34:00+00:00,1
2019-03-30 14:35:00+00:00,1
2019-03-30 14:36:00+00:00,1
2019-03-30 14:37:00+00:00,1
2019-03-30 14:38:00+00:00,1
2019-03-30 14:39:00+00:00,1
2019-03-30 14:40:00+00:00,1
2019-03-30 14:41:00+00:00,1
2019-03-30 14:42:00+00:00,1
2019-03-30 14:43:00+00:00,1
2019-03-30 14:44:00+00:00,1
2019-03-30 14:45:00+00:00,1
2019-03-30 14:46:00+00:00,1
2019-03-30 14:47:00+00:00,1
2019-03-30 14:48:00+00:00,1
2019-03-30 14:49:00+00:00,1
2019-03-30 14:50:00+00:00,1
2019-03-30 14:51:00+00:00,1
2019-03-30 14:52:00+00:00,1
2019-03-30 14:53:00+00:00,1
2019-03-30 14:54:00+00:00,1
2019-03-30 14:55:00+00:00,1
2019-03-30 14:58:00+00:00,1
2019-03-30 15:01:00+00:00,1
2019-03-30 19:23:00+00:00,1
2019-03-30 19:24:00+00:00,1
2019-03-30 19:25:00+00:00,1
2019-03-30 19:26:00+00:00,1
2019-03-30 19:27:00+00:00,1
2019-03-30 19:28:00+00:00,1
2019-03-30 19:29:00+00:00,1
2019-03-30 19:30:00+00:00,1
2019-03-30 19:31:00+00:00,1
2019-03-30 19:32:00+00:00,1
2019-03-30 19:33:00+00:00,1
2019-03-30 19:34:00+00:00,1
2019-03-30 19:35:00+00:00,1
2019-03-30 19:36:00+00:00,1
2019-03-30 19:37:00+00:00,1
2019-03-30 19:38:00+00:00,1
2019-03-30 19:39:00+00:00,1
2019-03-30 19:40:00+00:00,1
2019-03-30 19:41:00+00:00,1
2019-03-30 19:42:00+00:00,1
2019-03-30 19:43:00+00:00,1
2019-03-30 19:44:00+00:00,1
2019-03-30 19:45:00+00:00,1
2019-03-30 19:46:00+00:00,1
2019-03-30 19:47:00+00:00,1
2019-03-30 19:48:00+00:00,1
2019-03-30 19:49:00+00:00,1
2019-03-30 19:50:00+00:00,1
2019-03-30 19:51:00+00:00,1
2019-03-30 19:52:00+00:00,1
2019-03-30 19:53:00+00:00,1
2019-03-30 19:54:00+00:00,1
2019-03-30 19:55:00+00:00,1
2019-03-31 02:18:00+00:00,1
2019-03-31 02:19:00+00:00,1
2019-03-31 05:29:00+00:00,1
2019-03-31 05:30:00+00:00,1
2019-03-31 05:31:00+00:00,1
2019-03-31 05:32:00+00:00,1
2019-03-31 05:33:00+00:00,1
2019-03-31 05:34:00+00:00,1
2019-03-31 05:35:00+00:00,1
2019-03-31 05:36:00+00:00,1
2019-03-31 05:37:00+00:00,1
2019-03-31 05:38:00+00:00,2
2019-03-31 05:39:00+00:00,2
2019-03-31 05:40:00+00:00,1
2019-03-31 05:41:00+00:00,1
2019-03-31 05:42:00+00:00,1
2019-03-31 05:43:00+00:00,1
2019-03-31 05:44:00+00:00,1
2019-03-31 05:45:00+00:00,1
2019-03-31 05:46:00+00:00,1
2019-03-31 05:47:00+00:00,1
2019-03-31 05:48:00+00:00,1
2019-03-31 05:49:00+00:00,1
2019-03-31 05:50:00+00:00,1
2019-03-31 05:51:00+00:00,1
2019-03-31 05:52:00+00:00,1
2019-03-31 05:53:00+00:00,1
2019-03-31 05:54:00+00:00,1
2019-03-31 06:28:00+00:00,1
2019-03-31 06:29:00+00:00,1
2019-03-31 06:30:00+00:00,1
2019-03-31 06:31:00+00:00,1
2019-03-31 06:32:00+00:00,1
2019-03-31 06:33:00+00:00,1
2019-03-31 06:34:00+00:00,1
2019-03-31 06:35:00+00:00,1
2019-03-31 06:36:00+00:00,1
2019-03-31 06:37:00+00:00,1
2019-03-31 06:38:00+00:00,1
2019-03-31 06:39:00+00:00,1
2019-03-31 06:40:00+00:00,1
2019-03-31 06:41:00+00:00,1
2019-03-31 06:42:00+00:00,1
2019-03-31 06:43:00+00:00,1
2019-03-31 06:44:00+00:00,1
2019-03-31 06:45:00+00:00,1
2019-03-31 06:46:00+00:00,1
2019-03-31 06:47:00+00:00,1
2019-03-31 06:48:00+00:00,1
2019-03-31 06:49:00+00:00,1
2019-03-31 06:50:00+00:00,1
2019-03-31 06:51:00+00:00,1
2019-03-31 06:52:00+00:00,1
2019-03-31 06:53:00+00:00,1
2019-03-31 06:54:00+00:00,1
2019-03-31 06:55:00+00:00,1
2019-03-31 06:56:00+00:00,1
2019-03-31 06:57:00+00:00,1
2019-03-31 06:58:00+00:00,1
2019-03-31 06:59:00+00:00,1
2019-03-31 07:00:00+00:00,1
2019-03-31 07:01:00+00:00,1
2019-03-31 07:02:00+00:00,1
2019-03-31 07:03:00+00:00,1
2019-03-31 07:04:00+00:00,1
2019-03-31 07:05:00+00:00,1
2019-03-31 07:06:00+00:00,1
2019-03-31 07:07:00+00:00,1
2019-03-31 07:08:00+00:00,1
2019-03-31 07:09:00+00:00,1
2019-03-31 07:10:00+00:00,1
2019-03-31 07:11:00+00:00,1
2019-03-31 07:12:00+00:00,1
2019-03-31 07:13:00+00:00,1
2019-03-31 07:14:00+00:00,1
2019-03-31 07:15:00+00:00,1
2019-03-31 07:16:00+00:00,1
2019-03-31 07:17:00+00:00,1
2019-03-31 07:18:00+00:00,1
2019-03-31 07:19:00+00:00,1
2019-03-31 07:20:00+00:00,1
2019-03-31 07:21:00+00:00,1
2019-03-31 07:22:00+00:00,1
2019-03-31 07:23:00+00:00,1
2019-03-31 07:24:00+00:00,1
2019-03-31 07:25:00+00:00,1
2019-03-31 07:26:00+00:00,1
2019-03-31 07:27:00+00:00,1
2019-03-31 07:28:00+00:00,1
2019-03-31 07:29:00+00:00,1
2019-03-31 07:30:00+00:00,1
2019-03-31 07:31:00+00:00,1
2019-03-31 07:32:00+00:00,1
2019-03-31 07:33:00+00:00,1
2019-03-31 07:34:00+00:00,1
2019-03-31 07:35:00+00:00,1
2019-03-31 07:36:00+00:00,1
2019-03-31 07:37:00+00:00,1
2019-03-31 07:38:00+00:00,1
2019-03-31 07:39:00+00:00,1
2019-03-31 07:40:00+00:00,1
2019-03-31 07:41:00+00:00,1
2019-03-31 07:42:00+00:00,1
2019-03-31 07:43:00+00:00,1
2019-03-31 07:45:00+00:00,1
2019-03-31 07:46:00+00:00,1
2019-03-31 07:47:00+00:00,1
2019-03-31 07:48:00+00:00,1
2019-03-31 07:49:00+00:00,1
2019-03-31 07:54:00+00:00,1
2019-03-31 08:05:00+00:00,1
2019-03-31 08:10:00+00:00,1
2019-03-31 08:16:00+00:00,1
2019-03-31 08:22:00+00:00,1
2019-03-31 08:23:00+00:00,1
2019-03-31 08:24:00+00:00,1
2019-03-31 08:25:00+00:00,1
2019-03-31 08:26:00+00:00,1
2019-03-31 08:27:00+00:00,1
2019-03-31 08:28:00+00:00,1
2019-03-31 08:29:00+00:00,1
2019-03-31 08:30:00+00:00,1
2019-03-31 08:31:00+00:00,1
2019-03-31 08:32:00+00:00,1
2019-03-31 08:33:00+00:00,1
2019-03-31 08:34:00+00:00,1
2019-03-31 08:35:00+00:00,1
2019-03-31 08:36:00+00:00,1
2019-03-31 08:37:00+00:00,1
2019-03-31 08:38:00+00:00,1
2019-03-31 08:39:00+00:00,1
2019-03-31 08:40:00+00:00,1
2019-03-31 08:41:00+00:00,1
2019-03-31 08:42:00+00:00,1
2019-03-31 08:43:00+00:00,1
2019-03-31 08:44:00+00:00,1
2019-03-31 08:45:00+00:00,1
2019-03-31 08:46:00+00:00,1
2019-03-31 08:47:00+00:00,1
2019-03-31 08:48:00+00:00,1
2019-03-31 08:49:00+00:00,1
2019-03-31 08:50:00+00:00,1
2019-03-31 08:51:00+00:00,1
2019-03-31 08:52:00+00:00,1
2019-03-31 08:53:00+00:00,1
2019-03-31 08:54:00+00:00,1
2019-03-31 08:55:00+00:00,1
2019-03-31 08:56:00+00:00,1
2019-03-31 08:57:00+00:00,1
2019-03-31 08:58:00+00:00,1
2019-03-31 08:59:00+00:00,1
2019-03-31 09:00:00+00:00,1
2019-03-31 09:01:00+00:00,1
2019-03-31 09:02:00+00:00,1
2019-03-31 09:03:00+00:00,1
2019-03-31 09:04:00+00:00,1
2019-03-31 09:05:00+00:00,1
2019-03-31 09:06:00+00:00,1
2019-03-31 09:07:00+00:00,1
2019-03-31 09:08:00+00:00,1
2019-03-31 09:09:00+00:00,1
2019-03-31 09:10:00+00:00,1
2019-03-31 09:11:00+00:00,1
2019-03-31 09:12:00+00:00,1
2019-03-31 09:13:00+00:00,1
2019-03-31 09:14:00+00:00,1
2019-03-31 09:15:00+00:00,1
2019-03-31 09:16:00+00:00,1
2019-03-31 09:17:00+00:00,1
2019-03-31 09:18:00+00:00,1
2019-03-31 09:19:00+00:00,1
2019-03-31 09:21:00+00:00,1
2019-03-31 09:22:00+00:00,1
2019-03-31 09:23:00+00:00,1
2019-03-31 09:24:00+00:00,1
2019-03-31 09:25:00+00:00,1
2019-03-31 09:26:00+00:00,1
2019-03-31 09:27:00+00:00,1
2019-03-31 09:28:00+00:00,1
2019-03-31 09:29:00+00:00,1
2019-03-31 09:30:00+00:00,1
2019-03-31 09:31:00+00:00,1
2019-03-31 09:32:00+00:00,1
2019-03-31 09:33:00+00:00,1
2019-03-31 09:34:00+00:00,1
2019-03-31 09:35:00+00:00,1
2019-03-31 09:36:00+00:00,1
2019-03-31 09:37:00+00:00,1
2019-03-31 09:38:00+00:00,1
2019-03-31 09:39:00+00:00,1
2019-03-31 09:40:00+00:00,1
2019-03-31 09:41:00+00:00,1
2019-03-31 09:42:00+00:00,1
2019-03-31 09:43:00+00:00,1
2019-03-31 09:44:00+00:00,1
2019-03-31 09:45:00+00:00,1
2019-03-31 09:46:00+00:00,1
2019-03-31 09:47:00+00:00,1
2019-03-31 09:48:00+00:00,1
2019-03-31 09:49:00+00:00,1
2019-03-31 09:50:00+00:00,1
2019-03-31 09:51:00+00:00,1
2019-03-31 09:52:00+00:00,1
2019-03-31 09:53:00+00:00,1
2019-03-31 09:54:00+00:00,1
2019-03-31 09:55:00+00:00,1
2019-03-31 09:56:00+00:00,1
2019-03-31 09:57:00+00:00,1
2019-03-31 09:58:00+00:00,1
2019-03-31 09:59:00+00:00,1
2019-03-31 10:00:00+00:00,1
2019-03-31 10:01:00+00:00,1
2019-03-31 10:02:00+00:00,1
2019-03-31 10:03:00+00:00,1
2019-03-31 10:04:00+00:00,1
2019-03-31 10:05:00+00:00,1
2019-03-31 10:06:00+00:00,1
2019-03-31 10:07:00+00:00,1
2019-03-31 10:08:00+00:00,1
2019-03-31 10:09:00+00:00,1
2019-03-31 10:10:00+00:00,1
2019-03-31 10:11:00+00:00,1
2019-03-31 10:12:00+00:00,1
2019-03-31 10:13:00+00:00,1
2019-03-31 10:14:00+00:00,1
2019-03-31 10:15:00+00:00,1
2019-03-31 10:16:00+00:00,1
2019-03-31 10:17:00+00:00,1
2019-03-31 10:18:00+00:00,1
2019-03-31 10:19:00+00:00,1
2019-03-31 10:20:00+00:00,1
2019-03-31 10:21:00+00:00,1
2019-03-31 10:22:00+00:00,1
2019-03-31 10:23:00+00:00,1
2019-03-31 10:24:00+00:00,1
2019-03-31 10:25:00+00:00,1
2019-03-31 10:26:00+00:00,1
2019-03-31 10:27:00+00:00,1
2019-03-31 10:28:00+00:00,1
2019-03-31 10:29:00+00:00,1
2019-03-31 10:30:00+00:00,1
2019-03-31 10:31:00+00:00,1
2019-03-31 10:32:00+00:00,1
2019-03-31 10:33:00+00:00,1
2019-03-31 10:34:00+00:00,1
2019-03-31 10:35:00+00:00,1
2019-03-31 10:36:00+00:00,1
2019-03-31 10:37:00+00:00,1
2019-03-31 10:38:00+00:00,1
2019-03-31 10:39:00+00:00,1
2019-03-31 10:40:00+00:00,1
2019-03-31 10:41:00+00:00,1
2019-03-31 10:42:00+00:00,1
2019-03-31 10:43:00+00:00,1
2019-03-31 10:44:00+00:00,1
2019-03-31 10:45:00+00:00,1
2019-03-31 10:46:00+00:00,1
2019-03-31 10:47:00+00:00,1
2019-03-31 10:48:00+00:00,1
2019-03-31 10:49:00+00:00,1
2019-03-31 10:50:00+00:00,1
2019-03-31 10:51:00+00:00,1
2019-03-31 10:52:00+00:00,1
2019-03-31 10:53:00+00:00,1
2019-03-31 10:54:00+00:00,1
2019-03-31 10:55:00+00:00,1
2019-03-31 10:56:00+00:00,1
2019-03-31 10:57:00+00:00,1
2019-03-31 10:58:00+00:00,1
2019-03-31 10:59:00+00:00,1
2019-03-31 11:00:00+00:00,1
2019-03-31 11:01:00+00:00,1
2019-03-31 11:02:00+00:00,1
2019-03-31 11:03:00+00:00,1
2019-03-31 11:04:00+00:00,1
2019-03-31 11:05:00+00:00,1
2019-03-31 11:06:00+00:00,1
2019-03-31 11:07:00+00:00,1
2019-03-31 11:08:00+00:00,1
2019-03-31 11:09:00+00:00,1
2019-03-31 11:10:00+00:00,1
2019-03-31 11:11:00+00:00,1
2019-03-31 11:12:00+00:00,1
2019-03-31 11:13:00+00:00,1
2019-03-31 11:14:00+00:00,1
2019-03-31 11:15:00+00:00,1
2019-03-31 11:16:00+00:00,1
2019-03-31 11:17:00+00:00,1
2019-03-31 11:18:00+00:00,1
2019-03-31 11:19:00+00:00,1
2019-03-31 11:30:00+00:00,1
2019-03-31 11:31:00+00:00,1
2019-03-31 11:32:00+00:00,1
2019-03-31 11:33:00+00:00,1
2019-03-31 11:34:00+00:00,1
2019-03-31 11:35:00+00:00,1
2019-03-31 11:36:00+00:00,1
2019-03-31 11:37:00+00:00,1
2019-03-31 11:38:00+00:00,1
2019-03-31 11:39:00+00:00,1
2019-03-31 11:40:00+00:00,1
2019-03-31 11:41:00+00:00,1
2019-03-31 11:42:00+00:00,1
2019-03-31 11:43:00+00:00,1
2019-03-31 11:44:00+00:00,1
2019-03-31 11:45:00+00:00,1
2019-03-31 11:46:00+00:00,1
2019-03-31 11:47:00+00:00,1
2019-03-31 11:48:00+00:00,1
2019-03-31 11:49:00+00:00,1
2019-03-31 11:50:00+00:00,1
2019-03-31 11:51:00+00:00,1
2019-03-31 11:52:00+00:00,1
2019-03-31 11:53:00+00:00,1
2019-03-31 11:54:00+00:00,1
2019-03-31 11:55:00+00:00,1
2019-03-31 11:56:00+00:00,1
2019-03-31 11:57:00+00:00,1
2019-03-31 11:58:00+00:00,1
2019-03-31 11:59:00+00:00,1
2019-03-31 12:00:00+00:00,1
2019-03-31 12:01:00+00:00,1
2019-03-31 12:02:00+00:00,1
2019-03-31 12:03:00+00:00,1
2019-03-31 12:05:00+00:00,1
2019-03-31 12:06:00+00:00,1
2019-03-31 12:07:00+00:00,1
2019-03-31 12:08:00+00:00,1
2019-03-31 12:09:00+00:00,1
2019-03-31 12:10:00+00:00,1
2019-03-31 12:11:00+00:00,1
2019-03-31 12:12:00+00:00,1
2019-03-31 12:13:00+00:00,1
2019-03-31 12:14:00+00:00,1
2019-03-31 12:15:00+00:00,1
2019-03-31 12:16:00+00:00,1
2019-03-31 12:17:00+00:00,1
2019-03-31 12:18:00+00:00,1
2019-03-31 12:19:00+00:00,1
2019-03-31 12:20:00+00:00,1
2019-03-31 12:21:00+00:00,1
2019-03-31 12:22:00+00:00,1
2019-03-31 12:23:00+00:00,1
2019-03-31 12:24:00+00:00,1
2019-03-31 12:25:00+00:00,1
2019-03-31 12:26:00+00:00,1
2019-03-31 12:27:00+00:00,1
2019-03-31 12:28:00+00:00,1
2019-03-31 12:29:00+00:00,1
2019-03-31 12:30:00+00:00,1
2019-03-31 12:31:00+00:00,1
2019-03-31 12:32:00+00:00,1
2019-03-31 12:33:00+00:00,1
2019-03-31 12:34:00+00:00,1
2019-03-31 12:35:00+00:00,1
2019-03-31 12:36:00+00:00,1
2019-03-31 12:37:00+00:00,1
2019-03-31 12:38:00+00:00,1
2019-03-31 12:39:00+00:00,1
2019-03-31 12:40:00+00:00,1
2019-03-31 12:41:00+00:00,1
2019-03-31 12:42:00+00:00,1
2019-03-31 12:43:00+00:00,1
2019-03-31 12:44:00+00:00,1
2019-03-31 12:45:00+00:00,1
2019-03-31 12:46:00+00:00,1
2019-03-31 12:47:00+00:00,1
2019-03-31 12:48:00+00:00,1
2019-03-31 12:49:00+00:00,1
2019-03-31 12:50:00+00:00,1
2019-03-31 12:51:00+00:00,1
2019-03-31 12:52:00+00:00,1
2019-03-31 12:53:00+00:00,1
2019-03-31 12:54:00+00:00,1
2019-03-31 12:55:00+00:00,1
2019-03-31 12:56:00+00:00,1
2019-03-31 12:57:00+00:00,1
2019-03-31 12:58:00+00:00,1
2019-03-31 12:59:00+00:00,1
2019-03-31 13:00:00+00:00,1
2019-03-31 13:01:00+00:00,1
2019-03-31 13:02:00+00:00,1
2019-03-31 13:03:00+00:00,1
2019-03-31 13:04:00+00:00,1
2019-03-31 13:05:00+00:00,1
2019-03-31 13:06:00+00:00,1
2019-03-31 13:07:00+00:00,1
2019-03-31 13:08:00+00:00,1
2019-03-31 13:09:00+00:00,1
2019-03-31 13:10:00+00:00,1
2019-03-31 13:11:00+00:00,1
2019-03-31 13:12:00+00:00,1
2019-03-31 13:13:00+00:00,1
2019-03-31 13:14:00+00:00,1
2019-03-31 13:15:00+00:00,1
2019-03-31 13:16:00+00:00,1
2019-03-31 13:17:00+00:00,1
2019-03-31 13:18:00+00:00,1
2019-03-31 13:19:00+00:00,1
2019-03-31 13:20:00+00:00,1
2019-03-31 13:21:00+00:00,1
2019-03-31 13:22:00+00:00,1
2019-03-31 13:23:00+00:00,1
2019-03-31 13:24:00+00:00,1
2019-03-31 13:25:00+00:00,1
2019-03-31 13:26:00+00:00,1
2019-03-31 13:27:00+00:00,1
2019-03-31 13:28:00+00:00,1
2019-03-31 13:29:00+00:00,1
2019-03-31 13:30:00+00:00,1
2019-03-31 13:31:00+00:00,1
2019-03-31 13:32:00+00:00,1
2019-03-31 13:33:00+00:00,1
2019-03-31 13:34:00+00:00,1
2019-03-31 13:35:00+00:00,1
2019-03-31 13:36:00+00:00,1
2019-03-31 13:37:00+00:00,1
2019-03-31 13:38:00+00:00,1
2019-03-31 13:39:00+00:00,1
2019-03-31 13:40:00+00:00,1
2019-03-31 13:41:00+00:00,1
2019-03-31 13:42:00+00:00,1
2019-03-31 13:43:00+00:00,1
2019-03-31 13:45:00+00:00,1
2019-03-31 13:46:00+00:00,1
2019-03-31 13:47:00+00:00,1
2019-03-31 13:48:00+00:00,1
2019-03-31 13:49:00+00:00,1
2019-03-31 13:50:00+00:00,1
2019-03-31 13:51:00+00:00,1
2019-03-31 13:52:00+00:00,1
2019-03-31 13:53:00+00:00,1
2019-03-31 13:54:00+00:00,1
2019-03-31 13:55:00+00:00,1
2019-03-31 13:56:00+00:00,1
2019-03-31 13:57:00+00:00,1
2019-03-31 13:58:00+00:00,1
2019-03-31 13:59:00+00:00,1
2019-03-31 14:00:00+00:00,1
2019-03-31 14:01:00+00:00,1
2019-03-31 14:02:00+00:00,1
2019-03-31 14:03:00+00:00,1
2019-03-31 14:04:00+00:00,1
2019-03-31 14:05:00+00:00,1
2019-03-31 14:06:00+00:00,1
2019-03-31 14:07:00+00:00,1
2019-03-31 14:08:00+00:00,1
2019-03-31 14:09:00+00:00,1
2019-03-31 14:10:00+00:00,1
2019-03-31 14:11:00+00:00,1
2019-03-31 14:12:00+00:00,1
2019-03-31 14:13:00+00:00,1
2019-03-31 14:14:00+00:00,1
2019-03-31 14:15:00+00:00,1
2019-03-31 14:16:00+00:00,1
2019-03-31 14:17:00+00:00,1
2019-03-31 14:18:00+00:00,1
2019-03-31 14:19:00+00:00,1
2019-03-31 14:20:00+00:00,1
2019-03-31 14:21:00+00:00,1
2019-03-31 14:22:00+00:00,1
2019-03-31 14:23:00+00:00,1
2019-03-31 14:24:00+00:00,1
2019-03-31 14:25:00+00:00,1
2019-03-31 14:26:00+00:00,1
2019-03-31 14:27:00+00:00,1
2019-03-31 14:28:00+00:00,1
2019-03-31 14:29:00+00:00,1
2019-03-31 14:30:00+00:00,1
2019-03-31 14:31:00+00:00,1
2019-03-31 14:32:00+00:00,1
2019-03-31 14:33:00+00:00,1
2019-03-31 14:34:00+00:00,1
2019-03-31 14:35:00+00:00,1
2019-03-31 14:36:00+00:00,1
2019-03-31 14:37:00+00:00,1
2019-03-31 14:38:00+00:00,1
2019-03-31 14:39:00+00:00,1
2019-03-31 14:40:00+00:00,1
2019-03-31 14:41:00+00:00,1
2019-03-31 14:42:00+00:00,1
2019-03-31 14:43:00+00:00,1
2019-03-31 14:44:00+00:00,1
2019-03-31 14:45:00+00:00,1
2019-03-31 14:46:00+00:00,1
2019-03-31 14:47:00+00:00,1
2019-03-31 14:48:00+00:00,1
2019-03-31 14:49:00+00:00,1
2019-03-31 14:50:00+00:00,1
2019-03-31 14:51:00+00:00,1
2019-03-31 14:52:00+00:00,1
2019-03-31 14:53:00+00:00,1
2019-03-31 14:54:00+00:00,1
2019-03-31 14:55:00+00:00,1
2019-03-31 14:56:00+00:00,1
2019-03-31 14:57:00+00:00,1
2019-03-31 14:58:00+00:00,1
2019-03-31 14:59:00+00:00,1
2019-03-31 15:00:00+00:00,1
2019-03-31 15:01:00+00:00,1
2019-03-31 15:02:00+00:00,1
2019-03-31 15:03:00+00:00,1
2019-03-31 15:04:00+00:00,1
2019-03-31 15:05:00+00:00,1
2019-03-31 15:06:00+00:00,1
2019-03-31 15:07:00+00:00,1
2019-03-31 15:08:00+00:00,1
2019-03-31 15:09:00+00:00,1
2019-03-31 15:10:00+00:00,1
2019-03-31 15:11:00+00:00,1
2019-03-31 15:12:00+00:00,1
2019-03-31 15:13:00+00:00,1
2019-03-31 15:14:00+00:00,1
2019-03-31 15:15:00+00:00,1
2019-03-31 15:16:00+00:00,1
2019-03-31 15:17:00+00:00,1
2019-03-31 15:18:00+00:00,1
2019-03-31 15:19:00+00:00,1
2019-03-31 15:20:00+00:00,1
2019-03-31 15:21:00+00:00,1
2019-03-31 15:22:00+00:00,1
2019-03-31 15:23:00+00:00,1
2019-03-31 15:24:00+00:00,1
2019-03-31 15:48:00+00:00,1
2019-03-31 15:49:00+00:00,1
2019-03-31 15:50:00+00:00,1
2019-03-31 15:51:00+00:00,1
2019-03-31 15:52:00+00:00,1
2019-03-31 15:53:00+00:00,1
2019-03-31 15:54:00+00:00,1
2019-03-31 15:55:00+00:00,1
2019-03-31 15:56:00+00:00,1
2019-03-31 15:57:00+00:00,1
2019-03-31 15:58:00+00:00,1
2019-03-31 15:59:00+00:00,1
2019-03-31 16:00:00+00:00,1
2019-03-31 16:03:00+00:00,1
2019-03-31 16:04:00+00:00,1
2019-03-31 16:05:00+00:00,1
2019-03-31 16:06:00+00:00,1
2019-03-31 16:07:00+00:00,1
2019-03-31 16:08:00+00:00,1
2019-03-31 16:09:00+00:00,1
2019-03-31 16:10:00+00:00,1
2019-03-31 16:11:00+00:00,1
2019-03-31 16:12:00+00:00,1
2019-03-31 16:13:00+00:00,1
2019-03-31 16:14:00+00:00,1
2019-03-31 16:15:00+00:00,1
2019-03-31 16:16:00+00:00,1
2019-03-31 16:17:00+00:00,1
2019-03-31 16:18:00+00:00,1
2019-03-31 16:19:00+00:00,1
2019-03-31 16:20:00+00:00,1
2019-03-31 16:21:00+00:00,1
2019-03-31 16:22:00+00:00,1
2019-03-31 16:23:00+00:00,1
2019-03-31 16:25:00+00:00,1
2019-03-31 16:34:00+00:00,1
2019-03-31 16:36:00+00:00,1
2019-03-31 16:37:00+00:00,1
2019-03-31 16:38:00+00:00,1
2019-03-31 16:39:00+00:00,1
2019-03-31 16:40:00+00:00,1
2019-03-31 16:41:00+00:00,1
2019-03-31 16:42:00+00:00,1
2019-03-31 16:43:00+00:00,1
2019-03-31 16:47:00+00:00,1
2019-03-31 16:51:00+00:00,1
2019-03-31 16:52:00+00:00,1
2019-03-31 16:53:00+00:00,1
2019-03-31 16:54:00+00:00,1
2019-03-31 16:55:00+00:00,1
2019-03-31 16:56:00+00:00,1
2019-03-31 16:57:00+00:00,1
2019-03-31 16:58:00+00:00,1
2019-03-31 16:59:00+00:00,1
2019-03-31 17:00:00+00:00,1
2019-03-31 17:01:00+00:00,1
2019-03-31 17:02:00+00:00,1
2019-03-31 17:03:00+00:00,1
2019-03-31 17:04:00+00:00,1
2019-03-31 17:05:00+00:00,1
2019-03-31 17:06:00+00:00,1
2019-03-31 17:07:00+00:00,1
2019-03-31 17:08:00+00:00,1
2019-03-31 17:09:00+00:00,1
2019-03-31 17:10:00+00:00,1
2019-03-31 17:11:00+00:00,1
2019-03-31 17:12:00+00:00,1
2019-03-31 17:13:00+00:00,1
2019-03-31 17:14:00+00:00,1
2019-03-31 17:15:00+00:00,1
2019-03-31 17:16:00+00:00,1
2019-03-31 17:17:00+00:00,1
2019-03-31 17:18:00+00:00,1
2019-03-31 17:19:00+00:00,1
2019-03-31 17:20:00+00:00,1
2019-03-31 17:21:00+00:00,1
2019-03-31 17:22:00+00:00,1
2019-03-31 17:23:00+00:00,1
2019-04-01 19:25:00+00:00,1
2019-04-01 19:26:00+00:00,1
2019-04-01 19:27:00+00:00,1
2019-04-01 19:28:00+00:00,1
2019-04-01 19:29:00+00:00,1
2019-04-01 19:30:00+00:00,1
2019-04-01 19:31:00+00:00,1
2019-04-01 19:32:00+00:00,1
2019-04-01 19:33:00+00:00,1
2019-04-01 19:34:00+00:00,1
2019-04-01 19:35:00+00:00,1
2019-04-01 19:36:00+00:00,1
2019-04-01 19:37:00+00:00,1
2019-04-01 19:38:00+00:00,1
2019-04-01 19:39:00+00:00,1
2019-04-01 19:40:00+00:00,1
2019-04-01 19:41:00+00:00,1
2019-04-01 19:42:00+00:00,1
2019-04-01 19:43:00+00:00,1
2019-04-01 19:44:00+00:00,1
2019-04-01 19:45:00+00:00,1
2019-04-01 19:46:00+00:00,1
2019-04-01 19:47:00+00:00,1
2019-04-01 19:48:00+00:00,1
2019-04-01 19:49:00+00:00,1
2019-04-01 19:50:00+00:00,1
2019-04-01 19:51:00+00:00,1
2019-04-01 19:52:00+00:00,1
2019-04-01 19:53:00+00:00,1
2019-04-01 19:54:00+00:00,1
2019-04-01 19:55:00+00:00,1
2019-04-01 19:56:00+00:00,1
2019-04-01 19:57:00+00:00,1
2019-04-01 19:58:00+00:00,1
2019-04-01 19:59:00+00:00,1
2019-04-01 20:00:00+00:00,1
2019-04-01 20:01:00+00:00,1
2019-04-01 20:02:00+00:00,1
2019-04-01 20:03:00+00:00,1
2019-04-01 20:04:00+00:00,1
2019-04-01 20:05:00+00:00,1
2019-04-01 20:07:00+00:00,1
2019-04-01 20:08:00+00:00,1
2019-04-01 20:09:00+00:00,1
2019-04-01 20:10:00+00:00,1
2019-04-01 20:11:00+00:00,1
2019-04-01 20:12:00+00:00,1
2019-04-01 20:13:00+00:00,1
2019-04-01 20:14:00+00:00,1
2019-04-01 20:15:00+00:00,1
2019-04-01 20:16:00+00:00,1
2019-04-01 20:17:00+00:00,1
2019-04-01 20:18:00+00:00,1
2019-04-01 20:19:00+00:00,1
2019-04-01 20:20:00+00:00,1
2019-04-01 20:21:00+00:00,1
2019-04-01 20:22:00+00:00,1
2019-04-01 20:23:00+00:00,1
2019-04-01 20:24:00+00:00,1
2019-04-01 20:25:00+00:00,1
2019-04-01 20:26:00+00:00,1
2019-04-01 20:27:00+00:00,1
2019-04-01 20:28:00+00:00,1
2019-04-01 20:29:00+00:00,1
2019-04-01 20:30:00+00:00,1
2019-04-01 20:31:00+00:00,1
2019-04-01 20:32:00+00:00,1
2019-04-01 20:33:00+00:00,1
2019-04-01 20:34:00+00:00,1
2019-04-01 20:35:00+00:00,1
2019-04-01 20:36:00+00:00,1
2019-04-01 20:37:00+00:00,1
2019-04-01 20:38:00+00:00,1
2019-04-01 20:39:00+00:00,1
2019-04-01 20:40:00+00:00,1
2019-04-01 20:41:00+00:00,1
2019-04-01 20:42:00+00:00,1
2019-04-01 20:43:00+00:00,1
2019-04-01 20:44:00+00:00,1
2019-04-01 20:45:00+00:00,1
2019-04-01 20:46:00+00:00,1
2019-04-01 20:47:00+00:00,1
2019-04-01 20:48:00+00:00,1
2019-04-01 20:50:00+00:00,1
2019-04-01 20:51:00+00:00,1
2019-04-01 20:52:00+00:00,1
2019-04-01 20:53:00+00:00,1
2019-04-01 20:54:00+00:00,1
2019-04-01 20:55:00+00:00,1
2019-04-01 20:56:00+00:00,1
2019-04-01 20:57:00+00:00,1
2019-04-01 20:58:00+00:00,1
2019-04-01 20:59:00+00:00,1
2019-04-01 21:00:00+00:00,1
2019-04-01 21:01:00+00:00,1
2019-04-01 21:02:00+00:00,1
2019-04-01 21:03:00+00:00,1
2019-04-01 21:04:00+00:00,1
2019-04-01 21:05:00+00:00,1
2019-04-01 21:06:00+00:00,1
2019-04-01 21:07:00+00:00,1
2019-04-01 21:08:00+00:00,1
2019-04-01 21:09:00+00:00,1
2019-04-01 21:10:00+00:00,1
2019-04-01 21:11:00+00:00,1
2019-04-01 21:12:00+00:00,1
2019-04-01 21:13:00+00:00,1
2019-04-01 21:14:00+00:00,1
2019-04-01 21:15:00+00:00,1
2019-04-01 21:16:00+00:00,1
2019-04-01 21:17:00+00:00,1
2019-04-01 21:18:00+00:00,1
2019-04-01 21:19:00+00:00,1
2019-04-01 21:20:00+00:00,1
2019-04-01 21:21:00+00:00,1
2019-04-01 21:22:00+00:00,1
2019-04-01 21:23:00+00:00,1
2019-04-01 21:24:00+00:00,1
2019-04-01 21:25:00+00:00,1
2019-04-01 21:26:00+00:00,1
2019-04-01 21:27:00+00:00,1
2019-04-01 21:28:00+00:00,1
2019-04-01 21:29:00+00:00,1
2019-04-01 21:30:00+00:00,1
2019-04-01 21:31:00+00:00,1
2019-04-01 21:34:00+00:00,1
2019-04-02 16:18:00+00:00,1
2019-04-02 16:19:00+00:00,1
2019-04-02 16:20:00+00:00,1
2019-04-02 16:21:00+00:00,1
2019-04-02 16:22:00+00:00,1
2019-04-02 16:23:00+00:00,1
2019-04-02 16:24:00+00:00,1
2019-04-02 16:25:00+00:00,1
2019-04-02 16:26:00+00:00,1
2019-04-02 16:27:00+00:00,1
2019-04-02 16:28:00+00:00,1
2019-04-02 16:30:00+00:00,1
2019-04-02 16:33:00+00:00,1
2019-04-02 16:34:00+00:00,1
2019-04-02 16:35:00+00:00,1
2019-04-02 16:36:00+00:00,1
2019-04-02 16:37:00+00:00,1
2019-04-02 16:38:00+00:00,1
2019-04-02 16:39:00+00:00,1
2019-04-02 16:40:00+00:00,1
2019-04-02 16:41:00+00:00,1
2019-04-02 16:42:00+00:00,1
2019-04-02 16:44:00+00:00,1
2019-04-02 16:45:00+00:00,1
2019-04-02 16:46:00+00:00,1
2019-04-02 16:47:00+00:00,1
2019-04-02 16:48:00+00:00,1
2019-04-02 16:49:00+00:00,1
2019-04-02 16:50:00+00:00,1
2019-04-02 16:51:00+00:00,1
2019-04-02 16:52:00+00:00,1
2019-04-02 16:53:00+00:00,1
2019-04-02 16:54:00+00:00,1
2019-04-02 16:55:00+00:00,1
2019-04-02 16:56:00+00:00,1
2019-04-02 16:57:00+00:00,1
2019-04-02 16:58:00+00:00,1
2019-04-02 16:59:00+00:00,1
2019-04-02 17:00:00+00:00,1
2019-04-02 17:01:00+00:00,1
2019-04-02 17:02:00+00:00,1
2019-04-02 17:03:00+00:00,1
2019-04-02 17:04:00+00:00,1
2019-04-02 17:05:00+00:00,1
2019-04-02 17:06:00+00:00,1
2019-04-02 17:07:00+00:00,1
2019-04-02 17:08:00+00:00,1
2019-04-02 17:09:00+00:00,1
2019-04-02 17:10:00+00:00,1
2019-04-02 17:11:00+00:00,1
2019-04-02 17:12:00+00:00,1
2019-04-02 17:13:00+00:00,1
2019-04-02 17:14:00+00:00,1
2019-04-02 17:15:00+00:00,1
2019-04-02 17:16:00+00:00,1
2019-04-02 17:17:00+00:00,1
2019-04-02 17:18:00+00:00,1
2019-04-02 17:19:00+00:00,2
2019-04-02 17:20:00+00:00,2
2019-04-02 17:21:00+00:00,2
2019-04-02 17:22:00+00:00,2
2019-04-02 17:23:00+00:00,2
2019-04-02 17:24:00+00:00,1
2019-04-02 17:25:00+00:00,2
2019-04-02 17:26:00+00:00,1
2019-04-02 17:27:00+00:00,1
2019-04-02 17:28:00+00:00,1
2019-04-02 17:29:00+00:00,1
2019-04-02 17:30:00+00:00,2
2019-04-02 17:31:00+00:00,1
2019-04-02 17:32:00+00:00,1
2019-04-02 17:33:00+00:00,1
2019-04-02 17:34:00+00:00,1
2019-04-02 17:35:00+00:00,2
2019-04-02 17:36:00+00:00,2
2019-04-02 17:37:00+00:00,2
2019-04-02 17:38:00+00:00,2
2019-04-02 17:39:00+00:00,2
2019-04-02 17:40:00+00:00,2
2019-04-02 17:41:00+00:00,1
2019-04-02 17:42:00+00:00,1
2019-04-02 17:43:00+00:00,1
2019-04-02 17:44:00+00:00,1
2019-04-02 17:45:00+00:00,1
2019-04-02 17:46:00+00:00,1
2019-04-02 17:47:00+00:00,2
2019-04-02 17:48:00+00:00,2
2019-04-02 17:49:00+00:00,2
2019-04-02 17:50:00+00:00,2
2019-04-02 17:51:00+00:00,2
2019-04-02 17:52:00+00:00,2
2019-04-02 17:53:00+00:00,2
2019-04-02 17:54:00+00:00,2
2019-04-02 17:55:00+00:00,2
2019-04-02 17:56:00+00:00,2
2019-04-02 17:57:00+00:00,2
2019-04-02 17:58:00+00:00,2
2019-04-02 17:59:00+00:00,2
2019-04-02 18:00:00+00:00,2
2019-04-02 18:01:00+00:00,2
2019-04-02 18:02:00+00:00,2
2019-04-02 18:03:00+00:00,2
2019-04-02 18:04:00+00:00,2
2019-04-02 18:05:00+00:00,2
2019-04-02 18:06:00+00:00,2
2019-04-02 18:07:00+00:00,2
2019-04-02 18:08:00+00:00,2
2019-04-02 18:09:00+00:00,2
2019-04-02 18:10:00+00:00,2
2019-04-02 18:11:00+00:00,2
2019-04-02 18:12:00+00:00,2
2019-04-02 18:13:00+00:00,2
2019-04-02 18:14:00+00:00,2
2019-04-02 18:15:00+00:00,2
2019-04-02 18:16:00+00:00,1
2019-04-02 18:17:00+00:00,2
2019-04-02 18:18:00+00:00,2
2019-04-02 18:19:00+00:00,2
2019-04-02 18:20:00+00:00,2
2019-04-02 18:21:00+00:00,2
2019-04-02 18:22:00+00:00,2
2019-04-02 18:23:00+00:00,2
2019-04-02 18:24:00+00:00,2
2019-04-02 18:25:00+00:00,1
2019-04-02 18:26:00+00:00,1
2019-04-02 18:27:00+00:00,1
2019-04-02 18:28:00+00:00,1
2019-04-02 18:29:00+00:00,1
2019-04-02 18:30:00+00:00,1
2019-04-02 18:31:00+00:00,2
2019-04-02 18:32:00+00:00,2
2019-04-02 18:33:00+00:00,2
2019-04-02 18:34:00+00:00,2
2019-04-02 18:35:00+00:00,2
2019-04-02 18:36:00+00:00,2
2019-04-02 18:37:00+00:00,2
2019-04-02 18:38:00+00:00,2
2019-04-02 18:39:00+00:00,2
2019-04-02 18:40:00+00:00,2
2019-04-02 18:41:00+00:00,1
2019-04-02 18:42:00+00:00,2
2019-04-02 18:43:00+00:00,1
2019-04-02 18:44:00+00:00,2
2019-04-02 18:45:00+00:00,2
2019-04-02 18:46:00+00:00,2
2019-04-02 18:47:00+00:00,2
2019-04-02 18:48:00+00:00,2
2019-04-02 18:49:00+00:00,2
2019-04-02 18:50:00+00:00,2
2019-04-02 18:51:00+00:00,2
2019-04-02 18:52:00+00:00,2
2019-04-02 18:53:00+00:00,2
2019-04-02 18:54:00+00:00,2
2019-04-02 18:55:00+00:00,2
2019-04-02 18:56:00+00:00,2
2019-04-02 18:57:00+00:00,2
2019-04-02 18:58:00+00:00,2
2019-04-02 18:59:00+00:00,2
2019-04-02 19:00:00+00:00,2
2019-04-02 19:01:00+00:00,2
2019-04-02 19:02:00+00:00,2
2019-04-02 19:03:00+00:00,2
2019-04-02 19:04:00+00:00,2
2019-04-02 19:05:00+00:00,2
2019-04-02 19:06:00+00:00,2
2019-04-02 19:07:00+00:00,2
2019-04-02 19:08:00+00:00,2
2019-04-02 19:09:00+00:00,2
2019-04-02 19:10:00+00:00,2
2019-04-02 19:11:00+00:00,2
2019-04-02 19:12:00+00:00,2
2019-04-02 19:13:00+00:00,2
2019-04-02 19:14:00+00:00,2
2019-04-02 19:15:00+00:00,2
2019-04-02 19:16:00+00:00,2
2019-04-02 19:17:00+00:00,2
2019-04-02 19:18:00+00:00,2
2019-04-02 19:19:00+00:00,2
2019-04-02 19:20:00+00:00,2
2019-04-02 19:21:00+00:00,2
2019-04-02 19:22:00+00:00,2
2019-04-02 19:23:00+00:00,2
2019-04-02 19:24:00+00:00,2
2019-04-02 19:25:00+00:00,2
2019-04-02 19:26:00+00:00,2
2019-04-02 19:27:00+00:00,2
2019-04-02 19:28:00+00:00,2
2019-04-02 19:29:00+00:00,2
2019-04-02 19:30:00+00:00,2
2019-04-02 19:31:00+00:00,1
2019-04-02 19:32:00+00:00,2
2019-04-02 19:33:00+00:00,2
2019-04-02 19:34:00+00:00,1
2019-04-02 19:35:00+00:00,1
2019-04-02 19:36:00+00:00,1
2019-04-02 19:37:00+00:00,1
2019-04-02 19:38:00+00:00,1
2019-04-02 19:39:00+00:00,1
2019-04-02 19:40:00+00:00,1
2019-04-02 19:41:00+00:00,1
2019-04-02 19:42:00+00:00,1
2019-04-02 19:43:00+00:00,1
2019-04-02 19:44:00+00:00,1
2019-04-02 19:45:00+00:00,1
2019-04-02 19:46:00+00:00,1
2019-04-02 19:47:00+00:00,1
2019-04-02 19:48:00+00:00,1
2019-04-02 19:49:00+00:00,1
2019-04-02 19:50:00+00:00,1
2019-04-02 19:51:00+00:00,1
2019-04-02 19:52:00+00:00,1
2019-04-02 19:53:00+00:00,1
2019-04-02 19:54:00+00:00,1
2019-04-02 19:55:00+00:00,1
2019-04-02 19:56:00+00:00,1
2019-04-02 19:57:00+00:00,1
2019-04-02 19:58:00+00:00,1
2019-04-02 19:59:00+00:00,1
2019-04-02 20:00:00+00:00,1
2019-04-02 20:01:00+00:00,1
2019-04-02 20:02:00+00:00,1
2019-04-02 20:03:00+00:00,1
2019-04-02 20:04:00+00:00,1
2019-04-02 20:05:00+00:00,1
2019-04-02 20:06:00+00:00,1
2019-04-02 20:07:00+00:00,1
2019-04-02 20:08:00+00:00,1
2019-04-02 20:09:00+00:00,1
2019-04-02 20:10:00+00:00,1
2019-04-02 20:11:00+00:00,1
2019-04-02 20:12:00+00:00,1
2019-04-02 20:13:00+00:00,1
2019-04-02 20:14:00+00:00,1
2019-04-02 20:15:00+00:00,1
2019-04-02 20:16:00+00:00,1
2019-04-02 20:17:00+00:00,1
2019-04-02 20:18:00+00:00,1
2019-04-02 20:19:00+00:00,1
2019-04-02 20:20:00+00:00,1
2019-04-02 20:21:00+00:00,1
2019-04-02 20:22:00+00:00,1
2019-04-02 20:23:00+00:00,1
2019-04-02 20:24:00+00:00,1
2019-04-02 20:25:00+00:00,1
2019-04-02 20:26:00+00:00,1
2019-04-02 20:27:00+00:00,1
2019-04-02 20:28:00+00:00,1
2019-04-02 20:29:00+00:00,1
2019-04-02 20:30:00+00:00,1
2019-04-02 20:31:00+00:00,1
2019-04-02 20:32:00+00:00,1
2019-04-02 20:33:00+00:00,1
2019-04-02 20:34:00+00:00,1
2019-04-02 20:35:00+00:00,1
2019-04-02 20:36:00+00:00,1
2019-04-02 20:37:00+00:00,1
2019-04-02 20:38:00+00:00,1
2019-04-02 20:39:00+00:00,1
2019-04-02 20:40:00+00:00,1
2019-04-02 20:41:00+00:00,1
2019-04-02 20:42:00+00:00,1
2019-04-02 20:44:00+00:00,1
2019-04-02 20:45:00+00:00,1
2019-04-02 20:46:00+00:00,1
2019-04-02 20:47:00+00:00,1
2019-04-02 20:48:00+00:00,1
2019-04-02 20:49:00+00:00,1
2019-04-02 20:50:00+00:00,1
2019-04-02 20:51:00+00:00,1
2019-04-02 20:52:00+00:00,1
2019-04-02 20:53:00+00:00,1
2019-04-02 20:54:00+00:00,1
2019-04-02 20:55:00+00:00,1
2019-04-02 20:56:00+00:00,1
2019-04-02 20:57:00+00:00,1
2019-04-02 20:58:00+00:00,1
2019-04-02 20:59:00+00:00,1
2019-04-02 21:00:00+00:00,1
2019-04-02 21:01:00+00:00,1
2019-04-02 21:02:00+00:00,1
2019-04-02 21:03:00+00:00,1
2019-04-02 21:04:00+00:00,1
2019-04-02 21:05:00+00:00,1
2019-04-02 21:06:00+00:00,1
2019-04-02 21:07:00+00:00,1
2019-04-02 21:08:00+00:00,1
2019-04-02 21:09:00+00:00,1
2019-04-02 21:10:00+00:00,1
2019-04-02 21:11:00+00:00,1
2019-04-02 21:12:00+00:00,1
2019-04-02 21:13:00+00:00,1
2019-04-02 21:14:00+00:00,1
2019-04-02 21:15:00+00:00,1
2019-04-02 21:16:00+00:00,2
2019-04-02 21:17:00+00:00,2
2019-04-02 21:18:00+00:00,2
2019-04-02 21:19:00+00:00,1
2019-04-02 21:20:00+00:00,2
2019-04-02 21:21:00+00:00,2
2019-04-02 21:22:00+00:00,2
2019-04-02 21:23:00+00:00,2
2019-04-02 21:24:00+00:00,2
2019-04-02 21:25:00+00:00,2
2019-04-02 21:26:00+00:00,2
2019-04-02 21:27:00+00:00,2
2019-04-02 21:28:00+00:00,2
2019-04-02 21:29:00+00:00,2
2019-04-02 21:30:00+00:00,2
2019-04-02 21:31:00+00:00,2
2019-04-02 21:32:00+00:00,2
2019-04-02 21:33:00+00:00,2
2019-04-02 21:34:00+00:00,2
2019-04-02 21:35:00+00:00,2
2019-04-02 21:36:00+00:00,2
2019-04-02 21:37:00+00:00,2
2019-04-02 21:38:00+00:00,2
2019-04-02 21:39:00+00:00,2
2019-04-02 21:40:00+00:00,2
2019-04-02 21:41:00+00:00,2
2019-04-02 21:42:00+00:00,2
2019-04-02 21:43:00+00:00,2
2019-04-02 21:44:00+00:00,2
2019-04-02 21:45:00+00:00,2
2019-04-02 21:46:00+00:00,2
2019-04-02 21:47:00+00:00,2
2019-04-02 21:48:00+00:00,2
2019-04-02 21:49:00+00:00,2
2019-04-02 21:50:00+00:00,2
2019-04-02 21:51:00+00:00,2
2019-04-02 21:52:00+00:00,2
2019-04-02 21:53:00+00:00,2
2019-04-02 21:54:00+00:00,2
2019-04-02 21:55:00+00:00,2
2019-04-02 21:56:00+00:00,2
2019-04-02 21:57:00+00:00,2
2019-04-02 21:58:00+00:00,2
2019-04-02 21:59:00+00:00,2
2019-04-02 22:00:00+00:00,2
2019-04-02 22:01:00+00:00,2
2019-04-02 22:02:00+00:00,2
2019-04-02 22:03:00+00:00,2
2019-04-02 22:04:00+00:00,2
2019-04-02 22:05:00+00:00,1
2019-04-02 22:06:00+00:00,1
2019-04-02 22:07:00+00:00,1
2019-04-02 22:08:00+00:00,1
2019-04-02 22:09:00+00:00,1
2019-04-02 22:10:00+00:00,1
2019-04-02 22:11:00+00:00,1
2019-04-02 22:12:00+00:00,1
2019-04-02 22:13:00+00:00,2
2019-04-02 22:14:00+00:00,1
2019-04-02 22:15:00+00:00,1
2019-04-02 22:16:00+00:00,2
2019-04-02 22:17:00+00:00,1
2019-04-02 22:18:00+00:00,1
2019-04-02 22:19:00+00:00,2
2019-04-02 22:20:00+00:00,2
2019-04-02 22:21:00+00:00,2
2019-04-02 22:22:00+00:00,2
2019-04-02 22:23:00+00:00,2
2019-04-02 22:24:00+00:00,2
2019-04-02 22:25:00+00:00,1
2019-04-02 22:26:00+00:00,1
2019-04-02 22:27:00+00:00,1
2019-04-02 22:28:00+00:00,1
2019-04-02 22:29:00+00:00,1
2019-04-02 22:30:00+00:00,1
2019-04-02 22:31:00+00:00,1
2019-04-02 22:32:00+00:00,1
2019-04-02 22:33:00+00:00,1
2019-04-02 22:34:00+00:00,1
2019-04-02 22:35:00+00:00,1
2019-04-02 22:36:00+00:00,1
2019-04-02 22:37:00+00:00,1
2019-04-02 22:38:00+00:00,1
2019-04-02 22:39:00+00:00,1
2019-04-02 22:40:00+00:00,1
2019-04-02 22:41:00+00:00,1
2019-04-02 22:42:00+00:00,1
2019-04-02 22:43:00+00:00,1
2019-04-02 22:44:00+00:00,1
2019-04-02 22:45:00+00:00,1
2019-04-02 22:46:00+00:00,1
2019-04-02 22:47:00+00:00,1
2019-04-02 22:48:00+00:00,1
2019-04-02 22:49:00+00:00,1
2019-04-02 22:50:00+00:00,1
2019-04-02 22:51:00+00:00,1
2019-04-02 22:52:00+00:00,1
2019-04-02 22:53:00+00:00,1
2019-04-02 22:54:00+00:00,1
2019-04-02 22:55:00+00:00,1
2019-04-02 22:56:00+00:00,1
2019-04-02 22:57:00+00:00,1
2019-04-02 22:58:00+00:00,1
2019-04-02 22:59:00+00:00,1
2019-04-02 23:00:00+00:00,1
2019-04-02 23:01:00+00:00,1
2019-04-02 23:02:00+00:00,1
2019-04-02 23:03:00+00:00,1
2019-04-02 23:04:00+00:00,1
2019-04-02 23:05:00+00:00,1
2019-04-02 23:06:00+00:00,1
2019-04-02 23:07:00+00:00,1
2019-04-02 23:08:00+00:00,1
2019-04-02 23:09:00+00:00,1
2019-04-02 23:10:00+00:00,1
2019-04-02 23:11:00+00:00,1
2019-04-02 23:12:00+00:00,1
2019-04-02 23:13:00+00:00,1
2019-04-02 23:14:00+00:00,1
2019-04-02 23:15:00+00:00,1
2019-04-02 23:16:00+00:00,1
2019-04-02 23:17:00+00:00,1
2019-04-02 23:18:00+00:00,1
2019-04-02 23:19:00+00:00,1
2019-04-02 23:20:00+00:00,1
2019-04-02 23:21:00+00:00,1
2019-04-02 23:22:00+00:00,1
2019-04-02 23:23:00+00:00,1
2019-04-02 23:24:00+00:00,1
2019-04-02 23:25:00+00:00,1
2019-04-02 23:26:00+00:00,1
2019-04-02 23:27:00+00:00,1
2019-04-02 23:32:00+00:00,1
2019-04-02 23:33:00+00:00,1
2019-04-02 23:34:00+00:00,1
2019-04-02 23:35:00+00:00,1
2019-04-02 23:51:00+00:00,1
2019-04-02 23:53:00+00:00,1
2019-04-02 23:55:00+00:00,1
2019-04-02 23:56:00+00:00,1
2019-04-03 00:01:00+00:00,1
2019-04-03 00:02:00+00:00,1
2019-04-03 00:03:00+00:00,1
2019-04-03 00:04:00+00:00,1
2019-04-03 00:05:00+00:00,1
2019-04-03 00:06:00+00:00,1
2019-04-03 00:07:00+00:00,1
2019-04-03 00:08:00+00:00,1
2019-04-03 00:09:00+00:00,1
2019-04-03 00:10:00+00:00,1
2019-04-03 00:11:00+00:00,1
2019-04-03 00:12:00+00:00,1
2019-04-03 00:13:00+00:00,1
2019-04-03 00:14:00+00:00,1
2019-04-03 00:15:00+00:00,1
2019-04-03 00:16:00+00:00,1
2019-04-03 00:17:00+00:00,1
2019-04-03 00:18:00+00:00,1
2019-04-03 00:19:00+00:00,1
2019-04-03 00:20:00+00:00,1
2019-04-03 00:21:00+00:00,1
2019-04-03 00:22:00+00:00,1
2019-04-03 00:23:00+00:00,1
2019-04-03 00:24:00+00:00,1
2019-04-03 00:25:00+00:00,1
2019-04-03 00:26:00+00:00,1
2019-04-03 00:27:00+00:00,1
2019-04-03 00:28:00+00:00,1
2019-04-03 00:29:00+00:00,1
2019-04-03 00:30:00+00:00,1
2019-04-03 00:31:00+00:00,1
2019-04-03 00:32:00+00:00,1
2019-04-03 00:33:00+00:00,1
2019-04-03 00:35:00+00:00,1
2019-04-03 00:36:00+00:00,1
2019-04-03 00:39:00+00:00,1
2019-04-03 00:40:00+00:00,1
2019-04-03 00:41:00+00:00,1
2019-04-03 00:43:00+00:00,1
2019-04-03 00:45:00+00:00,1
2019-04-03 00:46:00+00:00,1
2019-04-03 00:47:00+00:00,1
2019-04-03 00:48:00+00:00,1
2019-04-03 00:49:00+00:00,1
2019-04-03 00:50:00+00:00,1
2019-04-03 00:51:00+00:00,1
2019-04-03 00:52:00+00:00,1
2019-04-03 00:53:00+00:00,1
2019-04-04 04:36:00+00:00,1
2019-04-04 04:37:00+00:00,1
2019-04-04 04:38:00+00:00,1
2019-04-04 04:39:00+00:00,1
2019-04-04 04:40:00+00:00,1
2019-04-04 04:41:00+00:00,1
2019-04-04 04:42:00+00:00,1
2019-04-04 04:43:00+00:00,1
2019-04-04 04:44:00+00:00,1
2019-04-04 04:45:00+00:00,1
2019-04-04 04:46:00+00:00,1
2019-04-04 04:47:00+00:00,1
2019-04-04 04:48:00+00:00,1
2019-04-04 04:49:00+00:00,1
2019-04-04 04:50:00+00:00,1
2019-04-04 04:51:00+00:00,1
2019-04-04 04:52:00+00:00,1
2019-04-04 04:53:00+00:00,1
2019-04-04 04:54:00+00:00,1
2019-04-04 04:55:00+00:00,1
2019-04-04 04:56:00+00:00,1
2019-04-04 04:57:00+00:00,1
2019-04-04 04:58:00+00:00,1
2019-04-04 04:59:00+00:00,1
2019-04-04 05:00:00+00:00,1
2019-04-04 05:01:00+00:00,1
2019-04-04 05:02:00+00:00,1
2019-04-04 19:07:00+00:00,1
2019-04-04 19:08:00+00:00,1
2019-04-04 19:09:00+00:00,1
2019-04-04 19:10:00+00:00,1
2019-04-04 19:11:00+00:00,1
2019-04-04 19:12:00+00:00,1
2019-04-04 19:13:00+00:00,1
2019-04-04 19:14:00+00:00,1
2019-04-04 19:15:00+00:00,1
2019-04-04 19:16:00+00:00,1
2019-04-04 19:17:00+00:00,1
2019-04-04 19:18:00+00:00,1
2019-04-04 19:19:00+00:00,1
2019-04-04 19:20:00+00:00,1
2019-04-04 19:21:00+00:00,1
2019-04-04 19:22:00+00:00,1
2019-04-04 19:23:00+00:00,1
2019-04-04 19:24:00+00:00,1
2019-04-04 19:25:00+00:00,1
2019-04-04 19:26:00+00:00,1
2019-04-04 19:27:00+00:00,1
2019-04-04 19:28:00+00:00,1
2019-04-04 19:29:00+00:00,1
2019-04-04 19:30:00+00:00,1
2019-04-04 19:31:00+00:00,1
2019-04-04 19:32:00+00:00,1
2019-04-04 19:33:00+00:00,1
2019-04-04 19:34:00+00:00,1
2019-04-04 19:35:00+00:00,1
2019-04-04 19:36:00+00:00,1
2019-04-04 19:37:00+00:00,1
2019-04-04 19:38:00+00:00,1
2019-04-04 19:39:00+00:00,1
2019-04-04 19:40:00+00:00,1
2019-04-04 19:41:00+00:00,1
2019-04-04 19:42:00+00:00,1
2019-04-04 19:43:00+00:00,1
2019-04-04 19:44:00+00:00,1
2019-04-04 19:45:00+00:00,1
2019-04-04 19:46:00+00:00,1
2019-04-04 19:47:00+00:00,1
2019-04-04 19:48:00+00:00,1
2019-04-04 19:49:00+00:00,1
2019-04-04 19:50:00+00:00,1
2019-04-04 19:51:00+00:00,1
2019-04-04 19:52:00+00:00,1
2019-04-04 19:53:00+00:00,1
2019-04-04 19:54:00+00:00,1
2019-04-04 19:55:00+00:00,1
2019-04-04 19:56:00+00:00,1
2019-04-04 19:57:00+00:00,1
2019-04-04 19:58:00+00:00,1
2019-04-04 19:59:00+00:00,1
2019-04-04 20:00:00+00:00,1
2019-04-04 20:01:00+00:00,1
2019-04-04 20:02:00+00:00,1
2019-04-04 20:03:00+00:00,1
2019-04-04 20:04:00+00:00,1
2019-04-04 20:05:00+00:00,1
2019-04-04 20:06:00+00:00,1
2019-04-04 20:07:00+00:00,1
2019-04-04 20:08:00+00:00,1
2019-04-04 20:09:00+00:00,1
2019-04-04 20:10:00+00:00,1
2019-04-04 20:11:00+00:00,1
2019-04-04 20:12:00+00:00,1
2019-04-04 20:13:00+00:00,1
2019-04-04 20:14:00+00:00,1
2019-04-04 20:15:00+00:00,1
2019-04-04 20:16:00+00:00,1
2019-04-04 20:17:00+00:00,1
2019-04-04 20:18:00+00:00,1
2019-04-04 20:19:00+00:00,1
2019-04-04 20:20:00+00:00,1
2019-04-04 20:21:00+00:00,1
2019-04-04 20:22:00+00:00,1
2019-04-04 20:23:00+00:00,1
2019-04-04 20:24:00+00:00,1
2019-04-04 20:25:00+00:00,1
2019-04-04 20:26:00+00:00,1
2019-04-04 20:27:00+00:00,1
2019-04-04 20:28:00+00:00,1
2019-04-04 20:29:00+00:00,1
2019-04-04 20:30:00+00:00,1
2019-04-04 20:31:00+00:00,1
2019-04-04 20:32:00+00:00,1
2019-04-04 20:33:00+00:00,1
2019-04-04 20:34:00+00:00,1
2019-04-04 20:35:00+00:00,1
2019-04-04 20:36:00+00:00,1
2019-04-04 20:37:00+00:00,1
2019-04-04 20:38:00+00:00,1
2019-04-04 20:39:00+00:00,1
2019-04-04 20:40:00+00:00,1
2019-04-04 20:41:00+00:00,1
2019-04-04 20:42:00+00:00,1
2019-04-04 20:43:00+00:00,1
2019-04-04 20:44:00+00:00,1
2019-04-04 20:45:00+00:00,1
2019-04-04 20:46:00+00:00,1
2019-04-04 20:47:00+00:00,1
2019-04-04 20:48:00+00:00,1
2019-04-04 20:49:00+00:00,1
2019-04-04 20:50:00+00:00,1
2019-04-04 20:51:00+00:00,1
2019-04-04 20:52:00+00:00,1
2019-04-04 20:53:00+00:00,1
2019-04-04 20:54:00+00:00,1
2019-04-04 20:55:00+00:00,1
2019-04-04 20:56:00+00:00,1
2019-04-04 20:57:00+00:00,1
2019-04-04 20:58:00+00:00,1
2019-04-04 20:59:00+00:00,1
2019-04-04 21:00:00+00:00,1
2019-04-04 21:01:00+00:00,1
2019-04-04 21:02:00+00:00,1
2019-04-04 21:03:00+00:00,1
2019-04-04 21:04:00+00:00,1
2019-04-04 21:05:00+00:00,1
2019-04-04 21:06:00+00:00,1
2019-04-04 21:07:00+00:00,1
2019-04-04 21:08:00+00:00,1
2019-04-04 21:09:00+00:00,1
2019-04-04 21:10:00+00:00,1
2019-04-04 21:11:00+00:00,1
2019-04-04 21:12:00+00:00,1
2019-04-04 21:13:00+00:00,1
2019-04-04 21:14:00+00:00,1
2019-04-04 21:15:00+00:00,1
2019-04-04 21:16:00+00:00,1
2019-04-04 21:17:00+00:00,1
2019-04-04 21:18:00+00:00,1
2019-04-04 21:19:00+00:00,1
2019-04-04 21:20:00+00:00,1
2019-04-04 21:21:00+00:00,1
2019-04-04 21:22:00+00:00,1
2019-04-04 21:23:00+00:00,1
2019-04-04 21:24:00+00:00,1
2019-04-04 21:25:00+00:00,1
2019-04-04 21:26:00+00:00,1
2019-04-04 21:27:00+00:00,1
2019-04-04 21:28:00+00:00,1
2019-04-04 21:29:00+00:00,1
2019-04-04 21:30:00+00:00,1
2019-04-04 21:31:00+00:00,1
2019-04-04 21:32:00+00:00,1
2019-04-04 21:33:00+00:00,1
2019-04-04 21:34:00+00:00,1
2019-04-04 21:35:00+00:00,1
2019-04-04 21:36:00+00:00,1
2019-04-04 21:37:00+00:00,1
2019-04-04 21:38:00+00:00,1
2019-04-04 21:39:00+00:00,1
2019-04-04 21:40:00+00:00,1
2019-04-04 21:41:00+00:00,1
2019-04-04 21:42:00+00:00,1
2019-04-04 21:43:00+00:00,1
2019-04-04 21:44:00+00:00,1
2019-04-04 21:45:00+00:00,1
2019-04-04 21:46:00+00:00,1
2019-04-04 21:47:00+00:00,1
2019-04-04 21:48:00+00:00,1
2019-04-04 21:49:00+00:00,1
2019-04-04 21:50:00+00:00,1
2019-04-04 21:51:00+00:00,1
2019-04-04 21:52:00+00:00,1
2019-04-04 21:53:00+00:00,1
2019-04-04 21:54:00+00:00,1
2019-04-04 21:55:00+00:00,1
2019-04-04 21:56:00+00:00,1
2019-04-04 21:57:00+00:00,1
2019-04-04 21:58:00+00:00,1
2019-04-04 21:59:00+00:00,1
2019-04-04 22:00:00+00:00,1
2019-04-04 22:01:00+00:00,1
2019-04-04 22:02:00+00:00,1
2019-04-04 22:03:00+00:00,1
2019-04-04 22:04:00+00:00,1
2019-04-04 22:05:00+00:00,1
2019-04-04 22:06:00+00:00,1
2019-04-04 22:07:00+00:00,1
2019-04-04 22:08:00+00:00,1
2019-04-04 22:09:00+00:00,1
2019-04-04 22:10:00+00:00,1
2019-04-04 22:11:00+00:00,1
2019-04-04 22:12:00+00:00,1
2019-04-04 22:13:00+00:00,1
2019-04-04 22:14:00+00:00,1
2019-04-04 22:15:00+00:00,2
2019-04-04 22:16:00+00:00,2
2019-04-04 22:17:00+00:00,2
2019-04-04 22:18:00+00:00,2
2019-04-04 22:19:00+00:00,2
2019-04-04 22:20:00+00:00,2
2019-04-04 22:21:00+00:00,1
2019-04-04 22:22:00+00:00,1
2019-04-04 22:23:00+00:00,1
2019-04-04 22:24:00+00:00,1
2019-04-04 22:25:00+00:00,1
2019-04-04 22:26:00+00:00,1
2019-04-04 22:27:00+00:00,1
2019-04-04 22:28:00+00:00,1
2019-04-04 22:29:00+00:00,1
2019-04-04 22:30:00+00:00,1
2019-04-04 22:31:00+00:00,1
2019-04-04 22:32:00+00:00,1
2019-04-04 22:33:00+00:00,1
2019-04-04 22:34:00+00:00,1
2019-04-04 22:35:00+00:00,1
2019-04-04 22:36:00+00:00,1
2019-04-04 22:37:00+00:00,1
2019-04-04 22:38:00+00:00,1
2019-04-04 22:39:00+00:00,1
2019-04-04 22:40:00+00:00,1
2019-04-04 22:41:00+00:00,1
2019-04-04 22:42:00+00:00,1
2019-04-04 22:43:00+00:00,1
2019-04-04 22:44:00+00:00,1
2019-04-04 22:45:00+00:00,1
2019-04-04 22:46:00+00:00,1
2019-04-04 22:47:00+00:00,1
2019-04-05 00:40:00+00:00,1
2019-04-05 00:41:00+00:00,1
2019-04-05 00:42:00+00:00,1
2019-04-05 00:43:00+00:00,1
2019-04-05 00:44:00+00:00,1
2019-04-05 00:45:00+00:00,1
2019-04-05 00:47:00+00:00,1
2019-04-05 00:48:00+00:00,1
2019-04-05 00:49:00+00:00,1
2019-04-05 00:50:00+00:00,1
2019-04-05 01:00:00+00:00,1
2019-04-05 01:02:00+00:00,1
2019-04-05 01:03:00+00:00,1
2019-04-05 01:04:00+00:00,1
2019-04-05 01:05:00+00:00,1
2019-04-05 01:06:00+00:00,1
2019-04-05 01:07:00+00:00,1
2019-04-05 01:08:00+00:00,1
2019-04-05 01:09:00+00:00,1
2019-04-05 01:10:00+00:00,1
2019-04-05 01:11:00+00:00,1
2019-04-05 01:12:00+00:00,1
2019-04-05 01:13:00+00:00,1
2019-04-05 01:14:00+00:00,1
2019-04-05 01:15:00+00:00,1
2019-04-05 01:16:00+00:00,1
2019-04-05 02:19:00+00:00,1
2019-04-05 02:21:00+00:00,1
2019-04-05 02:22:00+00:00,1
2019-04-05 02:23:00+00:00,1
2019-04-05 02:24:00+00:00,1
2019-04-05 02:25:00+00:00,1
2019-04-05 02:26:00+00:00,1
2019-04-05 02:27:00+00:00,1
2019-04-05 02:28:00+00:00,1
2019-04-05 02:29:00+00:00,1
2019-04-05 02:30:00+00:00,1
2019-04-05 02:31:00+00:00,1
2019-04-05 02:32:00+00:00,1
2019-04-05 02:33:00+00:00,1
2019-04-05 02:34:00+00:00,1
2019-04-05 02:35:00+00:00,1
2019-04-05 02:36:00+00:00,1
2019-04-05 02:37:00+00:00,1
2019-04-05 02:38:00+00:00,1
2019-04-05 02:39:00+00:00,1
2019-04-05 02:40:00+00:00,1
2019-04-05 02:49:00+00:00,1
2019-04-05 02:50:00+00:00,1
2019-04-05 02:51:00+00:00,1
2019-04-05 02:52:00+00:00,1
2019-04-05 02:53:00+00:00,1
2019-04-05 02:54:00+00:00,1
2019-04-05 02:55:00+00:00,1
2019-04-05 02:56:00+00:00,1
2019-04-05 02:57:00+00:00,1
2019-04-05 02:58:00+00:00,1
2019-04-05 02:59:00+00:00,1
2019-04-05 03:00:00+00:00,1
2019-04-05 03:01:00+00:00,1
2019-04-05 03:02:00+00:00,1
2019-04-05 03:04:00+00:00,1
2019-04-05 03:05:00+00:00,1
2019-04-05 03:06:00+00:00,1
2019-04-05 03:07:00+00:00,1
2019-04-05 03:08:00+00:00,1
2019-04-05 03:09:00+00:00,1
2019-04-05 03:10:00+00:00,1
2019-04-05 03:11:00+00:00,1
2019-04-05 03:12:00+00:00,1
2019-04-05 03:13:00+00:00,1
2019-04-05 03:14:00+00:00,1
2019-04-05 03:15:00+00:00,1
2019-04-05 03:17:00+00:00,1
2019-04-05 03:20:00+00:00,1
2019-04-05 03:21:00+00:00,1
2019-04-05 03:26:00+00:00,1
2019-04-05 03:27:00+00:00,1
2019-04-05 03:28:00+00:00,1
2019-04-05 03:29:00+00:00,1
2019-04-05 03:30:00+00:00,1
2019-04-05 03:31:00+00:00,1
2019-04-05 03:32:00+00:00,1
2019-04-05 03:33:00+00:00,1
2019-04-05 03:34:00+00:00,1
2019-04-05 03:35:00+00:00,1
2019-04-05 03:36:00+00:00,1
2019-04-05 03:37:00+00:00,1
2019-04-05 03:38:00+00:00,1
2019-04-05 03:39:00+00:00,1
2019-04-05 03:40:00+00:00,1
2019-04-05 03:41:00+00:00,1
2019-04-05 03:42:00+00:00,1
2019-04-05 03:43:00+00:00,1
2019-04-05 03:44:00+00:00,1
2019-04-05 03:45:00+00:00,1
2019-04-05 03:46:00+00:00,1
2019-04-05 03:47:00+00:00,1
2019-04-05 03:48:00+00:00,1
2019-04-05 03:49:00+00:00,1
2019-04-05 03:50:00+00:00,1
2019-04-05 03:51:00+00:00,1
2019-04-05 03:52:00+00:00,1
2019-04-05 03:53:00+00:00,1
2019-04-05 03:54:00+00:00,1
2019-04-05 03:55:00+00:00,1
2019-04-05 03:56:00+00:00,1
2019-04-05 03:57:00+00:00,1
2019-04-05 03:58:00+00:00,1
2019-04-05 03:59:00+00:00,1
2019-04-05 04:00:00+00:00,1
2019-04-05 04:01:00+00:00,1
2019-04-05 04:02:00+00:00,1
2019-04-05 04:03:00+00:00,1
2019-04-05 04:04:00+00:00,1
2019-04-05 04:05:00+00:00,1
2019-04-05 04:06:00+00:00,1
2019-04-05 04:07:00+00:00,1
2019-04-05 04:08:00+00:00,1
2019-04-05 04:09:00+00:00,1
2019-04-05 04:10:00+00:00,1
2019-04-05 04:11:00+00:00,1
2019-04-05 04:12:00+00:00,1
2019-04-05 04:13:00+00:00,1
2019-04-05 04:14:00+00:00,1
2019-04-05 04:15:00+00:00,1
2019-04-05 04:16:00+00:00,1
2019-04-05 04:17:00+00:00,1
2019-04-05 04:18:00+00:00,1
2019-04-05 04:19:00+00:00,1
2019-04-05 04:20:00+00:00,1
2019-04-05 04:21:00+00:00,1
2019-04-05 04:22:00+00:00,1
2019-04-05 04:23:00+00:00,1
2019-04-05 04:24:00+00:00,1
2019-04-05 04:25:00+00:00,1
2019-04-05 04:26:00+00:00,1
2019-04-05 04:27:00+00:00,1
2019-04-05 04:28:00+00:00,1
2019-04-05 04:29:00+00:00,1
2019-04-05 04:30:00+00:00,1
2019-04-05 04:31:00+00:00,1
2019-04-05 04:32:00+00:00,1
2019-04-05 04:33:00+00:00,1
2019-04-05 04:34:00+00:00,1
2019-04-05 04:35:00+00:00,1
2019-04-05 04:36:00+00:00,1
2019-04-05 04:37:00+00:00,1
2019-04-05 04:38:00+00:00,1
2019-04-05 04:39:00+00:00,1
2019-04-05 04:40:00+00:00,1
2019-04-05 04:41:00+00:00,1
2019-04-05 04:42:00+00:00,1
2019-04-05 04:43:00+00:00,1
2019-04-05 04:44:00+00:00,1
2019-04-05 04:45:00+00:00,1
2019-04-06 03:01:00+00:00,1
2019-04-06 03:02:00+00:00,1
2019-04-06 03:03:00+00:00,1
2019-04-06 03:04:00+00:00,1
2019-04-06 03:05:00+00:00,1
2019-04-06 03:06:00+00:00,1
2019-04-06 03:07:00+00:00,1
2019-04-06 03:08:00+00:00,1
2019-04-06 03:09:00+00:00,1
2019-04-06 03:10:00+00:00,1
2019-04-06 03:11:00+00:00,1
2019-04-06 03:12:00+00:00,1
2019-04-06 03:13:00+00:00,1
2019-04-06 03:14:00+00:00,1
2019-04-06 03:15:00+00:00,1
2019-04-06 03:16:00+00:00,1
2019-04-06 03:17:00+00:00,1
2019-04-06 03:18:00+00:00,1
2019-04-06 03:19:00+00:00,1
2019-04-06 03:20:00+00:00,1
2019-04-06 03:21:00+00:00,1
2019-04-06 03:22:00+00:00,1
2019-04-06 03:23:00+00:00,1
2019-04-06 03:24:00+00:00,1
2019-04-06 03:25:00+00:00,1
2019-04-06 03:26:00+00:00,1
2019-04-06 03:27:00+00:00,1
2019-04-06 03:28:00+00:00,1
2019-04-06 03:29:00+00:00,1
2019-04-06 03:30:00+00:00,1
2019-04-06 03:31:00+00:00,1
2019-04-06 03:32:00+00:00,1
2019-04-06 03:33:00+00:00,1
2019-04-06 03:34:00+00:00,1
2019-04-06 03:35:00+00:00,1
2019-04-06 03:36:00+00:00,1
2019-04-06 03:37:00+00:00,1
2019-04-06 03:38:00+00:00,1
2019-04-06 03:39:00+00:00,1
2019-04-06 03:40:00+00:00,1
2019-04-06 03:41:00+00:00,1
2019-04-06 03:42:00+00:00,1
2019-04-06 03:43:00+00:00,1
2019-04-06 03:44:00+00:00,1
2019-04-06 03:45:00+00:00,1
2019-04-06 03:46:00+00:00,1
2019-04-06 03:47:00+00:00,1
2019-04-06 03:48:00+00:00,1
2019-04-06 03:49:00+00:00,1
2019-04-06 03:50:00+00:00,1
2019-04-06 03:51:00+00:00,1
2019-04-06 03:52:00+00:00,1
2019-04-06 03:53:00+00:00,1
2019-04-06 03:54:00+00:00,1
2019-04-06 03:55:00+00:00,1
2019-04-06 03:56:00+00:00,1
2019-04-06 03:57:00+00:00,1
2019-04-06 03:58:00+00:00,1
2019-04-06 03:59:00+00:00,1
2019-04-06 04:00:00+00:00,1
2019-04-06 04:01:00+00:00,1
2019-04-06 04:02:00+00:00,1
2019-04-06 04:03:00+00:00,1
2019-04-06 04:04:00+00:00,1
2019-04-06 04:05:00+00:00,1
2019-04-06 04:06:00+00:00,1
2019-04-06 04:07:00+00:00,1
2019-04-06 04:08:00+00:00,1
2019-04-06 04:09:00+00:00,1
2019-04-06 04:10:00+00:00,1
2019-04-06 04:11:00+00:00,1
2019-04-06 04:12:00+00:00,1
2019-04-06 04:13:00+00:00,1
2019-04-06 04:14:00+00:00,1
2019-04-06 04:15:00+00:00,1
2019-04-06 04:16:00+00:00,1
2019-04-06 04:17:00+00:00,1
2019-04-06 04:18:00+00:00,1
2019-04-06 04:19:00+00:00,1
2019-04-06 04:20:00+00:00,1
2019-04-06 04:21:00+00:00,1
2019-04-06 04:22:00+00:00,1
2019-04-06 04:23:00+00:00,1
2019-04-06 04:24:00+00:00,1
2019-04-06 04:25:00+00:00,1
2019-04-06 04:26:00+00:00,1
2019-04-06 04:27:00+00:00,1
2019-04-06 04:28:00+00:00,1
2019-04-06 04:29:00+00:00,1
2019-04-06 04:30:00+00:00,1
2019-04-06 04:31:00+00:00,1
2019-04-06 04:32:00+00:00,1
2019-04-06 04:33:00+00:00,1
2019-04-06 04:34:00+00:00,1
2019-04-06 04:35:00+00:00,1
2019-04-06 04:36:00+00:00,1
2019-04-06 04:37:00+00:00,1
2019-04-06 04:38:00+00:00,1
2019-04-06 04:39:00+00:00,1
2019-04-06 04:40:00+00:00,1
2019-04-06 04:41:00+00:00,1
2019-04-06 04:42:00+00:00,1
2019-04-06 04:43:00+00:00,1
2019-04-06 04:44:00+00:00,1
2019-04-06 04:45:00+00:00,1
2019-04-06 04:46:00+00:00,1
2019-04-06 04:47:00+00:00,1
2019-04-06 04:48:00+00:00,1
2019-04-06 04:49:00+00:00,1
2019-04-06 04:50:00+00:00,1
2019-04-06 04:51:00+00:00,1
2019-04-06 04:52:00+00:00,1
2019-04-06 04:53:00+00:00,1
2019-04-06 04:54:00+00:00,1
2019-04-06 04:55:00+00:00,1
2019-04-06 04:56:00+00:00,1
2019-04-06 04:57:00+00:00,1
2019-04-06 04:58:00+00:00,1
2019-04-06 04:59:00+00:00,1
2019-04-06 05:00:00+00:00,1
2019-04-06 05:01:00+00:00,1
2019-04-06 05:02:00+00:00,1
2019-04-06 05:03:00+00:00,1
2019-04-06 05:04:00+00:00,1
2019-04-06 05:05:00+00:00,1
2019-04-06 05:06:00+00:00,1
2019-04-06 05:07:00+00:00,1
2019-04-06 05:08:00+00:00,1
2019-04-06 05:09:00+00:00,1
2019-04-06 05:10:00+00:00,1
2019-04-06 05:11:00+00:00,1
2019-04-06 05:12:00+00:00,1
2019-04-06 05:13:00+00:00,1
2019-04-06 05:14:00+00:00,1
2019-04-06 05:15:00+00:00,1
2019-04-06 05:16:00+00:00,1
2019-04-06 05:17:00+00:00,1
2019-04-06 05:18:00+00:00,1
2019-04-06 05:19:00+00:00,1
2019-04-06 05:20:00+00:00,1
2019-04-06 05:21:00+00:00,1
2019-04-06 05:22:00+00:00,1
2019-04-06 05:23:00+00:00,1
2019-04-06 05:24:00+00:00,1
2019-04-06 05:25:00+00:00,1
2019-04-06 05:26:00+00:00,1
2019-04-06 05:27:00+00:00,1
2019-04-06 16:18:00+00:00,1
2019-04-06 16:19:00+00:00,1
2019-04-06 16:20:00+00:00,1
2019-04-06 16:21:00+00:00,1
2019-04-06 16:22:00+00:00,1
2019-04-06 16:23:00+00:00,1
2019-04-06 16:24:00+00:00,1
2019-04-06 16:25:00+00:00,1
2019-04-06 16:26:00+00:00,1
2019-04-06 16:27:00+00:00,1
2019-04-06 16:28:00+00:00,1
2019-04-06 16:29:00+00:00,1
2019-04-06 16:30:00+00:00,1
2019-04-06 16:37:00+00:00,1
2019-04-06 16:38:00+00:00,1
2019-04-06 16:39:00+00:00,1
2019-04-06 16:40:00+00:00,1
2019-04-06 16:41:00+00:00,1
2019-04-06 16:42:00+00:00,1
2019-04-06 16:43:00+00:00,1
2019-04-06 16:44:00+00:00,1
2019-04-06 16:45:00+00:00,1
2019-04-06 16:46:00+00:00,1
2019-04-06 16:47:00+00:00,1
2019-04-06 16:48:00+00:00,1
2019-04-06 16:49:00+00:00,1
2019-04-06 16:50:00+00:00,1
2019-04-06 16:51:00+00:00,1
2019-04-06 16:52:00+00:00,1
2019-04-06 16:53:00+00:00,1
2019-04-06 16:54:00+00:00,1
2019-04-06 16:55:00+00:00,1
2019-04-06 16:56:00+00:00,1
2019-04-06 16:57:00+00:00,1
2019-04-06 16:58:00+00:00,1
2019-04-06 16:59:00+00:00,1
2019-04-06 17:00:00+00:00,1
2019-04-06 17:01:00+00:00,1
2019-04-06 17:02:00+00:00,1
2019-04-06 17:03:00+00:00,1
2019-04-06 17:04:00+00:00,1
2019-04-06 17:05:00+00:00,1
2019-04-06 17:06:00+00:00,1
2019-04-06 17:08:00+00:00,1
2019-04-06 17:09:00+00:00,1
2019-04-06 17:10:00+00:00,1
2019-04-06 17:11:00+00:00,1
2019-04-06 17:12:00+00:00,1
2019-04-06 17:13:00+00:00,1
2019-04-06 17:14:00+00:00,1
2019-04-06 17:15:00+00:00,1
2019-04-06 17:16:00+00:00,1
2019-04-06 17:17:00+00:00,1
2019-04-06 17:18:00+00:00,1
2019-04-06 17:19:00+00:00,1
2019-04-06 17:20:00+00:00,1
2019-04-06 17:21:00+00:00,1
2019-04-06 17:22:00+00:00,1
2019-04-06 17:23:00+00:00,1
2019-04-06 17:24:00+00:00,1
2019-04-06 17:25:00+00:00,1
2019-04-06 17:26:00+00:00,1
2019-04-06 17:27:00+00:00,1
2019-04-06 17:28:00+00:00,1
2019-04-06 17:29:00+00:00,1
2019-04-06 17:30:00+00:00,1
2019-04-06 17:31:00+00:00,1
2019-04-06 17:32:00+00:00,1
2019-04-06 17:33:00+00:00,1
2019-04-06 17:34:00+00:00,1
2019-04-06 17:35:00+00:00,1
2019-04-06 17:36:00+00:00,1
2019-04-06 17:37:00+00:00,1
2019-04-06 17:38:00+00:00,1
2019-04-06 17:39:00+00:00,1
2019-04-06 17:40:00+00:00,1
2019-04-06 17:41:00+00:00,1
2019-04-06 17:42:00+00:00,1
2019-04-06 17:43:00+00:00,1
2019-04-06 17:44:00+00:00,1
2019-04-06 17:45:00+00:00,1
2019-04-06 17:46:00+00:00,1
2019-04-06 17:47:00+00:00,1
2019-04-06 17:48:00+00:00,1
2019-04-06 17:49:00+00:00,1
2019-04-06 17:50:00+00:00,1
2019-04-06 17:51:00+00:00,1
2019-04-06 17:52:00+00:00,1
2019-04-06 17:53:00+00:00,1
2019-04-06 17:54:00+00:00,1
2019-04-06 17:55:00+00:00,1
2019-04-06 17:56:00+00:00,1
2019-04-06 18:00:00+00:00,1
2019-04-06 18:04:00+00:00,1
2019-04-06 18:05:00+00:00,1
2019-04-06 18:06:00+00:00,1
2019-04-06 18:07:00+00:00,1
2019-04-06 18:08:00+00:00,1
2019-04-06 18:09:00+00:00,1
2019-04-06 18:10:00+00:00,1
2019-04-06 18:11:00+00:00,1
2019-04-06 18:12:00+00:00,1
2019-04-06 18:13:00+00:00,1
2019-04-06 18:14:00+00:00,1
2019-04-06 18:15:00+00:00,1
2019-04-06 18:16:00+00:00,1
2019-04-06 18:17:00+00:00,1
2019-04-06 18:18:00+00:00,1
2019-04-06 18:19:00+00:00,1
2019-04-06 18:20:00+00:00,1
2019-04-06 18:21:00+00:00,1
2019-04-06 18:22:00+00:00,1
2019-04-06 18:23:00+00:00,1
2019-04-06 18:24:00+00:00,1
2019-04-06 18:25:00+00:00,1
2019-04-06 18:26:00+00:00,1
2019-04-06 18:27:00+00:00,1
2019-04-06 18:28:00+00:00,1
2019-04-06 18:29:00+00:00,1
2019-04-06 18:30:00+00:00,1
2019-04-06 18:31:00+00:00,1
2019-04-06 18:32:00+00:00,1
2019-04-06 18:33:00+00:00,1
2019-04-06 18:34:00+00:00,1
2019-04-06 18:35:00+00:00,1
2019-04-06 18:36:00+00:00,1
2019-04-06 18:37:00+00:00,1
2019-04-06 18:38:00+00:00,1
2019-04-06 18:39:00+00:00,1
2019-04-06 18:40:00+00:00,1
2019-04-06 18:41:00+00:00,1
2019-04-06 18:42:00+00:00,1
2019-04-06 18:43:00+00:00,1
2019-04-06 18:44:00+00:00,1
2019-04-06 18:45:00+00:00,1
2019-04-06 18:46:00+00:00,1
2019-04-06 18:47:00+00:00,1
2019-04-06 18:48:00+00:00,1
2019-04-06 18:49:00+00:00,1
2019-04-06 18:50:00+00:00,1
2019-04-06 18:51:00+00:00,1
2019-04-06 18:52:00+00:00,1
2019-04-06 18:53:00+00:00,1
2019-04-06 18:54:00+00:00,1
2019-04-06 18:55:00+00:00,1
2019-04-06 18:56:00+00:00,1
2019-04-06 18:57:00+00:00,1
2019-04-06 18:58:00+00:00,1
2019-04-06 18:59:00+00:00,1
2019-04-06 19:00:00+00:00,1
2019-04-06 19:01:00+00:00,1
2019-04-06 19:02:00+00:00,1
2019-04-06 19:03:00+00:00,1
2019-04-06 19:05:00+00:00,1
2019-04-06 19:06:00+00:00,1
2019-04-06 19:07:00+00:00,1
2019-04-06 19:08:00+00:00,1
2019-04-06 19:09:00+00:00,1
2019-04-06 19:10:00+00:00,1
2019-04-06 19:11:00+00:00,1
2019-04-06 19:12:00+00:00,1
2019-04-06 19:13:00+00:00,1
2019-04-06 19:14:00+00:00,1
2019-04-06 19:15:00+00:00,1
2019-04-06 19:16:00+00:00,1
2019-04-06 19:17:00+00:00,1
2019-04-06 19:18:00+00:00,1
2019-04-06 19:19:00+00:00,1
2019-04-06 19:20:00+00:00,1
2019-04-06 19:21:00+00:00,1
2019-04-06 19:22:00+00:00,1
2019-04-06 19:23:00+00:00,1
2019-04-06 19:24:00+00:00,1
2019-04-06 19:25:00+00:00,1
2019-04-06 19:26:00+00:00,1
2019-04-06 19:27:00+00:00,1
2019-04-06 19:28:00+00:00,1
2019-04-06 19:29:00+00:00,1
2019-04-06 19:30:00+00:00,1
2019-04-06 19:31:00+00:00,1
2019-04-06 19:32:00+00:00,1
2019-04-06 19:33:00+00:00,1
2019-04-06 19:34:00+00:00,1
2019-04-06 19:35:00+00:00,1
2019-04-06 19:36:00+00:00,1
2019-04-06 19:37:00+00:00,1
2019-04-06 19:38:00+00:00,1
2019-04-06 19:39:00+00:00,1
2019-04-06 19:40:00+00:00,1
2019-04-06 19:41:00+00:00,1
2019-04-06 19:42:00+00:00,1
2019-04-06 19:43:00+00:00,1
2019-04-06 19:44:00+00:00,1
2019-04-06 19:46:00+00:00,1
2019-04-06 19:47:00+00:00,1
2019-04-06 19:48:00+00:00,1
2019-04-06 19:49:00+00:00,1
2019-04-06 19:50:00+00:00,1
2019-04-06 19:51:00+00:00,1
2019-04-06 19:52:00+00:00,1
2019-04-06 19:53:00+00:00,1
2019-04-06 19:54:00+00:00,1
2019-04-06 19:55:00+00:00,1
2019-04-06 19:56:00+00:00,1
2019-04-06 19:57:00+00:00,1
2019-04-06 19:58:00+00:00,1
2019-04-06 19:59:00+00:00,1
2019-04-06 20:00:00+00:00,1
2019-04-06 20:01:00+00:00,1
2019-04-06 20:02:00+00:00,1
2019-04-06 20:03:00+00:00,1
2019-04-06 20:04:00+00:00,1
2019-04-06 20:05:00+00:00,1
2019-04-06 20:06:00+00:00,1
2019-04-06 20:07:00+00:00,1
2019-04-06 20:08:00+00:00,1
2019-04-06 20:09:00+00:00,1
2019-04-06 20:10:00+00:00,1
2019-04-06 20:11:00+00:00,1
2019-04-06 20:12:00+00:00,1
2019-04-06 20:13:00+00:00,1
2019-04-06 20:14:00+00:00,1
2019-04-06 20:15:00+00:00,1
2019-04-06 20:16:00+00:00,1
2019-04-06 20:17:00+00:00,1
2019-04-06 20:18:00+00:00,1
2019-04-06 20:19:00+00:00,1
2019-04-06 20:20:00+00:00,1
2019-04-06 20:21:00+00:00,1
2019-04-06 20:22:00+00:00,1
2019-04-06 20:23:00+00:00,1
2019-04-06 20:24:00+00:00,1
2019-04-06 20:25:00+00:00,1
2019-04-06 20:26:00+00:00,1
2019-04-06 20:27:00+00:00,1
2019-04-06 20:28:00+00:00,1
2019-04-06 20:29:00+00:00,1
2019-04-06 20:30:00+00:00,1
2019-04-06 20:31:00+00:00,1
2019-04-06 20:32:00+00:00,1
2019-04-06 20:33:00+00:00,1
2019-04-06 20:34:00+00:00,1
2019-04-06 20:35:00+00:00,1
2019-04-06 20:36:00+00:00,1
2019-04-06 20:51:00+00:00,1
2019-04-06 20:52:00+00:00,1
2019-04-06 20:53:00+00:00,1
2019-04-06 20:54:00+00:00,1
2019-04-06 20:55:00+00:00,1
2019-04-06 20:56:00+00:00,1
2019-04-06 20:57:00+00:00,1
2019-04-06 20:58:00+00:00,1
2019-04-06 20:59:00+00:00,1
2019-04-06 21:00:00+00:00,1
2019-04-06 21:01:00+00:00,1
2019-04-06 21:02:00+00:00,1
2019-04-06 21:03:00+00:00,1
2019-04-06 21:04:00+00:00,1
2019-04-06 21:05:00+00:00,1
2019-04-06 21:06:00+00:00,1
2019-04-06 21:07:00+00:00,1
2019-04-06 21:08:00+00:00,1
2019-04-06 21:09:00+00:00,1
2019-04-06 21:10:00+00:00,1
2019-04-06 21:11:00+00:00,1
2019-04-06 21:12:00+00:00,1
2019-04-07 04:42:00+00:00,1
2019-04-07 04:43:00+00:00,1
2019-04-07 04:44:00+00:00,1
2019-04-07 04:45:00+00:00,1
2019-04-07 04:46:00+00:00,1
2019-04-07 04:47:00+00:00,1
2019-04-07 04:48:00+00:00,1
2019-04-07 04:49:00+00:00,1
2019-04-07 04:50:00+00:00,1
2019-04-07 04:51:00+00:00,1
2019-04-07 04:52:00+00:00,1
2019-04-07 04:53:00+00:00,1
2019-04-07 04:54:00+00:00,1
2019-04-07 04:55:00+00:00,1
2019-04-07 04:56:00+00:00,1
2019-04-07 04:57:00+00:00,1
2019-04-07 04:58:00+00:00,1
2019-04-07 04:59:00+00:00,1
2019-04-07 05:00:00+00:00,1
2019-04-07 05:01:00+00:00,1
2019-04-07 05:02:00+00:00,1
2019-04-07 05:03:00+00:00,1
2019-04-07 05:04:00+00:00,1
2019-04-07 05:05:00+00:00,1
2019-04-07 05:06:00+00:00,1
2019-04-07 05:07:00+00:00,1
2019-04-07 05:08:00+00:00,1
2019-04-07 05:09:00+00:00,1
2019-04-07 05:10:00+00:00,1
2019-04-07 05:11:00+00:00,1
2019-04-07 05:12:00+00:00,1
2019-04-07 05:13:00+00:00,1
2019-04-07 05:14:00+00:00,1
2019-04-07 05:15:00+00:00,1
2019-04-07 05:16:00+00:00,1
2019-04-07 05:17:00+00:00,1
2019-04-07 05:18:00+00:00,1
2019-04-07 05:19:00+00:00,1
2019-04-07 05:20:00+00:00,1
2019-04-07 05:21:00+00:00,1
2019-04-07 05:22:00+00:00,1
2019-04-07 05:23:00+00:00,1
2019-04-07 05:24:00+00:00,1
2019-04-07 05:25:00+00:00,1
2019-04-07 05:26:00+00:00,1
2019-04-07 05:27:00+00:00,1
2019-04-07 05:28:00+00:00,1
2019-04-07 05:29:00+00:00,1
2019-04-07 05:30:00+00:00,1
2019-04-07 05:31:00+00:00,1
2019-04-07 05:32:00+00:00,1
2019-04-07 05:33:00+00:00,1
2019-04-07 05:34:00+00:00,1
2019-04-07 05:35:00+00:00,1
2019-04-07 05:36:00+00:00,1
2019-04-07 05:37:00+00:00,1
2019-04-07 05:38:00+00:00,1
2019-04-07 05:39:00+00:00,1
2019-04-07 05:40:00+00:00,1
2019-04-07 05:41:00+00:00,1
2019-04-07 05:42:00+00:00,1
2019-04-07 05:43:00+00:00,1
2019-04-07 05:44:00+00:00,1
2019-04-07 05:45:00+00:00,1
2019-04-07 05:46:00+00:00,1
2019-04-07 05:47:00+00:00,1
2019-04-07 05:48:00+00:00,1
2019-04-07 05:49:00+00:00,1
2019-04-07 05:50:00+00:00,1
2019-04-07 05:51:00+00:00,1
2019-04-07 05:52:00+00:00,1
2019-04-07 05:53:00+00:00,1
2019-04-07 05:54:00+00:00,1
2019-04-07 05:55:00+00:00,1
2019-04-07 05:56:00+00:00,1
2019-04-07 05:57:00+00:00,1
2019-04-07 05:58:00+00:00,1
2019-04-07 05:59:00+00:00,1
2019-04-07 06:00:00+00:00,1
2019-04-07 06:01:00+00:00,1
2019-04-07 06:02:00+00:00,1
2019-04-07 06:03:00+00:00,1
2019-04-07 06:04:00+00:00,1
2019-04-07 06:05:00+00:00,1
2019-04-07 06:06:00+00:00,1
2019-04-07 06:07:00+00:00,1
2019-04-07 06:08:00+00:00,1
2019-04-07 06:09:00+00:00,1
2019-04-07 06:10:00+00:00,1
2019-04-07 06:11:00+00:00,1
2019-04-07 06:12:00+00:00,1
2019-04-07 06:13:00+00:00,1
2019-04-07 06:14:00+00:00,1
2019-04-07 06:15:00+00:00,1
2019-04-07 06:16:00+00:00,1
2019-04-07 06:17:00+00:00,1
2019-04-07 06:18:00+00:00,1
2019-04-07 06:19:00+00:00,1
2019-04-07 06:20:00+00:00,1
2019-04-07 06:21:00+00:00,1
2019-04-07 06:22:00+00:00,1
2019-04-07 06:23:00+00:00,1
2019-04-07 06:24:00+00:00,1
2019-04-07 06:25:00+00:00,1
2019-04-07 06:26:00+00:00,1
2019-04-07 06:27:00+00:00,1
2019-04-07 06:28:00+00:00,1
2019-04-07 06:29:00+00:00,1
2019-04-07 06:30:00+00:00,1
2019-04-07 06:31:00+00:00,1
2019-04-07 06:32:00+00:00,1
2019-04-07 06:33:00+00:00,1
2019-04-07 06:34:00+00:00,1
2019-04-07 06:35:00+00:00,1
2019-04-07 06:36:00+00:00,1
2019-04-07 06:37:00+00:00,1
2019-04-07 06:38:00+00:00,1
2019-04-07 06:39:00+00:00,1
2019-04-07 06:40:00+00:00,1
2019-04-07 06:41:00+00:00,1
2019-04-07 06:42:00+00:00,1
2019-04-07 06:43:00+00:00,1
2019-04-07 06:44:00+00:00,1
2019-04-07 06:45:00+00:00,1
2019-04-07 06:46:00+00:00,1
2019-04-07 06:47:00+00:00,1
2019-04-07 06:48:00+00:00,1
2019-04-07 06:50:00+00:00,1
2019-04-07 06:51:00+00:00,1
2019-04-07 06:52:00+00:00,1
2019-04-07 06:53:00+00:00,1
2019-04-07 06:54:00+00:00,1
2019-04-09 18:25:00+00:00,1
2019-04-09 18:26:00+00:00,1
2019-04-09 18:27:00+00:00,1
2019-04-09 18:28:00+00:00,1
2019-04-09 18:29:00+00:00,1
2019-04-09 18:30:00+00:00,1
2019-04-09 18:31:00+00:00,1
2019-04-09 18:32:00+00:00,1
2019-04-09 18:33:00+00:00,1
2019-04-09 18:34:00+00:00,1
2019-04-09 18:35:00+00:00,1
2019-04-09 18:36:00+00:00,1
2019-04-09 18:37:00+00:00,1
2019-04-09 18:38:00+00:00,1
2019-04-09 18:39:00+00:00,1
2019-04-09 18:40:00+00:00,1
2019-04-09 18:41:00+00:00,1
2019-04-09 18:42:00+00:00,1
2019-04-09 18:43:00+00:00,1
2019-04-09 18:44:00+00:00,1
2019-04-09 18:45:00+00:00,1
2019-04-09 18:46:00+00:00,1
2019-04-09 18:47:00+00:00,1
2019-04-09 18:48:00+00:00,1
2019-04-09 18:49:00+00:00,1
2019-04-09 18:50:00+00:00,1
2019-04-09 18:51:00+00:00,1
2019-04-09 18:52:00+00:00,1
2019-04-09 18:53:00+00:00,1
2019-04-09 18:54:00+00:00,1
2019-04-09 18:55:00+00:00,1
2019-04-09 18:56:00+00:00,1
2019-04-09 18:57:00+00:00,1
2019-04-09 18:58:00+00:00,1
2019-04-09 18:59:00+00:00,1
2019-04-09 19:00:00+00:00,1
2019-04-09 19:01:00+00:00,1
2019-04-09 19:02:00+00:00,1
2019-04-09 19:03:00+00:00,1
2019-04-09 19:04:00+00:00,1
2019-04-09 19:05:00+00:00,1
2019-04-09 19:06:00+00:00,1
2019-04-09 19:07:00+00:00,1
2019-04-09 19:08:00+00:00,1
2019-04-09 19:09:00+00:00,1
2019-04-09 19:10:00+00:00,1
2019-04-09 19:11:00+00:00,1
2019-04-09 19:12:00+00:00,1
2019-04-09 19:13:00+00:00,1
2019-04-09 19:14:00+00:00,1
2019-04-09 19:15:00+00:00,1
2019-04-09 19:16:00+00:00,1
2019-04-09 19:17:00+00:00,1
2019-04-09 19:18:00+00:00,1
2019-04-09 19:19:00+00:00,1
2019-04-09 19:20:00+00:00,1
2019-04-09 19:21:00+00:00,1
2019-04-09 19:22:00+00:00,1
2019-04-09 19:23:00+00:00,1
2019-04-09 19:24:00+00:00,1
2019-04-09 19:25:00+00:00,1
2019-04-09 19:26:00+00:00,1
2019-04-09 19:27:00+00:00,1
2019-04-09 19:28:00+00:00,1
2019-04-09 19:29:00+00:00,1
2019-04-09 19:30:00+00:00,1
2019-04-09 19:31:00+00:00,1
2019-04-09 19:32:00+00:00,1
2019-04-09 19:33:00+00:00,1
2019-04-09 19:34:00+00:00,1
2019-04-09 19:35:00+00:00,1
2019-04-09 19:36:00+00:00,1
2019-04-09 19:37:00+00:00,1
2019-04-09 19:38:00+00:00,1
2019-04-09 19:39:00+00:00,1
2019-04-09 19:40:00+00:00,1
2019-04-09 19:41:00+00:00,1
2019-04-09 19:42:00+00:00,1
2019-04-09 19:43:00+00:00,1
2019-04-09 19:44:00+00:00,1
2019-04-09 19:45:00+00:00,1
2019-04-09 19:46:00+00:00,1
2019-04-09 19:47:00+00:00,1
2019-04-09 19:48:00+00:00,1
2019-04-09 19:49:00+00:00,1
2019-04-09 19:50:00+00:00,1
2019-04-09 19:51:00+00:00,1
2019-04-09 19:52:00+00:00,1
2019-04-09 19:53:00+00:00,1
2019-04-09 19:54:00+00:00,1
2019-04-09 19:55:00+00:00,1
2019-04-09 19:56:00+00:00,1
2019-04-09 19:57:00+00:00,1
2019-04-09 19:58:00+00:00,1
2019-04-09 19:59:00+00:00,1
2019-04-09 20:00:00+00:00,1
2019-04-09 20:01:00+00:00,1
2019-04-09 20:02:00+00:00,1
2019-04-09 20:03:00+00:00,1
2019-04-09 20:04:00+00:00,1
2019-04-09 20:05:00+00:00,1
2019-04-09 20:06:00+00:00,1
2019-04-09 20:07:00+00:00,1
2019-04-09 20:08:00+00:00,1
2019-04-09 20:09:00+00:00,1
2019-04-09 20:10:00+00:00,1
2019-04-09 20:11:00+00:00,1
2019-04-09 20:12:00+00:00,1
2019-04-09 20:13:00+00:00,1
2019-04-09 20:14:00+00:00,1
2019-04-09 20:15:00+00:00,1
2019-04-09 20:16:00+00:00,1
2019-04-09 20:17:00+00:00,1
2019-04-09 20:18:00+00:00,1
2019-04-09 20:19:00+00:00,1
2019-04-09 20:20:00+00:00,1
2019-04-09 20:21:00+00:00,1
2019-04-09 20:22:00+00:00,1
2019-04-09 20:23:00+00:00,1
2019-04-09 20:24:00+00:00,1
2019-04-09 20:25:00+00:00,1
2019-04-09 20:26:00+00:00,1
2019-04-09 20:27:00+00:00,1
2019-04-09 20:28:00+00:00,1
2019-04-09 20:29:00+00:00,1
2019-04-09 20:30:00+00:00,1
2019-04-09 20:31:00+00:00,1
2019-04-09 20:32:00+00:00,1
2019-04-09 20:33:00+00:00,1
2019-04-09 20:34:00+00:00,1
2019-04-09 20:35:00+00:00,1
2019-04-09 20:36:00+00:00,1
2019-04-09 20:37:00+00:00,1
2019-04-09 20:38:00+00:00,1
2019-04-09 20:39:00+00:00,1
2019-04-09 20:40:00+00:00,1
2019-04-09 20:41:00+00:00,1
2019-04-09 20:42:00+00:00,1
2019-04-09 20:43:00+00:00,1
2019-04-09 20:44:00+00:00,1
2019-04-09 20:45:00+00:00,1
2019-04-09 20:46:00+00:00,1
2019-04-09 20:47:00+00:00,1
2019-04-09 20:48:00+00:00,1
2019-04-09 20:49:00+00:00,1
2019-04-09 20:50:00+00:00,1
2019-04-09 20:51:00+00:00,1
2019-04-09 20:52:00+00:00,1
2019-04-09 20:53:00+00:00,1
2019-04-09 20:54:00+00:00,1
2019-04-09 20:55:00+00:00,1
2019-04-09 20:56:00+00:00,1
2019-04-09 20:57:00+00:00,1
2019-04-09 20:58:00+00:00,1
2019-04-09 20:59:00+00:00,1
2019-04-09 21:00:00+00:00,1
2019-04-09 21:01:00+00:00,1
2019-04-09 21:02:00+00:00,1
2019-04-09 21:03:00+00:00,1
2019-04-09 21:04:00+00:00,1
2019-04-09 21:05:00+00:00,1
2019-04-09 21:06:00+00:00,1
2019-04-09 21:07:00+00:00,1
2019-04-09 21:08:00+00:00,1
2019-04-09 21:09:00+00:00,1
2019-04-09 21:10:00+00:00,1
2019-04-09 21:11:00+00:00,1
2019-04-09 21:12:00+00:00,1
2019-04-09 21:13:00+00:00,1
2019-04-09 21:14:00+00:00,1
2019-04-09 21:15:00+00:00,1
2019-04-09 21:16:00+00:00,1
2019-04-09 21:17:00+00:00,1
2019-04-09 21:18:00+00:00,1
2019-04-09 21:19:00+00:00,1
2019-04-09 21:20:00+00:00,1
2019-04-09 21:21:00+00:00,1
2019-04-09 21:22:00+00:00,1
2019-04-09 21:23:00+00:00,1
2019-04-09 21:24:00+00:00,1
2019-04-09 21:25:00+00:00,1
2019-04-09 21:26:00+00:00,1
2019-04-09 21:27:00+00:00,1
2019-04-09 21:28:00+00:00,1
2019-04-09 21:29:00+00:00,1
2019-04-09 21:30:00+00:00,1
2019-04-09 21:31:00+00:00,1
2019-04-09 21:32:00+00:00,1
2019-04-11 04:15:00+00:00,1
2019-04-11 16:42:00+00:00,1
2019-04-11 16:43:00+00:00,1
2019-04-11 16:44:00+00:00,1
2019-04-11 16:45:00+00:00,1
2019-04-11 16:46:00+00:00,1
2019-04-11 16:47:00+00:00,1
2019-04-11 16:48:00+00:00,1
2019-04-11 16:49:00+00:00,1
2019-04-11 16:50:00+00:00,1
2019-04-11 16:51:00+00:00,1
2019-04-11 16:52:00+00:00,1
2019-04-11 16:53:00+00:00,1
2019-04-11 16:54:00+00:00,1
2019-04-11 16:55:00+00:00,1
2019-04-11 16:56:00+00:00,1
2019-04-11 16:57:00+00:00,1
2019-04-11 16:58:00+00:00,1
2019-04-11 16:59:00+00:00,1
2019-04-11 17:00:00+00:00,1
2019-04-11 17:01:00+00:00,1
2019-04-11 17:02:00+00:00,1
2019-04-11 17:04:00+00:00,1
2019-04-11 17:06:00+00:00,1
2019-04-11 17:08:00+00:00,1
2019-04-11 17:09:00+00:00,1
2019-04-11 17:10:00+00:00,1
2019-04-11 17:11:00+00:00,1
2019-04-11 17:12:00+00:00,1
2019-04-11 17:13:00+00:00,1
2019-04-11 17:14:00+00:00,1
2019-04-11 17:15:00+00:00,1
2019-04-11 17:16:00+00:00,1
2019-04-11 17:17:00+00:00,1
2019-04-11 17:18:00+00:00,1
2019-04-11 17:19:00+00:00,1
2019-04-11 17:20:00+00:00,1
2019-04-11 17:21:00+00:00,1
2019-04-11 17:22:00+00:00,1
2019-04-11 17:23:00+00:00,1
2019-04-11 17:24:00+00:00,1
2019-04-11 17:25:00+00:00,1
2019-04-11 17:26:00+00:00,1
2019-04-11 17:37:00+00:00,1
2019-04-11 17:38:00+00:00,1
2019-04-11 17:39:00+00:00,1
2019-04-11 17:40:00+00:00,1
2019-04-11 17:41:00+00:00,1
2019-04-11 17:42:00+00:00,1
2019-04-11 17:43:00+00:00,1
2019-04-11 17:44:00+00:00,1
2019-04-11 17:45:00+00:00,1
2019-04-11 17:46:00+00:00,1
2019-04-11 17:47:00+00:00,1
2019-04-11 17:48:00+00:00,1
2019-04-11 17:49:00+00:00,1
2019-04-11 17:50:00+00:00,1
2019-04-11 17:51:00+00:00,1
2019-04-11 17:59:00+00:00,1
2019-04-11 18:00:00+00:00,1
2019-04-11 18:01:00+00:00,1
2019-04-11 18:02:00+00:00,1
2019-04-11 18:03:00+00:00,1
2019-04-11 18:04:00+00:00,1
2019-04-11 18:05:00+00:00,1
2019-04-11 18:06:00+00:00,1
2019-04-11 18:07:00+00:00,1
2019-04-11 18:08:00+00:00,1
2019-04-11 18:09:00+00:00,1
2019-04-11 18:10:00+00:00,1
2019-04-11 18:11:00+00:00,1
2019-04-11 18:12:00+00:00,1
2019-04-11 18:13:00+00:00,1
2019-04-11 18:14:00+00:00,1
2019-04-11 18:15:00+00:00,1
2019-04-11 18:16:00+00:00,1
2019-04-11 18:17:00+00:00,1
2019-04-11 18:18:00+00:00,1
2019-04-11 18:19:00+00:00,1
2019-04-11 18:20:00+00:00,1
2019-04-11 18:21:00+00:00,1
2019-04-11 18:22:00+00:00,1
2019-04-11 18:23:00+00:00,1
2019-04-11 18:24:00+00:00,1
2019-04-11 18:25:00+00:00,1
2019-04-11 18:26:00+00:00,1
2019-04-11 18:27:00+00:00,1
2019-04-11 18:28:00+00:00,1
2019-04-11 18:29:00+00:00,1
2019-04-11 18:30:00+00:00,1
2019-04-11 18:31:00+00:00,1
2019-04-11 18:32:00+00:00,1
2019-04-11 18:33:00+00:00,1
2019-04-11 18:34:00+00:00,1
2019-04-11 18:35:00+00:00,1
2019-04-11 18:36:00+00:00,1
2019-04-11 18:37:00+00:00,1
2019-04-11 18:38:00+00:00,1
2019-04-11 18:39:00+00:00,1
2019-04-11 18:40:00+00:00,1
2019-04-11 18:41:00+00:00,1
2019-04-11 18:42:00+00:00,1
2019-04-11 18:43:00+00:00,1
2019-04-11 18:44:00+00:00,1
2019-04-11 18:45:00+00:00,1
2019-04-11 18:46:00+00:00,1
2019-04-11 18:47:00+00:00,1
2019-04-11 18:48:00+00:00,1
2019-04-11 18:49:00+00:00,1
2019-04-11 18:50:00+00:00,1
2019-04-11 18:51:00+00:00,1
2019-04-11 18:52:00+00:00,1
2019-04-11 18:53:00+00:00,1
2019-04-11 18:54:00+00:00,1
2019-04-11 18:55:00+00:00,1
2019-04-11 18:56:00+00:00,1
2019-04-11 18:57:00+00:00,1
2019-04-11 18:58:00+00:00,1
2019-04-11 18:59:00+00:00,1
2019-04-11 19:00:00+00:00,1
2019-04-11 19:01:00+00:00,1
2019-04-11 19:02:00+00:00,1
2019-04-11 19:03:00+00:00,1
2019-04-11 19:04:00+00:00,1
2019-04-11 19:05:00+00:00,1
2019-04-11 19:06:00+00:00,1
2019-04-11 19:07:00+00:00,1
2019-04-11 19:08:00+00:00,1
2019-04-11 19:09:00+00:00,1
2019-04-11 19:10:00+00:00,1
2019-04-11 19:11:00+00:00,1
2019-04-11 19:12:00+00:00,1
2019-04-11 19:20:00+00:00,1
2019-04-11 19:21:00+00:00,1
2019-04-11 19:28:00+00:00,1
2019-04-11 19:31:00+00:00,1
2019-04-11 19:34:00+00:00,1
2019-04-11 19:35:00+00:00,1
2019-04-11 19:37:00+00:00,1
2019-04-11 19:38:00+00:00,1
2019-04-11 19:39:00+00:00,1
2019-04-11 19:40:00+00:00,1
2019-04-11 19:41:00+00:00,1
2019-04-11 19:42:00+00:00,1
2019-04-11 19:43:00+00:00,1
2019-04-11 19:44:00+00:00,1
2019-04-11 19:45:00+00:00,1
2019-04-11 19:46:00+00:00,1
2019-04-11 19:48:00+00:00,1
2019-04-11 19:49:00+00:00,1
2019-04-11 19:51:00+00:00,1
2019-04-11 19:53:00+00:00,1
2019-04-11 19:54:00+00:00,1
2019-04-11 19:55:00+00:00,1
2019-04-11 19:56:00+00:00,1
2019-04-11 19:57:00+00:00,1
2019-04-11 19:58:00+00:00,1
2019-04-11 19:59:00+00:00,1
2019-04-11 20:00:00+00:00,1
2019-04-11 20:01:00+00:00,1
2019-04-11 20:02:00+00:00,1
2019-04-11 20:03:00+00:00,1
2019-04-11 20:04:00+00:00,1
2019-04-11 20:05:00+00:00,1
2019-04-11 20:06:00+00:00,1
2019-04-11 22:19:00+00:00,1
2019-04-13 00:12:00+00:00,1
2019-04-13 00:13:00+00:00,1
2019-04-13 00:14:00+00:00,1
2019-04-13 00:15:00+00:00,1
2019-04-13 11:57:00+00:00,1
2019-04-13 11:58:00+00:00,1
2019-04-13 11:59:00+00:00,1
2019-04-13 12:00:00+00:00,1
2019-04-13 12:01:00+00:00,1
2019-04-13 12:02:00+00:00,1
2019-04-13 12:03:00+00:00,1
2019-04-13 12:04:00+00:00,1
2019-04-13 12:05:00+00:00,1
2019-04-13 12:06:00+00:00,1
2019-04-13 12:07:00+00:00,1
2019-04-13 12:08:00+00:00,1
2019-04-13 12:09:00+00:00,1
2019-04-13 12:10:00+00:00,1
2019-04-13 12:11:00+00:00,1
2019-04-13 12:12:00+00:00,1
2019-04-13 12:13:00+00:00,1
2019-04-13 12:14:00+00:00,1
2019-04-13 12:15:00+00:00,1
2019-04-13 12:16:00+00:00,1
2019-04-13 12:17:00+00:00,1
2019-04-13 12:18:00+00:00,1
2019-04-13 12:19:00+00:00,1
2019-04-13 12:20:00+00:00,1
2019-04-13 12:21:00+00:00,1
2019-04-13 12:22:00+00:00,1
2019-04-13 12:23:00+00:00,1
2019-04-13 12:24:00+00:00,1
2019-04-13 12:25:00+00:00,1
2019-04-13 12:26:00+00:00,1
2019-04-13 12:27:00+00:00,1
2019-04-13 12:28:00+00:00,1
2019-04-13 12:29:00+00:00,1
2019-04-13 12:30:00+00:00,1
2019-04-13 12:31:00+00:00,1
2019-04-13 12:32:00+00:00,1
2019-04-13 12:33:00+00:00,1
2019-04-13 12:34:00+00:00,1
2019-04-13 17:42:00+00:00,1
2019-04-13 17:43:00+00:00,1
2019-04-13 17:44:00+00:00,1
2019-04-13 17:45:00+00:00,1
2019-04-13 17:46:00+00:00,1
2019-04-13 17:47:00+00:00,1
2019-04-13 17:48:00+00:00,1
2019-04-13 17:49:00+00:00,1
2019-04-13 17:50:00+00:00,1
2019-04-13 17:51:00+00:00,1
2019-04-13 17:52:00+00:00,1
2019-04-13 17:53:00+00:00,1
2019-04-13 17:54:00+00:00,1
2019-04-13 17:55:00+00:00,1
2019-04-13 17:56:00+00:00,1
2019-04-13 17:57:00+00:00,1
2019-04-13 17:58:00+00:00,1
2019-04-13 17:59:00+00:00,1
2019-04-13 18:00:00+00:00,1
2019-04-13 18:01:00+00:00,1
2019-04-13 18:02:00+00:00,1
2019-04-13 18:03:00+00:00,1
2019-04-13 18:04:00+00:00,1
2019-04-13 18:05:00+00:00,1
2019-04-13 18:06:00+00:00,1
2019-04-13 18:07:00+00:00,1
2019-04-13 18:08:00+00:00,1
2019-04-13 18:09:00+00:00,1
2019-04-13 18:10:00+00:00,1
2019-04-13 18:11:00+00:00,1
2019-04-13 18:12:00+00:00,1
2019-04-13 18:13:00+00:00,1
2019-04-13 18:14:00+00:00,1
2019-04-13 18:15:00+00:00,1
2019-04-13 18:16:00+00:00,1
2019-04-13 18:17:00+00:00,1
2019-04-13 18:18:00+00:00,1
2019-04-13 18:19:00+00:00,1
2019-04-13 18:20:00+00:00,1
2019-04-13 18:21:00+00:00,1
2019-04-13 18:22:00+00:00,1
2019-04-13 18:23:00+00:00,1
2019-04-13 18:24:00+00:00,1
2019-04-13 18:25:00+00:00,1
2019-04-13 18:26:00+00:00,1
2019-04-13 18:27:00+00:00,1
2019-04-13 18:28:00+00:00,1
2019-04-13 18:29:00+00:00,1
2019-04-13 18:30:00+00:00,1
2019-04-13 18:31:00+00:00,1
2019-04-13 18:32:00+00:00,1
2019-04-13 18:33:00+00:00,1
2019-04-13 18:34:00+00:00,1
2019-04-13 18:35:00+00:00,1
2019-04-13 18:36:00+00:00,1
2019-04-13 18:37:00+00:00,1
2019-04-15 06:36:00+00:00,1
2019-04-15 06:37:00+00:00,1
2019-04-15 06:38:00+00:00,1
2019-04-15 06:39:00+00:00,1
2019-04-15 06:40:00+00:00,1
2019-04-15 06:41:00+00:00,1
2019-04-15 06:42:00+00:00,1
2019-04-15 06:43:00+00:00,1
2019-04-15 06:44:00+00:00,1
2019-04-15 06:45:00+00:00,1
2019-04-15 06:46:00+00:00,1
2019-04-15 06:47:00+00:00,1
2019-04-15 06:48:00+00:00,1
2019-04-15 06:49:00+00:00,1
2019-04-15 06:50:00+00:00,1
2019-04-15 06:51:00+00:00,1
2019-04-15 06:52:00+00:00,1
2019-04-15 06:53:00+00:00,1
2019-04-15 06:54:00+00:00,1
2019-04-15 06:55:00+00:00,1
2019-04-15 06:56:00+00:00,1
2019-04-15 06:57:00+00:00,1
2019-04-15 06:58:00+00:00,1
2019-04-15 06:59:00+00:00,1
2019-04-15 07:00:00+00:00,1
2019-04-15 07:01:00+00:00,1
2019-04-15 07:02:00+00:00,1
2019-04-15 07:03:00+00:00,1
2019-04-15 07:04:00+00:00,1
2019-04-15 07:05:00+00:00,1
2019-04-15 07:06:00+00:00,1
2019-04-15 07:07:00+00:00,1
2019-04-15 07:08:00+00:00,1
2019-04-15 07:09:00+00:00,1
2019-04-15 07:10:00+00:00,1
2019-04-15 07:11:00+00:00,1
2019-04-15 07:12:00+00:00,1
2019-04-15 07:13:00+00:00,1
2019-04-15 07:14:00+00:00,1
2019-04-15 07:15:00+00:00,1
2019-04-15 07:16:00+00:00,1
2019-04-15 07:17:00+00:00,1
2019-04-15 07:18:00+00:00,1
2019-04-15 07:19:00+00:00,1
2019-04-15 07:20:00+00:00,1
2019-04-15 07:21:00+00:00,1
2019-04-15 07:22:00+00:00,1
2019-04-15 07:23:00+00:00,1
2019-04-15 07:24:00+00:00,1
2019-04-15 07:25:00+00:00,1
2019-04-15 15:30:00+00:00,1
2019-04-15 15:31:00+00:00,1
2019-04-15 15:32:00+00:00,1
2019-04-15 15:33:00+00:00,1
2019-04-15 15:34:00+00:00,1
2019-04-15 15:35:00+00:00,1
2019-04-15 15:36:00+00:00,1
2019-04-15 15:37:00+00:00,1
2019-04-15 15:38:00+00:00,1
2019-04-15 15:39:00+00:00,1
2019-04-15 15:40:00+00:00,1
2019-04-15 15:41:00+00:00,1
2019-04-15 15:42:00+00:00,1
2019-04-15 15:43:00+00:00,1
2019-04-15 15:44:00+00:00,1
2019-04-15 15:45:00+00:00,1
2019-04-15 15:47:00+00:00,1
2019-04-15 15:48:00+00:00,1
2019-04-15 15:49:00+00:00,1
2019-04-15 15:50:00+00:00,1
2019-04-15 15:51:00+00:00,1
2019-04-15 15:52:00+00:00,1
2019-04-15 15:53:00+00:00,1
2019-04-15 15:54:00+00:00,1
2019-04-15 15:55:00+00:00,1
2019-04-15 15:56:00+00:00,1
2019-04-15 15:57:00+00:00,1
2019-04-15 15:58:00+00:00,1
2019-04-15 15:59:00+00:00,1
2019-04-15 16:00:00+00:00,1
2019-04-15 16:01:00+00:00,1
2019-04-15 16:02:00+00:00,1
2019-04-15 16:03:00+00:00,1
2019-04-15 16:04:00+00:00,1
2019-04-15 16:05:00+00:00,1
2019-04-15 16:06:00+00:00,1
2019-04-15 16:07:00+00:00,1
2019-04-15 16:08:00+00:00,1
2019-04-15 16:09:00+00:00,1
2019-04-15 16:10:00+00:00,1
2019-04-15 16:11:00+00:00,1
2019-04-15 16:12:00+00:00,1
2019-04-15 16:13:00+00:00,1
2019-04-15 16:14:00+00:00,1
2019-04-15 16:15:00+00:00,1
2019-04-15 16:16:00+00:00,1
2019-04-15 16:17:00+00:00,1
2019-04-15 16:18:00+00:00,1
2019-04-15 16:19:00+00:00,1
2019-04-15 16:20:00+00:00,1
2019-04-15 16:21:00+00:00,1
2019-04-15 16:22:00+00:00,1
2019-04-15 16:23:00+00:00,1
2019-04-15 16:24:00+00:00,1
2019-04-15 16:25:00+00:00,1
2019-04-15 16:26:00+00:00,1
2019-04-15 16:27:00+00:00,1
2019-04-15 16:28:00+00:00,1
2019-04-15 16:29:00+00:00,1
2019-04-15 16:30:00+00:00,1
2019-04-15 16:31:00+00:00,1
2019-04-15 16:32:00+00:00,1
2019-04-15 16:33:00+00:00,1
2019-04-15 16:34:00+00:00,1
2019-04-15 16:35:00+00:00,1
2019-04-15 16:36:00+00:00,1
2019-04-15 16:37:00+00:00,1
2019-04-15 16:38:00+00:00,1
2019-04-15 16:39:00+00:00,1
2019-04-15 16:40:00+00:00,1
2019-04-15 16:41:00+00:00,1
2019-04-15 16:42:00+00:00,1
2019-04-15 16:43:00+00:00,1
2019-04-15 16:44:00+00:00,1
2019-04-15 16:45:00+00:00,1
2019-04-15 16:46:00+00:00,1
2019-04-15 16:47:00+00:00,1
2019-04-15 16:48:00+00:00,1
2019-04-15 16:49:00+00:00,1
2019-04-15 16:50:00+00:00,1
2019-04-15 16:51:00+00:00,1
2019-04-15 16:52:00+00:00,1
2019-04-15 16:53:00+00:00,1
2019-04-15 16:54:00+00:00,1
2019-04-15 16:55:00+00:00,1
2019-04-15 16:56:00+00:00,1
2019-04-15 16:57:00+00:00,1
2019-04-15 16:58:00+00:00,1
2019-04-15 16:59:00+00:00,1
2019-04-15 17:00:00+00:00,1
2019-04-15 17:01:00+00:00,1
2019-04-15 17:02:00+00:00,1
2019-04-15 17:03:00+00:00,1
2019-04-15 17:04:00+00:00,1
2019-04-15 17:05:00+00:00,1
2019-04-15 17:06:00+00:00,1
2019-04-15 17:07:00+00:00,1
2019-04-15 17:08:00+00:00,1
2019-04-15 17:09:00+00:00,1
2019-04-15 17:10:00+00:00,1
2019-04-15 17:11:00+00:00,1
2019-04-15 17:12:00+00:00,1
2019-04-15 17:13:00+00:00,1
2019-04-15 17:14:00+00:00,1
2019-04-15 17:15:00+00:00,1
2019-04-15 17:16:00+00:00,1
2019-04-15 17:17:00+00:00,1
2019-04-15 17:18:00+00:00,1
2019-04-15 17:19:00+00:00,1
2019-04-15 17:20:00+00:00,1
2019-04-15 17:21:00+00:00,1
2019-04-15 17:22:00+00:00,1
2019-04-15 17:23:00+00:00,1
2019-04-15 17:24:00+00:00,1
2019-04-15 17:25:00+00:00,1
2019-04-15 17:26:00+00:00,1
2019-04-15 17:27:00+00:00,1
2019-04-15 17:29:00+00:00,1
2019-04-15 17:30:00+00:00,1
2019-04-15 17:31:00+00:00,1
2019-04-15 17:32:00+00:00,1
2019-04-15 17:33:00+00:00,1
2019-04-15 17:34:00+00:00,1
2019-04-15 17:35:00+00:00,1
2019-04-15 17:36:00+00:00,1
2019-04-15 17:37:00+00:00,1
2019-04-15 17:38:00+00:00,1
2019-04-15 17:39:00+00:00,1
2019-04-15 17:40:00+00:00,1
2019-04-15 17:41:00+00:00,1
2019-04-15 17:42:00+00:00,1
2019-04-15 17:43:00+00:00,1
2019-04-15 17:44:00+00:00,1
2019-04-15 17:45:00+00:00,1
2019-04-15 17:46:00+00:00,1
2019-04-15 17:47:00+00:00,1
2019-04-15 17:48:00+00:00,1
2019-04-15 17:49:00+00:00,1
2019-04-15 17:50:00+00:00,1
2019-04-15 17:51:00+00:00,1
2019-04-15 17:52:00+00:00,1
2019-04-15 17:53:00+00:00,1
2019-04-15 17:54:00+00:00,1
2019-04-15 17:55:00+00:00,1
2019-04-15 17:56:00+00:00,1
2019-04-15 17:57:00+00:00,1
2019-04-15 17:58:00+00:00,1
2019-04-15 17:59:00+00:00,1
2019-04-15 18:00:00+00:00,1
2019-04-15 18:01:00+00:00,1
2019-04-15 18:02:00+00:00,1
2019-04-15 18:03:00+00:00,1
2019-04-15 18:04:00+00:00,1
2019-04-15 18:05:00+00:00,1
2019-04-15 18:06:00+00:00,1
2019-04-15 18:07:00+00:00,1
2019-04-15 18:08:00+00:00,1
2019-04-15 18:09:00+00:00,1
2019-04-15 18:10:00+00:00,1
2019-04-15 18:11:00+00:00,1
2019-04-15 18:12:00+00:00,1
2019-04-15 18:13:00+00:00,1
2019-04-15 18:14:00+00:00,1
2019-04-15 18:15:00+00:00,1
2019-04-15 18:16:00+00:00,1
2019-04-15 18:17:00+00:00,1
2019-04-15 18:18:00+00:00,1
2019-04-15 18:19:00+00:00,1
2019-04-15 18:20:00+00:00,1
2019-04-15 18:21:00+00:00,1
2019-04-15 18:22:00+00:00,1
2019-04-15 18:23:00+00:00,1
2019-04-15 18:24:00+00:00,1
2019-04-15 18:25:00+00:00,1
2019-04-15 18:26:00+00:00,1
2019-04-15 18:27:00+00:00,1
2019-04-15 18:28:00+00:00,1
2019-04-15 18:29:00+00:00,1
2019-04-15 18:30:00+00:00,1
2019-04-15 18:31:00+00:00,1
2019-04-15 18:32:00+00:00,1
2019-04-15 18:33:00+00:00,1
2019-04-15 18:34:00+00:00,1
2019-04-15 18:35:00+00:00,1
2019-04-15 18:36:00+00:00,1
2019-04-15 18:37:00+00:00,1
2019-04-15 18:38:00+00:00,1
2019-04-15 18:39:00+00:00,1
2019-04-15 18:40:00+00:00,1
2019-04-15 18:41:00+00:00,1
2019-04-15 18:42:00+00:00,1
2019-04-15 18:43:00+00:00,1
2019-04-15 18:44:00+00:00,1
2019-04-15 18:45:00+00:00,1
2019-04-15 18:46:00+00:00,1
2019-04-15 18:47:00+00:00,1
2019-04-15 18:48:00+00:00,1
2019-04-15 18:49:00+00:00,1
2019-04-15 18:50:00+00:00,1
2019-04-15 18:51:00+00:00,1
2019-04-15 18:52:00+00:00,1
2019-04-15 18:53:00+00:00,1
2019-04-15 18:54:00+00:00,1
2019-04-15 18:55:00+00:00,1
2019-04-15 18:56:00+00:00,1
2019-04-15 18:57:00+00:00,1
2019-04-15 18:58:00+00:00,1
2019-04-15 18:59:00+00:00,1
2019-04-15 19:00:00+00:00,1
2019-04-15 19:01:00+00:00,1
2019-04-15 19:02:00+00:00,1
2019-04-15 19:03:00+00:00,1
2019-04-15 19:04:00+00:00,1
2019-04-15 19:05:00+00:00,1
2019-04-15 19:06:00+00:00,1
2019-04-15 19:07:00+00:00,1
2019-04-15 19:08:00+00:00,1
2019-04-15 19:09:00+00:00,2
2019-04-15 19:10:00+00:00,2
2019-04-15 19:11:00+00:00,2
2019-04-15 19:12:00+00:00,2
2019-04-15 19:13:00+00:00,3
2019-04-15 19:14:00+00:00,3
2019-04-15 19:15:00+00:00,3
2019-04-15 19:16:00+00:00,3
2019-04-15 19:17:00+00:00,3
2019-04-15 19:18:00+00:00,3
2019-04-15 19:19:00+00:00,3
2019-04-15 19:20:00+00:00,3
2019-04-15 19:21:00+00:00,3
2019-04-15 19:22:00+00:00,3
2019-04-15 19:23:00+00:00,3
2019-04-15 19:24:00+00:00,3
2019-04-15 19:25:00+00:00,3
2019-04-15 19:26:00+00:00,3
2019-04-15 19:27:00+00:00,3
2019-04-15 19:28:00+00:00,3
2019-04-15 19:29:00+00:00,3
2019-04-15 19:30:00+00:00,3
2019-04-15 19:31:00+00:00,3
2019-04-15 19:32:00+00:00,3
2019-04-15 19:33:00+00:00,3
2019-04-15 19:34:00+00:00,3
2019-04-15 19:35:00+00:00,3
2019-04-15 19:36:00+00:00,3
2019-04-15 19:37:00+00:00,3
2019-04-15 19:38:00+00:00,3
2019-04-15 19:39:00+00:00,3
2019-04-15 19:40:00+00:00,3
2019-04-15 19:41:00+00:00,3
2019-04-15 19:42:00+00:00,2
2019-04-15 19:43:00+00:00,3
2019-04-15 19:44:00+00:00,3
2019-04-15 19:45:00+00:00,3
2019-04-15 19:46:00+00:00,3
2019-04-15 19:47:00+00:00,3
2019-04-15 19:48:00+00:00,2
2019-04-15 19:49:00+00:00,2
2019-04-15 19:50:00+00:00,2
2019-04-15 19:51:00+00:00,2
2019-04-15 19:52:00+00:00,2
2019-04-15 19:53:00+00:00,3
2019-04-15 19:54:00+00:00,2
2019-04-15 19:55:00+00:00,2
2019-04-15 19:56:00+00:00,3
2019-04-15 19:57:00+00:00,3
2019-04-15 19:58:00+00:00,2
2019-04-15 19:59:00+00:00,3
2019-04-15 20:00:00+00:00,2
2019-04-15 20:01:00+00:00,3
2019-04-15 20:02:00+00:00,3
2019-04-15 20:03:00+00:00,3
2019-04-15 20:04:00+00:00,3
2019-04-15 20:05:00+00:00,3
2019-04-15 20:06:00+00:00,3
2019-04-15 20:07:00+00:00,3
2019-04-15 20:08:00+00:00,3
2019-04-15 20:09:00+00:00,3
2019-04-15 20:10:00+00:00,3
2019-04-15 20:11:00+00:00,3
2019-04-15 20:12:00+00:00,3
2019-04-15 20:13:00+00:00,3
2019-04-15 20:14:00+00:00,3
2019-04-15 20:15:00+00:00,3
2019-04-15 20:16:00+00:00,3
2019-04-15 20:17:00+00:00,3
2019-04-15 20:18:00+00:00,3
2019-04-15 20:19:00+00:00,3
2019-04-15 20:20:00+00:00,3
2019-04-15 20:21:00+00:00,3
2019-04-15 20:22:00+00:00,1
2019-04-15 20:23:00+00:00,3
2019-04-15 20:24:00+00:00,3
2019-04-15 20:25:00+00:00,3
2019-04-15 20:26:00+00:00,3
2019-04-15 20:27:00+00:00,3
2019-04-15 20:28:00+00:00,3
2019-04-15 20:29:00+00:00,3
2019-04-15 20:30:00+00:00,3
2019-04-15 20:31:00+00:00,3
2019-04-15 20:32:00+00:00,3
2019-04-15 20:33:00+00:00,3
2019-04-15 20:34:00+00:00,3
2019-04-15 20:35:00+00:00,3
2019-04-15 20:36:00+00:00,3
2019-04-15 20:37:00+00:00,3
2019-04-15 20:38:00+00:00,3
2019-04-15 20:39:00+00:00,3
2019-04-15 20:40:00+00:00,3
2019-04-15 20:41:00+00:00,3
2019-04-15 20:42:00+00:00,3
2019-04-15 20:43:00+00:00,3
2019-04-15 20:44:00+00:00,3
2019-04-15 20:45:00+00:00,3
2019-04-15 20:46:00+00:00,3
2019-04-15 20:47:00+00:00,3
2019-04-15 20:48:00+00:00,3
2019-04-15 20:49:00+00:00,3
2019-04-15 20:50:00+00:00,3
2019-04-15 20:51:00+00:00,3
2019-04-15 20:52:00+00:00,3
2019-04-15 20:53:00+00:00,3
2019-04-15 20:54:00+00:00,3
2019-04-15 20:55:00+00:00,3
2019-04-15 20:56:00+00:00,3
2019-04-15 20:57:00+00:00,3
2019-04-15 20:58:00+00:00,3
2019-04-15 20:59:00+00:00,3
2019-04-15 21:00:00+00:00,3
2019-04-15 21:01:00+00:00,3
2019-04-15 21:02:00+00:00,3
2019-04-15 21:03:00+00:00,3
2019-04-15 21:04:00+00:00,3
2019-04-15 21:05:00+00:00,3
2019-04-15 21:06:00+00:00,3
2019-04-15 21:07:00+00:00,3
2019-04-15 21:08:00+00:00,3
2019-04-15 21:09:00+00:00,3
2019-04-15 21:10:00+00:00,3
2019-04-15 21:11:00+00:00,3
2019-04-15 21:12:00+00:00,3
2019-04-15 21:13:00+00:00,3
2019-04-15 21:14:00+00:00,3
2019-04-15 21:15:00+00:00,3
2019-04-15 21:16:00+00:00,3
2019-04-15 21:17:00+00:00,3
2019-04-15 21:18:00+00:00,3
2019-04-15 21:19:00+00:00,3
2019-04-15 21:20:00+00:00,3
2019-04-15 21:21:00+00:00,3
2019-04-15 21:22:00+00:00,3
2019-04-15 21:23:00+00:00,3
2019-04-15 21:24:00+00:00,3
2019-04-15 21:25:00+00:00,3
2019-04-15 21:26:00+00:00,2
2019-04-15 21:27:00+00:00,3
2019-04-15 21:28:00+00:00,3
2019-04-15 21:29:00+00:00,3
2019-04-15 21:30:00+00:00,3
2019-04-15 21:31:00+00:00,3
2019-04-15 21:32:00+00:00,3
2019-04-15 21:33:00+00:00,3
2019-04-15 21:34:00+00:00,3
2019-04-15 21:35:00+00:00,3
2019-04-15 21:36:00+00:00,3
2019-04-15 21:37:00+00:00,3
2019-04-15 21:38:00+00:00,3
2019-04-15 21:39:00+00:00,3
2019-04-15 21:40:00+00:00,3
2019-04-15 21:41:00+00:00,3
2019-04-15 21:42:00+00:00,3
2019-04-15 21:43:00+00:00,3
2019-04-15 21:44:00+00:00,3
2019-04-15 21:45:00+00:00,3
2019-04-15 21:46:00+00:00,3
2019-04-15 21:47:00+00:00,3
2019-04-15 21:48:00+00:00,3
2019-04-15 21:49:00+00:00,3
2019-04-15 21:50:00+00:00,3
2019-04-15 21:51:00+00:00,3
2019-04-15 21:52:00+00:00,3
2019-04-15 21:53:00+00:00,3
2019-04-15 21:54:00+00:00,3
2019-04-15 21:55:00+00:00,2
2019-04-15 21:56:00+00:00,3
2019-04-15 21:57:00+00:00,2
2019-04-15 21:58:00+00:00,3
2019-04-15 21:59:00+00:00,3
2019-04-15 22:00:00+00:00,3
2019-04-15 22:01:00+00:00,3
2019-04-15 22:02:00+00:00,2
2019-04-15 22:03:00+00:00,2
2019-04-15 22:04:00+00:00,2
2019-04-15 22:05:00+00:00,2
2019-04-15 22:06:00+00:00,2
2019-04-15 22:07:00+00:00,2
2019-04-15 22:08:00+00:00,2
2019-04-15 22:09:00+00:00,2
2019-04-15 22:10:00+00:00,2
2019-04-15 22:11:00+00:00,2
2019-04-15 22:12:00+00:00,2
2019-04-15 22:13:00+00:00,2
2019-04-15 22:14:00+00:00,2
2019-04-15 22:15:00+00:00,2
2019-04-15 22:16:00+00:00,1
2019-04-15 22:22:00+00:00,1
2019-04-15 22:23:00+00:00,1
2019-04-15 22:26:00+00:00,2
2019-04-15 22:28:00+00:00,2
2019-04-15 22:29:00+00:00,2
2019-04-15 22:30:00+00:00,2
2019-04-15 22:31:00+00:00,2
2019-04-15 22:32:00+00:00,2
2019-04-15 22:33:00+00:00,2
2019-04-15 22:34:00+00:00,2
2019-04-15 22:35:00+00:00,2
2019-04-15 22:36:00+00:00,2
2019-04-15 22:37:00+00:00,2
2019-04-15 22:38:00+00:00,2
2019-04-15 22:39:00+00:00,2
2019-04-15 22:40:00+00:00,2
2019-04-15 22:41:00+00:00,2
2019-04-15 22:42:00+00:00,2
2019-04-15 22:43:00+00:00,2
2019-04-15 22:44:00+00:00,2
2019-04-15 22:45:00+00:00,2
2019-04-15 22:46:00+00:00,2
2019-04-15 22:47:00+00:00,2
2019-04-15 22:48:00+00:00,2
2019-04-15 22:49:00+00:00,2
2019-04-15 22:50:00+00:00,2
2019-04-15 22:51:00+00:00,2
2019-04-15 22:52:00+00:00,2
2019-04-15 22:53:00+00:00,2
2019-04-15 22:54:00+00:00,2
2019-04-15 22:55:00+00:00,2
2019-04-15 22:56:00+00:00,2
2019-04-15 23:00:00+00:00,3
2019-04-15 23:01:00+00:00,3
2019-04-15 23:02:00+00:00,3
2019-04-15 23:03:00+00:00,3
2019-04-15 23:04:00+00:00,3
2019-04-15 23:05:00+00:00,3
2019-04-15 23:06:00+00:00,3
2019-04-15 23:07:00+00:00,3
2019-04-15 23:08:00+00:00,3
2019-04-15 23:09:00+00:00,1
2019-04-15 23:10:00+00:00,1
2019-04-15 23:11:00+00:00,1
2019-04-15 23:12:00+00:00,1
2019-04-15 23:13:00+00:00,2
2019-04-15 23:14:00+00:00,2
2019-04-15 23:15:00+00:00,2
2019-04-15 23:16:00+00:00,3
2019-04-15 23:17:00+00:00,3
2019-04-15 23:18:00+00:00,3
2019-04-15 23:19:00+00:00,3
2019-04-15 23:20:00+00:00,3
2019-04-15 23:21:00+00:00,3
2019-04-15 23:22:00+00:00,3
2019-04-15 23:23:00+00:00,2
2019-04-15 23:24:00+00:00,3
2019-04-15 23:25:00+00:00,3
2019-04-15 23:26:00+00:00,3
2019-04-15 23:27:00+00:00,3
2019-04-15 23:28:00+00:00,3
2019-04-15 23:29:00+00:00,3
2019-04-15 23:30:00+00:00,3
2019-04-15 23:31:00+00:00,3
2019-04-15 23:32:00+00:00,3
2019-04-15 23:33:00+00:00,2
2019-04-15 23:34:00+00:00,2
2019-04-15 23:35:00+00:00,1
2019-04-15 23:36:00+00:00,2
2019-04-15 23:37:00+00:00,2
2019-04-15 23:38:00+00:00,1
2019-04-15 23:39:00+00:00,1
2019-04-15 23:40:00+00:00,1
2019-04-15 23:45:00+00:00,2
2019-04-15 23:46:00+00:00,2
2019-04-15 23:47:00+00:00,2
2019-04-15 23:48:00+00:00,2
2019-04-15 23:49:00+00:00,2
2019-04-15 23:50:00+00:00,2
2019-04-15 23:51:00+00:00,2
2019-04-15 23:52:00+00:00,2
2019-04-15 23:53:00+00:00,2
2019-04-15 23:54:00+00:00,2
2019-04-15 23:55:00+00:00,2
2019-04-15 23:56:00+00:00,2
2019-04-15 23:57:00+00:00,2
2019-04-15 23:58:00+00:00,2
2019-04-15 23:59:00+00:00,2
2019-04-16 00:00:00+00:00,2
2019-04-16 00:01:00+00:00,2
2019-04-16 00:02:00+00:00,2
2019-04-16 00:03:00+00:00,2
2019-04-16 00:04:00+00:00,2
2019-04-16 00:05:00+00:00,2
2019-04-16 00:06:00+00:00,1
2019-04-16 00:07:00+00:00,1
2019-04-16 00:08:00+00:00,1
2019-04-16 00:09:00+00:00,1
2019-04-16 00:10:00+00:00,1
2019-04-16 00:11:00+00:00,1
2019-04-16 00:12:00+00:00,1
2019-04-16 00:13:00+00:00,1
2019-04-16 00:14:00+00:00,1
2019-04-16 00:15:00+00:00,1
2019-04-16 00:16:00+00:00,1
2019-04-16 00:17:00+00:00,2
2019-04-16 00:18:00+00:00,2
2019-04-16 00:19:00+00:00,2
2019-04-16 00:20:00+00:00,2
2019-04-16 00:21:00+00:00,2
2019-04-16 00:22:00+00:00,2
2019-04-16 00:23:00+00:00,2
2019-04-16 00:24:00+00:00,2
2019-04-16 00:25:00+00:00,2
2019-04-16 00:26:00+00:00,2
2019-04-16 00:27:00+00:00,2
2019-04-16 00:28:00+00:00,2
2019-04-16 00:29:00+00:00,2
2019-04-16 00:30:00+00:00,1
2019-04-16 00:31:00+00:00,1
2019-04-16 00:32:00+00:00,1
2019-04-16 00:33:00+00:00,1
2019-04-16 00:34:00+00:00,1
2019-04-16 00:35:00+00:00,1
2019-04-16 00:36:00+00:00,1
2019-04-16 00:37:00+00:00,1
2019-04-16 00:38:00+00:00,1
2019-04-16 00:39:00+00:00,1
2019-04-16 00:40:00+00:00,1
2019-04-16 00:41:00+00:00,1
2019-04-16 00:42:00+00:00,1
2019-04-16 00:43:00+00:00,2
2019-04-16 00:44:00+00:00,2
2019-04-16 00:45:00+00:00,2
2019-04-16 00:46:00+00:00,2
2019-04-16 00:47:00+00:00,2
2019-04-16 00:48:00+00:00,2
2019-04-16 00:49:00+00:00,2
2019-04-16 00:50:00+00:00,1
2019-04-16 00:51:00+00:00,2
2019-04-16 00:52:00+00:00,1
2019-04-16 00:53:00+00:00,2
2019-04-16 00:54:00+00:00,2
2019-04-16 00:55:00+00:00,2
2019-04-16 00:56:00+00:00,2
2019-04-16 00:57:00+00:00,2
2019-04-16 00:58:00+00:00,2
2019-04-16 00:59:00+00:00,2
2019-04-16 01:00:00+00:00,1
2019-04-16 01:01:00+00:00,1
2019-04-16 01:02:00+00:00,1
2019-04-16 01:03:00+00:00,1
2019-04-16 01:04:00+00:00,1
2019-04-16 01:05:00+00:00,1
2019-04-16 01:06:00+00:00,1
2019-04-16 01:07:00+00:00,1
2019-04-16 01:08:00+00:00,1
2019-04-16 01:09:00+00:00,1
2019-04-16 01:10:00+00:00,1
2019-04-16 01:11:00+00:00,2
2019-04-16 01:12:00+00:00,2
2019-04-16 01:13:00+00:00,2
2019-04-16 01:14:00+00:00,2
2019-04-16 01:15:00+00:00,2
2019-04-16 01:16:00+00:00,2
2019-04-16 01:17:00+00:00,2
2019-04-16 01:18:00+00:00,2
2019-04-16 01:19:00+00:00,2
2019-04-16 01:20:00+00:00,2
2019-04-16 01:21:00+00:00,2
2019-04-16 01:22:00+00:00,2
2019-04-16 01:23:00+00:00,2
2019-04-16 01:24:00+00:00,2
2019-04-16 01:25:00+00:00,2
2019-04-16 01:26:00+00:00,2
2019-04-16 01:27:00+00:00,2
2019-04-16 01:28:00+00:00,2
2019-04-16 01:29:00+00:00,2
2019-04-16 01:30:00+00:00,2
2019-04-16 01:31:00+00:00,2
2019-04-16 01:32:00+00:00,2
2019-04-16 01:33:00+00:00,2
2019-04-16 01:34:00+00:00,2
2019-04-16 01:35:00+00:00,2
2019-04-16 01:36:00+00:00,2
2019-04-16 01:37:00+00:00,2
2019-04-16 01:38:00+00:00,2
2019-04-16 01:39:00+00:00,2
2019-04-16 01:40:00+00:00,2
2019-04-16 01:41:00+00:00,2
2019-04-16 01:42:00+00:00,2
2019-04-16 01:43:00+00:00,2
2019-04-16 01:44:00+00:00,2
2019-04-16 01:45:00+00:00,2
2019-04-16 01:46:00+00:00,1
2019-04-16 01:47:00+00:00,1
2019-04-16 01:48:00+00:00,1
2019-04-16 01:49:00+00:00,1
2019-04-16 01:50:00+00:00,1
2019-04-16 01:51:00+00:00,1
2019-04-16 01:52:00+00:00,1
2019-04-16 01:53:00+00:00,1
2019-04-16 01:54:00+00:00,1
2019-04-16 01:55:00+00:00,1
2019-04-16 01:56:00+00:00,1
2019-04-16 01:57:00+00:00,1
2019-04-16 01:58:00+00:00,1
2019-04-16 01:59:00+00:00,1
2019-04-16 02:00:00+00:00,1
2019-04-16 02:01:00+00:00,1
2019-04-16 02:02:00+00:00,1
2019-04-16 02:03:00+00:00,1
2019-04-16 02:04:00+00:00,1
2019-04-16 02:05:00+00:00,1
2019-04-16 02:06:00+00:00,1
2019-04-16 02:07:00+00:00,1
2019-04-16 02:08:00+00:00,1
2019-04-16 02:09:00+00:00,1
2019-04-16 17:32:00+00:00,1
2019-04-16 17:33:00+00:00,1
2019-04-16 17:34:00+00:00,1
2019-04-16 17:35:00+00:00,1
2019-04-16 17:36:00+00:00,1
2019-04-16 17:37:00+00:00,1
2019-04-16 17:38:00+00:00,1
2019-04-16 17:39:00+00:00,1
2019-04-16 17:40:00+00:00,1
2019-04-16 17:41:00+00:00,1
2019-04-16 17:42:00+00:00,1
2019-04-16 17:43:00+00:00,1
2019-04-16 17:44:00+00:00,1
2019-04-16 17:45:00+00:00,1
2019-04-16 17:46:00+00:00,1
2019-04-16 17:47:00+00:00,1
2019-04-16 17:48:00+00:00,1
2019-04-16 17:49:00+00:00,1
2019-04-16 17:50:00+00:00,1
2019-04-16 17:51:00+00:00,1
2019-04-16 17:52:00+00:00,1
2019-04-16 17:53:00+00:00,1
2019-04-16 17:54:00+00:00,1
2019-04-16 17:55:00+00:00,1
2019-04-16 17:56:00+00:00,1
2019-04-16 17:57:00+00:00,1
2019-04-16 17:58:00+00:00,1
2019-04-16 17:59:00+00:00,1
2019-04-16 18:00:00+00:00,1
2019-04-16 18:01:00+00:00,1
2019-04-16 18:02:00+00:00,1
2019-04-16 18:03:00+00:00,1
2019-04-16 18:04:00+00:00,1
2019-04-16 18:05:00+00:00,1
2019-04-16 18:06:00+00:00,1
2019-04-16 18:07:00+00:00,1
2019-04-16 18:08:00+00:00,1
2019-04-16 18:09:00+00:00,1
2019-04-16 18:10:00+00:00,1
2019-04-16 18:11:00+00:00,1
2019-04-16 18:12:00+00:00,1
2019-04-16 18:13:00+00:00,1
2019-04-16 18:14:00+00:00,1
2019-04-16 18:15:00+00:00,1
2019-04-16 18:16:00+00:00,1
2019-04-16 18:17:00+00:00,1
2019-04-16 18:18:00+00:00,1
2019-04-16 18:19:00+00:00,1
2019-04-16 18:20:00+00:00,1
2019-04-16 18:21:00+00:00,1
2019-04-16 18:22:00+00:00,1
2019-04-16 18:23:00+00:00,1
2019-04-16 18:24:00+00:00,1
2019-04-16 18:25:00+00:00,1
2019-04-16 18:26:00+00:00,1
2019-04-16 18:27:00+00:00,1
2019-04-16 18:28:00+00:00,1
2019-04-16 18:29:00+00:00,1
2019-04-16 18:30:00+00:00,1
2019-04-16 18:31:00+00:00,1
2019-04-16 18:32:00+00:00,1
2019-04-16 18:33:00+00:00,1
2019-04-16 18:34:00+00:00,1
2019-04-16 18:35:00+00:00,1
2019-04-16 18:36:00+00:00,1
2019-04-16 18:37:00+00:00,1
2019-04-16 18:38:00+00:00,1
2019-04-16 18:39:00+00:00,1
2019-04-16 18:40:00+00:00,1
2019-04-16 18:41:00+00:00,1
2019-04-16 18:42:00+00:00,1
2019-04-16 18:43:00+00:00,1
2019-04-16 18:44:00+00:00,1
2019-04-16 18:45:00+00:00,1
2019-04-16 18:46:00+00:00,1
2019-04-16 18:47:00+00:00,1
2019-04-16 18:48:00+00:00,1
2019-04-16 18:49:00+00:00,1
2019-04-16 18:50:00+00:00,1
2019-04-16 18:51:00+00:00,1
2019-04-16 18:52:00+00:00,1
2019-04-16 18:53:00+00:00,1
2019-04-16 18:54:00+00:00,1
2019-04-16 18:55:00+00:00,1
2019-04-16 18:56:00+00:00,1
2019-04-16 18:57:00+00:00,1
2019-04-16 18:58:00+00:00,1
2019-04-16 18:59:00+00:00,1
2019-04-16 19:00:00+00:00,1
2019-04-16 19:01:00+00:00,1
2019-04-16 19:02:00+00:00,1
2019-04-16 19:03:00+00:00,1
2019-04-16 19:04:00+00:00,1
2019-04-16 19:05:00+00:00,1
2019-04-16 19:06:00+00:00,1
2019-04-16 19:07:00+00:00,1
2019-04-16 19:08:00+00:00,1
2019-04-16 19:09:00+00:00,1
2019-04-16 19:10:00+00:00,1
2019-04-16 19:11:00+00:00,1
2019-04-16 19:12:00+00:00,1
2019-04-16 19:13:00+00:00,1
2019-04-16 19:14:00+00:00,1
2019-04-16 19:15:00+00:00,1
2019-04-16 19:16:00+00:00,1
2019-04-16 19:17:00+00:00,1
2019-04-16 19:18:00+00:00,1
2019-04-16 19:19:00+00:00,1
2019-04-16 19:20:00+00:00,1
2019-04-16 19:21:00+00:00,1
2019-04-16 19:22:00+00:00,1
2019-04-16 19:23:00+00:00,1
2019-04-16 19:24:00+00:00,1
2019-04-16 19:25:00+00:00,1
2019-04-16 19:26:00+00:00,1
2019-04-16 19:27:00+00:00,1
2019-04-16 19:28:00+00:00,1
2019-04-16 19:29:00+00:00,1
2019-04-16 19:30:00+00:00,1
2019-04-16 19:31:00+00:00,1
2019-04-16 19:32:00+00:00,1
2019-04-16 19:33:00+00:00,1
2019-04-16 19:34:00+00:00,1
2019-04-16 19:35:00+00:00,1
2019-04-16 19:36:00+00:00,1
2019-04-16 19:37:00+00:00,1
2019-04-16 19:38:00+00:00,1
2019-04-16 19:39:00+00:00,1
2019-04-16 19:40:00+00:00,1
2019-04-16 19:41:00+00:00,1
2019-04-16 19:42:00+00:00,1
2019-04-16 19:43:00+00:00,1
2019-04-16 19:44:00+00:00,1
2019-04-16 19:45:00+00:00,1
2019-04-16 19:46:00+00:00,1
2019-04-16 19:47:00+00:00,1
2019-04-16 19:48:00+00:00,1
2019-04-16 19:49:00+00:00,1
2019-04-16 19:50:00+00:00,1
2019-04-16 19:51:00+00:00,1
2019-04-16 19:52:00+00:00,1
2019-04-16 19:53:00+00:00,1
2019-04-16 19:54:00+00:00,1
2019-04-16 19:55:00+00:00,1
2019-04-16 19:56:00+00:00,1
2019-04-16 19:57:00+00:00,1
2019-04-16 19:58:00+00:00,1
2019-04-16 19:59:00+00:00,1
2019-04-16 20:00:00+00:00,1
2019-04-16 20:01:00+00:00,1
2019-04-16 20:02:00+00:00,1
2019-04-16 20:03:00+00:00,1
2019-04-16 20:04:00+00:00,1
2019-04-16 20:05:00+00:00,1
2019-04-16 20:06:00+00:00,1
2019-04-16 20:07:00+00:00,1
2019-04-16 20:08:00+00:00,1
2019-04-16 20:09:00+00:00,1
2019-04-16 20:10:00+00:00,1
2019-04-16 20:11:00+00:00,1
2019-04-16 20:12:00+00:00,1
2019-04-16 20:13:00+00:00,1
2019-04-16 20:14:00+00:00,1
2019-04-16 20:15:00+00:00,1
2019-04-16 20:16:00+00:00,1
2019-04-16 20:17:00+00:00,1
2019-04-16 20:18:00+00:00,1
2019-04-16 20:19:00+00:00,1
2019-04-16 20:20:00+00:00,1
2019-04-16 20:21:00+00:00,1
2019-04-16 20:22:00+00:00,1
2019-04-16 20:23:00+00:00,1
2019-04-16 20:24:00+00:00,1
2019-04-16 20:25:00+00:00,1
2019-04-16 20:26:00+00:00,1
2019-04-16 20:27:00+00:00,1
2019-04-16 20:28:00+00:00,1
2019-04-16 20:29:00+00:00,1
2019-04-16 20:30:00+00:00,1
2019-04-16 20:31:00+00:00,1
2019-04-16 20:32:00+00:00,1
2019-04-16 20:33:00+00:00,1
2019-04-16 20:34:00+00:00,1
2019-04-16 20:35:00+00:00,1
2019-04-16 20:36:00+00:00,1
2019-04-16 20:37:00+00:00,1
2019-04-16 20:38:00+00:00,1
2019-04-16 20:39:00+00:00,1
2019-04-16 20:40:00+00:00,1
2019-04-16 20:41:00+00:00,1
2019-04-16 20:42:00+00:00,1
2019-04-16 20:43:00+00:00,1
2019-04-16 20:44:00+00:00,1
2019-04-16 20:45:00+00:00,1
2019-04-16 20:46:00+00:00,1
2019-04-16 20:47:00+00:00,1
2019-04-16 20:48:00+00:00,1
2019-04-16 20:49:00+00:00,1
2019-04-16 20:50:00+00:00,1
2019-04-16 20:51:00+00:00,1
2019-04-16 20:53:00+00:00,1
2019-04-16 20:55:00+00:00,1
2019-04-16 20:56:00+00:00,1
2019-04-16 20:57:00+00:00,1
2019-04-16 20:58:00+00:00,1
2019-04-16 20:59:00+00:00,1
2019-04-16 21:00:00+00:00,1
2019-04-16 21:01:00+00:00,1
2019-04-16 21:02:00+00:00,1
2019-04-16 21:03:00+00:00,1
2019-04-16 21:04:00+00:00,1
2019-04-16 21:05:00+00:00,1
2019-04-16 21:06:00+00:00,1
2019-04-16 21:07:00+00:00,1
2019-04-16 21:08:00+00:00,1
2019-04-16 21:09:00+00:00,1
2019-04-16 21:10:00+00:00,1
2019-04-16 21:11:00+00:00,1
2019-04-16 21:12:00+00:00,1
2019-04-16 21:13:00+00:00,1
2019-04-16 21:14:00+00:00,1
2019-04-16 21:15:00+00:00,1
2019-04-16 21:16:00+00:00,1
2019-04-16 21:17:00+00:00,1
2019-04-16 21:18:00+00:00,1
2019-04-16 21:19:00+00:00,1
2019-04-16 21:20:00+00:00,1
2019-04-16 21:21:00+00:00,1
2019-04-16 21:22:00+00:00,1
2019-04-16 21:23:00+00:00,1
2019-04-16 21:24:00+00:00,1
2019-04-16 21:25:00+00:00,1
2019-04-16 21:26:00+00:00,1
2019-04-16 21:27:00+00:00,1
2019-04-16 21:28:00+00:00,1
2019-04-16 21:29:00+00:00,1
2019-04-16 21:30:00+00:00,1
2019-04-16 21:31:00+00:00,1
2019-04-16 21:32:00+00:00,1
2019-04-16 21:33:00+00:00,1
2019-04-16 21:34:00+00:00,1
2019-04-16 21:35:00+00:00,1
2019-04-16 21:36:00+00:00,1
2019-04-16 21:37:00+00:00,1
2019-04-16 21:38:00+00:00,1
2019-04-16 21:39:00+00:00,1
2019-04-16 21:40:00+00:00,1
2019-04-16 21:41:00+00:00,1
2019-04-16 21:42:00+00:00,1
2019-04-16 21:43:00+00:00,1
2019-04-16 21:44:00+00:00,1
2019-04-16 21:45:00+00:00,1
2019-04-16 21:46:00+00:00,1
2019-04-16 21:47:00+00:00,1
2019-04-16 21:48:00+00:00,1
2019-04-16 21:49:00+00:00,1
2019-04-16 21:50:00+00:00,1
2019-04-16 21:51:00+00:00,1
2019-04-16 21:52:00+00:00,1
2019-04-16 21:53:00+00:00,1
2019-04-16 21:54:00+00:00,1
2019-04-16 21:55:00+00:00,1
2019-04-16 21:56:00+00:00,1
2019-04-16 21:57:00+00:00,1
2019-04-16 21:58:00+00:00,1
2019-04-16 21:59:00+00:00,1
2019-04-16 22:00:00+00:00,1
2019-04-16 22:01:00+00:00,1
2019-04-16 22:02:00+00:00,1
2019-04-16 22:03:00+00:00,1
2019-04-16 22:04:00+00:00,1
2019-04-16 22:05:00+00:00,1
2019-04-16 22:06:00+00:00,1
2019-04-16 22:07:00+00:00,1
2019-04-16 22:08:00+00:00,1
2019-04-16 22:09:00+00:00,1
2019-04-16 22:10:00+00:00,1
2019-04-16 22:11:00+00:00,1
2019-04-16 22:12:00+00:00,1
2019-04-16 22:13:00+00:00,1
2019-04-16 22:14:00+00:00,1
2019-04-16 22:15:00+00:00,1
2019-04-16 22:16:00+00:00,1
2019-04-16 22:17:00+00:00,1
2019-04-16 22:18:00+00:00,1
2019-04-16 22:19:00+00:00,1
2019-04-16 22:20:00+00:00,1
2019-04-16 22:21:00+00:00,1
2019-04-16 22:22:00+00:00,1
2019-04-16 22:23:00+00:00,1
2019-04-16 22:24:00+00:00,1
2019-04-16 22:25:00+00:00,1
2019-04-16 22:26:00+00:00,1
2019-04-16 22:27:00+00:00,1
2019-04-16 22:28:00+00:00,1
2019-04-16 22:29:00+00:00,1
2019-04-16 22:30:00+00:00,1
2019-04-16 22:31:00+00:00,1
2019-04-16 22:32:00+00:00,1
2019-04-16 22:33:00+00:00,1
2019-04-16 22:34:00+00:00,1
2019-04-16 22:35:00+00:00,1
2019-04-16 22:36:00+00:00,1
2019-04-16 22:37:00+00:00,1
2019-04-16 22:38:00+00:00,1
2019-04-16 22:39:00+00:00,1
2019-04-16 22:40:00+00:00,1
2019-04-16 22:41:00+00:00,1
2019-04-16 22:42:00+00:00,1
2019-04-16 22:43:00+00:00,1
2019-04-16 22:44:00+00:00,1
2019-04-16 22:45:00+00:00,1
2019-04-16 22:46:00+00:00,1
2019-04-16 22:47:00+00:00,1
2019-04-16 22:48:00+00:00,1
2019-04-16 22:49:00+00:00,1
2019-04-16 22:50:00+00:00,1
2019-04-16 22:51:00+00:00,1
2019-04-16 22:52:00+00:00,1
2019-04-16 22:53:00+00:00,1
2019-04-16 22:54:00+00:00,1
2019-04-16 22:55:00+00:00,1
2019-04-16 22:56:00+00:00,1
2019-04-16 22:57:00+00:00,1
2019-04-16 22:58:00+00:00,1
2019-04-16 22:59:00+00:00,1
2019-04-16 23:00:00+00:00,1
2019-04-16 23:01:00+00:00,1
2019-04-16 23:02:00+00:00,1
2019-04-16 23:03:00+00:00,1
2019-04-16 23:04:00+00:00,1
2019-04-16 23:05:00+00:00,1
2019-04-16 23:06:00+00:00,1
2019-04-16 23:07:00+00:00,1
2019-04-16 23:08:00+00:00,1
2019-04-16 23:09:00+00:00,1
2019-04-16 23:10:00+00:00,1
2019-04-16 23:11:00+00:00,1
2019-04-16 23:12:00+00:00,1
2019-04-16 23:13:00+00:00,1
2019-04-16 23:14:00+00:00,1
2019-04-16 23:15:00+00:00,1
2019-04-16 23:16:00+00:00,1
2019-04-16 23:17:00+00:00,1
2019-04-16 23:18:00+00:00,1
2019-04-16 23:19:00+00:00,1
2019-04-16 23:20:00+00:00,1
2019-04-16 23:21:00+00:00,1
2019-04-16 23:22:00+00:00,1
2019-04-16 23:23:00+00:00,1
2019-04-16 23:24:00+00:00,1
2019-04-16 23:25:00+00:00,1
2019-04-16 23:26:00+00:00,1
2019-04-16 23:27:00+00:00,1
2019-04-16 23:28:00+00:00,1
2019-04-16 23:29:00+00:00,1
2019-04-16 23:30:00+00:00,1
2019-04-16 23:31:00+00:00,1
2019-04-16 23:32:00+00:00,1
2019-04-16 23:33:00+00:00,1
2019-04-16 23:34:00+00:00,1
2019-04-16 23:35:00+00:00,1
2019-04-16 23:36:00+00:00,1
2019-04-16 23:37:00+00:00,1
2019-04-16 23:38:00+00:00,1
2019-04-16 23:39:00+00:00,1
2019-04-16 23:40:00+00:00,1
2019-04-16 23:41:00+00:00,1
2019-04-16 23:42:00+00:00,1
2019-04-16 23:43:00+00:00,1
2019-04-16 23:44:00+00:00,1
2019-04-16 23:45:00+00:00,1
2019-04-16 23:46:00+00:00,1
2019-04-16 23:47:00+00:00,1
2019-04-18 15:24:00+00:00,1
2019-04-18 15:25:00+00:00,1
2019-04-18 15:26:00+00:00,1
2019-04-18 15:28:00+00:00,1
2019-04-18 15:29:00+00:00,1
2019-04-18 15:30:00+00:00,1
2019-04-18 15:31:00+00:00,1
2019-04-18 15:32:00+00:00,1
2019-04-18 15:33:00+00:00,1
2019-04-18 15:34:00+00:00,1
2019-04-18 15:35:00+00:00,1
2019-04-18 15:36:00+00:00,1
2019-04-18 15:37:00+00:00,1
2019-04-18 15:38:00+00:00,1
2019-04-18 15:39:00+00:00,1
2019-04-18 15:40:00+00:00,1
2019-04-18 15:41:00+00:00,1
2019-04-18 15:42:00+00:00,1
2019-04-18 15:43:00+00:00,1
2019-04-18 15:44:00+00:00,1
2019-04-18 15:45:00+00:00,1
2019-04-18 15:46:00+00:00,1
2019-04-18 15:47:00+00:00,1
2019-04-18 15:48:00+00:00,1
2019-04-18 15:49:00+00:00,1
2019-04-18 15:50:00+00:00,1
2019-04-18 15:51:00+00:00,1
2019-04-18 15:52:00+00:00,1
2019-04-18 15:53:00+00:00,1
2019-04-18 15:54:00+00:00,1
2019-04-18 15:55:00+00:00,1
2019-04-18 15:56:00+00:00,1
2019-04-18 15:57:00+00:00,1
2019-04-18 15:58:00+00:00,1
2019-04-18 15:59:00+00:00,1
2019-04-18 16:00:00+00:00,1
2019-04-18 16:01:00+00:00,1
2019-04-18 16:02:00+00:00,1
2019-04-18 16:03:00+00:00,1
2019-04-18 16:04:00+00:00,1
2019-04-18 16:05:00+00:00,1
2019-04-18 16:06:00+00:00,1
2019-04-18 16:07:00+00:00,1
2019-04-18 16:08:00+00:00,1
2019-04-18 16:09:00+00:00,1
2019-04-18 16:10:00+00:00,1
2019-04-18 16:11:00+00:00,1
2019-04-18 16:12:00+00:00,1
2019-04-18 16:13:00+00:00,1
2019-04-18 16:14:00+00:00,1
2019-04-18 16:15:00+00:00,1
2019-04-18 16:16:00+00:00,1
2019-04-18 16:17:00+00:00,1
2019-04-18 16:18:00+00:00,1
2019-04-18 16:19:00+00:00,1
2019-04-18 16:20:00+00:00,1
2019-04-18 16:21:00+00:00,1
2019-04-18 16:22:00+00:00,1
2019-04-18 16:23:00+00:00,1
2019-04-18 16:24:00+00:00,1
2019-04-18 16:25:00+00:00,1
2019-04-18 16:26:00+00:00,1
2019-04-18 16:27:00+00:00,1
2019-04-18 16:28:00+00:00,1
2019-04-18 16:29:00+00:00,1
2019-04-18 16:30:00+00:00,1
2019-04-18 16:31:00+00:00,1
2019-04-18 16:32:00+00:00,1
2019-04-18 16:33:00+00:00,1
2019-04-18 16:34:00+00:00,1
2019-04-18 16:35:00+00:00,1
2019-04-18 16:36:00+00:00,1
2019-04-18 16:37:00+00:00,1
2019-04-18 16:38:00+00:00,1
2019-04-18 16:39:00+00:00,1
2019-04-18 16:40:00+00:00,1
2019-04-18 16:41:00+00:00,1
2019-04-18 16:42:00+00:00,1
2019-04-18 16:43:00+00:00,1
2019-04-18 16:44:00+00:00,1
2019-04-18 16:45:00+00:00,1
2019-04-18 16:46:00+00:00,1
2019-04-18 16:47:00+00:00,1
2019-04-18 16:48:00+00:00,1
2019-04-18 16:49:00+00:00,1
2019-04-18 16:50:00+00:00,1
2019-04-18 16:52:00+00:00,1
2019-04-18 16:53:00+00:00,1
2019-04-18 16:54:00+00:00,1
2019-04-18 16:55:00+00:00,1
2019-04-18 16:56:00+00:00,1
2019-04-18 16:57:00+00:00,1
2019-04-18 16:58:00+00:00,1
2019-04-18 16:59:00+00:00,1
2019-04-18 17:00:00+00:00,1
2019-04-18 17:01:00+00:00,1
2019-04-18 17:02:00+00:00,1
2019-04-18 17:03:00+00:00,1
2019-04-18 17:04:00+00:00,1
2019-04-18 17:05:00+00:00,1
2019-04-18 17:06:00+00:00,1
2019-04-18 17:07:00+00:00,1
2019-04-18 17:08:00+00:00,1
2019-04-18 17:09:00+00:00,1
2019-04-18 17:10:00+00:00,1
2019-04-18 17:11:00+00:00,1
2019-04-18 17:12:00+00:00,1
2019-04-18 17:13:00+00:00,1
2019-04-18 17:14:00+00:00,1
2019-04-18 17:15:00+00:00,1
2019-04-18 17:16:00+00:00,1
2019-04-18 17:17:00+00:00,1
2019-04-18 17:18:00+00:00,1
2019-04-18 17:19:00+00:00,1
2019-04-18 17:20:00+00:00,1
2019-04-18 17:21:00+00:00,1
2019-04-18 17:22:00+00:00,1
2019-04-18 17:23:00+00:00,1
2019-04-18 17:25:00+00:00,1
2019-04-18 17:26:00+00:00,1
2019-04-18 17:27:00+00:00,1
2019-04-18 17:28:00+00:00,1
2019-04-18 17:33:00+00:00,1
2019-04-18 17:35:00+00:00,1
2019-04-18 17:36:00+00:00,1
2019-04-18 17:37:00+00:00,1
2019-04-18 17:38:00+00:00,1
2019-04-18 17:39:00+00:00,1
2019-04-18 17:40:00+00:00,1
2019-04-18 17:41:00+00:00,1
2019-04-18 17:42:00+00:00,1
2019-04-18 17:43:00+00:00,1
2019-04-18 17:44:00+00:00,1
2019-04-18 17:45:00+00:00,1
2019-04-18 17:46:00+00:00,1
2019-04-18 17:47:00+00:00,1
2019-04-18 17:48:00+00:00,1
2019-04-18 17:49:00+00:00,1
2019-04-18 17:50:00+00:00,1
2019-04-18 17:51:00+00:00,1
2019-04-18 17:52:00+00:00,1
2019-04-18 17:53:00+00:00,1
2019-04-18 17:54:00+00:00,1
2019-04-18 17:55:00+00:00,1
2019-04-18 17:56:00+00:00,1
2019-04-18 17:57:00+00:00,1
2019-04-18 17:58:00+00:00,1
2019-04-18 17:59:00+00:00,1
2019-04-18 18:00:00+00:00,1
2019-04-18 18:01:00+00:00,1
2019-04-18 18:02:00+00:00,1
2019-04-18 18:03:00+00:00,1
2019-04-18 18:04:00+00:00,1
2019-04-18 18:05:00+00:00,1
2019-04-18 18:06:00+00:00,1
2019-04-18 18:07:00+00:00,1
2019-04-18 18:08:00+00:00,1
2019-04-18 18:09:00+00:00,1
2019-04-18 18:10:00+00:00,1
2019-04-18 18:11:00+00:00,1
2019-04-18 18:12:00+00:00,1
2019-04-18 18:13:00+00:00,1
2019-04-18 18:14:00+00:00,1
2019-04-18 18:15:00+00:00,1
2019-04-18 18:16:00+00:00,1
2019-04-18 18:17:00+00:00,1
2019-04-18 18:18:00+00:00,1
2019-04-18 18:19:00+00:00,1
2019-04-18 18:20:00+00:00,1
2019-04-18 18:21:00+00:00,1
2019-04-18 18:22:00+00:00,1
2019-04-18 18:23:00+00:00,1
2019-04-18 18:24:00+00:00,1
2019-04-18 18:25:00+00:00,1
2019-04-18 18:26:00+00:00,1
2019-04-18 18:27:00+00:00,1
2019-04-18 18:28:00+00:00,1
2019-04-18 18:29:00+00:00,1
2019-04-18 18:30:00+00:00,1
2019-04-18 18:31:00+00:00,1
2019-04-18 18:32:00+00:00,1
2019-04-18 18:33:00+00:00,1
2019-04-18 18:34:00+00:00,1
2019-04-18 18:35:00+00:00,1
2019-04-18 18:36:00+00:00,1
2019-04-18 18:37:00+00:00,1
2019-04-18 18:38:00+00:00,1
2019-04-18 18:39:00+00:00,1
2019-04-18 18:40:00+00:00,1
2019-04-18 18:41:00+00:00,1
2019-04-18 18:42:00+00:00,1
2019-04-18 18:43:00+00:00,1
2019-04-18 18:44:00+00:00,1
2019-04-18 18:45:00+00:00,1
2019-04-18 18:46:00+00:00,1
2019-04-18 18:47:00+00:00,1
2019-04-18 18:48:00+00:00,1
2019-04-18 18:49:00+00:00,1
2019-04-18 18:50:00+00:00,1
2019-04-18 18:51:00+00:00,1
2019-04-18 18:52:00+00:00,1
2019-04-18 18:53:00+00:00,1
2019-04-18 18:54:00+00:00,1
2019-04-18 18:55:00+00:00,1
2019-04-18 18:56:00+00:00,1
2019-04-18 18:57:00+00:00,1
2019-04-18 18:58:00+00:00,1
2019-04-18 18:59:00+00:00,1
2019-04-18 19:00:00+00:00,1
2019-04-18 19:01:00+00:00,1
2019-04-18 19:02:00+00:00,1
2019-04-18 19:03:00+00:00,1
2019-04-18 19:04:00+00:00,1
2019-04-18 19:05:00+00:00,1
2019-04-18 19:06:00+00:00,1
2019-04-18 19:07:00+00:00,1
2019-04-18 19:08:00+00:00,1
2019-04-18 19:09:00+00:00,1
2019-04-18 19:10:00+00:00,1
2019-04-18 19:11:00+00:00,1
2019-04-18 19:12:00+00:00,1
2019-04-18 19:13:00+00:00,1
2019-04-18 19:14:00+00:00,1
2019-04-18 19:15:00+00:00,1
2019-04-18 19:16:00+00:00,1
2019-04-18 19:17:00+00:00,1
2019-04-18 19:18:00+00:00,1
2019-04-18 19:19:00+00:00,1
2019-04-18 19:20:00+00:00,1
2019-04-18 19:21:00+00:00,1
2019-04-18 19:22:00+00:00,1
2019-04-18 19:23:00+00:00,1
2019-04-18 19:24:00+00:00,1
2019-04-18 19:25:00+00:00,1
2019-04-18 19:26:00+00:00,1
2019-04-18 19:27:00+00:00,1
2019-04-18 19:28:00+00:00,1
2019-04-18 19:29:00+00:00,1
2019-04-18 19:30:00+00:00,1
2019-04-18 19:31:00+00:00,1
2019-04-18 19:32:00+00:00,1
2019-04-18 19:33:00+00:00,1
2019-04-18 19:34:00+00:00,1
2019-04-18 19:35:00+00:00,1
2019-04-18 19:36:00+00:00,1
2019-04-18 19:37:00+00:00,1
2019-04-18 19:38:00+00:00,1
2019-04-18 19:39:00+00:00,1
2019-04-18 19:40:00+00:00,1
2019-04-18 19:41:00+00:00,1
2019-04-18 19:42:00+00:00,1
2019-04-18 19:43:00+00:00,1
2019-04-18 19:44:00+00:00,1
2019-04-18 19:45:00+00:00,1
2019-04-18 19:46:00+00:00,1
2019-04-18 19:47:00+00:00,1
2019-04-18 19:48:00+00:00,1
2019-04-18 19:49:00+00:00,1
2019-04-18 19:50:00+00:00,1
2019-04-18 19:51:00+00:00,1
2019-04-18 19:52:00+00:00,1
2019-04-18 19:53:00+00:00,1
2019-04-18 19:54:00+00:00,1
2019-04-18 19:55:00+00:00,1
2019-04-18 19:56:00+00:00,1
2019-04-18 19:57:00+00:00,1
2019-04-18 19:58:00+00:00,1
2019-04-18 19:59:00+00:00,1
2019-04-18 20:00:00+00:00,1
2019-04-18 20:01:00+00:00,1
2019-04-18 20:02:00+00:00,1
2019-04-18 20:03:00+00:00,1
2019-04-18 20:04:00+00:00,1
2019-04-18 20:05:00+00:00,1
2019-04-18 20:06:00+00:00,1
2019-04-18 20:07:00+00:00,1
2019-04-18 20:08:00+00:00,1
2019-04-18 20:09:00+00:00,1
2019-04-18 20:10:00+00:00,1
2019-04-18 20:11:00+00:00,1
2019-04-18 20:12:00+00:00,1
2019-04-18 20:13:00+00:00,1
2019-04-18 20:14:00+00:00,1
2019-04-18 20:15:00+00:00,1
2019-04-18 20:16:00+00:00,1
2019-04-18 20:17:00+00:00,1
2019-04-18 20:18:00+00:00,1
2019-04-18 20:19:00+00:00,1
2019-04-18 20:20:00+00:00,1
2019-04-18 20:21:00+00:00,1
2019-04-18 20:22:00+00:00,1
2019-04-18 20:23:00+00:00,1
2019-04-18 20:24:00+00:00,1
2019-04-18 20:25:00+00:00,1
2019-04-18 20:26:00+00:00,1
2019-04-18 20:27:00+00:00,1
2019-04-18 20:28:00+00:00,1
2019-04-18 20:29:00+00:00,1
2019-04-18 20:30:00+00:00,1
2019-04-18 20:31:00+00:00,1
2019-04-18 20:32:00+00:00,1
2019-04-18 20:33:00+00:00,1
2019-04-18 20:34:00+00:00,1
2019-04-18 20:35:00+00:00,1
2019-04-18 20:36:00+00:00,1
2019-04-18 20:37:00+00:00,1
2019-04-18 20:38:00+00:00,1
2019-04-18 20:39:00+00:00,1
2019-04-18 20:40:00+00:00,1
2019-04-18 20:41:00+00:00,1
2019-04-18 20:42:00+00:00,1
2019-04-18 20:43:00+00:00,1
2019-04-18 20:44:00+00:00,1
2019-04-18 20:45:00+00:00,1
2019-04-18 20:46:00+00:00,1
2019-04-18 20:47:00+00:00,1
2019-04-18 20:48:00+00:00,1
2019-04-18 20:49:00+00:00,1
2019-04-18 20:50:00+00:00,1
2019-04-18 20:51:00+00:00,1
2019-04-18 20:52:00+00:00,1
2019-04-18 20:53:00+00:00,1
2019-04-18 20:54:00+00:00,1
2019-04-18 20:55:00+00:00,1
2019-04-18 20:56:00+00:00,1
2019-04-18 20:57:00+00:00,1
2019-04-18 20:58:00+00:00,1
2019-04-18 20:59:00+00:00,1
2019-04-18 21:00:00+00:00,1
2019-04-18 21:01:00+00:00,1
2019-04-18 21:02:00+00:00,1
2019-04-18 21:03:00+00:00,1
2019-04-18 21:04:00+00:00,1
2019-04-18 21:05:00+00:00,1
2019-04-18 21:06:00+00:00,1
2019-04-18 21:07:00+00:00,1
2019-04-18 21:08:00+00:00,1
2019-04-18 21:09:00+00:00,1
2019-04-18 21:10:00+00:00,1
2019-04-18 21:11:00+00:00,1
2019-04-18 21:12:00+00:00,1
2019-04-18 21:13:00+00:00,1
2019-04-18 21:14:00+00:00,1
2019-04-18 21:15:00+00:00,1
2019-04-18 21:16:00+00:00,1
2019-04-18 21:17:00+00:00,1
2019-04-18 21:18:00+00:00,1
2019-04-18 21:19:00+00:00,1
2019-04-18 21:20:00+00:00,1
2019-04-18 21:21:00+00:00,1
2019-04-18 21:22:00+00:00,1
2019-04-18 21:23:00+00:00,1
2019-04-18 21:24:00+00:00,1
2019-04-18 21:25:00+00:00,1
2019-04-18 21:26:00+00:00,1
2019-04-18 21:27:00+00:00,1
2019-04-18 21:28:00+00:00,1
2019-04-18 21:29:00+00:00,1
2019-04-18 21:30:00+00:00,1
2019-04-18 21:31:00+00:00,1
2019-04-18 21:32:00+00:00,1
2019-04-18 21:33:00+00:00,1
2019-04-18 21:34:00+00:00,1
2019-04-18 21:35:00+00:00,1
2019-04-18 21:36:00+00:00,1
2019-04-18 21:37:00+00:00,1
2019-04-18 21:38:00+00:00,1
2019-04-18 21:39:00+00:00,1
2019-04-18 21:40:00+00:00,1
2019-04-18 21:41:00+00:00,1
2019-04-18 21:42:00+00:00,1
2019-04-18 21:43:00+00:00,1
2019-04-18 21:44:00+00:00,1
2019-04-18 21:45:00+00:00,1
2019-04-18 21:46:00+00:00,1
2019-04-18 21:47:00+00:00,1
2019-04-18 21:48:00+00:00,1
2019-04-18 21:49:00+00:00,1
2019-04-18 21:50:00+00:00,1
2019-04-18 21:51:00+00:00,1
2019-04-18 21:52:00+00:00,1
2019-04-18 21:53:00+00:00,1
2019-04-18 21:54:00+00:00,1
2019-04-18 21:55:00+00:00,1
2019-04-18 21:56:00+00:00,1
2019-04-18 21:57:00+00:00,1
2019-04-18 21:58:00+00:00,1
2019-04-18 21:59:00+00:00,1
2019-04-18 22:00:00+00:00,1
2019-04-18 22:01:00+00:00,1
2019-04-18 22:02:00+00:00,1
2019-04-18 22:03:00+00:00,1
2019-04-18 22:04:00+00:00,1
2019-04-18 22:05:00+00:00,1
2019-04-18 22:06:00+00:00,1
2019-04-18 22:07:00+00:00,1
2019-04-18 22:08:00+00:00,1
2019-04-18 22:09:00+00:00,1
2019-04-18 22:10:00+00:00,1
2019-04-18 22:11:00+00:00,1
2019-04-18 22:12:00+00:00,1
2019-04-18 22:13:00+00:00,1
2019-04-18 22:14:00+00:00,1
2019-04-18 22:15:00+00:00,1
2019-04-18 22:16:00+00:00,1
2019-04-18 22:17:00+00:00,1
2019-04-18 22:18:00+00:00,1
2019-04-18 22:19:00+00:00,1
2019-04-18 22:20:00+00:00,1
2019-04-18 22:21:00+00:00,1
2019-04-18 22:22:00+00:00,1
2019-04-18 22:23:00+00:00,1
2019-04-18 22:24:00+00:00,1
2019-04-18 22:25:00+00:00,1
2019-04-18 22:26:00+00:00,1
2019-04-18 22:27:00+00:00,1
2019-04-18 22:28:00+00:00,1
2019-04-18 22:29:00+00:00,1
2019-04-18 22:30:00+00:00,1
2019-04-18 22:31:00+00:00,1
2019-04-18 22:32:00+00:00,1
2019-04-18 22:33:00+00:00,1
2019-04-18 22:34:00+00:00,1
2019-04-18 22:35:00+00:00,1
2019-04-18 22:36:00+00:00,1
2019-04-18 22:37:00+00:00,1
2019-04-18 22:38:00+00:00,1
2019-04-18 22:39:00+00:00,1
2019-04-18 22:40:00+00:00,1
2019-04-18 22:41:00+00:00,1
2019-04-18 22:42:00+00:00,1
2019-04-18 22:43:00+00:00,1
2019-04-18 22:44:00+00:00,1
2019-04-18 22:45:00+00:00,1
2019-04-18 22:46:00+00:00,1
2019-04-18 22:47:00+00:00,1
2019-04-18 22:48:00+00:00,1
2019-04-18 22:49:00+00:00,1
2019-04-18 22:50:00+00:00,1
2019-04-18 22:51:00+00:00,1
2019-04-18 22:52:00+00:00,1
2019-04-18 22:53:00+00:00,1
2019-04-18 22:54:00+00:00,1
2019-04-18 22:55:00+00:00,1
2019-04-18 22:56:00+00:00,1
2019-04-18 22:57:00+00:00,1
2019-04-18 22:58:00+00:00,1
2019-04-18 22:59:00+00:00,1
2019-04-18 23:00:00+00:00,1
2019-04-18 23:01:00+00:00,1
2019-04-18 23:02:00+00:00,1
2019-04-18 23:03:00+00:00,1
2019-04-18 23:04:00+00:00,1
2019-04-18 23:05:00+00:00,1
2019-04-18 23:06:00+00:00,1
2019-04-18 23:07:00+00:00,1
2019-04-18 23:08:00+00:00,1
2019-04-18 23:09:00+00:00,1
2019-04-18 23:10:00+00:00,1
2019-04-18 23:11:00+00:00,1
2019-04-18 23:12:00+00:00,1
2019-04-18 23:13:00+00:00,1
2019-04-18 23:14:00+00:00,1
2019-04-18 23:15:00+00:00,1
2019-04-18 23:16:00+00:00,1
2019-04-18 23:17:00+00:00,1
2019-04-18 23:18:00+00:00,1
2019-04-18 23:19:00+00:00,1
2019-04-18 23:20:00+00:00,1
2019-04-18 23:21:00+00:00,1
2019-04-18 23:24:00+00:00,1
2019-04-18 23:25:00+00:00,1
2019-04-18 23:26:00+00:00,1
2019-04-18 23:27:00+00:00,1
2019-04-18 23:28:00+00:00,1
2019-04-18 23:29:00+00:00,1
2019-04-18 23:30:00+00:00,1
2019-04-18 23:31:00+00:00,1
2019-04-18 23:32:00+00:00,1
2019-04-18 23:33:00+00:00,1
2019-04-18 23:34:00+00:00,1
2019-04-19 16:08:00+00:00,1
2019-04-19 16:14:00+00:00,1
2019-04-19 20:17:00+00:00,1
2019-04-19 20:18:00+00:00,1
2019-04-20 10:29:00+00:00,1
2019-04-20 10:30:00+00:00,1
2019-04-20 18:43:00+00:00,1
2019-04-20 18:44:00+00:00,1
2019-04-20 18:45:00+00:00,1
2019-04-20 18:46:00+00:00,1
2019-04-20 18:47:00+00:00,1
2019-04-20 18:48:00+00:00,1
2019-04-20 21:37:00+00:00,1
2019-04-20 21:38:00+00:00,1
2019-04-20 21:39:00+00:00,1
2019-04-20 21:40:00+00:00,1
2019-04-20 21:41:00+00:00,1
2019-04-20 21:42:00+00:00,1
2019-04-20 21:43:00+00:00,1
2019-04-20 21:44:00+00:00,1
2019-04-20 21:45:00+00:00,1
2019-04-20 21:46:00+00:00,1
2019-04-20 21:47:00+00:00,1
2019-04-20 21:48:00+00:00,1
2019-04-20 21:49:00+00:00,1
2019-04-20 21:50:00+00:00,1
2019-04-20 21:51:00+00:00,1
2019-04-20 21:52:00+00:00,1
2019-04-20 21:53:00+00:00,1
2019-04-20 21:54:00+00:00,1
2019-04-20 21:55:00+00:00,1
2019-04-20 21:56:00+00:00,1
2019-04-20 21:57:00+00:00,1
2019-04-20 21:58:00+00:00,1
2019-04-20 21:59:00+00:00,1
2019-04-20 22:00:00+00:00,1
2019-04-20 22:01:00+00:00,1
2019-04-20 22:02:00+00:00,1
2019-04-20 22:03:00+00:00,1
2019-04-20 22:04:00+00:00,1
2019-04-20 22:05:00+00:00,1
2019-04-20 22:06:00+00:00,1
2019-04-20 22:07:00+00:00,1
2019-04-20 22:08:00+00:00,1
2019-04-20 22:09:00+00:00,1
2019-04-20 22:10:00+00:00,1
2019-04-20 22:11:00+00:00,1
2019-04-20 22:12:00+00:00,1
2019-04-20 22:13:00+00:00,1
2019-04-20 22:14:00+00:00,1
2019-04-20 22:15:00+00:00,1
2019-04-20 22:16:00+00:00,1
2019-04-20 22:17:00+00:00,1
2019-04-20 22:18:00+00:00,1
2019-04-20 22:19:00+00:00,1
2019-04-20 22:20:00+00:00,1
2019-04-20 22:21:00+00:00,1
2019-04-20 22:22:00+00:00,1
2019-04-20 22:23:00+00:00,1
2019-04-20 22:24:00+00:00,1
2019-04-20 22:25:00+00:00,1
2019-04-20 22:26:00+00:00,1
2019-04-20 22:27:00+00:00,1
2019-04-20 22:28:00+00:00,1
2019-04-20 22:29:00+00:00,1
2019-04-20 22:30:00+00:00,1
2019-04-20 22:31:00+00:00,1
2019-04-20 22:32:00+00:00,1
2019-04-20 22:33:00+00:00,1
2019-04-20 22:34:00+00:00,1
2019-04-20 22:35:00+00:00,1
2019-04-20 22:36:00+00:00,1
2019-04-20 22:37:00+00:00,1
2019-04-20 22:38:00+00:00,1
2019-04-20 22:39:00+00:00,1
2019-04-20 22:40:00+00:00,1
2019-04-20 22:41:00+00:00,1
2019-04-20 22:42:00+00:00,1
2019-04-20 22:43:00+00:00,1
2019-04-20 22:44:00+00:00,1
2019-04-20 22:45:00+00:00,1
2019-04-20 22:46:00+00:00,1
2019-04-20 22:47:00+00:00,1
2019-04-20 22:48:00+00:00,1
2019-04-20 22:49:00+00:00,1
2019-04-20 22:50:00+00:00,1
2019-04-20 22:51:00+00:00,1
2019-04-20 22:52:00+00:00,1
2019-04-20 22:53:00+00:00,1
2019-04-20 22:54:00+00:00,1
2019-04-20 22:55:00+00:00,1
2019-04-20 22:56:00+00:00,1
2019-04-20 22:57:00+00:00,1
2019-04-20 22:58:00+00:00,1
2019-04-20 22:59:00+00:00,1
2019-04-20 23:00:00+00:00,1
2019-04-20 23:01:00+00:00,1
2019-04-20 23:02:00+00:00,1
2019-04-20 23:03:00+00:00,1
2019-04-20 23:04:00+00:00,1
2019-04-20 23:05:00+00:00,1
2019-04-20 23:06:00+00:00,1
2019-04-20 23:07:00+00:00,1
2019-04-20 23:08:00+00:00,1
2019-04-20 23:09:00+00:00,1
2019-04-20 23:10:00+00:00,1
2019-04-20 23:11:00+00:00,1
2019-04-20 23:12:00+00:00,1
2019-04-20 23:13:00+00:00,1
2019-04-20 23:14:00+00:00,1
2019-04-20 23:15:00+00:00,1
2019-04-20 23:16:00+00:00,1
2019-04-20 23:19:00+00:00,1
2019-04-20 23:24:00+00:00,1
2019-04-20 23:25:00+00:00,1
2019-04-20 23:26:00+00:00,1
2019-04-20 23:27:00+00:00,1
2019-04-20 23:28:00+00:00,1
2019-04-20 23:29:00+00:00,1
2019-04-20 23:30:00+00:00,1
2019-04-20 23:31:00+00:00,1
2019-04-20 23:32:00+00:00,1
2019-04-20 23:33:00+00:00,1
2019-04-20 23:34:00+00:00,1
2019-04-20 23:35:00+00:00,1
2019-04-20 23:36:00+00:00,1
2019-04-20 23:37:00+00:00,1
2019-04-20 23:38:00+00:00,1
2019-04-20 23:39:00+00:00,1
2019-04-20 23:40:00+00:00,1
2019-04-20 23:41:00+00:00,1
2019-04-20 23:42:00+00:00,1
2019-04-20 23:43:00+00:00,1
2019-04-20 23:44:00+00:00,1
2019-04-20 23:45:00+00:00,1
2019-04-20 23:46:00+00:00,1
2019-04-20 23:47:00+00:00,1
2019-04-20 23:48:00+00:00,1
2019-04-20 23:50:00+00:00,1
2019-04-20 23:51:00+00:00,1
2019-04-20 23:52:00+00:00,1
2019-04-20 23:53:00+00:00,1
2019-04-20 23:54:00+00:00,1
2019-04-20 23:55:00+00:00,1
2019-04-20 23:56:00+00:00,1
2019-04-20 23:57:00+00:00,1
2019-04-20 23:58:00+00:00,1
2019-04-20 23:59:00+00:00,1
2019-04-21 00:00:00+00:00,1
2019-04-21 00:01:00+00:00,1
2019-04-21 00:02:00+00:00,1
2019-04-21 00:03:00+00:00,1
2019-04-21 00:04:00+00:00,1
2019-04-21 00:05:00+00:00,1
2019-04-21 00:06:00+00:00,1
2019-04-21 00:07:00+00:00,1
2019-04-21 00:08:00+00:00,1
2019-04-21 00:09:00+00:00,1
2019-04-21 00:10:00+00:00,1
2019-04-21 00:11:00+00:00,1
2019-04-21 00:12:00+00:00,1
2019-04-21 00:13:00+00:00,1
2019-04-21 00:14:00+00:00,1
2019-04-21 00:15:00+00:00,1
2019-04-21 00:16:00+00:00,1
2019-04-21 00:17:00+00:00,1
2019-04-21 00:18:00+00:00,1
2019-04-21 00:19:00+00:00,1
2019-04-21 00:20:00+00:00,1
2019-04-21 00:21:00+00:00,1
2019-04-21 00:22:00+00:00,1
2019-04-21 00:23:00+00:00,1
2019-04-21 00:24:00+00:00,1
2019-04-21 00:25:00+00:00,1
2019-04-21 00:26:00+00:00,1
2019-04-21 00:27:00+00:00,1
2019-04-21 00:28:00+00:00,1
2019-04-21 00:29:00+00:00,1
2019-04-21 00:30:00+00:00,1
2019-04-21 00:31:00+00:00,1
2019-04-21 00:32:00+00:00,1
2019-04-21 00:33:00+00:00,1
2019-04-21 00:34:00+00:00,1
2019-04-21 00:35:00+00:00,1
2019-04-21 00:54:00+00:00,1
2019-04-21 00:55:00+00:00,1
2019-04-21 00:56:00+00:00,1
2019-04-21 00:57:00+00:00,1
2019-04-21 00:58:00+00:00,1
2019-04-21 00:59:00+00:00,1
2019-04-21 01:00:00+00:00,1
2019-04-21 01:01:00+00:00,1
2019-04-21 01:02:00+00:00,1
2019-04-21 01:03:00+00:00,1
2019-04-21 01:04:00+00:00,1
2019-04-21 01:05:00+00:00,1
2019-04-21 01:06:00+00:00,1
2019-04-21 01:07:00+00:00,1
2019-04-21 05:16:00+00:00,1
2019-04-21 05:17:00+00:00,1
2019-04-21 05:18:00+00:00,1
2019-04-21 05:19:00+00:00,1
2019-04-21 05:20:00+00:00,1
2019-04-21 05:21:00+00:00,1
2019-04-21 05:22:00+00:00,1
2019-04-21 05:23:00+00:00,1
2019-04-21 05:24:00+00:00,1
2019-04-21 05:25:00+00:00,1
2019-04-21 05:26:00+00:00,1
2019-04-21 05:27:00+00:00,1
2019-04-21 05:28:00+00:00,1
2019-04-21 05:29:00+00:00,1
2019-04-21 05:30:00+00:00,1
2019-04-21 05:31:00+00:00,1
2019-04-21 05:32:00+00:00,1
2019-04-21 05:33:00+00:00,1
2019-04-21 05:34:00+00:00,1
2019-04-21 05:35:00+00:00,1
2019-04-21 05:36:00+00:00,1
2019-04-21 05:37:00+00:00,1
2019-04-21 05:38:00+00:00,1
2019-04-21 05:39:00+00:00,1
2019-04-21 05:40:00+00:00,1
2019-04-21 05:41:00+00:00,1
2019-04-21 05:42:00+00:00,1
2019-04-21 05:43:00+00:00,1
2019-04-21 05:44:00+00:00,1
2019-04-21 05:45:00+00:00,1
2019-04-21 05:46:00+00:00,1
2019-04-21 05:47:00+00:00,1
2019-04-21 05:48:00+00:00,1
2019-04-21 05:49:00+00:00,1
2019-04-21 05:50:00+00:00,1
2019-04-21 05:51:00+00:00,1
2019-04-21 05:52:00+00:00,1
2019-04-21 05:53:00+00:00,1
2019-04-21 05:54:00+00:00,1
2019-04-21 05:55:00+00:00,1
2019-04-21 05:56:00+00:00,1
2019-04-21 05:57:00+00:00,1
2019-04-21 05:58:00+00:00,1
2019-04-21 05:59:00+00:00,1
2019-04-21 06:00:00+00:00,1
2019-04-21 06:01:00+00:00,1
2019-04-21 06:02:00+00:00,1
2019-04-21 06:03:00+00:00,1
2019-04-21 06:04:00+00:00,1
2019-04-21 06:05:00+00:00,1
2019-04-21 06:06:00+00:00,1
2019-04-21 06:07:00+00:00,1
2019-04-21 06:08:00+00:00,1
2019-04-21 06:09:00+00:00,1
2019-04-21 06:10:00+00:00,1
2019-04-21 06:11:00+00:00,1
2019-04-21 06:12:00+00:00,1
2019-04-21 09:34:00+00:00,1
2019-04-21 09:35:00+00:00,1
2019-04-21 09:36:00+00:00,1
2019-04-21 09:37:00+00:00,1
2019-04-21 09:38:00+00:00,1
2019-04-21 09:39:00+00:00,1
2019-04-21 09:40:00+00:00,1
2019-04-21 09:41:00+00:00,1
2019-04-21 09:42:00+00:00,1
2019-04-21 09:43:00+00:00,1
2019-04-21 09:44:00+00:00,1
2019-04-21 09:45:00+00:00,1
2019-04-21 09:46:00+00:00,1
2019-04-21 09:47:00+00:00,1
2019-04-21 09:48:00+00:00,1
2019-04-21 09:49:00+00:00,1
2019-04-21 09:50:00+00:00,1
2019-04-21 09:51:00+00:00,1
2019-04-21 09:52:00+00:00,1
2019-04-21 09:53:00+00:00,1
2019-04-21 09:54:00+00:00,1
2019-04-21 09:55:00+00:00,1
2019-04-21 09:56:00+00:00,1
2019-04-21 09:57:00+00:00,1
2019-04-21 09:58:00+00:00,1
2019-04-21 09:59:00+00:00,1
2019-04-21 10:00:00+00:00,1
2019-04-21 10:01:00+00:00,1
2019-04-21 10:02:00+00:00,1
2019-04-21 10:03:00+00:00,1
2019-04-21 10:04:00+00:00,1
2019-04-21 10:05:00+00:00,1
2019-04-21 10:06:00+00:00,1
2019-04-21 10:07:00+00:00,1
2019-04-21 10:08:00+00:00,1
2019-04-21 10:09:00+00:00,1
2019-04-21 10:10:00+00:00,1
2019-04-21 10:11:00+00:00,1
2019-04-21 10:12:00+00:00,1
2019-04-21 10:13:00+00:00,1
2019-04-21 10:14:00+00:00,1
2019-04-21 10:15:00+00:00,1
2019-04-21 10:16:00+00:00,1
2019-04-21 10:17:00+00:00,1
2019-04-21 10:18:00+00:00,1
2019-04-21 10:19:00+00:00,1
2019-04-21 10:20:00+00:00,1
2019-04-21 10:21:00+00:00,1
2019-04-21 10:22:00+00:00,1
2019-04-21 10:23:00+00:00,1
2019-04-21 10:24:00+00:00,1
2019-04-21 10:25:00+00:00,1
2019-04-21 10:26:00+00:00,1
2019-04-21 10:27:00+00:00,1
2019-04-21 10:28:00+00:00,1
2019-04-21 10:29:00+00:00,1
2019-04-21 10:30:00+00:00,1
2019-04-21 10:31:00+00:00,1
2019-04-21 10:32:00+00:00,1
2019-04-21 10:33:00+00:00,1
2019-04-21 10:34:00+00:00,1
2019-04-21 10:35:00+00:00,1
2019-04-21 10:36:00+00:00,1
2019-04-21 10:37:00+00:00,1
2019-04-21 10:38:00+00:00,1
2019-04-21 10:39:00+00:00,1
2019-04-21 10:40:00+00:00,1
2019-04-21 10:41:00+00:00,1
2019-04-21 10:42:00+00:00,1
2019-04-21 10:43:00+00:00,1
2019-04-21 10:44:00+00:00,1
2019-04-21 10:45:00+00:00,1
2019-04-21 10:46:00+00:00,1
2019-04-21 10:47:00+00:00,1
2019-04-21 10:48:00+00:00,1
2019-04-21 10:49:00+00:00,1
2019-04-21 10:50:00+00:00,1
2019-04-21 10:51:00+00:00,1
2019-04-21 10:52:00+00:00,1
2019-04-21 10:53:00+00:00,1
2019-04-21 10:54:00+00:00,1
2019-04-21 10:55:00+00:00,1
2019-04-21 10:56:00+00:00,1
2019-04-21 10:57:00+00:00,1
2019-04-21 10:58:00+00:00,1
2019-04-21 10:59:00+00:00,1
2019-04-21 11:00:00+00:00,1
2019-04-21 11:01:00+00:00,1
2019-04-21 11:02:00+00:00,1
2019-04-21 11:03:00+00:00,1
2019-04-21 11:04:00+00:00,1
2019-04-21 11:05:00+00:00,1
2019-04-21 11:06:00+00:00,1
2019-04-21 11:07:00+00:00,1
2019-04-21 11:08:00+00:00,1
2019-04-21 11:09:00+00:00,1
2019-04-21 11:10:00+00:00,1
2019-04-21 11:11:00+00:00,1
2019-04-21 11:12:00+00:00,1
2019-04-21 11:13:00+00:00,1
2019-04-21 11:14:00+00:00,1
2019-04-21 11:15:00+00:00,1
2019-04-21 11:16:00+00:00,1
2019-04-21 11:17:00+00:00,1
2019-04-21 11:18:00+00:00,1
2019-04-21 11:19:00+00:00,1
2019-04-21 11:20:00+00:00,1
2019-04-21 11:21:00+00:00,1
2019-04-21 11:22:00+00:00,1
2019-04-21 11:23:00+00:00,1
2019-04-21 11:24:00+00:00,1
2019-04-21 11:25:00+00:00,1
2019-04-21 11:26:00+00:00,1
2019-04-21 11:27:00+00:00,1
2019-04-21 11:28:00+00:00,1
2019-04-21 11:29:00+00:00,1
2019-04-21 11:30:00+00:00,1
2019-04-21 11:31:00+00:00,1
2019-04-21 11:32:00+00:00,1
2019-04-21 11:33:00+00:00,1
2019-04-21 11:34:00+00:00,1
2019-04-21 11:35:00+00:00,1
2019-04-21 11:36:00+00:00,1
2019-04-21 11:37:00+00:00,1
2019-04-21 11:38:00+00:00,1
2019-04-21 11:39:00+00:00,1
2019-04-21 11:40:00+00:00,1
2019-04-21 11:41:00+00:00,1
2019-04-21 11:42:00+00:00,1
2019-04-21 11:43:00+00:00,1
2019-04-21 11:44:00+00:00,1
2019-04-21 11:45:00+00:00,1
2019-04-21 11:46:00+00:00,1
2019-04-21 11:47:00+00:00,1
2019-04-21 11:48:00+00:00,1
2019-04-21 11:49:00+00:00,1
2019-04-21 11:50:00+00:00,1
2019-04-21 11:51:00+00:00,1
2019-04-21 11:52:00+00:00,1
2019-04-21 11:53:00+00:00,1
2019-04-21 11:54:00+00:00,1
2019-04-21 11:55:00+00:00,1
2019-04-21 11:56:00+00:00,1
2019-04-21 11:57:00+00:00,1
2019-04-21 11:58:00+00:00,1
2019-04-21 11:59:00+00:00,1
2019-04-21 12:00:00+00:00,1
2019-04-21 12:01:00+00:00,1
2019-04-21 12:02:00+00:00,1
2019-04-21 12:03:00+00:00,1
2019-04-21 12:04:00+00:00,1
2019-04-21 12:05:00+00:00,1
2019-04-21 12:06:00+00:00,1
2019-04-21 12:07:00+00:00,1
2019-04-21 12:08:00+00:00,1
2019-04-21 12:09:00+00:00,1
2019-04-21 12:10:00+00:00,1
2019-04-21 12:11:00+00:00,1
2019-04-21 12:12:00+00:00,1
2019-04-21 12:13:00+00:00,1
2019-04-21 12:14:00+00:00,1
2019-04-21 12:15:00+00:00,1
2019-04-21 12:16:00+00:00,1
2019-04-21 12:17:00+00:00,1
2019-04-21 12:18:00+00:00,1
2019-04-21 12:19:00+00:00,1
2019-04-21 12:20:00+00:00,1
2019-04-21 12:21:00+00:00,1
2019-04-21 12:22:00+00:00,1
2019-04-21 12:23:00+00:00,1
2019-04-21 12:24:00+00:00,1
2019-04-21 12:25:00+00:00,1
2019-04-21 12:26:00+00:00,1
2019-04-21 12:27:00+00:00,1
2019-04-21 12:28:00+00:00,1
2019-04-21 12:29:00+00:00,1
2019-04-21 12:30:00+00:00,1
2019-04-21 12:31:00+00:00,1
2019-04-21 12:32:00+00:00,1
2019-04-21 12:33:00+00:00,1
2019-04-21 12:34:00+00:00,1
2019-04-21 12:35:00+00:00,1
2019-04-21 12:36:00+00:00,1
2019-04-21 12:37:00+00:00,1
2019-04-21 12:38:00+00:00,1
2019-04-21 12:39:00+00:00,1
2019-04-21 12:40:00+00:00,1
2019-04-21 12:41:00+00:00,1
2019-04-21 12:42:00+00:00,1
2019-04-21 12:43:00+00:00,1
2019-04-21 12:44:00+00:00,1
2019-04-21 12:45:00+00:00,1
2019-04-21 12:46:00+00:00,1
2019-04-21 12:47:00+00:00,1
2019-04-21 12:48:00+00:00,1
2019-04-21 12:49:00+00:00,1
2019-04-21 12:50:00+00:00,1
2019-04-21 12:51:00+00:00,1
2019-04-21 12:52:00+00:00,1
2019-04-21 12:53:00+00:00,1
2019-04-21 12:54:00+00:00,1
2019-04-21 12:55:00+00:00,1
2019-04-21 12:56:00+00:00,1
2019-04-21 12:57:00+00:00,1
2019-04-21 12:58:00+00:00,1
2019-04-21 12:59:00+00:00,1
2019-04-21 13:00:00+00:00,1
2019-04-21 13:01:00+00:00,1
2019-04-21 13:02:00+00:00,1
2019-04-21 13:03:00+00:00,1
2019-04-21 13:04:00+00:00,1
2019-04-21 13:05:00+00:00,1
2019-04-21 13:06:00+00:00,1
2019-04-21 13:07:00+00:00,1
2019-04-21 13:08:00+00:00,1
2019-04-21 13:09:00+00:00,1
2019-04-21 13:10:00+00:00,1
2019-04-21 13:11:00+00:00,1
2019-04-21 13:12:00+00:00,1
2019-04-21 13:13:00+00:00,1
2019-04-21 13:14:00+00:00,1
2019-04-21 13:15:00+00:00,1
2019-04-21 13:16:00+00:00,1
2019-04-21 13:17:00+00:00,1
2019-04-21 13:18:00+00:00,1
2019-04-21 13:19:00+00:00,1
2019-04-21 13:20:00+00:00,1
2019-04-21 13:21:00+00:00,1
2019-04-21 13:22:00+00:00,1
2019-04-21 13:23:00+00:00,1
2019-04-21 13:24:00+00:00,1
2019-04-21 13:25:00+00:00,1
2019-04-21 13:26:00+00:00,1
2019-04-21 13:27:00+00:00,1
2019-04-21 13:28:00+00:00,1
2019-04-21 13:29:00+00:00,1
2019-04-21 13:30:00+00:00,1
2019-04-21 13:31:00+00:00,1
2019-04-21 13:32:00+00:00,1
2019-04-21 13:33:00+00:00,1
2019-04-21 13:34:00+00:00,1
2019-04-21 13:35:00+00:00,1
2019-04-21 13:36:00+00:00,1
2019-04-21 13:37:00+00:00,1
2019-04-21 13:38:00+00:00,1
2019-04-21 13:39:00+00:00,1
2019-04-21 13:40:00+00:00,1
2019-04-21 13:41:00+00:00,1
2019-04-21 13:42:00+00:00,1
2019-04-21 13:43:00+00:00,1
2019-04-21 13:44:00+00:00,1
2019-04-21 13:45:00+00:00,1
2019-04-21 13:46:00+00:00,1
2019-04-21 13:47:00+00:00,1
2019-04-21 13:48:00+00:00,1
2019-04-21 13:49:00+00:00,1
2019-04-21 13:50:00+00:00,1
2019-04-21 13:51:00+00:00,1
2019-04-21 13:52:00+00:00,1
2019-04-21 13:53:00+00:00,1
2019-04-21 13:54:00+00:00,1
2019-04-21 13:55:00+00:00,1
2019-04-21 13:56:00+00:00,1
2019-04-21 13:57:00+00:00,1
2019-04-21 13:58:00+00:00,1
2019-04-21 13:59:00+00:00,1
2019-04-21 14:00:00+00:00,1
2019-04-21 14:01:00+00:00,1
2019-04-21 14:02:00+00:00,1
2019-04-21 14:03:00+00:00,1
2019-04-21 14:04:00+00:00,1
2019-04-21 14:05:00+00:00,1
2019-04-21 14:06:00+00:00,1
2019-04-21 14:07:00+00:00,1
2019-04-21 14:08:00+00:00,1
2019-04-21 14:09:00+00:00,1
2019-04-21 14:10:00+00:00,1
2019-04-21 14:11:00+00:00,1
2019-04-21 14:12:00+00:00,1
2019-04-21 14:13:00+00:00,1
2019-04-21 14:14:00+00:00,1
2019-04-21 14:15:00+00:00,1
2019-04-21 14:16:00+00:00,1
2019-04-21 14:17:00+00:00,1
2019-04-21 14:18:00+00:00,1
2019-04-21 14:19:00+00:00,1
2019-04-21 14:20:00+00:00,1
2019-04-21 14:21:00+00:00,1
2019-04-21 14:22:00+00:00,1
2019-04-21 14:23:00+00:00,1
2019-04-21 14:24:00+00:00,1
2019-04-21 14:25:00+00:00,1
2019-04-21 14:26:00+00:00,1
2019-04-21 14:27:00+00:00,1
2019-04-21 14:28:00+00:00,1
2019-04-21 14:29:00+00:00,1
2019-04-21 14:30:00+00:00,1
2019-04-21 14:31:00+00:00,1
2019-04-21 14:32:00+00:00,1
2019-04-21 14:33:00+00:00,1
2019-04-21 14:34:00+00:00,1
2019-04-21 14:35:00+00:00,1
2019-04-21 14:36:00+00:00,1
2019-04-21 14:37:00+00:00,1
2019-04-21 14:38:00+00:00,1
2019-04-21 14:39:00+00:00,1
2019-04-21 14:40:00+00:00,1
2019-04-21 14:41:00+00:00,1
2019-04-21 14:42:00+00:00,1
2019-04-21 14:43:00+00:00,1
2019-04-21 14:44:00+00:00,1
2019-04-21 14:45:00+00:00,1
2019-04-21 14:46:00+00:00,1
2019-04-21 14:47:00+00:00,1
2019-04-21 14:48:00+00:00,1
2019-04-21 14:49:00+00:00,1
2019-04-21 14:50:00+00:00,1
2019-04-21 14:51:00+00:00,1
2019-04-21 14:52:00+00:00,1
2019-04-21 14:53:00+00:00,1
2019-04-21 14:54:00+00:00,1
2019-04-21 14:55:00+00:00,1
2019-04-21 14:56:00+00:00,1
2019-04-21 14:57:00+00:00,1
2019-04-21 14:58:00+00:00,1
2019-04-21 14:59:00+00:00,1
2019-04-21 15:00:00+00:00,1
2019-04-21 15:01:00+00:00,1
2019-04-21 15:02:00+00:00,1
2019-04-21 15:03:00+00:00,1
2019-04-21 15:04:00+00:00,1
2019-04-21 15:05:00+00:00,1
2019-04-21 15:06:00+00:00,1
2019-04-21 15:07:00+00:00,1
2019-04-21 15:08:00+00:00,1
2019-04-21 15:09:00+00:00,1
2019-04-21 15:10:00+00:00,1
2019-04-21 15:11:00+00:00,1
2019-04-21 15:12:00+00:00,1
2019-04-21 15:13:00+00:00,1
2019-04-21 15:14:00+00:00,1
2019-04-21 15:15:00+00:00,1
2019-04-21 15:16:00+00:00,1
2019-04-21 15:17:00+00:00,1
2019-04-21 15:18:00+00:00,1
2019-04-21 15:19:00+00:00,1
2019-04-21 15:20:00+00:00,1
2019-04-21 15:21:00+00:00,1
2019-04-21 15:22:00+00:00,1
2019-04-21 15:23:00+00:00,1
2019-04-21 15:24:00+00:00,1
2019-04-21 15:25:00+00:00,1
2019-04-22 09:12:00+00:00,1
2019-04-22 09:13:00+00:00,1
2019-04-22 09:14:00+00:00,1
2019-04-22 09:15:00+00:00,1
2019-04-22 09:16:00+00:00,1
2019-04-22 09:17:00+00:00,1
2019-04-22 09:18:00+00:00,1
2019-04-22 09:19:00+00:00,1
2019-04-22 09:20:00+00:00,1
2019-04-22 09:21:00+00:00,1
2019-04-22 09:22:00+00:00,1
2019-04-22 09:23:00+00:00,1
2019-04-22 09:24:00+00:00,1
2019-04-22 09:25:00+00:00,1
2019-04-22 09:26:00+00:00,1
2019-04-22 09:27:00+00:00,1
2019-04-22 09:28:00+00:00,1
2019-04-22 09:29:00+00:00,1
2019-04-22 09:30:00+00:00,1
2019-04-22 09:31:00+00:00,1
2019-04-22 09:32:00+00:00,1
2019-04-22 09:33:00+00:00,1
2019-04-22 09:34:00+00:00,1
2019-04-22 09:35:00+00:00,1
2019-04-22 09:36:00+00:00,1
2019-04-22 09:37:00+00:00,1
2019-04-22 09:38:00+00:00,1
2019-04-22 09:39:00+00:00,1
2019-04-22 09:40:00+00:00,1
2019-04-22 09:41:00+00:00,1
2019-04-22 09:42:00+00:00,1
2019-04-22 09:43:00+00:00,1
2019-04-22 09:44:00+00:00,1
2019-04-22 09:45:00+00:00,1
2019-04-22 09:46:00+00:00,1
2019-04-22 09:47:00+00:00,1
2019-04-22 09:48:00+00:00,1
2019-04-22 09:49:00+00:00,1
2019-04-22 09:50:00+00:00,1
2019-04-22 09:51:00+00:00,1
2019-04-22 09:52:00+00:00,1
2019-04-22 09:53:00+00:00,1
2019-04-22 09:54:00+00:00,1
2019-04-22 09:55:00+00:00,1
2019-04-22 09:56:00+00:00,1
2019-04-22 09:57:00+00:00,1
2019-04-22 09:58:00+00:00,1
2019-04-22 09:59:00+00:00,1
2019-04-22 10:00:00+00:00,1
2019-04-22 10:01:00+00:00,1
2019-04-22 10:02:00+00:00,1
2019-04-22 10:03:00+00:00,1
2019-04-22 10:04:00+00:00,1
2019-04-22 10:05:00+00:00,1
2019-04-22 10:06:00+00:00,1
2019-04-22 10:07:00+00:00,1
2019-04-22 10:08:00+00:00,1
2019-04-22 10:09:00+00:00,1
2019-04-22 10:10:00+00:00,1
2019-04-22 10:11:00+00:00,1
2019-04-22 10:12:00+00:00,1
2019-04-22 10:13:00+00:00,1
2019-04-22 10:14:00+00:00,1
2019-04-22 10:15:00+00:00,1
2019-04-22 10:16:00+00:00,1
2019-04-22 10:17:00+00:00,1
2019-04-22 10:18:00+00:00,1
2019-04-22 10:19:00+00:00,1
2019-04-22 10:20:00+00:00,1
2019-04-22 10:21:00+00:00,1
2019-04-22 10:22:00+00:00,1
2019-04-22 10:23:00+00:00,1
2019-04-22 10:24:00+00:00,1
2019-04-22 10:25:00+00:00,1
2019-04-22 10:26:00+00:00,1
2019-04-22 10:27:00+00:00,1
2019-04-22 10:28:00+00:00,1
2019-04-22 10:29:00+00:00,1
2019-04-22 10:30:00+00:00,1
2019-04-22 10:31:00+00:00,1
2019-04-22 10:32:00+00:00,1
2019-04-22 10:33:00+00:00,1
2019-04-22 10:34:00+00:00,1
2019-04-22 10:35:00+00:00,1
2019-04-22 10:36:00+00:00,1
2019-04-22 10:37:00+00:00,1
2019-04-22 10:38:00+00:00,1
2019-04-22 10:39:00+00:00,1
2019-04-22 10:40:00+00:00,1
2019-04-22 10:41:00+00:00,1
2019-04-22 10:42:00+00:00,1
2019-04-22 10:43:00+00:00,1
2019-04-22 10:44:00+00:00,1
2019-04-22 10:45:00+00:00,1
2019-04-22 10:46:00+00:00,1
2019-04-22 10:47:00+00:00,1
2019-04-22 10:48:00+00:00,1
2019-04-22 10:49:00+00:00,1
2019-04-22 10:50:00+00:00,1
2019-04-22 10:51:00+00:00,1
2019-04-22 10:52:00+00:00,1
2019-04-22 10:53:00+00:00,1
2019-04-22 10:54:00+00:00,1
2019-04-22 10:55:00+00:00,1
2019-04-22 10:56:00+00:00,1
2019-04-22 10:57:00+00:00,1
2019-04-22 10:58:00+00:00,1
2019-04-22 10:59:00+00:00,1
2019-04-22 11:00:00+00:00,1
2019-04-22 11:01:00+00:00,1
2019-04-22 11:02:00+00:00,1
2019-04-22 11:03:00+00:00,1
2019-04-22 11:04:00+00:00,1
2019-04-22 11:05:00+00:00,1
2019-04-22 11:06:00+00:00,1
2019-04-22 11:07:00+00:00,1
2019-04-22 11:08:00+00:00,1
2019-04-22 11:09:00+00:00,1
2019-04-22 11:10:00+00:00,1
2019-04-22 11:11:00+00:00,1
2019-04-22 11:12:00+00:00,1
2019-04-22 11:13:00+00:00,1
2019-04-22 11:14:00+00:00,1
2019-04-22 11:15:00+00:00,1
2019-04-22 11:16:00+00:00,1
2019-04-22 11:17:00+00:00,1
2019-04-22 11:18:00+00:00,1
2019-04-22 11:19:00+00:00,1
2019-04-22 11:20:00+00:00,1
2019-04-22 11:21:00+00:00,1
2019-04-22 11:22:00+00:00,1
2019-04-22 11:23:00+00:00,1
2019-04-22 11:24:00+00:00,1
2019-04-22 11:25:00+00:00,1
2019-04-22 11:26:00+00:00,1
2019-04-22 11:27:00+00:00,1
2019-04-22 11:28:00+00:00,1
2019-04-22 11:29:00+00:00,1
2019-04-22 11:30:00+00:00,1
2019-04-22 11:31:00+00:00,1
2019-04-22 11:32:00+00:00,1
2019-04-22 11:33:00+00:00,1
2019-04-22 11:34:00+00:00,1
2019-04-22 11:35:00+00:00,1
2019-04-22 11:36:00+00:00,1
2019-04-22 11:37:00+00:00,1
2019-04-22 11:38:00+00:00,1
2019-04-22 11:39:00+00:00,1
2019-04-22 11:40:00+00:00,1
2019-04-22 11:41:00+00:00,1
2019-04-22 11:42:00+00:00,1
2019-04-22 11:43:00+00:00,1
2019-04-22 11:44:00+00:00,1
2019-04-22 11:45:00+00:00,1
2019-04-22 11:46:00+00:00,1
2019-04-22 11:47:00+00:00,1
2019-04-22 11:48:00+00:00,1
2019-04-22 11:49:00+00:00,1
2019-04-22 11:50:00+00:00,1
2019-04-22 11:51:00+00:00,1
2019-04-22 11:52:00+00:00,1
2019-04-22 11:53:00+00:00,1
2019-04-22 11:54:00+00:00,1
2019-04-22 11:55:00+00:00,1
2019-04-22 11:56:00+00:00,1
2019-04-22 11:57:00+00:00,1
2019-04-22 11:58:00+00:00,1
2019-04-22 11:59:00+00:00,1
2019-04-22 12:00:00+00:00,1
2019-04-22 12:01:00+00:00,1
2019-04-22 12:02:00+00:00,1
2019-04-22 12:03:00+00:00,1
2019-04-22 12:04:00+00:00,1
2019-04-22 12:05:00+00:00,1
2019-04-22 12:06:00+00:00,1
2019-04-22 12:07:00+00:00,1
2019-04-22 12:08:00+00:00,1
2019-04-22 12:09:00+00:00,1
2019-04-22 12:10:00+00:00,1
2019-04-22 12:11:00+00:00,1
2019-04-22 12:12:00+00:00,1
2019-04-22 12:13:00+00:00,1
2019-04-22 12:14:00+00:00,1
2019-04-22 12:15:00+00:00,1
2019-04-22 12:16:00+00:00,1
2019-04-22 12:17:00+00:00,1
2019-04-22 12:18:00+00:00,1
2019-04-22 12:19:00+00:00,1
2019-04-22 12:20:00+00:00,1
2019-04-22 12:21:00+00:00,1
2019-04-22 12:22:00+00:00,1
2019-04-22 12:23:00+00:00,1
2019-04-22 12:24:00+00:00,1
2019-04-22 12:25:00+00:00,1
2019-04-22 12:26:00+00:00,1
2019-04-22 12:27:00+00:00,1
2019-04-22 12:28:00+00:00,1
2019-04-22 12:29:00+00:00,1
2019-04-22 12:30:00+00:00,1
2019-04-22 12:31:00+00:00,1
2019-04-22 12:32:00+00:00,1
2019-04-22 12:33:00+00:00,1
2019-04-22 12:34:00+00:00,1
2019-04-22 12:35:00+00:00,1
2019-04-22 12:36:00+00:00,1
2019-04-22 12:37:00+00:00,1
2019-04-22 12:38:00+00:00,1
2019-04-22 12:39:00+00:00,1
2019-04-22 12:40:00+00:00,1
2019-04-22 12:41:00+00:00,1
2019-04-22 12:42:00+00:00,1
2019-04-22 12:43:00+00:00,1
2019-04-22 12:44:00+00:00,1
2019-04-22 12:45:00+00:00,1
2019-04-22 12:46:00+00:00,1
2019-04-22 12:47:00+00:00,1
2019-04-22 12:48:00+00:00,1
2019-04-22 12:49:00+00:00,1
2019-04-22 12:50:00+00:00,1
2019-04-22 12:51:00+00:00,1
2019-04-22 12:52:00+00:00,1
2019-04-22 12:53:00+00:00,1
2019-04-22 12:54:00+00:00,1
2019-04-22 12:55:00+00:00,1
2019-04-22 12:56:00+00:00,1
2019-04-22 12:57:00+00:00,1
2019-04-22 12:58:00+00:00,1
2019-04-22 12:59:00+00:00,1
2019-04-22 13:00:00+00:00,1
2019-04-22 13:01:00+00:00,1
2019-04-22 13:02:00+00:00,1
2019-04-22 13:03:00+00:00,1
2019-04-22 13:04:00+00:00,1
2019-04-22 13:05:00+00:00,1
2019-04-22 13:06:00+00:00,1
2019-04-22 13:07:00+00:00,1
2019-04-22 13:08:00+00:00,1
2019-04-22 13:09:00+00:00,1
2019-04-22 13:10:00+00:00,1
2019-04-22 13:11:00+00:00,1
2019-04-22 13:12:00+00:00,1
2019-04-22 13:13:00+00:00,1
2019-04-22 13:14:00+00:00,1
2019-04-22 13:15:00+00:00,1
2019-04-22 13:16:00+00:00,1
2019-04-22 13:17:00+00:00,1
2019-04-22 13:18:00+00:00,1
2019-04-22 13:19:00+00:00,1
2019-04-22 13:20:00+00:00,1
2019-04-22 13:21:00+00:00,1
2019-04-22 13:22:00+00:00,1
2019-04-22 13:23:00+00:00,1
2019-04-22 13:24:00+00:00,1
2019-04-22 13:25:00+00:00,1
2019-04-22 13:26:00+00:00,1
2019-04-22 13:27:00+00:00,1
2019-04-22 13:28:00+00:00,1
2019-04-22 13:29:00+00:00,1
2019-04-22 13:30:00+00:00,1
2019-04-22 13:31:00+00:00,1
2019-04-22 13:32:00+00:00,1
2019-04-22 13:33:00+00:00,1
2019-04-22 13:34:00+00:00,1
2019-04-22 13:35:00+00:00,1
2019-04-22 13:36:00+00:00,1
2019-04-22 13:37:00+00:00,1
2019-04-22 13:38:00+00:00,1
2019-04-22 13:39:00+00:00,1
2019-04-22 13:40:00+00:00,1
2019-04-22 13:41:00+00:00,1
2019-04-22 13:42:00+00:00,1
2019-04-22 13:43:00+00:00,1
2019-04-22 13:44:00+00:00,1
2019-04-22 13:45:00+00:00,1
2019-04-22 13:46:00+00:00,1
2019-04-22 13:47:00+00:00,1
2019-04-22 13:48:00+00:00,1
2019-04-22 13:49:00+00:00,1
2019-04-22 13:50:00+00:00,1
2019-04-22 13:51:00+00:00,1
2019-04-22 13:52:00+00:00,1
2019-04-22 13:53:00+00:00,1
2019-04-22 13:54:00+00:00,1
2019-04-22 13:55:00+00:00,1
2019-04-22 13:56:00+00:00,1
2019-04-22 13:57:00+00:00,1
2019-04-22 13:58:00+00:00,1
2019-04-22 13:59:00+00:00,1
2019-04-22 14:00:00+00:00,1
2019-04-22 14:01:00+00:00,1
2019-04-22 14:02:00+00:00,1
2019-04-22 14:03:00+00:00,1
2019-04-22 14:04:00+00:00,1
2019-04-22 14:05:00+00:00,1
2019-04-22 14:06:00+00:00,1
2019-04-22 14:07:00+00:00,1
2019-04-22 14:08:00+00:00,1
2019-04-22 14:09:00+00:00,1
2019-04-22 14:10:00+00:00,1
2019-04-22 14:11:00+00:00,1
2019-04-22 14:12:00+00:00,1
2019-04-22 14:13:00+00:00,1
2019-04-22 14:14:00+00:00,1
2019-04-22 14:15:00+00:00,1
2019-04-22 14:16:00+00:00,1
2019-04-22 14:17:00+00:00,1
2019-04-22 14:18:00+00:00,1
2019-04-22 14:19:00+00:00,1
2019-04-22 14:20:00+00:00,1
2019-04-22 14:21:00+00:00,1
2019-04-22 14:22:00+00:00,1
2019-04-22 14:23:00+00:00,1
2019-04-22 14:24:00+00:00,1
2019-04-22 14:25:00+00:00,1
2019-04-22 14:26:00+00:00,1
2019-04-22 14:27:00+00:00,1
2019-04-22 14:28:00+00:00,1
2019-04-22 14:29:00+00:00,1
2019-04-22 14:30:00+00:00,1
2019-04-22 14:31:00+00:00,1
2019-04-22 14:32:00+00:00,1
2019-04-22 14:33:00+00:00,1
2019-04-22 14:34:00+00:00,1
2019-04-22 14:35:00+00:00,1
2019-04-22 14:36:00+00:00,1
2019-04-22 14:37:00+00:00,1
2019-04-22 14:38:00+00:00,1
2019-04-22 14:39:00+00:00,1
2019-04-22 14:40:00+00:00,1
2019-04-22 14:41:00+00:00,1
2019-04-22 14:42:00+00:00,1
2019-04-22 14:43:00+00:00,1
2019-04-22 14:44:00+00:00,1
2019-04-22 14:45:00+00:00,1
2019-04-22 14:46:00+00:00,1
2019-04-22 14:47:00+00:00,1
2019-04-22 14:48:00+00:00,1
2019-04-22 14:49:00+00:00,1
2019-04-22 14:50:00+00:00,1
2019-04-22 14:51:00+00:00,1
2019-04-22 14:52:00+00:00,1
2019-04-22 14:53:00+00:00,1
2019-04-22 14:54:00+00:00,1
2019-04-22 14:55:00+00:00,1
2019-04-22 14:56:00+00:00,1
2019-04-22 14:57:00+00:00,1
2019-04-22 14:58:00+00:00,1
2019-04-22 14:59:00+00:00,1
2019-04-22 15:00:00+00:00,1
2019-04-22 15:01:00+00:00,1
2019-04-22 15:02:00+00:00,1
2019-04-22 15:03:00+00:00,1
2019-04-22 15:04:00+00:00,1
2019-04-22 15:05:00+00:00,1
2019-04-22 15:06:00+00:00,1
2019-04-22 15:07:00+00:00,1
2019-04-22 15:08:00+00:00,1
2019-04-22 15:09:00+00:00,1
2019-04-22 15:10:00+00:00,1
2019-04-22 15:11:00+00:00,1
2019-04-22 15:12:00+00:00,1
2019-04-22 15:13:00+00:00,1
2019-04-22 15:14:00+00:00,1
2019-04-22 15:15:00+00:00,1
2019-04-22 15:16:00+00:00,1
2019-04-22 15:17:00+00:00,1
2019-04-22 15:18:00+00:00,1
2019-04-22 15:19:00+00:00,1
2019-04-22 15:20:00+00:00,1
2019-04-22 15:21:00+00:00,1
2019-04-22 15:22:00+00:00,1
2019-04-22 15:23:00+00:00,1
2019-04-22 15:24:00+00:00,1
2019-04-22 15:25:00+00:00,1
2019-04-22 15:26:00+00:00,1
2019-04-22 15:27:00+00:00,1
2019-04-22 15:28:00+00:00,1
2019-04-22 15:29:00+00:00,1
2019-04-22 15:30:00+00:00,1
2019-04-22 15:31:00+00:00,1
2019-04-22 15:32:00+00:00,1
2019-04-22 15:33:00+00:00,1
2019-04-22 15:34:00+00:00,1
2019-04-22 15:35:00+00:00,1
2019-04-22 15:36:00+00:00,1
2019-04-22 15:37:00+00:00,1
2019-04-22 15:38:00+00:00,1
2019-04-22 15:39:00+00:00,1
2019-04-22 15:40:00+00:00,1
2019-04-22 15:41:00+00:00,1
2019-04-22 15:42:00+00:00,1
2019-04-22 15:43:00+00:00,1
2019-04-22 16:41:00+00:00,1
2019-04-23 02:31:00+00:00,1
2019-04-23 02:32:00+00:00,1
2019-04-23 02:33:00+00:00,1
2019-04-23 02:34:00+00:00,1
2019-04-23 02:35:00+00:00,1
2019-04-23 02:36:00+00:00,1
2019-04-23 02:37:00+00:00,1
2019-04-23 02:38:00+00:00,1
2019-04-23 02:39:00+00:00,1
2019-04-23 02:40:00+00:00,1
2019-04-23 02:41:00+00:00,1
2019-04-23 02:42:00+00:00,1
2019-04-23 02:43:00+00:00,1
2019-04-23 02:44:00+00:00,1
2019-04-23 02:45:00+00:00,1
2019-04-23 02:46:00+00:00,1
2019-04-23 02:47:00+00:00,1
2019-04-23 02:48:00+00:00,1
2019-04-23 02:49:00+00:00,1
2019-04-23 02:51:00+00:00,1
2019-04-23 02:52:00+00:00,1
2019-04-23 02:53:00+00:00,1
2019-04-23 02:54:00+00:00,1
2019-04-23 02:55:00+00:00,1
2019-04-28 20:01:00+00:00,1
2019-05-18 23:04:00+00:00,1
2019-05-18 23:05:00+00:00,1
2019-05-18 23:06:00+00:00,1
2019-05-18 23:07:00+00:00,1
2019-05-18 23:08:00+00:00,1
2019-05-18 23:09:00+00:00,1
2019-05-18 23:10:00+00:00,1
2019-05-18 23:11:00+00:00,1
2019-05-18 23:12:00+00:00,1
2019-05-18 23:13:00+00:00,1
2019-05-18 23:14:00+00:00,1
2019-05-18 23:15:00+00:00,1
2019-05-18 23:16:00+00:00,1
2019-05-18 23:17:00+00:00,1
2019-05-18 23:18:00+00:00,1
2019-05-18 23:19:00+00:00,1
2019-05-18 23:20:00+00:00,1
2019-05-18 23:21:00+00:00,1
2019-05-18 23:22:00+00:00,1
2019-05-18 23:23:00+00:00,1
2019-05-18 23:24:00+00:00,1
2019-05-18 23:25:00+00:00,1
2019-05-18 23:26:00+00:00,1
2019-05-18 23:27:00+00:00,1
2019-05-18 23:28:00+00:00,1
2019-05-18 23:29:00+00:00,1
2019-05-18 23:30:00+00:00,1
2019-05-18 23:31:00+00:00,1
2019-05-18 23:32:00+00:00,1
2019-05-18 23:33:00+00:00,1
2019-05-18 23:34:00+00:00,1
2019-05-18 23:35:00+00:00,1
2019-05-18 23:36:00+00:00,1
2019-05-18 23:37:00+00:00,1
2019-05-18 23:38:00+00:00,1
2019-05-18 23:39:00+00:00,1
2019-05-18 23:40:00+00:00,1
2019-05-18 23:41:00+00:00,1
2019-05-18 23:42:00+00:00,1
2019-05-18 23:43:00+00:00,1
2019-05-18 23:44:00+00:00,1
2019-05-18 23:45:00+00:00,1
2019-05-18 23:46:00+00:00,1
2019-05-28 05:40:00+00:00,1
2019-06-02 00:51:00+00:00,1
2019-06-03 16:00:00+00:00,1
2019-06-03 16:01:00+00:00,1
2019-06-03 16:02:00+00:00,1
2019-06-03 16:03:00+00:00,1
2019-06-03 16:04:00+00:00,1
2019-06-03 16:05:00+00:00,1
2019-06-03 16:06:00+00:00,1
2019-06-03 16:07:00+00:00,1
2019-06-03 16:08:00+00:00,1
2019-06-03 16:09:00+00:00,1
2019-06-03 16:10:00+00:00,1
2019-06-03 16:11:00+00:00,1
2019-06-03 16:12:00+00:00,1
2019-06-03 16:13:00+00:00,1
2019-06-03 16:14:00+00:00,1
2019-06-03 16:15:00+00:00,1
2019-06-03 16:16:00+00:00,1
2019-06-03 16:17:00+00:00,1
2019-06-03 16:18:00+00:00,1
2019-06-03 16:19:00+00:00,1
2019-06-03 16:20:00+00:00,1
2019-06-03 16:21:00+00:00,1
2019-06-03 16:22:00+00:00,1
2019-06-03 16:23:00+00:00,1
2019-06-03 16:24:00+00:00,1
2019-06-03 16:25:00+00:00,1
2019-06-03 16:26:00+00:00,1
2019-06-03 16:27:00+00:00,1
2019-06-03 16:28:00+00:00,1
2019-06-03 16:29:00+00:00,1
2019-06-03 16:30:00+00:00,1
2019-06-03 16:31:00+00:00,1
2019-06-03 16:32:00+00:00,1
2019-06-03 16:33:00+00:00,1
2019-06-03 16:34:00+00:00,1
2019-06-03 16:35:00+00:00,1
2019-06-03 16:36:00+00:00,1
2019-06-03 16:37:00+00:00,1
2019-06-03 16:38:00+00:00,1
2019-06-03 16:39:00+00:00,1
2019-06-03 16:40:00+00:00,1
2019-06-03 16:41:00+00:00,1
2019-06-03 16:42:00+00:00,1
2019-06-03 16:43:00+00:00,1
2019-06-03 16:44:00+00:00,1
2019-06-03 16:45:00+00:00,1
2019-06-03 16:46:00+00:00,1
2019-06-03 16:47:00+00:00,1
2019-06-03 16:48:00+00:00,1
2019-06-03 16:49:00+00:00,1
2019-06-03 16:50:00+00:00,1
2019-06-03 16:51:00+00:00,1
2019-06-03 16:52:00+00:00,1
2019-06-03 16:53:00+00:00,1
2019-06-03 16:54:00+00:00,1
2019-06-03 16:55:00+00:00,1
2019-06-03 16:56:00+00:00,1
2019-06-03 16:57:00+00:00,1
2019-06-03 16:58:00+00:00,1
2019-06-03 16:59:00+00:00,1
2019-06-03 17:00:00+00:00,1
2019-06-03 17:01:00+00:00,1
2019-06-03 17:02:00+00:00,1
2019-06-03 17:03:00+00:00,1
2019-06-03 17:04:00+00:00,1
2019-06-03 17:05:00+00:00,1
2019-06-03 17:06:00+00:00,1
2019-06-03 17:07:00+00:00,1
2019-06-03 17:08:00+00:00,1
2019-06-03 17:09:00+00:00,1
2019-06-03 17:10:00+00:00,1
2019-06-03 17:11:00+00:00,1
2019-06-03 17:12:00+00:00,1
2019-06-03 17:13:00+00:00,1
2019-06-03 17:14:00+00:00,1
2019-06-03 17:15:00+00:00,1
2019-06-03 17:16:00+00:00,1
2019-06-03 17:17:00+00:00,1
2019-06-03 17:18:00+00:00,1
2019-06-03 17:19:00+00:00,1
2019-06-03 17:20:00+00:00,1
2019-06-03 17:21:00+00:00,1
2019-06-03 17:22:00+00:00,1
2019-06-03 17:23:00+00:00,1
2019-06-03 17:24:00+00:00,1
2019-06-03 17:25:00+00:00,1
2019-06-03 17:26:00+00:00,1
2019-06-03 17:27:00+00:00,1
2019-06-03 17:28:00+00:00,1
2019-06-03 17:29:00+00:00,1
2019-06-03 17:30:00+00:00,1
2019-06-03 17:31:00+00:00,1
2019-06-03 17:32:00+00:00,1
2019-06-03 17:33:00+00:00,1
2019-06-03 17:34:00+00:00,1
2019-06-03 17:35:00+00:00,1
2019-06-03 17:36:00+00:00,1
2019-06-03 17:37:00+00:00,1
2019-06-03 17:38:00+00:00,1
2019-06-03 17:39:00+00:00,1
2019-06-03 17:40:00+00:00,1
2019-06-03 17:41:00+00:00,1
2019-06-03 17:42:00+00:00,1
2019-06-03 17:43:00+00:00,1
2019-06-03 17:44:00+00:00,1
2019-06-03 17:45:00+00:00,1
2019-06-03 17:46:00+00:00,1
2019-06-03 17:47:00+00:00,1
2019-06-03 17:48:00+00:00,1
2019-06-03 17:49:00+00:00,1
2019-06-03 17:50:00+00:00,1
2019-06-03 17:51:00+00:00,1
2019-06-03 17:52:00+00:00,1
2019-06-03 17:53:00+00:00,1
2019-06-03 17:54:00+00:00,1
2019-06-03 17:55:00+00:00,1
2019-06-03 17:56:00+00:00,1
2019-06-03 17:57:00+00:00,1
2019-06-03 17:58:00+00:00,1
2019-06-03 17:59:00+00:00,1
2019-06-03 18:00:00+00:00,1
2019-06-03 18:01:00+00:00,1
2019-06-03 18:02:00+00:00,1
2019-06-03 18:03:00+00:00,1
2019-06-03 18:04:00+00:00,1
2019-06-03 18:05:00+00:00,1
2019-06-03 18:06:00+00:00,1
2019-06-03 18:07:00+00:00,1
2019-06-03 18:08:00+00:00,1
2019-06-03 18:09:00+00:00,1
2019-06-03 18:10:00+00:00,1
2019-06-03 18:11:00+00:00,1
2019-06-03 18:12:00+00:00,1
2019-06-03 18:13:00+00:00,1
2019-06-03 18:14:00+00:00,1
2019-06-03 18:15:00+00:00,1
2019-06-03 18:16:00+00:00,1
2019-06-03 18:17:00+00:00,1
2019-06-03 18:18:00+00:00,1
2019-06-03 18:19:00+00:00,1
2019-06-03 18:20:00+00:00,1
2019-06-03 18:21:00+00:00,1
2019-06-03 18:22:00+00:00,1
2019-06-03 18:23:00+00:00,1
2019-06-03 18:24:00+00:00,1
2019-06-03 18:25:00+00:00,1
2019-06-03 18:26:00+00:00,1
2019-06-03 18:27:00+00:00,1
2019-06-03 18:28:00+00:00,1
2019-06-03 18:29:00+00:00,1
2019-06-03 18:30:00+00:00,1
2019-06-03 18:31:00+00:00,1
2019-06-03 18:32:00+00:00,1
2019-06-03 18:33:00+00:00,1
2019-06-03 18:34:00+00:00,1
2019-06-03 18:35:00+00:00,1
2019-06-03 18:36:00+00:00,1
2019-06-03 18:37:00+00:00,1
2019-06-03 18:38:00+00:00,1
2019-06-03 18:39:00+00:00,1
2019-06-03 18:40:00+00:00,1
2019-06-03 18:41:00+00:00,1
2019-06-03 18:42:00+00:00,1
2019-06-03 18:43:00+00:00,1
2019-06-03 18:44:00+00:00,1
2019-06-03 18:45:00+00:00,1
2019-06-03 18:46:00+00:00,1
2019-06-03 18:47:00+00:00,1
2019-06-03 18:48:00+00:00,1
2019-06-03 18:49:00+00:00,1
2019-06-03 18:50:00+00:00,1
2019-06-03 18:51:00+00:00,1
2019-06-03 18:52:00+00:00,1
2019-06-03 18:53:00+00:00,1
2019-06-03 18:54:00+00:00,1
2019-06-03 18:55:00+00:00,1
2019-06-03 18:56:00+00:00,1
2019-06-03 18:57:00+00:00,1
2019-06-03 18:58:00+00:00,1
2019-06-03 18:59:00+00:00,1
2019-06-03 19:00:00+00:00,1
2019-06-03 19:01:00+00:00,1
2019-06-03 19:02:00+00:00,1
2019-06-03 19:03:00+00:00,1
2019-06-03 19:04:00+00:00,1
2019-06-03 19:05:00+00:00,1
2019-06-03 19:06:00+00:00,1
2019-06-03 19:07:00+00:00,1
2019-06-03 19:08:00+00:00,1
2019-06-03 19:09:00+00:00,1
2019-06-03 19:10:00+00:00,1
2019-06-03 19:11:00+00:00,1
2019-06-03 19:12:00+00:00,1
2019-06-03 19:13:00+00:00,1
2019-06-03 19:14:00+00:00,1
2019-06-03 19:15:00+00:00,1
2019-06-03 19:16:00+00:00,1
2019-06-03 19:17:00+00:00,1
2019-06-03 19:18:00+00:00,1
2019-06-03 19:19:00+00:00,1
2019-06-03 19:20:00+00:00,1
2019-06-03 19:21:00+00:00,1
2019-06-03 19:22:00+00:00,1
2019-06-03 19:23:00+00:00,1
2019-06-03 19:24:00+00:00,1
2019-06-03 19:25:00+00:00,1
2019-06-03 19:26:00+00:00,1
2019-06-03 19:27:00+00:00,1
2019-06-03 19:28:00+00:00,1
2019-06-03 19:29:00+00:00,1
2019-06-03 19:30:00+00:00,1
2019-06-03 19:31:00+00:00,1
2019-06-03 19:32:00+00:00,1
2019-06-03 19:33:00+00:00,1
2019-06-03 19:34:00+00:00,1
2019-06-03 19:35:00+00:00,1
2019-06-03 19:36:00+00:00,1
2019-06-03 19:37:00+00:00,1
2019-06-03 19:38:00+00:00,1
2019-06-03 19:39:00+00:00,1
2019-06-03 19:40:00+00:00,1
2019-06-03 19:41:00+00:00,1
2019-06-03 19:42:00+00:00,1
2019-06-03 19:43:00+00:00,1
2019-06-03 19:44:00+00:00,1
2019-06-03 19:45:00+00:00,1
2019-06-03 19:46:00+00:00,1
2019-06-03 19:47:00+00:00,1
2019-06-03 19:48:00+00:00,1
2019-06-03 19:49:00+00:00,1
2019-06-03 19:50:00+00:00,1
2019-06-03 19:51:00+00:00,1
2019-06-03 19:52:00+00:00,1
2019-06-03 19:53:00+00:00,1
2019-06-03 19:54:00+00:00,1
2019-06-03 19:55:00+00:00,1
2019-06-03 19:56:00+00:00,1
2019-06-03 19:57:00+00:00,1
2019-06-03 19:58:00+00:00,1
2019-06-03 19:59:00+00:00,1
2019-06-03 20:00:00+00:00,1
2019-06-03 20:01:00+00:00,1
2019-06-03 20:02:00+00:00,1
2019-06-03 20:03:00+00:00,1
2019-06-03 20:04:00+00:00,1
2019-06-03 20:05:00+00:00,1
2019-06-03 20:06:00+00:00,1
2019-06-03 20:07:00+00:00,1
2019-06-03 20:08:00+00:00,1
2019-06-03 20:09:00+00:00,1
2019-06-03 20:10:00+00:00,1
2019-06-03 20:11:00+00:00,1
2019-06-03 20:12:00+00:00,1
2019-06-03 20:13:00+00:00,1
2019-06-03 20:14:00+00:00,1
2019-06-03 20:15:00+00:00,1
2019-06-03 20:16:00+00:00,1
2019-06-03 20:17:00+00:00,1
2019-06-03 20:18:00+00:00,1
2019-06-03 20:19:00+00:00,1
2019-06-03 20:20:00+00:00,1
2019-06-03 20:21:00+00:00,1
2019-06-03 20:22:00+00:00,1
2019-06-03 20:23:00+00:00,1
2019-06-03 20:24:00+00:00,1
2019-06-03 20:25:00+00:00,1
2019-06-03 20:26:00+00:00,1
2019-06-03 20:27:00+00:00,1
2019-06-03 20:28:00+00:00,1
2019-06-03 20:29:00+00:00,1
2019-06-03 20:30:00+00:00,1
2019-06-03 20:31:00+00:00,1
2019-06-03 20:32:00+00:00,1
2019-06-03 20:33:00+00:00,1
2019-06-03 20:34:00+00:00,1
2019-06-03 20:35:00+00:00,1
2019-06-03 20:36:00+00:00,1
2019-06-03 20:37:00+00:00,1
2019-06-03 20:38:00+00:00,1
2019-06-03 20:39:00+00:00,1
2019-06-03 20:40:00+00:00,1
2019-06-03 20:41:00+00:00,1
2019-06-03 20:42:00+00:00,1
2019-06-03 20:43:00+00:00,1
2019-06-03 20:44:00+00:00,1
2019-06-03 20:45:00+00:00,1
2019-06-03 20:46:00+00:00,1
2019-06-03 20:47:00+00:00,1
2019-06-03 20:48:00+00:00,1
2019-06-03 20:49:00+00:00,1
2019-06-03 20:50:00+00:00,1
2019-06-03 20:51:00+00:00,1
2019-06-03 20:52:00+00:00,1
2019-06-03 20:53:00+00:00,1
2019-06-03 20:54:00+00:00,1
2019-06-03 20:55:00+00:00,1
2019-06-03 20:56:00+00:00,1
2019-06-03 20:57:00+00:00,1
2019-06-03 20:58:00+00:00,1
2019-06-03 20:59:00+00:00,1
2019-06-03 21:00:00+00:00,1
2019-06-03 21:01:00+00:00,1
2019-06-03 21:02:00+00:00,1
2019-06-03 21:03:00+00:00,1
2019-06-03 21:04:00+00:00,1
2019-06-03 21:05:00+00:00,1
2019-06-03 21:06:00+00:00,1
2019-06-03 21:07:00+00:00,1
2019-06-03 21:08:00+00:00,1
2019-06-03 21:09:00+00:00,1
2019-06-03 21:10:00+00:00,1
2019-06-03 21:11:00+00:00,1
2019-06-03 21:12:00+00:00,1
2019-06-03 21:13:00+00:00,1
2019-06-03 21:14:00+00:00,1
2019-06-03 21:15:00+00:00,1
2019-06-03 21:16:00+00:00,1
2019-06-03 21:17:00+00:00,1
2019-06-03 21:18:00+00:00,1
2019-06-03 21:19:00+00:00,1
2019-06-03 21:20:00+00:00,1
2019-06-03 21:21:00+00:00,1
2019-06-03 21:22:00+00:00,1
2019-06-03 21:23:00+00:00,1
2019-06-03 21:24:00+00:00,1
2019-06-03 21:25:00+00:00,1
2019-06-03 21:26:00+00:00,1
2019-06-03 21:27:00+00:00,1
2019-06-03 21:28:00+00:00,1
2019-06-03 21:29:00+00:00,1
2019-06-03 21:30:00+00:00,1
2019-06-03 21:31:00+00:00,1
2019-06-03 21:32:00+00:00,1
2019-06-03 21:33:00+00:00,1
2019-06-03 21:34:00+00:00,1
2019-06-03 21:35:00+00:00,1
2019-06-03 21:36:00+00:00,1
2019-06-03 21:37:00+00:00,1
2019-06-03 21:38:00+00:00,1
2019-06-03 21:39:00+00:00,1
2019-06-03 21:40:00+00:00,1
2019-06-03 21:41:00+00:00,1
2019-06-03 21:42:00+00:00,1
2019-06-03 21:43:00+00:00,1
2019-06-03 21:44:00+00:00,1
2019-06-03 21:45:00+00:00,1
2019-06-03 21:46:00+00:00,1
2019-06-03 21:47:00+00:00,1
2019-06-03 21:48:00+00:00,1
2019-06-03 21:49:00+00:00,1
2019-06-03 21:50:00+00:00,1
2019-06-03 21:51:00+00:00,1
2019-06-03 21:52:00+00:00,1
2019-06-03 21:53:00+00:00,1
2019-06-03 21:54:00+00:00,1
2019-06-03 21:55:00+00:00,1
2019-06-03 21:56:00+00:00,1
2019-06-03 21:57:00+00:00,1
2019-06-03 21:58:00+00:00,1
2019-06-03 21:59:00+00:00,1
2019-06-03 22:00:00+00:00,1
2019-06-03 22:01:00+00:00,1
2019-06-03 22:02:00+00:00,1
2019-06-03 22:03:00+00:00,1
2019-06-03 22:04:00+00:00,1
2019-06-03 22:05:00+00:00,1
2019-06-03 22:06:00+00:00,1
2019-06-03 22:07:00+00:00,1
2019-06-03 22:08:00+00:00,1
2019-06-03 22:09:00+00:00,1
2019-06-03 22:10:00+00:00,1
2019-06-03 22:11:00+00:00,1
2019-06-03 22:12:00+00:00,1
2019-06-03 22:13:00+00:00,1
2019-06-03 22:14:00+00:00,1
2019-06-03 22:15:00+00:00,1
2019-06-03 22:16:00+00:00,1
2019-06-03 22:17:00+00:00,1
2019-06-03 22:18:00+00:00,1
2019-06-03 22:19:00+00:00,1
2019-06-03 22:20:00+00:00,1
2019-06-03 22:21:00+00:00,1
2019-06-03 22:22:00+00:00,1
2019-06-03 22:23:00+00:00,1
2019-06-03 22:24:00+00:00,1
2019-06-03 22:25:00+00:00,1
2019-06-03 22:26:00+00:00,1
2019-06-03 22:27:00+00:00,1
2019-06-03 22:28:00+00:00,1
2019-06-03 22:29:00+00:00,1
2019-06-03 22:30:00+00:00,1
2019-06-03 22:31:00+00:00,1
2019-06-03 22:32:00+00:00,1
2019-06-03 22:33:00+00:00,1
2019-06-03 22:34:00+00:00,1
2019-06-03 22:35:00+00:00,1
2019-06-03 22:36:00+00:00,1
2019-06-03 22:37:00+00:00,1
2019-06-03 22:38:00+00:00,1
2019-06-03 22:39:00+00:00,1
2019-06-03 22:40:00+00:00,1
2019-06-03 22:41:00+00:00,1
2019-06-03 22:42:00+00:00,1
2019-06-03 22:43:00+00:00,1
2019-06-03 22:44:00+00:00,1
2019-06-03 22:45:00+00:00,1
2019-06-03 22:46:00+00:00,1
2019-06-03 22:47:00+00:00,1
2019-06-03 22:48:00+00:00,1
2019-06-03 22:49:00+00:00,1
2019-06-03 22:50:00+00:00,1
2019-06-03 22:51:00+00:00,1
2019-06-03 22:52:00+00:00,1
2019-06-03 22:53:00+00:00,1
2019-06-03 22:54:00+00:00,1
2019-06-03 22:55:00+00:00,1
2019-06-03 22:56:00+00:00,1
2019-06-03 22:57:00+00:00,1
2019-06-03 22:58:00+00:00,1
2019-06-03 22:59:00+00:00,1
2019-06-03 23:00:00+00:00,1
2019-06-03 23:01:00+00:00,1
2019-06-03 23:02:00+00:00,1
2019-06-03 23:03:00+00:00,1
2019-06-03 23:04:00+00:00,1
2019-06-03 23:05:00+00:00,1
2019-06-03 23:06:00+00:00,1
2019-06-03 23:07:00+00:00,1
2019-06-03 23:08:00+00:00,1
2019-06-03 23:09:00+00:00,1
2019-06-03 23:10:00+00:00,1
2019-06-03 23:11:00+00:00,1
2019-06-03 23:12:00+00:00,1
2019-06-03 23:13:00+00:00,1
2019-06-03 23:14:00+00:00,1
2019-06-03 23:15:00+00:00,1
2019-06-03 23:16:00+00:00,1
2019-06-03 23:17:00+00:00,1
2019-06-03 23:18:00+00:00,1
2019-06-03 23:19:00+00:00,1
2019-06-03 23:20:00+00:00,1
2019-06-03 23:21:00+00:00,1
2019-06-03 23:22:00+00:00,1
2019-06-03 23:23:00+00:00,1
2019-06-03 23:24:00+00:00,1
2019-06-03 23:25:00+00:00,1
2019-06-03 23:26:00+00:00,1
2019-06-03 23:27:00+00:00,1
2019-06-03 23:28:00+00:00,1
2019-06-03 23:29:00+00:00,1
2019-06-03 23:30:00+00:00,1
2019-06-03 23:31:00+00:00,1
2019-06-03 23:32:00+00:00,1
2019-06-03 23:33:00+00:00,1
2019-06-03 23:34:00+00:00,1
2019-06-03 23:35:00+00:00,1
2019-06-03 23:36:00+00:00,1
2019-06-03 23:37:00+00:00,1
2019-06-03 23:38:00+00:00,1
2019-06-03 23:39:00+00:00,1
2019-06-03 23:40:00+00:00,1
2019-06-03 23:41:00+00:00,1
2019-06-03 23:42:00+00:00,1
2019-06-03 23:43:00+00:00,1
2019-06-03 23:44:00+00:00,1
2019-06-03 23:45:00+00:00,1
2019-06-03 23:46:00+00:00,1
2019-06-03 23:47:00+00:00,1
2019-06-03 23:48:00+00:00,1
2019-06-03 23:49:00+00:00,1
2019-06-03 23:50:00+00:00,1
2019-06-03 23:51:00+00:00,1
2019-06-03 23:52:00+00:00,1
2019-06-03 23:53:00+00:00,1
2019-06-03 23:54:00+00:00,1
2019-06-03 23:55:00+00:00,1
2019-06-03 23:56:00+00:00,1
2019-06-03 23:57:00+00:00,1
2019-06-03 23:58:00+00:00,1
2019-06-03 23:59:00+00:00,1
2019-06-04 00:00:00+00:00,1
2019-06-04 00:01:00+00:00,1
2019-06-04 00:02:00+00:00,1
2019-06-04 00:03:00+00:00,1
2019-06-04 00:04:00+00:00,1
2019-06-04 00:05:00+00:00,1
2019-06-04 00:06:00+00:00,1
2019-06-04 00:07:00+00:00,1
2019-06-04 00:08:00+00:00,1
2019-06-04 00:09:00+00:00,1
2019-06-04 00:10:00+00:00,1
2019-06-04 00:11:00+00:00,1
2019-06-04 00:12:00+00:00,1
2019-06-04 00:13:00+00:00,1
2019-06-04 00:14:00+00:00,1
2019-06-04 00:15:00+00:00,1
2019-06-04 00:16:00+00:00,1
2019-06-04 00:17:00+00:00,1
2019-06-04 00:18:00+00:00,1
2019-06-04 00:19:00+00:00,1
2019-06-04 00:20:00+00:00,1
2019-06-04 00:21:00+00:00,1
2019-06-04 00:22:00+00:00,1
2019-06-04 00:23:00+00:00,1
2019-06-04 00:24:00+00:00,1
2019-06-04 00:25:00+00:00,1
2019-06-04 00:26:00+00:00,1
2019-06-04 00:27:00+00:00,1
2019-06-04 00:28:00+00:00,1
2019-06-04 00:29:00+00:00,1
2019-06-04 00:30:00+00:00,1
2019-06-04 00:31:00+00:00,1
2019-06-04 00:32:00+00:00,1
2019-06-04 00:33:00+00:00,1
2019-06-04 00:34:00+00:00,1
2019-06-04 00:35:00+00:00,1
2019-06-04 00:36:00+00:00,1
2019-06-07 03:27:00+00:00,1
2019-06-07 03:28:00+00:00,1
2019-06-07 03:29:00+00:00,1
2019-06-07 03:30:00+00:00,1
2019-06-07 03:31:00+00:00,1
2019-06-07 03:32:00+00:00,1
2019-06-07 03:33:00+00:00,1
2019-06-07 03:34:00+00:00,1
2019-06-07 03:35:00+00:00,1
2019-06-07 03:36:00+00:00,1
2019-06-07 03:37:00+00:00,1
2019-06-07 03:38:00+00:00,1
2019-06-07 03:39:00+00:00,1
2019-06-07 03:40:00+00:00,1
2019-06-07 03:41:00+00:00,1
2019-06-07 03:42:00+00:00,1
2019-06-07 03:43:00+00:00,1
2019-06-07 03:44:00+00:00,1
2019-06-07 03:45:00+00:00,1
2019-06-07 03:46:00+00:00,1
2019-06-07 03:47:00+00:00,1
2019-06-07 03:48:00+00:00,1
2019-06-07 03:49:00+00:00,1
2019-06-07 03:50:00+00:00,1
2019-06-07 03:51:00+00:00,1
2019-06-07 03:52:00+00:00,1
2019-06-07 03:53:00+00:00,1
2019-06-07 03:54:00+00:00,1
2019-06-07 03:55:00+00:00,1
2019-06-07 03:56:00+00:00,1
2019-06-07 03:57:00+00:00,1
2019-06-07 03:58:00+00:00,1
2019-06-07 03:59:00+00:00,1
2019-06-07 04:00:00+00:00,1
2019-06-07 04:01:00+00:00,1
2019-06-07 04:02:00+00:00,1
2019-06-07 04:03:00+00:00,1
2019-06-07 04:04:00+00:00,1
2019-06-07 04:05:00+00:00,1
2019-06-07 04:06:00+00:00,1
2019-06-07 04:07:00+00:00,1
2019-06-07 04:08:00+00:00,1
2019-06-07 04:09:00+00:00,1
2019-06-07 04:10:00+00:00,1
2019-06-07 04:11:00+00:00,1
2019-06-07 04:12:00+00:00,1
2019-06-07 04:13:00+00:00,1
2019-06-07 04:14:00+00:00,1
2019-06-07 04:15:00+00:00,1
2019-06-07 04:16:00+00:00,1
2019-06-07 04:17:00+00:00,1
2019-06-07 04:18:00+00:00,1
2019-06-07 04:19:00+00:00,1
2019-06-07 04:20:00+00:00,1
2019-06-07 04:21:00+00:00,1
2019-06-07 04:22:00+00:00,1
2019-06-07 04:23:00+00:00,1
2019-06-07 04:24:00+00:00,1
2019-06-07 04:25:00+00:00,1
2019-06-07 04:26:00+00:00,1
2019-06-07 04:27:00+00:00,1
2019-06-07 04:28:00+00:00,1
2019-06-07 04:29:00+00:00,1
2019-06-07 04:30:00+00:00,1
2019-06-07 04:31:00+00:00,1
2019-06-07 04:32:00+00:00,1
2019-06-07 04:33:00+00:00,1
2019-06-07 04:34:00+00:00,1
2019-06-07 04:35:00+00:00,1
2019-06-07 04:36:00+00:00,1
2019-06-07 04:37:00+00:00,1
2019-06-07 04:38:00+00:00,1
2019-06-07 04:39:00+00:00,1
2019-06-07 04:40:00+00:00,1
2019-06-07 04:41:00+00:00,1
2019-06-07 04:42:00+00:00,1
2019-06-07 04:43:00+00:00,1
2019-06-07 04:44:00+00:00,1
2019-06-07 04:45:00+00:00,1
2019-06-13 03:44:00+00:00,1
2019-06-19 21:52:00+00:00,1
2019-06-21 21:02:00+00:00,1
2019-06-27 02:13:00+00:00,1
2019-06-27 02:14:00+00:00,1
2019-06-27 02:15:00+00:00,1
2019-06-27 02:16:00+00:00,1
2019-06-27 02:17:00+00:00,1
2019-06-27 02:18:00+00:00,1
2019-06-27 02:19:00+00:00,1
2019-06-27 02:20:00+00:00,1
2019-06-27 02:21:00+00:00,1
2019-06-27 02:22:00+00:00,1
2019-06-27 02:23:00+00:00,1
2019-06-30 21:43:00+00:00,1
2019-06-30 21:44:00+00:00,1
2019-06-30 21:45:00+00:00,1
2019-06-30 21:46:00+00:00,1
2019-06-30 21:47:00+00:00,1
2019-06-30 21:48:00+00:00,1
2019-06-30 21:49:00+00:00,1
2019-06-30 21:50:00+00:00,1
2019-06-30 21:51:00+00:00,1
2019-06-30 21:52:00+00:00,1
2019-06-30 21:53:00+00:00,1
2019-06-30 21:54:00+00:00,1
2019-06-30 21:55:00+00:00,1
2019-06-30 21:56:00+00:00,1
2019-06-30 21:57:00+00:00,1
2019-06-30 21:58:00+00:00,1
2019-06-30 21:59:00+00:00,1
2019-06-30 22:00:00+00:00,1
2019-06-30 22:01:00+00:00,1
2019-06-30 22:02:00+00:00,1
2019-06-30 22:03:00+00:00,1
2019-06-30 22:04:00+00:00,1
2019-06-30 22:05:00+00:00,1
2019-06-30 22:06:00+00:00,1
2019-06-30 22:07:00+00:00,1
2019-06-30 22:08:00+00:00,1
2019-06-30 22:09:00+00:00,1
2019-06-30 22:10:00+00:00,1
2019-06-30 22:11:00+00:00,1
2019-06-30 22:12:00+00:00,1
2019-06-30 22:13:00+00:00,1
2019-06-30 22:14:00+00:00,1
2019-06-30 22:15:00+00:00,1
2019-06-30 22:16:00+00:00,1
2019-06-30 22:17:00+00:00,1
2019-06-30 22:18:00+00:00,1
2019-06-30 22:19:00+00:00,1
2019-06-30 22:20:00+00:00,1
2019-07-01 00:51:00+00:00,1
2019-08-03 18:16:00+00:00,1
2019-08-10 04:24:00+00:00,1
2019-08-10 04:25:00+00:00,1
2019-08-10 04:26:00+00:00,1
2019-08-10 04:27:00+00:00,1
2019-08-10 04:28:00+00:00,1
2019-08-10 04:29:00+00:00,1
2019-08-10 04:30:00+00:00,1
2019-08-10 04:31:00+00:00,1
2019-08-10 04:32:00+00:00,1
2019-08-10 04:33:00+00:00,1
2019-08-10 04:34:00+00:00,1
2019-08-10 04:35:00+00:00,1
2019-08-10 04:36:00+00:00,1
2019-08-10 04:37:00+00:00,1
2019-08-10 04:38:00+00:00,1
2019-08-10 04:39:00+00:00,1
2019-08-10 04:40:00+00:00,1
2019-08-10 04:41:00+00:00,1
2019-08-10 04:42:00+00:00,1
2019-08-10 04:43:00+00:00,1
2019-08-10 04:44:00+00:00,1
2019-08-10 04:45:00+00:00,1
2019-08-10 04:46:00+00:00,1
2019-08-10 04:47:00+00:00,1
2019-08-10 04:48:00+00:00,1
2019-08-10 04:49:00+00:00,1
2019-08-10 04:50:00+00:00,1
2019-08-10 04:51:00+00:00,1
2019-08-10 04:52:00+00:00,1
2019-08-10 04:53:00+00:00,1
2019-08-10 04:54:00+00:00,1
2019-08-10 04:55:00+00:00,1
2019-08-10 04:56:00+00:00,1
2019-08-10 04:57:00+00:00,1
2019-08-10 04:58:00+00:00,1
2019-08-10 04:59:00+00:00,1
2019-08-10 05:00:00+00:00,1
2019-08-10 05:01:00+00:00,1
2019-08-10 05:02:00+00:00,1
2019-08-10 05:03:00+00:00,1
2019-08-10 05:04:00+00:00,1
2019-08-10 05:05:00+00:00,1
2019-08-10 05:06:00+00:00,1
2019-08-10 05:07:00+00:00,1
2019-08-10 05:08:00+00:00,1
2019-08-10 05:09:00+00:00,1
2019-08-10 05:10:00+00:00,1
2019-08-10 05:11:00+00:00,1
2019-08-10 05:12:00+00:00,1
2019-08-10 05:13:00+00:00,1
2019-08-10 05:14:00+00:00,1
2019-08-10 05:15:00+00:00,1
2019-08-10 05:16:00+00:00,1
2019-08-10 05:17:00+00:00,1
2019-08-10 05:18:00+00:00,1
2019-08-10 05:19:00+00:00,1
2019-08-10 05:20:00+00:00,1
2019-08-10 05:21:00+00:00,1
2019-08-10 05:22:00+00:00,1
2019-08-10 05:23:00+00:00,1
2019-08-10 05:24:00+00:00,1
2019-08-10 05:25:00+00:00,1
2019-08-10 05:26:00+00:00,1
2019-08-10 05:27:00+00:00,1
2019-08-10 05:28:00+00:00,1
2019-08-10 05:29:00+00:00,1
2019-08-10 05:30:00+00:00,1
2019-08-10 05:31:00+00:00,1
2019-08-10 05:32:00+00:00,1
2019-08-10 05:33:00+00:00,1
2019-08-10 05:34:00+00:00,1
2019-08-10 05:35:00+00:00,1
2019-08-10 05:36:00+00:00,1
2019-08-10 05:37:00+00:00,1
2019-08-10 05:38:00+00:00,1
2019-08-10 05:39:00+00:00,1
2019-08-10 05:40:00+00:00,1
2019-08-10 05:41:00+00:00,1
2019-08-10 05:42:00+00:00,1
2019-08-10 05:43:00+00:00,1
2019-08-10 05:44:00+00:00,1
2019-08-10 05:45:00+00:00,1
2019-08-10 05:46:00+00:00,1
2019-08-10 05:47:00+00:00,1
2019-08-10 05:48:00+00:00,1
2019-08-10 05:49:00+00:00,1
2019-08-10 05:50:00+00:00,1
2019-08-10 05:51:00+00:00,1
2019-08-10 05:52:00+00:00,1
2019-08-10 05:53:00+00:00,1
2019-08-10 05:54:00+00:00,1
2019-08-10 05:55:00+00:00,1
2019-08-10 05:56:00+00:00,1
2019-08-10 05:57:00+00:00,1
2019-08-10 05:58:00+00:00,1
2019-08-10 05:59:00+00:00,1
2019-08-10 06:00:00+00:00,1
2019-08-10 06:01:00+00:00,1
2019-08-10 06:02:00+00:00,1
2019-08-10 06:03:00+00:00,1
2019-08-10 06:04:00+00:00,1
2019-08-10 06:05:00+00:00,1
2019-08-10 06:06:00+00:00,1
2019-08-10 06:07:00+00:00,1
2019-08-10 06:08:00+00:00,1
2019-08-10 06:09:00+00:00,1
2019-08-10 06:10:00+00:00,1
2019-08-10 06:11:00+00:00,1
2019-08-10 06:12:00+00:00,1
2019-08-10 06:13:00+00:00,1
2019-08-10 06:14:00+00:00,1
2019-08-10 06:15:00+00:00,1
2019-08-10 06:16:00+00:00,1
2019-08-10 06:17:00+00:00,1
2019-08-10 06:18:00+00:00,1
2019-08-10 06:19:00+00:00,1
2019-08-10 06:20:00+00:00,1
2019-08-10 06:21:00+00:00,1
2019-08-10 06:22:00+00:00,1
2019-08-10 06:23:00+00:00,1
2019-08-10 06:24:00+00:00,1
2019-08-10 06:25:00+00:00,1
2019-08-10 06:26:00+00:00,1
2019-08-10 06:27:00+00:00,1
2019-08-10 06:28:00+00:00,1
2019-08-10 06:29:00+00:00,1
2019-08-10 06:30:00+00:00,1
2019-08-10 06:31:00+00:00,1
2019-08-10 06:32:00+00:00,1
2019-08-10 06:33:00+00:00,1
2019-08-10 06:34:00+00:00,1
2019-08-10 06:35:00+00:00,1
2019-08-10 06:36:00+00:00,1
2019-08-10 06:37:00+00:00,1
2019-08-10 06:38:00+00:00,1
2019-08-10 06:39:00+00:00,1
2019-08-10 06:40:00+00:00,1
2019-08-10 06:41:00+00:00,1
2019-08-10 06:42:00+00:00,1
2019-08-10 06:43:00+00:00,1
2019-08-10 06:44:00+00:00,1
2019-08-10 06:45:00+00:00,1
2019-08-10 06:46:00+00:00,1
2019-08-10 06:47:00+00:00,1
2019-08-10 06:48:00+00:00,1
2019-08-10 06:49:00+00:00,1
2019-08-10 06:50:00+00:00,1
2019-08-10 06:51:00+00:00,1
2019-08-10 06:52:00+00:00,1
2019-08-10 06:53:00+00:00,1
2019-08-10 06:54:00+00:00,1
2019-08-10 06:55:00+00:00,1
2019-08-10 06:56:00+00:00,1
2019-08-10 06:57:00+00:00,1
2019-08-10 06:58:00+00:00,1
2019-08-10 06:59:00+00:00,1
2019-08-10 07:00:00+00:00,1
2019-08-10 07:01:00+00:00,1
2019-08-10 07:02:00+00:00,1
2019-08-10 07:03:00+00:00,1
2019-08-10 07:04:00+00:00,1
2019-08-11 22:08:00+00:00,1
2019-08-14 02:14:00+00:00,1
2019-08-17 18:05:00+00:00,1
2019-08-17 22:09:00+00:00,1
2019-08-22 20:41:00+00:00,1
2019-08-30 20:52:00+00:00,1
2019-09-02 01:21:00+00:00,1
2019-09-02 01:22:00+00:00,1
2019-09-02 01:23:00+00:00,1
2019-09-02 01:24:00+00:00,1
2019-09-02 01:25:00+00:00,1
2019-09-02 01:26:00+00:00,1
2019-09-02 01:27:00+00:00,1
2019-09-02 01:28:00+00:00,1
2019-09-02 01:29:00+00:00,1
2019-09-02 01:30:00+00:00,1
2019-09-02 01:31:00+00:00,1
2019-09-02 01:32:00+00:00,1
2019-09-02 01:33:00+00:00,1
2019-09-02 01:34:00+00:00,1
2019-09-02 01:35:00+00:00,1
2019-09-02 01:36:00+00:00,1
2019-09-02 01:37:00+00:00,1
2019-09-02 01:38:00+00:00,1
2019-09-02 01:39:00+00:00,1
2019-09-02 01:40:00+00:00,1
2019-09-02 01:41:00+00:00,1
2019-09-02 01:42:00+00:00,1
2019-09-02 01:43:00+00:00,1
2019-09-02 01:44:00+00:00,1
2019-09-02 01:45:00+00:00,1
2019-09-02 01:46:00+00:00,1
2019-09-02 01:47:00+00:00,1
2019-09-02 01:48:00+00:00,1
2019-09-02 01:49:00+00:00,1
2019-09-02 01:50:00+00:00,1
2019-09-02 01:51:00+00:00,1
2019-09-02 01:52:00+00:00,1
2019-09-02 01:53:00+00:00,1
2019-09-02 01:54:00+00:00,1
2019-09-02 01:55:00+00:00,1
2019-09-02 01:56:00+00:00,1
2019-09-02 01:57:00+00:00,1
2019-09-02 01:58:00+00:00,1
2019-09-02 01:59:00+00:00,1
2019-09-02 02:00:00+00:00,1
2019-09-02 02:01:00+00:00,1
2019-09-02 02:02:00+00:00,1
2019-09-02 02:03:00+00:00,1
2019-09-02 02:04:00+00:00,1
2019-09-02 02:05:00+00:00,1
2019-09-02 02:06:00+00:00,1
2019-09-02 02:07:00+00:00,1
2019-09-02 02:08:00+00:00,1
2019-09-02 02:09:00+00:00,1
2019-09-02 02:10:00+00:00,1
2019-09-02 02:11:00+00:00,1
2019-09-02 02:12:00+00:00,1
2019-09-02 02:13:00+00:00,1
2019-09-02 02:14:00+00:00,1
2019-09-02 02:15:00+00:00,1
2019-09-02 02:16:00+00:00,1
2019-09-02 02:17:00+00:00,1
2019-09-02 02:18:00+00:00,1
2019-09-02 02:19:00+00:00,1
2019-09-02 02:20:00+00:00,1
2019-09-02 02:21:00+00:00,1
2019-09-02 02:22:00+00:00,1
2019-09-02 02:23:00+00:00,1
2019-09-02 02:24:00+00:00,1
2019-09-02 02:25:00+00:00,1
2019-09-02 02:26:00+00:00,1
2019-09-02 02:27:00+00:00,1
2019-09-02 02:28:00+00:00,1
2019-09-02 02:29:00+00:00,1
2019-09-02 02:30:00+00:00,1
2019-09-02 02:31:00+00:00,1
2019-09-02 02:32:00+00:00,1
2019-09-02 02:33:00+00:00,1
2019-09-02 02:34:00+00:00,1
2019-09-02 02:35:00+00:00,1
2019-09-02 02:36:00+00:00,1
2019-09-02 02:37:00+00:00,1
2019-09-02 02:38:00+00:00,1
2019-09-02 02:39:00+00:00,1
2019-09-02 02:40:00+00:00,1
2019-09-02 02:41:00+00:00,1
2019-09-02 02:42:00+00:00,1
2019-09-02 02:43:00+00:00,1
2019-09-02 02:44:00+00:00,1
2019-09-02 02:45:00+00:00,1
2019-09-02 02:46:00+00:00,1
2019-10-01 23:22:00+00:00,1
2019-10-06 23:47:00+00:00,1
2019-10-14 00:56:00+00:00,1
2019-10-16 00:17:00+00:00,1
2019-10-20 04:31:00+00:00,1
2019-10-20 17:32:00+00:00,1
2019-10-21 00:15:00+00:00,1
2019-10-26 17:27:00+00:00,1
2019-10-27 17:42:00+00:00,1
2019-10-31 20:22:00+00:00,1
2019-10-31 20:23:00+00:00,1
2019-10-31 20:24:00+00:00,1
2019-10-31 20:25:00+00:00,1
2019-10-31 20:26:00+00:00,1
2019-10-31 20:27:00+00:00,1
2019-10-31 20:28:00+00:00,1
2019-10-31 20:29:00+00:00,1
2019-10-31 20:30:00+00:00,1
2019-10-31 20:31:00+00:00,1
2019-10-31 20:32:00+00:00,1
2019-10-31 20:33:00+00:00,1
2019-10-31 20:34:00+00:00,1
2019-10-31 20:35:00+00:00,1
2019-10-31 20:36:00+00:00,1
2019-10-31 20:37:00+00:00,1
2019-10-31 20:38:00+00:00,1
2019-10-31 20:39:00+00:00,1
2019-10-31 20:40:00+00:00,1
2019-10-31 20:41:00+00:00,1
2019-10-31 20:42:00+00:00,1
2019-10-31 20:43:00+00:00,1
2019-10-31 20:44:00+00:00,1
2019-10-31 20:45:00+00:00,1
2019-10-31 20:46:00+00:00,1
2019-10-31 20:47:00+00:00,1
2019-10-31 20:48:00+00:00,1
2019-10-31 20:49:00+00:00,1
2019-10-31 20:50:00+00:00,1
2019-10-31 20:51:00+00:00,1
2019-10-31 20:52:00+00:00,1
2019-10-31 20:53:00+00:00,1
2019-10-31 20:54:00+00:00,1
2019-10-31 20:55:00+00:00,1
2019-10-31 20:56:00+00:00,1
2019-10-31 20:57:00+00:00,1
2019-10-31 20:58:00+00:00,1
2019-10-31 20:59:00+00:00,1
2019-10-31 21:00:00+00:00,1
2019-10-31 21:01:00+00:00,1
2019-10-31 21:02:00+00:00,1
2019-10-31 21:03:00+00:00,1
2019-10-31 21:04:00+00:00,1
2019-10-31 21:05:00+00:00,1
2019-10-31 21:06:00+00:00,1
2019-10-31 21:07:00+00:00,1
2019-10-31 21:08:00+00:00,1
2019-10-31 21:09:00+00:00,1
2019-10-31 21:10:00+00:00,1
2019-10-31 21:11:00+00:00,1
2019-10-31 21:12:00+00:00,1
2019-10-31 21:13:00+00:00,1
2019-10-31 21:14:00+00:00,1
2019-10-31 21:15:00+00:00,1
2019-10-31 21:16:00+00:00,1
2019-10-31 21:17:00+00:00,1
2019-10-31 21:18:00+00:00,1
2019-10-31 21:19:00+00:00,1
2019-10-31 21:20:00+00:00,1
2019-10-31 21:21:00+00:00,1
2019-10-31 21:22:00+00:00,1
2019-10-31 21:23:00+00:00,1
2019-10-31 21:24:00+00:00,1
2019-10-31 21:25:00+00:00,1
2019-10-31 21:26:00+00:00,1
2019-10-31 21:27:00+00:00,1
2019-10-31 21:28:00+00:00,1
2019-10-31 21:29:00+00:00,1
2019-10-31 21:30:00+00:00,1
2019-10-31 21:31:00+00:00,1
2019-10-31 21:32:00+00:00,1
2019-10-31 21:33:00+00:00,1
2019-10-31 21:34:00+00:00,1
2019-10-31 21:35:00+00:00,1
2019-10-31 21:36:00+00:00,1
2019-10-31 21:37:00+00:00,1
2019-10-31 21:38:00+00:00,1
2019-10-31 21:39:00+00:00,1
2019-10-31 21:40:00+00:00,1
2019-10-31 21:41:00+00:00,1
2019-10-31 21:42:00+00:00,1
2019-10-31 21:43:00+00:00,1
2019-10-31 21:44:00+00:00,1
2019-10-31 21:45:00+00:00,1
2019-10-31 21:46:00+00:00,1
2019-10-31 21:47:00+00:00,1
2019-10-31 21:48:00+00:00,1
2019-10-31 21:49:00+00:00,1
2019-10-31 21:50:00+00:00,1
2019-10-31 21:51:00+00:00,1
2019-10-31 21:52:00+00:00,1
2019-10-31 21:53:00+00:00,1
2019-10-31 21:54:00+00:00,1
2019-10-31 21:55:00+00:00,1
2019-10-31 21:56:00+00:00,1
2019-10-31 21:57:00+00:00,1
2019-10-31 21:58:00+00:00,1
2019-10-31 21:59:00+00:00,1
2019-10-31 22:00:00+00:00,1
2019-10-31 22:01:00+00:00,1
2019-10-31 22:02:00+00:00,1
2019-10-31 22:03:00+00:00,1
2019-10-31 22:04:00+00:00,1
2019-10-31 22:05:00+00:00,1
2019-10-31 22:06:00+00:00,1
2019-10-31 22:07:00+00:00,1
2019-10-31 22:08:00+00:00,1
2019-10-31 22:09:00+00:00,1
2019-10-31 22:10:00+00:00,1
2019-10-31 22:11:00+00:00,1
2019-10-31 22:12:00+00:00,1
2019-10-31 22:13:00+00:00,1
2019-10-31 22:14:00+00:00,1
2019-10-31 22:15:00+00:00,1
2019-10-31 22:16:00+00:00,1
2019-10-31 22:17:00+00:00,1
2019-10-31 22:18:00+00:00,1
2019-10-31 22:19:00+00:00,1
2019-10-31 22:20:00+00:00,1
2019-10-31 22:21:00+00:00,1
2019-10-31 22:22:00+00:00,1
2019-10-31 22:23:00+00:00,1
2019-10-31 22:24:00+00:00,1
2019-10-31 22:25:00+00:00,1
2019-10-31 22:26:00+00:00,1
2019-10-31 22:27:00+00:00,1
2019-10-31 22:28:00+00:00,1
2019-10-31 22:29:00+00:00,1
2019-10-31 22:30:00+00:00,1
2019-10-31 22:31:00+00:00,1
2019-10-31 22:32:00+00:00,1
2019-10-31 22:33:00+00:00,1
2019-10-31 22:34:00+00:00,1
2019-10-31 22:35:00+00:00,1
2019-10-31 22:36:00+00:00,1
2019-10-31 22:37:00+00:00,1
2019-10-31 22:38:00+00:00,1
2019-10-31 22:39:00+00:00,1
2019-10-31 22:40:00+00:00,1
2019-10-31 22:41:00+00:00,1
2019-11-03 16:25:00+00:00,1
2019-11-19 17:41:00+00:00,1
2019-11-19 17:42:00+00:00,1
2019-11-19 17:43:00+00:00,1
2019-11-19 17:44:00+00:00,1
2019-11-19 17:45:00+00:00,1
2019-11-19 17:46:00+00:00,1
2019-11-19 17:47:00+00:00,1
2019-11-19 17:48:00+00:00,1
2019-11-19 17:49:00+00:00,1
2019-11-19 17:50:00+00:00,1
2019-11-19 17:51:00+00:00,1
2019-11-19 17:52:00+00:00,1
2019-11-19 17:53:00+00:00,1
2019-11-19 17:54:00+00:00,1
2019-11-19 17:55:00+00:00,1
2019-11-19 17:56:00+00:00,1
2019-11-19 17:57:00+00:00,1
2019-11-19 17:58:00+00:00,1
2019-11-19 17:59:00+00:00,1
2019-11-19 18:00:00+00:00,1
2019-11-19 18:01:00+00:00,1
2019-11-19 18:02:00+00:00,1
2019-11-19 18:03:00+00:00,1
2019-11-25 17:33:00+00:00,1
2019-11-25 17:34:00+00:00,1
2019-11-25 17:35:00+00:00,1
2019-11-25 17:36:00+00:00,1
2019-11-25 17:37:00+00:00,1
2019-11-25 17:38:00+00:00,1
2019-11-25 17:39:00+00:00,1
2019-11-25 17:40:00+00:00,1
2019-11-25 17:41:00+00:00,1
2019-11-25 17:42:00+00:00,1
2019-11-25 17:43:00+00:00,1
2019-11-25 17:44:00+00:00,1
2019-11-25 17:45:00+00:00,1
2019-11-25 17:46:00+00:00,1
2019-11-25 17:47:00+00:00,1
2019-11-25 17:48:00+00:00,1
2019-11-25 17:49:00+00:00,1
2019-11-25 17:50:00+00:00,1
2019-11-25 17:51:00+00:00,1
2019-11-25 17:52:00+00:00,1
2019-11-25 17:53:00+00:00,1
2019-11-25 17:54:00+00:00,1
2019-11-25 17:55:00+00:00,1
2019-11-25 17:56:00+00:00,1
2019-11-25 17:57:00+00:00,1
2019-11-25 17:58:00+00:00,1
2019-11-25 17:59:00+00:00,1
2019-11-25 18:00:00+00:00,1
2019-11-25 18:01:00+00:00,1
2019-11-25 18:02:00+00:00,1
2019-11-25 18:03:00+00:00,1
2019-11-25 18:04:00+00:00,1
2019-11-25 18:05:00+00:00,1
2019-11-25 18:06:00+00:00,1
2019-11-25 18:07:00+00:00,1
2019-11-25 18:08:00+00:00,1
2019-11-25 18:09:00+00:00,1
2019-11-25 18:10:00+00:00,1
2019-11-25 18:11:00+00:00,1
2019-11-25 18:12:00+00:00,1
2019-11-25 18:13:00+00:00,1
2019-11-25 18:14:00+00:00,1
2019-11-25 18:15:00+00:00,1
2019-11-25 18:16:00+00:00,1
2019-11-25 18:17:00+00:00,1
2019-11-25 18:18:00+00:00,1
2019-11-25 18:19:00+00:00,1
2019-11-25 18:20:00+00:00,1
2019-11-25 18:21:00+00:00,1
2019-11-25 18:22:00+00:00,1
2019-11-25 18:23:00+00:00,1
2019-11-25 18:24:00+00:00,1
2019-11-25 18:25:00+00:00,1
2019-11-25 18:26:00+00:00,1
2019-11-25 18:27:00+00:00,1
2019-11-25 18:28:00+00:00,1
2019-11-25 18:29:00+00:00,1
2019-11-25 18:30:00+00:00,1
2019-11-25 18:31:00+00:00,1
2019-11-25 18:32:00+00:00,1
2019-11-25 18:33:00+00:00,1
2019-11-25 18:34:00+00:00,1
2019-11-25 18:35:00+00:00,1
2019-11-25 18:36:00+00:00,1
2019-11-25 18:37:00+00:00,1
2019-11-25 18:38:00+00:00,1
2019-11-25 18:39:00+00:00,1
2019-11-25 18:40:00+00:00,1
2019-11-25 18:41:00+00:00,1
2019-11-25 18:42:00+00:00,1
2019-11-25 18:43:00+00:00,1
2019-11-25 18:44:00+00:00,1
2019-11-25 18:45:00+00:00,1
2019-11-25 18:46:00+00:00,1
2019-11-25 18:47:00+00:00,1
2019-11-25 18:48:00+00:00,1
2019-11-25 18:49:00+00:00,1
2019-11-25 18:50:00+00:00,1
2019-11-25 18:51:00+00:00,1
2019-11-25 18:52:00+00:00,1
2019-11-25 18:53:00+00:00,1
2019-11-25 18:54:00+00:00,1
2019-11-25 18:55:00+00:00,1
2019-11-25 18:56:00+00:00,1
2019-11-25 18:57:00+00:00,1
2019-11-25 18:58:00+00:00,1
2019-11-25 18:59:00+00:00,1
2019-11-25 19:00:00+00:00,1
2019-11-25 19:01:00+00:00,1
2019-11-25 19:02:00+00:00,1
2019-11-25 19:03:00+00:00,1
2019-11-25 19:04:00+00:00,1
2019-11-25 19:05:00+00:00,1
2019-11-25 19:06:00+00:00,1
2019-11-25 19:07:00+00:00,1
2019-11-25 19:08:00+00:00,1
2019-11-25 19:09:00+00:00,1
2019-11-25 19:10:00+00:00,1
2019-11-25 19:11:00+00:00,1
2019-11-25 19:12:00+00:00,1
2019-11-25 19:13:00+00:00,1
2019-11-25 19:14:00+00:00,1
2019-11-25 19:15:00+00:00,1
2019-11-25 19:16:00+00:00,1
2019-11-25 19:17:00+00:00,1
2019-11-25 19:18:00+00:00,1
2019-11-25 19:19:00+00:00,1
2019-11-25 19:20:00+00:00,1
2019-11-25 19:21:00+00:00,1
2019-11-25 19:22:00+00:00,1
2019-11-25 19:23:00+00:00,1
2019-11-25 19:24:00+00:00,1
2019-11-25 19:25:00+00:00,1
2019-11-25 19:26:00+00:00,1
2019-11-25 19:27:00+00:00,1
2019-11-25 19:28:00+00:00,1
2019-11-25 19:29:00+00:00,1
2019-11-25 19:30:00+00:00,1
2019-11-25 19:31:00+00:00,1
2019-11-25 19:32:00+00:00,1
2019-11-25 19:33:00+00:00,1
2019-11-25 19:34:00+00:00,1
2019-11-25 19:35:00+00:00,1
2019-11-25 19:36:00+00:00,1
2019-11-25 19:37:00+00:00,1
2019-11-25 19:38:00+00:00,1
2019-11-25 19:39:00+00:00,1
2019-11-25 19:40:00+00:00,1
2019-11-25 19:41:00+00:00,1
2019-11-25 19:42:00+00:00,1
2019-11-25 19:43:00+00:00,1
2019-11-25 19:44:00+00:00,1
2019-11-25 19:45:00+00:00,1
2019-11-25 19:46:00+00:00,1
2019-11-25 19:47:00+00:00,1
2019-11-25 19:48:00+00:00,1
2019-11-25 19:49:00+00:00,1
2019-11-25 19:50:00+00:00,1
2019-11-25 19:51:00+00:00,1
2019-11-25 19:52:00+00:00,1
2019-11-25 19:53:00+00:00,1
2019-11-25 19:54:00+00:00,1
2019-11-25 19:55:00+00:00,1
2019-11-25 19:56:00+00:00,1
2019-11-25 19:57:00+00:00,1
2019-11-25 19:58:00+00:00,1
2019-11-25 19:59:00+00:00,1
2019-12-01 18:32:00+00:00,1
2019-12-05 00:39:00+00:00,1
2019-12-07 05:22:00+00:00,2
2019-12-10 17:26:00+00:00,1
2019-12-10 17:39:00+00:00,1
2019-12-10 17:40:00+00:00,1
2019-12-10 17:41:00+00:00,1
2019-12-11 03:37:00+00:00,1
2019-12-11 20:33:00+00:00,1
2019-12-12 17:42:00+00:00,1
2019-12-14 22:07:00+00:00,1
2019-12-17 01:05:00+00:00,1
2019-12-17 14:59:00+00:00,1
2019-12-17 18:10:00+00:00,1
2019-12-17 18:11:00+00:00,1
2019-12-20 20:25:00+00:00,1
2019-12-21 01:03:00+00:00,1
2019-12-24 21:51:00+00:00,1
2019-12-25 20:58:00+00:00,1
2019-12-27 20:22:00+00:00,1
2019-12-27 20:23:00+00:00,1
2019-12-28 05:06:00+00:00,1
2019-12-28 05:08:00+00:00,1
2019-12-28 05:09:00+00:00,1
2019-12-28 05:10:00+00:00,1
2019-12-28 05:11:00+00:00,1
2019-12-28 05:12:00+00:00,1
2019-12-28 05:13:00+00:00,1
2019-12-28 05:14:00+00:00,1
2019-12-28 05:15:00+00:00,1
2019-12-28 05:16:00+00:00,1
2019-12-28 05:17:00+00:00,1
2019-12-28 05:18:00+00:00,1
2019-12-28 05:19:00+00:00,1
2019-12-28 05:20:00+00:00,1
2019-12-28 05:21:00+00:00,1
2019-12-28 05:22:00+00:00,1
2019-12-28 05:23:00+00:00,1
2019-12-28 05:24:00+00:00,1
2019-12-28 05:25:00+00:00,1
2019-12-28 05:26:00+00:00,1
2019-12-28 05:27:00+00:00,1
2019-12-28 05:28:00+00:00,1
2019-12-28 05:29:00+00:00,1
2019-12-28 05:30:00+00:00,1
2019-12-28 05:31:00+00:00,1
2019-12-28 05:32:00+00:00,1
2019-12-28 05:33:00+00:00,1
2019-12-28 05:34:00+00:00,1
2019-12-28 05:35:00+00:00,1
2019-12-28 05:36:00+00:00,1
2019-12-28 05:37:00+00:00,1
2019-12-28 05:38:00+00:00,1
2019-12-28 05:39:00+00:00,1
2019-12-28 05:40:00+00:00,1
2019-12-28 05:41:00+00:00,1
2019-12-28 05:42:00+00:00,1
2019-12-28 05:43:00+00:00,1
2019-12-28 05:44:00+00:00,1
2019-12-28 05:45:00+00:00,1
2019-12-28 05:46:00+00:00,1
2019-12-28 05:47:00+00:00,1
2019-12-28 05:48:00+00:00,1
2019-12-28 05:49:00+00:00,1
2019-12-28 05:50:00+00:00,1
2019-12-28 05:51:00+00:00,1
2019-12-28 05:52:00+00:00,1
2019-12-28 05:53:00+00:00,1
2019-12-28 05:54:00+00:00,1
2019-12-28 05:55:00+00:00,1
2019-12-28 05:56:00+00:00,1
2019-12-28 05:57:00+00:00,1
2019-12-28 05:58:00+00:00,1
2019-12-28 05:59:00+00:00,1
2019-12-28 06:00:00+00:00,1
2019-12-28 06:01:00+00:00,1
2019-12-28 06:02:00+00:00,1
2019-12-28 06:03:00+00:00,1
2019-12-28 06:04:00+00:00,1
2019-12-28 06:05:00+00:00,1
2019-12-28 06:06:00+00:00,1
2019-12-28 06:07:00+00:00,1
2019-12-28 06:08:00+00:00,1
2019-12-28 06:09:00+00:00,1
2019-12-28 06:10:00+00:00,1
2019-12-28 06:11:00+00:00,1
2019-12-28 06:12:00+00:00,1
2019-12-28 06:13:00+00:00,1
2019-12-28 06:14:00+00:00,1
2019-12-28 06:15:00+00:00,1
2019-12-28 06:16:00+00:00,1
2019-12-28 06:17:00+00:00,1
2019-12-28 06:18:00+00:00,1
2019-12-28 06:19:00+00:00,1
2019-12-28 06:20:00+00:00,1
2019-12-28 06:21:00+00:00,1
2019-12-28 06:22:00+00:00,1
2019-12-28 06:23:00+00:00,1
2019-12-28 06:24:00+00:00,1
2019-12-28 06:25:00+00:00,1
2019-12-28 06:26:00+00:00,1
2019-12-28 06:27:00+00:00,1
2019-12-28 06:28:00+00:00,1
2019-12-28 06:29:00+00:00,1
2019-12-28 06:30:00+00:00,1
2019-12-28 06:31:00+00:00,1
2019-12-28 06:32:00+00:00,1
2019-12-28 06:33:00+00:00,1
2019-12-28 06:34:00+00:00,1
2019-12-28 06:35:00+00:00,1
2019-12-28 06:36:00+00:00,1
2019-12-28 06:37:00+00:00,1
2019-12-28 06:38:00+00:00,1
2019-12-28 06:39:00+00:00,1
2019-12-28 06:40:00+00:00,1
2019-12-28 06:41:00+00:00,1
2019-12-28 06:42:00+00:00,1
2019-12-28 06:43:00+00:00,1
2019-12-28 06:44:00+00:00,1
2019-12-28 06:45:00+00:00,1
2019-12-28 06:46:00+00:00,1
2019-12-28 06:47:00+00:00,1
2019-12-28 06:48:00+00:00,1
2019-12-28 06:49:00+00:00,1
2019-12-28 06:50:00+00:00,1
2019-12-28 06:51:00+00:00,1
2019-12-28 06:52:00+00:00,1
2019-12-28 06:53:00+00:00,1
2019-12-28 06:54:00+00:00,1
2019-12-28 06:55:00+00:00,1
2019-12-28 06:56:00+00:00,1
2019-12-28 06:57:00+00:00,1
2019-12-28 06:58:00+00:00,1
2019-12-28 06:59:00+00:00,1
2019-12-28 07:00:00+00:00,1
2019-12-28 07:01:00+00:00,1
2019-12-28 07:02:00+00:00,1
2019-12-28 07:03:00+00:00,1
2019-12-28 07:04:00+00:00,1
2019-12-28 07:05:00+00:00,1
2019-12-28 07:06:00+00:00,1
2019-12-28 07:07:00+00:00,1
2019-12-28 07:08:00+00:00,1
2019-12-28 07:09:00+00:00,1
2019-12-28 07:10:00+00:00,1
2019-12-28 07:11:00+00:00,1
2019-12-28 07:12:00+00:00,1
2019-12-28 07:13:00+00:00,1
2019-12-28 07:14:00+00:00,1
2019-12-28 07:15:00+00:00,1
2019-12-28 07:16:00+00:00,1
2019-12-28 07:17:00+00:00,1
2019-12-28 07:18:00+00:00,1
2019-12-28 07:19:00+00:00,1
2019-12-28 07:20:00+00:00,1
2019-12-28 07:21:00+00:00,1
2019-12-28 07:22:00+00:00,1
2019-12-28 07:23:00+00:00,1
2019-12-28 07:24:00+00:00,1
2019-12-28 07:25:00+00:00,1
2019-12-28 07:26:00+00:00,1
2019-12-28 07:27:00+00:00,1
2019-12-28 07:28:00+00:00,1
2019-12-28 07:29:00+00:00,1
2019-12-28 07:30:00+00:00,1
2019-12-28 07:31:00+00:00,1
2019-12-28 07:32:00+00:00,1
2019-12-28 07:33:00+00:00,1
2019-12-28 07:34:00+00:00,1
2019-12-28 07:35:00+00:00,1
2019-12-28 07:36:00+00:00,1
2019-12-28 07:37:00+00:00,1
2019-12-28 07:38:00+00:00,1
2019-12-28 07:39:00+00:00,1
2019-12-28 07:40:00+00:00,1
2019-12-28 07:41:00+00:00,1
2019-12-28 07:42:00+00:00,1
2019-12-28 07:43:00+00:00,1
2019-12-28 07:44:00+00:00,1
2019-12-28 07:45:00+00:00,1
2019-12-28 07:46:00+00:00,1
2019-12-28 07:47:00+00:00,1
2019-12-28 07:48:00+00:00,1
2019-12-28 07:49:00+00:00,1
2019-12-28 07:50:00+00:00,1
2019-12-28 07:51:00+00:00,1
2019-12-28 07:52:00+00:00,1
2019-12-28 07:53:00+00:00,1
2019-12-28 07:54:00+00:00,1
2019-12-28 07:55:00+00:00,1
2019-12-28 07:56:00+00:00,1
2019-12-28 07:57:00+00:00,1
2019-12-28 07:58:00+00:00,1
2019-12-28 07:59:00+00:00,1
2019-12-28 08:00:00+00:00,1
2019-12-28 08:01:00+00:00,1
2019-12-28 08:02:00+00:00,1
2019-12-28 08:03:00+00:00,1
2019-12-28 08:04:00+00:00,1
2019-12-28 08:05:00+00:00,1
2019-12-28 08:06:00+00:00,1
2019-12-28 08:07:00+00:00,1
2019-12-28 08:08:00+00:00,1
2019-12-28 08:09:00+00:00,1
2019-12-28 08:10:00+00:00,1
2019-12-28 08:11:00+00:00,1
2019-12-28 08:12:00+00:00,1
2019-12-28 08:13:00+00:00,1
2019-12-28 08:14:00+00:00,1
2019-12-28 08:15:00+00:00,1
2019-12-28 08:16:00+00:00,1
2019-12-28 08:17:00+00:00,1
2019-12-28 08:18:00+00:00,1
2019-12-28 08:19:00+00:00,1
2019-12-28 08:20:00+00:00,1
2019-12-28 08:21:00+00:00,1
2019-12-28 08:22:00+00:00,1
2019-12-28 08:23:00+00:00,1
2019-12-28 08:24:00+00:00,1
2019-12-28 08:25:00+00:00,1
2019-12-28 08:26:00+00:00,1
2019-12-28 08:27:00+00:00,1
2019-12-28 08:28:00+00:00,1
2019-12-28 08:29:00+00:00,1
2019-12-28 08:30:00+00:00,1
2019-12-28 08:31:00+00:00,1
2019-12-28 08:32:00+00:00,1
2019-12-28 08:33:00+00:00,1
2019-12-28 08:34:00+00:00,1
2019-12-28 08:35:00+00:00,1
2019-12-28 08:36:00+00:00,1
2019-12-28 08:37:00+00:00,1
2019-12-28 08:38:00+00:00,1
2019-12-28 08:39:00+00:00,1
2019-12-28 08:40:00+00:00,1
2019-12-28 08:41:00+00:00,1
2019-12-28 08:42:00+00:00,1
2019-12-28 08:43:00+00:00,1
2019-12-28 08:44:00+00:00,1
2019-12-28 08:45:00+00:00,1
2019-12-28 08:46:00+00:00,1
2019-12-28 08:47:00+00:00,1
2019-12-28 08:48:00+00:00,1
2019-12-28 08:49:00+00:00,1
2019-12-28 08:50:00+00:00,1
2019-12-28 08:51:00+00:00,1
2019-12-28 08:52:00+00:00,1
2019-12-28 08:53:00+00:00,1
2019-12-28 08:54:00+00:00,1
2019-12-28 08:55:00+00:00,1
2019-12-28 08:56:00+00:00,1
2019-12-28 08:57:00+00:00,1
2019-12-28 08:58:00+00:00,1
2019-12-28 08:59:00+00:00,1
2019-12-28 09:00:00+00:00,1
2019-12-28 09:01:00+00:00,1
2019-12-28 09:02:00+00:00,1
2019-12-28 09:03:00+00:00,1
2019-12-28 09:04:00+00:00,1
2019-12-28 09:05:00+00:00,1
2019-12-28 09:06:00+00:00,1
2019-12-28 09:07:00+00:00,1
2019-12-28 09:08:00+00:00,1
2019-12-28 09:09:00+00:00,1
2019-12-28 09:10:00+00:00,1
2019-12-28 09:11:00+00:00,1
2019-12-28 09:12:00+00:00,1
2019-12-28 09:13:00+00:00,1
2019-12-28 09:14:00+00:00,1
2019-12-28 09:15:00+00:00,1
2019-12-28 09:16:00+00:00,1
2019-12-28 09:17:00+00:00,1
2019-12-28 09:18:00+00:00,1
2019-12-28 09:19:00+00:00,1
2019-12-28 09:20:00+00:00,1
2019-12-28 09:21:00+00:00,1
2019-12-28 09:22:00+00:00,1
2019-12-28 09:23:00+00:00,1
2019-12-28 09:24:00+00:00,1
2019-12-28 09:25:00+00:00,1
2019-12-28 09:26:00+00:00,1
2019-12-28 09:27:00+00:00,1
2019-12-28 09:28:00+00:00,1
2019-12-28 09:29:00+00:00,1
2019-12-28 09:30:00+00:00,1
2019-12-28 09:31:00+00:00,1
2019-12-28 09:32:00+00:00,1
2019-12-28 09:33:00+00:00,1
2019-12-28 09:34:00+00:00,1
2019-12-28 09:35:00+00:00,1
2019-12-28 09:36:00+00:00,1
2019-12-28 09:37:00+00:00,1
2019-12-28 09:38:00+00:00,1
2019-12-28 09:39:00+00:00,1
2019-12-28 09:40:00+00:00,1
2019-12-28 09:41:00+00:00,1
2019-12-28 09:42:00+00:00,1
2019-12-28 09:43:00+00:00,1
2019-12-28 09:44:00+00:00,1
2019-12-28 09:45:00+00:00,1
2019-12-28 09:46:00+00:00,1
2019-12-28 09:47:00+00:00,1
2019-12-28 09:48:00+00:00,1
2019-12-28 09:49:00+00:00,1
2019-12-28 09:50:00+00:00,1
2019-12-28 09:51:00+00:00,1
2019-12-28 09:52:00+00:00,1
2019-12-28 09:53:00+00:00,1
2019-12-28 09:54:00+00:00,1
2019-12-28 09:55:00+00:00,1
2019-12-28 09:56:00+00:00,1
2019-12-28 09:57:00+00:00,1
2019-12-28 09:58:00+00:00,1
2019-12-28 09:59:00+00:00,1
2019-12-28 10:00:00+00:00,1
2019-12-28 10:01:00+00:00,1
2019-12-28 10:02:00+00:00,1
2019-12-28 10:03:00+00:00,1
2019-12-28 10:04:00+00:00,1
2019-12-28 10:05:00+00:00,1
2019-12-28 10:06:00+00:00,1
2019-12-28 10:07:00+00:00,1
2019-12-28 10:08:00+00:00,1
2019-12-28 10:09:00+00:00,1
2019-12-28 10:10:00+00:00,1
2019-12-28 10:11:00+00:00,1
2019-12-28 10:12:00+00:00,1
2019-12-28 10:13:00+00:00,1
2019-12-28 10:14:00+00:00,1
2019-12-28 10:15:00+00:00,1
2019-12-28 10:16:00+00:00,1
2019-12-28 10:17:00+00:00,1
2019-12-28 10:18:00+00:00,1
2019-12-28 10:19:00+00:00,1
2019-12-28 10:20:00+00:00,1
2019-12-28 10:21:00+00:00,1
2019-12-28 10:22:00+00:00,1
2019-12-28 10:23:00+00:00,1
2019-12-28 10:24:00+00:00,1
2019-12-28 10:25:00+00:00,1
2019-12-28 10:26:00+00:00,1
2019-12-28 10:27:00+00:00,1
2019-12-28 10:28:00+00:00,1
2019-12-28 10:29:00+00:00,1
2019-12-28 10:30:00+00:00,1
2019-12-28 10:31:00+00:00,1
2019-12-28 10:32:00+00:00,1
2019-12-28 10:33:00+00:00,1
2019-12-28 10:34:00+00:00,1
2019-12-28 10:35:00+00:00,1
2019-12-28 10:36:00+00:00,1
2019-12-28 10:37:00+00:00,1
2019-12-28 10:38:00+00:00,1
2019-12-28 10:39:00+00:00,1
2019-12-28 10:40:00+00:00,1
2019-12-28 10:41:00+00:00,1
2019-12-28 10:42:00+00:00,1
2019-12-28 10:43:00+00:00,1
2019-12-28 10:44:00+00:00,1
2019-12-28 10:45:00+00:00,1
2019-12-28 10:46:00+00:00,1
2019-12-28 10:47:00+00:00,1
2019-12-28 10:48:00+00:00,1
2019-12-28 10:49:00+00:00,1
2019-12-28 10:50:00+00:00,1
2019-12-28 10:51:00+00:00,1
2019-12-28 10:52:00+00:00,1
2019-12-28 10:53:00+00:00,1
2019-12-28 10:54:00+00:00,1
2019-12-28 10:55:00+00:00,1
2019-12-28 10:56:00+00:00,1
2019-12-28 10:57:00+00:00,1
2019-12-28 10:58:00+00:00,1
2019-12-28 10:59:00+00:00,1
2019-12-28 11:00:00+00:00,1
2019-12-28 11:01:00+00:00,1
2019-12-28 11:02:00+00:00,1
2019-12-28 11:03:00+00:00,1
2019-12-28 11:04:00+00:00,1
2019-12-28 11:05:00+00:00,1
2019-12-28 11:06:00+00:00,1
2019-12-28 11:07:00+00:00,1
2019-12-28 11:08:00+00:00,1
2019-12-28 11:09:00+00:00,1
2019-12-28 11:10:00+00:00,1
2019-12-28 11:11:00+00:00,1
2019-12-28 11:12:00+00:00,1
2019-12-28 11:13:00+00:00,1
2019-12-28 11:14:00+00:00,1
2019-12-28 11:15:00+00:00,1
2019-12-28 11:16:00+00:00,1
2019-12-28 11:17:00+00:00,1
2019-12-28 11:18:00+00:00,1
2019-12-28 11:19:00+00:00,1
2019-12-28 11:20:00+00:00,1
2019-12-28 11:21:00+00:00,1
2019-12-28 11:22:00+00:00,1
2019-12-28 11:23:00+00:00,1
2019-12-28 11:24:00+00:00,1
2019-12-28 11:25:00+00:00,1
2019-12-28 11:26:00+00:00,1
2019-12-28 11:27:00+00:00,1
2019-12-28 11:28:00+00:00,1
2019-12-28 11:29:00+00:00,1
2019-12-28 11:30:00+00:00,1
2019-12-28 11:31:00+00:00,1
2019-12-28 11:32:00+00:00,1
2019-12-28 11:33:00+00:00,1
2019-12-28 11:34:00+00:00,1
2019-12-28 11:35:00+00:00,1
2019-12-28 11:36:00+00:00,1
2019-12-28 11:37:00+00:00,1
2019-12-28 11:38:00+00:00,1
2019-12-28 11:39:00+00:00,1
2019-12-28 11:40:00+00:00,1
2019-12-28 11:41:00+00:00,1
2019-12-28 11:42:00+00:00,1
2019-12-28 11:43:00+00:00,1
2019-12-28 11:44:00+00:00,1
2019-12-28 11:45:00+00:00,1
2019-12-28 11:46:00+00:00,1
2019-12-28 11:47:00+00:00,1
2019-12-28 11:48:00+00:00,1
2019-12-28 11:49:00+00:00,1
2019-12-28 11:50:00+00:00,1
2019-12-28 11:51:00+00:00,1
2019-12-28 11:52:00+00:00,1
2019-12-28 11:53:00+00:00,1
2019-12-28 11:54:00+00:00,1
2019-12-28 11:55:00+00:00,1
2019-12-28 11:56:00+00:00,1
2019-12-28 11:57:00+00:00,1
2019-12-28 11:58:00+00:00,1
2019-12-28 11:59:00+00:00,1
2019-12-28 12:00:00+00:00,1
2019-12-28 12:01:00+00:00,1
2019-12-28 12:02:00+00:00,1
2019-12-28 12:03:00+00:00,1
2019-12-28 12:04:00+00:00,1
2019-12-28 12:05:00+00:00,1
2019-12-28 12:06:00+00:00,1
2019-12-28 12:07:00+00:00,1
2019-12-28 12:08:00+00:00,1
2019-12-28 12:09:00+00:00,1
2019-12-28 12:10:00+00:00,1
2019-12-28 12:11:00+00:00,1
2019-12-28 12:12:00+00:00,1
2019-12-28 12:13:00+00:00,1
2019-12-28 12:14:00+00:00,1
2019-12-28 12:15:00+00:00,1
2019-12-28 12:16:00+00:00,1
2019-12-28 12:17:00+00:00,1
2019-12-28 12:18:00+00:00,1
2019-12-28 12:19:00+00:00,1
2019-12-28 12:20:00+00:00,1
2019-12-28 12:21:00+00:00,1
2019-12-28 12:22:00+00:00,1
2019-12-28 12:23:00+00:00,1
2019-12-28 12:24:00+00:00,1
2019-12-28 12:25:00+00:00,1
2019-12-28 12:26:00+00:00,1
2019-12-28 12:27:00+00:00,1
2019-12-28 12:28:00+00:00,1
2019-12-28 12:29:00+00:00,1
2019-12-28 12:30:00+00:00,1
2019-12-28 12:31:00+00:00,1
2019-12-28 12:32:00+00:00,1
2019-12-28 12:33:00+00:00,1
2019-12-28 12:34:00+00:00,1
2019-12-28 12:35:00+00:00,1
2019-12-28 12:36:00+00:00,1
2019-12-28 12:37:00+00:00,1
2019-12-28 12:38:00+00:00,1
2019-12-28 12:39:00+00:00,1
2019-12-28 12:40:00+00:00,1
2019-12-28 12:41:00+00:00,1
2019-12-28 12:42:00+00:00,1
2019-12-28 12:43:00+00:00,1
2019-12-28 12:44:00+00:00,1
2019-12-28 12:45:00+00:00,1
2019-12-28 12:46:00+00:00,1
2019-12-28 12:47:00+00:00,1
2019-12-28 12:48:00+00:00,1
2019-12-28 12:49:00+00:00,1
2019-12-28 12:50:00+00:00,1
2019-12-28 12:51:00+00:00,1
2019-12-28 12:52:00+00:00,1
2019-12-28 12:53:00+00:00,1
2019-12-28 12:54:00+00:00,1
2019-12-28 12:55:00+00:00,1
2019-12-28 12:56:00+00:00,1
2019-12-28 12:57:00+00:00,1
2019-12-28 12:58:00+00:00,1
2019-12-28 12:59:00+00:00,1
2019-12-28 13:00:00+00:00,1
2019-12-28 13:01:00+00:00,1
2019-12-28 13:02:00+00:00,1
2019-12-28 13:03:00+00:00,1
2019-12-28 13:04:00+00:00,1
2019-12-28 13:05:00+00:00,1
2019-12-28 13:06:00+00:00,1
2019-12-28 13:07:00+00:00,1
2019-12-28 13:08:00+00:00,1
2019-12-28 13:09:00+00:00,1
2019-12-28 13:10:00+00:00,1
2019-12-28 13:11:00+00:00,1
2019-12-28 13:12:00+00:00,1
2019-12-28 13:13:00+00:00,1
2019-12-28 13:14:00+00:00,1
2019-12-28 13:15:00+00:00,1
2019-12-28 13:16:00+00:00,1
2019-12-28 13:17:00+00:00,1
2019-12-28 13:18:00+00:00,1
2019-12-28 13:19:00+00:00,1
2019-12-28 13:20:00+00:00,1
2019-12-28 13:21:00+00:00,1
2019-12-28 13:22:00+00:00,1
2019-12-28 13:23:00+00:00,1
2019-12-28 13:24:00+00:00,1
2019-12-28 13:25:00+00:00,1
2019-12-28 13:26:00+00:00,1
2019-12-28 13:27:00+00:00,1
2019-12-28 13:28:00+00:00,1
2019-12-28 13:29:00+00:00,1
2019-12-28 13:30:00+00:00,1
2019-12-28 13:31:00+00:00,1
2019-12-28 13:32:00+00:00,1
2019-12-28 13:33:00+00:00,1
2019-12-28 13:34:00+00:00,1
2019-12-28 13:35:00+00:00,1
2019-12-28 13:36:00+00:00,1
2019-12-28 13:37:00+00:00,1
2019-12-28 13:38:00+00:00,1
2019-12-28 13:39:00+00:00,1
2019-12-28 13:40:00+00:00,1
2019-12-28 13:41:00+00:00,1
2019-12-28 13:42:00+00:00,1
2019-12-28 13:43:00+00:00,1
2019-12-28 13:44:00+00:00,1
2019-12-28 13:45:00+00:00,1
2019-12-28 13:46:00+00:00,1
2019-12-28 13:47:00+00:00,1
2019-12-28 13:48:00+00:00,1
2019-12-28 13:49:00+00:00,1
2019-12-28 13:50:00+00:00,1
2019-12-28 13:51:00+00:00,1
2019-12-28 13:52:00+00:00,1
2019-12-28 13:53:00+00:00,1
2019-12-28 13:54:00+00:00,1
2019-12-28 13:55:00+00:00,1
2019-12-28 13:56:00+00:00,1
2019-12-28 13:57:00+00:00,1
2019-12-28 13:58:00+00:00,1
2019-12-28 13:59:00+00:00,1
2019-12-28 14:00:00+00:00,1
2019-12-28 14:01:00+00:00,1
2019-12-28 14:02:00+00:00,1
2019-12-28 14:03:00+00:00,1
2019-12-28 14:04:00+00:00,1
2019-12-28 14:05:00+00:00,1
2019-12-28 14:06:00+00:00,1
2019-12-28 14:07:00+00:00,1
2019-12-28 14:08:00+00:00,1
2019-12-28 14:09:00+00:00,1
2019-12-28 14:10:00+00:00,1
2019-12-28 14:11:00+00:00,1
2019-12-28 14:12:00+00:00,1
2019-12-28 14:13:00+00:00,1
2019-12-28 14:14:00+00:00,1
2019-12-28 14:15:00+00:00,1
2019-12-28 14:16:00+00:00,1
2019-12-28 14:17:00+00:00,1
2019-12-28 14:18:00+00:00,1
2019-12-28 14:19:00+00:00,1
2019-12-28 14:20:00+00:00,1
2019-12-28 14:21:00+00:00,1
2019-12-28 14:22:00+00:00,1
2019-12-28 14:23:00+00:00,1
2019-12-28 14:24:00+00:00,1
2019-12-28 14:25:00+00:00,1
2019-12-28 14:26:00+00:00,1
2019-12-28 14:27:00+00:00,1
2019-12-28 14:28:00+00:00,1
2019-12-28 14:29:00+00:00,1
2019-12-28 14:30:00+00:00,1
2019-12-28 14:31:00+00:00,1
2019-12-28 14:32:00+00:00,1
2019-12-28 14:33:00+00:00,1
2019-12-28 14:34:00+00:00,1
2019-12-28 14:35:00+00:00,1
2019-12-28 14:36:00+00:00,1
2019-12-28 14:37:00+00:00,1
2019-12-28 14:38:00+00:00,1
2019-12-28 14:39:00+00:00,1
2019-12-28 14:40:00+00:00,1
2019-12-28 14:41:00+00:00,1
2019-12-28 14:42:00+00:00,1
2019-12-28 14:43:00+00:00,1
2019-12-28 14:44:00+00:00,1
2019-12-28 14:45:00+00:00,1
2019-12-28 14:46:00+00:00,1
2019-12-28 14:47:00+00:00,1
2019-12-28 14:48:00+00:00,1
2019-12-28 14:49:00+00:00,1
2019-12-28 14:50:00+00:00,1
2019-12-28 14:51:00+00:00,1
2019-12-28 14:52:00+00:00,1
2019-12-28 14:53:00+00:00,1
2019-12-28 14:54:00+00:00,1
2019-12-28 14:55:00+00:00,1
2019-12-28 14:56:00+00:00,1
2019-12-28 14:57:00+00:00,1
2019-12-28 14:58:00+00:00,1
2019-12-28 14:59:00+00:00,1
2019-12-28 15:00:00+00:00,1
2019-12-28 15:01:00+00:00,1
2019-12-28 15:02:00+00:00,1
2019-12-28 15:03:00+00:00,1
2019-12-28 15:04:00+00:00,1
2019-12-28 15:05:00+00:00,1
2019-12-28 15:06:00+00:00,1
2019-12-28 15:07:00+00:00,1
2019-12-28 15:08:00+00:00,1
2019-12-28 15:09:00+00:00,1
2019-12-28 15:10:00+00:00,1
2019-12-28 15:11:00+00:00,1
2019-12-28 15:12:00+00:00,1
2019-12-28 15:13:00+00:00,1
2019-12-28 15:14:00+00:00,1
2019-12-28 15:15:00+00:00,1
2019-12-28 15:16:00+00:00,1
2019-12-28 15:17:00+00:00,1
2019-12-28 15:18:00+00:00,1
2019-12-28 15:19:00+00:00,1
2019-12-28 15:20:00+00:00,1
2019-12-28 15:21:00+00:00,1
2019-12-28 15:22:00+00:00,1
2019-12-28 15:23:00+00:00,1
2019-12-28 15:24:00+00:00,1
2019-12-28 15:25:00+00:00,1
2019-12-28 15:26:00+00:00,1
2019-12-28 15:27:00+00:00,1
2019-12-28 15:28:00+00:00,1
2019-12-28 15:29:00+00:00,1
2019-12-28 15:30:00+00:00,1
2019-12-28 15:31:00+00:00,1
2019-12-28 15:32:00+00:00,1
2019-12-28 15:33:00+00:00,1
2019-12-28 15:34:00+00:00,1
2019-12-28 15:35:00+00:00,1
2019-12-28 15:36:00+00:00,1
2019-12-28 15:37:00+00:00,1
2019-12-28 15:38:00+00:00,1
2019-12-28 15:39:00+00:00,1
2019-12-28 15:40:00+00:00,1
2019-12-28 15:41:00+00:00,1
2019-12-28 15:42:00+00:00,1
2019-12-28 15:43:00+00:00,1
2019-12-28 15:44:00+00:00,1
2019-12-28 15:45:00+00:00,1
2019-12-28 15:46:00+00:00,1
2019-12-28 15:47:00+00:00,1
2019-12-28 15:48:00+00:00,1
2019-12-28 15:49:00+00:00,1
2019-12-28 15:50:00+00:00,1
2019-12-28 15:51:00+00:00,1
2019-12-28 15:52:00+00:00,1
2019-12-28 15:53:00+00:00,1
2019-12-28 15:54:00+00:00,1
2019-12-28 15:55:00+00:00,1
2019-12-28 15:56:00+00:00,1
2019-12-28 15:57:00+00:00,1
2019-12-28 15:58:00+00:00,1
2019-12-28 15:59:00+00:00,1
2019-12-28 16:00:00+00:00,1
2019-12-28 16:01:00+00:00,1
2019-12-28 16:02:00+00:00,1
2019-12-28 16:03:00+00:00,1
2019-12-28 16:04:00+00:00,1
2019-12-28 16:05:00+00:00,1
2019-12-28 16:06:00+00:00,1
2019-12-28 16:07:00+00:00,1
2019-12-28 16:08:00+00:00,1
2019-12-28 16:09:00+00:00,1
2019-12-28 16:10:00+00:00,1
2019-12-28 16:11:00+00:00,1
2019-12-28 16:12:00+00:00,1
2019-12-28 16:13:00+00:00,1
2019-12-28 16:14:00+00:00,1
2019-12-28 16:15:00+00:00,1
2019-12-28 16:16:00+00:00,1
2019-12-28 16:17:00+00:00,1
2019-12-28 16:18:00+00:00,1
2019-12-28 16:19:00+00:00,1
2019-12-28 16:20:00+00:00,1
2019-12-28 16:21:00+00:00,1
2019-12-28 16:22:00+00:00,1
2019-12-28 16:23:00+00:00,1
2019-12-28 16:24:00+00:00,1
2019-12-28 16:25:00+00:00,1
2019-12-28 16:26:00+00:00,1
2019-12-28 16:27:00+00:00,1
2019-12-28 16:28:00+00:00,1
2019-12-28 16:29:00+00:00,1
2019-12-28 16:30:00+00:00,1
2019-12-28 16:31:00+00:00,1
2019-12-28 16:32:00+00:00,1
2019-12-28 16:33:00+00:00,1
2019-12-28 16:34:00+00:00,1
2019-12-28 16:35:00+00:00,1
2019-12-28 16:36:00+00:00,1
2019-12-28 16:37:00+00:00,1
2019-12-28 16:38:00+00:00,1
2019-12-28 16:39:00+00:00,1
2019-12-28 16:40:00+00:00,1
2019-12-28 16:41:00+00:00,1
2019-12-28 16:42:00+00:00,1
2019-12-28 16:43:00+00:00,1
2019-12-28 16:44:00+00:00,1
2019-12-28 16:45:00+00:00,1
2019-12-28 16:46:00+00:00,1
2019-12-28 16:47:00+00:00,1
2019-12-28 16:48:00+00:00,1
2019-12-28 16:49:00+00:00,1
2019-12-28 16:50:00+00:00,1
2019-12-28 16:51:00+00:00,1
2019-12-28 16:52:00+00:00,1
2019-12-28 16:53:00+00:00,1
2019-12-28 16:54:00+00:00,1
2019-12-28 16:55:00+00:00,1
2019-12-28 16:56:00+00:00,1
2019-12-28 16:57:00+00:00,1
2019-12-28 16:58:00+00:00,1
2019-12-28 16:59:00+00:00,1
2019-12-28 17:00:00+00:00,1
2019-12-28 17:01:00+00:00,1
2019-12-28 17:02:00+00:00,1
2019-12-28 17:03:00+00:00,1
2019-12-28 17:04:00+00:00,1
2019-12-28 17:05:00+00:00,1
2019-12-28 17:06:00+00:00,1
2019-12-28 17:07:00+00:00,1
2019-12-28 17:08:00+00:00,1
2019-12-28 17:09:00+00:00,1
2019-12-28 17:10:00+00:00,1
2019-12-28 17:11:00+00:00,1
2019-12-28 17:12:00+00:00,1
2019-12-28 17:13:00+00:00,1
2019-12-28 17:14:00+00:00,1
2019-12-28 17:15:00+00:00,1
2019-12-28 17:16:00+00:00,1
2019-12-28 17:17:00+00:00,1
2019-12-28 17:18:00+00:00,1
2019-12-28 17:19:00+00:00,1
2019-12-28 17:20:00+00:00,1
2019-12-28 17:21:00+00:00,1
2019-12-28 17:22:00+00:00,1
2019-12-28 17:23:00+00:00,1
2019-12-28 17:24:00+00:00,1
2019-12-28 17:25:00+00:00,1
2019-12-28 17:26:00+00:00,1
2019-12-28 17:27:00+00:00,1
2019-12-28 17:28:00+00:00,1
2019-12-28 17:29:00+00:00,1
2019-12-28 17:30:00+00:00,1
2019-12-28 17:31:00+00:00,1
2019-12-28 17:32:00+00:00,1
2019-12-28 17:33:00+00:00,1
2019-12-28 17:34:00+00:00,1
2019-12-28 17:35:00+00:00,1
2019-12-28 17:36:00+00:00,1
2019-12-28 17:37:00+00:00,1
2019-12-28 17:38:00+00:00,1
2019-12-28 17:39:00+00:00,1
2019-12-28 17:40:00+00:00,1
2019-12-28 17:41:00+00:00,1
2019-12-28 17:42:00+00:00,1
2019-12-28 17:43:00+00:00,1
2019-12-28 17:44:00+00:00,1
2019-12-28 17:45:00+00:00,1
2019-12-28 17:46:00+00:00,1
2019-12-28 17:47:00+00:00,1
2019-12-28 17:48:00+00:00,1
2019-12-28 17:49:00+00:00,1
2019-12-28 17:50:00+00:00,1
2019-12-28 17:51:00+00:00,1
2019-12-28 17:52:00+00:00,1
2019-12-28 17:53:00+00:00,1
2019-12-28 17:54:00+00:00,1
2019-12-28 17:55:00+00:00,1
2019-12-28 17:56:00+00:00,1
2019-12-28 17:57:00+00:00,1
2019-12-28 17:58:00+00:00,1
2019-12-28 17:59:00+00:00,1
2019-12-28 18:00:00+00:00,1
2019-12-28 18:01:00+00:00,1
2019-12-28 18:02:00+00:00,1
2019-12-28 18:03:00+00:00,1
2019-12-28 18:04:00+00:00,1
2019-12-28 18:05:00+00:00,1
2019-12-28 18:06:00+00:00,1
2019-12-28 18:07:00+00:00,1
2019-12-28 18:08:00+00:00,1
2019-12-28 18:09:00+00:00,1
2019-12-28 18:10:00+00:00,1
2019-12-28 18:11:00+00:00,1
2019-12-28 18:12:00+00:00,1
2019-12-28 18:13:00+00:00,1
2019-12-28 18:14:00+00:00,1
2019-12-28 18:15:00+00:00,1
2019-12-28 18:16:00+00:00,1
2019-12-28 18:17:00+00:00,1
2019-12-28 18:18:00+00:00,1
2019-12-28 18:19:00+00:00,1
2019-12-28 18:20:00+00:00,1
2019-12-28 18:21:00+00:00,1
2019-12-28 18:22:00+00:00,1
2019-12-28 18:23:00+00:00,1
2019-12-28 18:24:00+00:00,1
2019-12-28 18:25:00+00:00,1
2019-12-28 18:26:00+00:00,1
2019-12-28 18:27:00+00:00,1
2019-12-28 18:28:00+00:00,1
2019-12-28 18:29:00+00:00,1
2019-12-28 18:30:00+00:00,1
2019-12-28 18:31:00+00:00,1
2019-12-28 18:32:00+00:00,1
2019-12-28 18:33:00+00:00,1
2019-12-28 18:34:00+00:00,1
2019-12-28 18:35:00+00:00,1
2019-12-28 18:36:00+00:00,1
2019-12-28 18:37:00+00:00,1
2019-12-28 18:38:00+00:00,1
2019-12-28 18:39:00+00:00,1
2019-12-28 18:40:00+00:00,1
2019-12-28 18:41:00+00:00,1
2019-12-28 18:42:00+00:00,1
2019-12-28 18:43:00+00:00,1
2019-12-28 18:44:00+00:00,1
2019-12-28 18:45:00+00:00,1
2019-12-28 18:46:00+00:00,1
2019-12-28 18:47:00+00:00,1
2019-12-28 18:48:00+00:00,1
2019-12-28 18:49:00+00:00,1
2019-12-28 18:50:00+00:00,1
2019-12-28 18:51:00+00:00,1
2019-12-28 18:52:00+00:00,1
2019-12-28 18:53:00+00:00,1
2019-12-28 18:54:00+00:00,1
2019-12-28 18:55:00+00:00,1
2019-12-28 18:56:00+00:00,1
2019-12-28 18:57:00+00:00,1
2019-12-28 18:58:00+00:00,1
2019-12-28 18:59:00+00:00,1
2019-12-28 19:00:00+00:00,1
2019-12-28 19:01:00+00:00,1
2019-12-28 19:02:00+00:00,1
2019-12-28 19:03:00+00:00,1
2019-12-28 19:04:00+00:00,1
2019-12-28 19:05:00+00:00,1
2019-12-28 19:06:00+00:00,1
2019-12-28 19:07:00+00:00,1
2019-12-28 19:08:00+00:00,1
2019-12-28 19:09:00+00:00,1
2019-12-28 19:10:00+00:00,1
2019-12-28 19:11:00+00:00,1
2019-12-28 19:12:00+00:00,1
2019-12-28 19:13:00+00:00,1
2019-12-28 19:14:00+00:00,1
2019-12-28 19:15:00+00:00,1
2019-12-28 19:16:00+00:00,1
2019-12-28 19:17:00+00:00,1
2019-12-28 19:18:00+00:00,1
2019-12-28 19:19:00+00:00,1
2019-12-28 19:20:00+00:00,1
2019-12-28 19:21:00+00:00,1
2019-12-28 19:22:00+00:00,1
2019-12-28 19:23:00+00:00,1
2019-12-28 19:24:00+00:00,1
2019-12-28 19:25:00+00:00,1
2019-12-28 19:26:00+00:00,1
2019-12-28 19:27:00+00:00,1
2019-12-28 19:28:00+00:00,1
2019-12-28 19:29:00+00:00,1
2019-12-28 19:30:00+00:00,1
2019-12-28 19:31:00+00:00,1
2019-12-28 19:32:00+00:00,1
2019-12-28 19:33:00+00:00,1
2019-12-28 19:34:00+00:00,1
2019-12-28 19:35:00+00:00,1
2019-12-28 19:36:00+00:00,1
2019-12-28 19:37:00+00:00,1
2019-12-28 19:38:00+00:00,1
2019-12-28 19:39:00+00:00,1
2019-12-28 19:40:00+00:00,1
2019-12-28 19:41:00+00:00,1
2019-12-28 19:42:00+00:00,1
2019-12-28 19:43:00+00:00,1
2019-12-28 19:44:00+00:00,1
2019-12-28 19:45:00+00:00,1
2019-12-28 19:46:00+00:00,1
2019-12-28 19:47:00+00:00,1
2019-12-28 19:48:00+00:00,1
2019-12-28 19:49:00+00:00,1
2019-12-28 19:50:00+00:00,1
2019-12-28 19:51:00+00:00,1
2019-12-28 19:52:00+00:00,1
2019-12-28 19:53:00+00:00,1
2019-12-28 19:54:00+00:00,1
2019-12-28 19:55:00+00:00,1
2019-12-28 19:56:00+00:00,1
2019-12-28 19:57:00+00:00,1
2019-12-28 19:58:00+00:00,1
2019-12-28 19:59:00+00:00,1
2019-12-28 20:00:00+00:00,1
2019-12-28 20:01:00+00:00,1
2019-12-28 20:02:00+00:00,1
2019-12-28 20:03:00+00:00,1
2019-12-28 20:04:00+00:00,1
2019-12-28 20:05:00+00:00,1
2019-12-28 20:06:00+00:00,1
2019-12-28 20:07:00+00:00,1
2019-12-28 20:08:00+00:00,1
2019-12-28 20:09:00+00:00,1
2019-12-28 20:10:00+00:00,1
2019-12-28 20:11:00+00:00,1
2019-12-28 20:12:00+00:00,1
2019-12-28 20:13:00+00:00,1
2019-12-28 20:14:00+00:00,1
2019-12-28 20:15:00+00:00,1
2019-12-28 20:16:00+00:00,1
2019-12-28 20:17:00+00:00,1
2019-12-28 20:18:00+00:00,1
2019-12-28 20:19:00+00:00,1
2019-12-28 20:20:00+00:00,1
2019-12-28 20:21:00+00:00,1
2019-12-28 20:22:00+00:00,1
2019-12-28 20:23:00+00:00,1
2019-12-28 20:24:00+00:00,1
2019-12-28 20:25:00+00:00,1
2019-12-28 20:26:00+00:00,1
2019-12-28 20:27:00+00:00,1
2019-12-28 20:28:00+00:00,1
2019-12-28 20:29:00+00:00,1
2019-12-28 20:30:00+00:00,1
2019-12-28 20:31:00+00:00,1
2019-12-28 20:32:00+00:00,1
2019-12-28 20:33:00+00:00,1
2019-12-28 20:34:00+00:00,1
2019-12-28 20:35:00+00:00,1
2019-12-28 20:36:00+00:00,1
2019-12-28 20:37:00+00:00,1
2019-12-28 20:38:00+00:00,1
2019-12-28 20:39:00+00:00,1
2019-12-28 20:40:00+00:00,1
2019-12-28 20:41:00+00:00,1
2019-12-28 20:42:00+00:00,1
2019-12-28 20:43:00+00:00,1
2019-12-28 20:44:00+00:00,1
2019-12-28 20:45:00+00:00,1
2019-12-28 20:46:00+00:00,1
2019-12-28 20:47:00+00:00,1
2019-12-28 20:48:00+00:00,1
2019-12-28 20:49:00+00:00,1
2019-12-28 20:50:00+00:00,1
2019-12-28 20:51:00+00:00,1
2019-12-28 20:52:00+00:00,1
2019-12-28 20:53:00+00:00,1
2019-12-28 20:54:00+00:00,1
2019-12-28 20:55:00+00:00,1
2019-12-28 20:56:00+00:00,1
2019-12-28 20:57:00+00:00,1
2019-12-28 20:58:00+00:00,1
2019-12-28 20:59:00+00:00,1
2019-12-28 21:00:00+00:00,1
2019-12-28 21:01:00+00:00,1
2019-12-28 21:02:00+00:00,1
2019-12-28 21:03:00+00:00,1
2019-12-28 21:04:00+00:00,1
2019-12-28 21:05:00+00:00,1
2019-12-28 21:06:00+00:00,1
2019-12-28 21:07:00+00:00,1
2019-12-28 21:08:00+00:00,1
2019-12-28 21:09:00+00:00,1
2019-12-28 21:10:00+00:00,1
2019-12-28 21:11:00+00:00,1
2019-12-28 21:12:00+00:00,1
2019-12-28 21:13:00+00:00,1
2019-12-28 21:14:00+00:00,1
2019-12-28 21:15:00+00:00,1
2019-12-28 21:16:00+00:00,1
2019-12-28 21:17:00+00:00,1
2019-12-28 21:18:00+00:00,1
2019-12-28 21:19:00+00:00,1
2019-12-28 21:20:00+00:00,1
2019-12-28 21:21:00+00:00,1
2019-12-28 21:22:00+00:00,1
2019-12-28 21:23:00+00:00,1
2019-12-28 21:24:00+00:00,1
2019-12-28 21:25:00+00:00,1
2019-12-28 21:26:00+00:00,1
2019-12-28 21:27:00+00:00,1
2019-12-28 21:28:00+00:00,1
2019-12-28 21:29:00+00:00,1
2019-12-28 21:30:00+00:00,1
2019-12-28 21:31:00+00:00,1
2019-12-28 21:32:00+00:00,1
2019-12-28 21:33:00+00:00,1
2019-12-28 21:34:00+00:00,1
2019-12-28 21:35:00+00:00,1
2020-01-04 23:46:00+00:00,1
2020-01-06 06:31:00+00:00,1
2020-01-08 01:13:00+00:00,1
2020-01-09 16:03:00+00:00,1
2020-01-09 16:04:00+00:00,1
2020-01-10 01:10:00+00:00,1
2020-01-10 04:20:00+00:00,1
2020-01-11 01:30:00+00:00,1
2020-01-12 23:06:00+00:00,1
2020-01-13 02:12:00+00:00,1
2020-01-13 06:57:00+00:00,1
2020-01-17 01:08:00+00:00,1
2020-01-17 02:41:00+00:00,1
2020-01-19 04:13:00+00:00,1
2020-01-19 05:36:00+00:00,1
2020-01-19 05:37:00+00:00,1
2020-01-19 05:38:00+00:00,1
2020-01-19 05:39:00+00:00,1
2020-01-19 05:40:00+00:00,1
2020-01-19 05:41:00+00:00,1
2020-01-19 05:42:00+00:00,1
2020-01-19 05:43:00+00:00,1
2020-01-19 05:44:00+00:00,1
2020-01-19 05:45:00+00:00,1
2020-01-19 05:46:00+00:00,1
2020-01-19 05:47:00+00:00,1
2020-01-19 05:48:00+00:00,1
2020-01-19 05:49:00+00:00,1
2020-01-19 05:50:00+00:00,1
2020-01-19 05:51:00+00:00,1
2020-01-19 05:52:00+00:00,1
2020-01-19 05:53:00+00:00,1
2020-01-19 05:54:00+00:00,1
2020-01-19 05:55:00+00:00,1
2020-01-19 05:56:00+00:00,1
2020-01-19 05:57:00+00:00,1
2020-01-19 05:58:00+00:00,1
2020-01-19 05:59:00+00:00,1
2020-01-19 06:00:00+00:00,1
2020-01-19 06:01:00+00:00,1
2020-01-19 06:02:00+00:00,1
2020-01-19 06:03:00+00:00,1
2020-01-19 06:04:00+00:00,1
2020-01-19 06:05:00+00:00,1
2020-01-19 06:06:00+00:00,1
2020-01-19 06:07:00+00:00,1
2020-01-19 06:08:00+00:00,1
2020-01-19 06:09:00+00:00,1
2020-01-19 06:10:00+00:00,1
2020-01-19 06:11:00+00:00,1
2020-01-19 06:12:00+00:00,1
2020-01-19 06:13:00+00:00,1
2020-01-19 06:14:00+00:00,1
2020-01-19 06:15:00+00:00,1
2020-01-19 06:16:00+00:00,1
2020-01-19 06:17:00+00:00,1
2020-01-19 06:18:00+00:00,1
2020-01-19 06:19:00+00:00,1
2020-01-19 06:20:00+00:00,1
2020-01-19 06:21:00+00:00,1
2020-01-19 06:22:00+00:00,1
2020-01-19 06:23:00+00:00,1
2020-01-19 06:24:00+00:00,1
2020-01-19 06:25:00+00:00,1
2020-01-19 06:26:00+00:00,1
2020-01-19 06:27:00+00:00,1
2020-01-19 06:28:00+00:00,1
2020-01-19 06:29:00+00:00,1
2020-01-19 06:30:00+00:00,1
2020-01-19 06:31:00+00:00,1
2020-01-19 06:32:00+00:00,1
2020-01-19 06:33:00+00:00,1
2020-01-19 06:34:00+00:00,1
2020-01-19 06:35:00+00:00,1
2020-01-19 06:36:00+00:00,1
2020-01-19 06:37:00+00:00,1
2020-01-19 06:38:00+00:00,1
2020-01-19 06:39:00+00:00,1
2020-01-19 06:40:00+00:00,1
2020-01-19 06:41:00+00:00,1
2020-01-19 06:42:00+00:00,1
2020-01-19 06:43:00+00:00,1
2020-01-19 06:44:00+00:00,1
2020-01-19 06:45:00+00:00,1
2020-01-19 06:46:00+00:00,1
2020-01-19 06:47:00+00:00,1
2020-01-19 06:48:00+00:00,1
2020-01-19 06:49:00+00:00,1
2020-01-19 06:50:00+00:00,1
2020-01-19 06:51:00+00:00,1
2020-01-19 06:52:00+00:00,1
2020-01-19 06:53:00+00:00,1
2020-01-19 06:54:00+00:00,1
2020-01-19 06:55:00+00:00,1
2020-01-19 06:56:00+00:00,1
2020-01-19 06:57:00+00:00,1
2020-01-19 06:58:00+00:00,1
2020-01-19 06:59:00+00:00,1
2020-01-19 07:00:00+00:00,1
2020-01-19 07:01:00+00:00,1
2020-01-19 07:02:00+00:00,1
2020-01-19 07:03:00+00:00,1
2020-01-19 07:04:00+00:00,1
2020-01-19 07:05:00+00:00,1
2020-01-19 07:06:00+00:00,1
2020-01-19 07:07:00+00:00,1
2020-01-19 07:08:00+00:00,1
2020-01-19 07:09:00+00:00,1
2020-01-19 07:10:00+00:00,1
2020-01-19 07:11:00+00:00,1
2020-01-19 07:12:00+00:00,1
2020-01-19 07:13:00+00:00,1
2020-01-19 07:14:00+00:00,1
2020-01-19 07:15:00+00:00,1
2020-01-19 07:16:00+00:00,1
2020-01-19 07:17:00+00:00,1
2020-01-19 07:18:00+00:00,1
2020-01-19 07:19:00+00:00,1
2020-01-19 07:20:00+00:00,1
2020-01-19 07:21:00+00:00,1
2020-01-19 07:22:00+00:00,1
2020-01-19 07:23:00+00:00,1
2020-01-19 07:24:00+00:00,1
2020-01-19 07:25:00+00:00,1
2020-01-19 07:26:00+00:00,1
2020-01-19 07:27:00+00:00,1
2020-01-19 07:28:00+00:00,1
2020-01-19 07:29:00+00:00,1
2020-01-19 07:30:00+00:00,1
2020-01-19 07:31:00+00:00,1
2020-01-19 07:32:00+00:00,1
2020-01-19 07:33:00+00:00,1
2020-01-19 07:34:00+00:00,1
2020-01-19 07:35:00+00:00,1
2020-01-19 07:36:00+00:00,1
2020-01-19 07:37:00+00:00,1
2020-01-19 07:38:00+00:00,1
2020-01-19 07:39:00+00:00,1
2020-01-19 07:40:00+00:00,1
2020-01-19 07:41:00+00:00,1
2020-01-19 07:42:00+00:00,1
2020-01-19 07:43:00+00:00,1
2020-01-19 07:44:00+00:00,1
2020-01-19 07:45:00+00:00,1
2020-01-19 07:46:00+00:00,1
2020-01-19 07:47:00+00:00,1
2020-01-19 07:48:00+00:00,1
2020-01-19 07:49:00+00:00,1
2020-01-19 07:50:00+00:00,1
2020-01-19 07:51:00+00:00,1
2020-01-19 07:52:00+00:00,1
2020-01-19 07:53:00+00:00,1
2020-01-19 07:54:00+00:00,1
2020-01-19 07:55:00+00:00,1
2020-01-19 07:56:00+00:00,1
2020-01-19 07:57:00+00:00,1
2020-01-19 07:58:00+00:00,1
2020-01-19 07:59:00+00:00,1
2020-01-19 08:00:00+00:00,1
2020-01-19 08:01:00+00:00,1
2020-01-19 08:02:00+00:00,1
2020-01-19 08:03:00+00:00,1
2020-01-19 08:04:00+00:00,1
2020-01-19 08:05:00+00:00,1
2020-01-19 08:06:00+00:00,1
2020-01-19 08:07:00+00:00,1
2020-01-19 08:08:00+00:00,1
2020-01-19 08:09:00+00:00,1
2020-01-19 08:10:00+00:00,1
2020-01-19 08:11:00+00:00,1
2020-01-19 08:12:00+00:00,1
2020-01-19 08:13:00+00:00,1
2020-01-19 08:14:00+00:00,1
2020-01-19 08:15:00+00:00,1
2020-01-19 08:16:00+00:00,1
2020-01-19 08:17:00+00:00,1
2020-01-19 08:18:00+00:00,1
2020-01-19 08:19:00+00:00,1
2020-01-19 08:20:00+00:00,1
2020-01-19 08:21:00+00:00,1
2020-01-19 08:22:00+00:00,1
2020-01-19 08:23:00+00:00,1
2020-01-19 08:24:00+00:00,1
2020-01-19 08:25:00+00:00,1
2020-01-19 08:26:00+00:00,1
2020-01-19 08:27:00+00:00,1
2020-01-19 08:28:00+00:00,1
2020-01-19 08:29:00+00:00,1
2020-01-19 08:30:00+00:00,1
2020-01-19 08:31:00+00:00,1
2020-01-19 08:32:00+00:00,1
2020-01-19 08:33:00+00:00,1
2020-01-19 08:34:00+00:00,1
2020-01-19 08:35:00+00:00,1
2020-01-19 08:36:00+00:00,1
2020-01-19 08:37:00+00:00,1
2020-01-19 08:38:00+00:00,1
2020-01-19 08:39:00+00:00,1
2020-01-19 08:40:00+00:00,1
2020-01-19 08:41:00+00:00,1
2020-01-19 08:42:00+00:00,1
2020-01-19 08:43:00+00:00,1
2020-01-19 08:44:00+00:00,1
2020-01-19 08:45:00+00:00,1
2020-01-19 08:46:00+00:00,1
2020-01-19 08:47:00+00:00,1
2020-01-19 08:48:00+00:00,1
2020-01-19 08:49:00+00:00,1
2020-01-19 08:50:00+00:00,1
2020-01-19 08:51:00+00:00,1
2020-01-19 08:52:00+00:00,1
2020-01-19 08:53:00+00:00,1
2020-01-19 08:54:00+00:00,1
2020-01-19 08:55:00+00:00,1
2020-01-19 08:56:00+00:00,1
2020-01-19 08:57:00+00:00,1
2020-01-19 08:58:00+00:00,1
2020-01-19 08:59:00+00:00,1
2020-01-19 09:00:00+00:00,1
2020-01-19 09:01:00+00:00,1
2020-01-19 09:02:00+00:00,1
2020-01-19 09:03:00+00:00,1
2020-01-19 09:04:00+00:00,1
2020-01-19 09:05:00+00:00,1
2020-01-19 09:06:00+00:00,1
2020-01-19 09:07:00+00:00,1
2020-01-19 09:08:00+00:00,1
2020-01-19 09:09:00+00:00,1
2020-01-19 09:10:00+00:00,1
2020-01-19 09:11:00+00:00,1
2020-01-19 09:12:00+00:00,1
2020-01-19 09:13:00+00:00,1
2020-01-19 09:14:00+00:00,1
2020-01-19 09:15:00+00:00,1
2020-01-19 09:16:00+00:00,1
2020-01-19 09:17:00+00:00,1
2020-01-19 09:18:00+00:00,1
2020-01-19 09:19:00+00:00,1
2020-01-19 09:20:00+00:00,1
2020-01-19 09:21:00+00:00,1
2020-01-19 09:22:00+00:00,1
2020-01-19 09:23:00+00:00,1
2020-01-19 09:24:00+00:00,1
2020-01-19 09:25:00+00:00,1
2020-01-19 09:26:00+00:00,1
2020-01-19 09:27:00+00:00,1
2020-01-19 09:28:00+00:00,1
2020-01-19 09:29:00+00:00,1
2020-01-19 09:30:00+00:00,1
2020-01-19 09:31:00+00:00,1
2020-01-19 09:32:00+00:00,1
2020-01-19 09:33:00+00:00,1
2020-01-19 09:34:00+00:00,1
2020-01-19 09:35:00+00:00,1
2020-01-19 09:36:00+00:00,1
2020-01-19 09:37:00+00:00,1
2020-01-19 09:38:00+00:00,1
2020-01-19 09:39:00+00:00,1
2020-01-19 09:40:00+00:00,1
2020-01-19 09:41:00+00:00,1
2020-01-19 09:42:00+00:00,1
2020-01-19 09:43:00+00:00,1
2020-01-19 09:44:00+00:00,1
2020-01-19 09:45:00+00:00,1
2020-01-19 09:46:00+00:00,1
2020-01-19 09:47:00+00:00,1
2020-01-19 09:48:00+00:00,1
2020-01-19 09:49:00+00:00,1
2020-01-19 09:50:00+00:00,1
2020-01-19 09:51:00+00:00,1
2020-01-19 09:52:00+00:00,1
2020-01-19 09:53:00+00:00,1
2020-01-19 09:54:00+00:00,1
2020-01-19 09:55:00+00:00,1
2020-01-19 09:56:00+00:00,1
2020-01-19 09:57:00+00:00,1
2020-01-19 09:58:00+00:00,1
2020-01-19 09:59:00+00:00,1
2020-01-19 10:00:00+00:00,1
2020-01-19 10:01:00+00:00,1
2020-01-19 10:02:00+00:00,1
2020-01-19 10:03:00+00:00,1
2020-01-19 10:04:00+00:00,1
2020-01-19 10:05:00+00:00,1
2020-01-19 10:06:00+00:00,1
2020-01-19 10:07:00+00:00,1
2020-01-19 10:08:00+00:00,1
2020-01-19 10:09:00+00:00,1
2020-01-19 10:10:00+00:00,1
2020-01-19 10:11:00+00:00,1
2020-01-19 10:12:00+00:00,1
2020-01-19 10:13:00+00:00,1
2020-01-19 10:14:00+00:00,1
2020-01-19 10:15:00+00:00,1
2020-01-19 10:16:00+00:00,1
2020-01-19 10:17:00+00:00,1
2020-01-19 10:18:00+00:00,1
2020-01-19 10:19:00+00:00,1
2020-01-19 10:20:00+00:00,1
2020-01-19 10:21:00+00:00,1
2020-01-19 10:22:00+00:00,1
2020-01-19 10:23:00+00:00,1
2020-01-19 10:24:00+00:00,1
2020-01-19 10:25:00+00:00,1
2020-01-19 10:26:00+00:00,1
2020-01-19 10:27:00+00:00,1
2020-01-19 10:28:00+00:00,1
2020-01-19 10:29:00+00:00,1
2020-01-19 10:30:00+00:00,1
2020-01-19 10:31:00+00:00,1
2020-01-19 10:32:00+00:00,1
2020-01-19 10:33:00+00:00,1
2020-01-19 10:34:00+00:00,1
2020-01-19 10:35:00+00:00,1
2020-01-19 10:36:00+00:00,1
2020-01-19 10:37:00+00:00,1
2020-01-19 10:38:00+00:00,1
2020-01-19 10:39:00+00:00,1
2020-01-19 10:40:00+00:00,1
2020-01-19 10:41:00+00:00,1
2020-01-19 10:42:00+00:00,1
2020-01-19 10:43:00+00:00,1
2020-01-19 10:44:00+00:00,1
2020-01-19 10:45:00+00:00,1
2020-01-19 10:46:00+00:00,1
2020-01-19 10:47:00+00:00,1
2020-01-19 10:48:00+00:00,1
2020-01-19 10:49:00+00:00,1
2020-01-19 10:50:00+00:00,1
2020-01-19 10:51:00+00:00,1
2020-01-19 10:52:00+00:00,1
2020-01-19 10:53:00+00:00,1
2020-01-19 10:54:00+00:00,1
2020-01-19 10:55:00+00:00,1
2020-01-19 10:56:00+00:00,1
2020-01-19 10:57:00+00:00,1
2020-01-19 10:58:00+00:00,1
2020-01-19 10:59:00+00:00,1
2020-01-19 11:00:00+00:00,1
2020-01-19 11:01:00+00:00,1
2020-01-19 11:02:00+00:00,1
2020-01-19 11:03:00+00:00,1
2020-01-19 11:04:00+00:00,1
2020-01-19 11:05:00+00:00,1
2020-01-19 11:06:00+00:00,1
2020-01-19 11:07:00+00:00,1
2020-01-19 11:08:00+00:00,1
2020-01-19 11:09:00+00:00,1
2020-01-19 11:10:00+00:00,1
2020-01-19 11:11:00+00:00,1
2020-01-19 11:12:00+00:00,1
2020-01-19 11:13:00+00:00,1
2020-01-19 11:14:00+00:00,1
2020-01-19 11:15:00+00:00,1
2020-01-19 11:16:00+00:00,1
2020-01-19 11:17:00+00:00,1
2020-01-19 11:18:00+00:00,1
2020-01-19 11:19:00+00:00,1
2020-01-19 11:20:00+00:00,1
2020-01-19 11:21:00+00:00,1
2020-01-19 11:22:00+00:00,1
2020-01-19 11:23:00+00:00,1
2020-01-19 11:24:00+00:00,1
2020-01-19 11:25:00+00:00,1
2020-01-19 11:26:00+00:00,1
2020-01-19 11:27:00+00:00,1
2020-01-19 11:28:00+00:00,1
2020-01-19 11:29:00+00:00,1
2020-01-19 11:30:00+00:00,1
2020-01-19 11:31:00+00:00,1
2020-01-19 11:32:00+00:00,1
2020-01-19 11:33:00+00:00,1
2020-01-19 11:34:00+00:00,1
2020-01-19 11:35:00+00:00,1
2020-01-19 11:36:00+00:00,1
2020-01-19 11:37:00+00:00,1
2020-01-19 11:38:00+00:00,1
2020-01-19 11:39:00+00:00,1
2020-01-19 11:40:00+00:00,1
2020-01-19 11:41:00+00:00,1
2020-01-19 11:42:00+00:00,1
2020-01-19 11:43:00+00:00,1
2020-01-19 11:44:00+00:00,1
2020-01-19 11:45:00+00:00,1
2020-01-19 11:46:00+00:00,1
2020-01-19 11:47:00+00:00,1
2020-01-19 11:48:00+00:00,1
2020-01-19 11:49:00+00:00,1
2020-01-19 11:50:00+00:00,1
2020-01-19 11:51:00+00:00,1
2020-01-19 11:52:00+00:00,1
2020-01-19 11:53:00+00:00,1
2020-01-19 11:54:00+00:00,1
2020-01-19 11:55:00+00:00,1
2020-01-19 11:56:00+00:00,1
2020-01-19 11:57:00+00:00,1
2020-01-19 11:58:00+00:00,1
2020-01-19 11:59:00+00:00,1
2020-01-19 12:00:00+00:00,1
2020-01-19 12:01:00+00:00,1
2020-01-19 12:02:00+00:00,1
2020-01-19 12:03:00+00:00,1
2020-01-19 12:04:00+00:00,1
2020-01-19 12:05:00+00:00,1
2020-01-19 12:06:00+00:00,1
2020-01-19 12:07:00+00:00,1
2020-01-19 12:08:00+00:00,1
2020-01-19 12:09:00+00:00,1
2020-01-19 12:10:00+00:00,1
2020-01-19 12:11:00+00:00,1
2020-01-19 12:12:00+00:00,1
2020-01-19 12:13:00+00:00,1
2020-01-19 12:14:00+00:00,1
2020-01-19 12:15:00+00:00,1
2020-01-19 12:16:00+00:00,1
2020-01-19 12:17:00+00:00,1
2020-01-19 12:18:00+00:00,1
2020-01-19 12:19:00+00:00,1
2020-01-19 12:20:00+00:00,1
2020-01-19 12:21:00+00:00,1
2020-01-19 12:22:00+00:00,1
2020-01-19 12:23:00+00:00,1
2020-01-19 12:24:00+00:00,1
2020-01-19 12:25:00+00:00,1
2020-01-19 12:26:00+00:00,1
2020-01-19 12:27:00+00:00,1
2020-01-19 12:28:00+00:00,1
2020-01-19 12:29:00+00:00,1
2020-01-19 12:30:00+00:00,1
2020-01-19 12:31:00+00:00,1
2020-01-19 12:32:00+00:00,1
2020-01-19 12:33:00+00:00,1
2020-01-19 12:34:00+00:00,1
2020-01-19 12:35:00+00:00,1
2020-01-19 12:36:00+00:00,1
2020-01-19 12:37:00+00:00,1
2020-01-19 12:38:00+00:00,1
2020-01-19 12:39:00+00:00,1
2020-01-19 12:40:00+00:00,1
2020-01-19 12:41:00+00:00,1
2020-01-19 12:42:00+00:00,1
2020-01-19 12:43:00+00:00,1
2020-01-19 12:44:00+00:00,1
2020-01-19 12:45:00+00:00,1
2020-01-19 12:46:00+00:00,1
2020-01-19 12:47:00+00:00,1
2020-01-19 12:48:00+00:00,1
2020-01-19 12:49:00+00:00,1
2020-01-19 12:50:00+00:00,1
2020-01-19 12:51:00+00:00,1
2020-01-19 12:52:00+00:00,1
2020-01-19 12:53:00+00:00,1
2020-01-19 12:54:00+00:00,1
2020-01-19 12:55:00+00:00,1
2020-01-19 12:56:00+00:00,1
2020-01-19 12:57:00+00:00,1
2020-01-19 12:58:00+00:00,1
2020-01-19 12:59:00+00:00,1
2020-01-19 13:00:00+00:00,1
2020-01-19 13:01:00+00:00,1
2020-01-19 13:02:00+00:00,1
2020-01-19 13:03:00+00:00,1
2020-01-19 13:04:00+00:00,1
2020-01-19 13:05:00+00:00,1
2020-01-19 13:06:00+00:00,1
2020-01-19 13:07:00+00:00,1
2020-01-19 13:08:00+00:00,1
2020-01-19 13:09:00+00:00,1
2020-01-19 13:10:00+00:00,1
2020-01-19 13:11:00+00:00,1
2020-01-19 13:12:00+00:00,1
2020-01-19 13:13:00+00:00,1
2020-01-19 13:14:00+00:00,1
2020-01-19 13:15:00+00:00,1
2020-01-19 13:16:00+00:00,1
2020-01-19 13:17:00+00:00,1
2020-01-19 13:18:00+00:00,1
2020-01-19 13:19:00+00:00,1
2020-01-19 13:20:00+00:00,1
2020-01-19 13:21:00+00:00,1
2020-01-19 13:22:00+00:00,1
2020-01-19 13:23:00+00:00,1
2020-01-19 13:24:00+00:00,1
2020-01-19 13:25:00+00:00,1
2020-01-19 13:26:00+00:00,1
2020-01-19 13:27:00+00:00,1
2020-01-19 13:28:00+00:00,1
2020-01-19 13:29:00+00:00,1
2020-01-19 13:30:00+00:00,1
2020-01-19 13:31:00+00:00,1
2020-01-19 13:32:00+00:00,1
2020-01-19 13:33:00+00:00,1
2020-01-19 13:34:00+00:00,1
2020-01-19 13:35:00+00:00,1
2020-01-19 13:36:00+00:00,1
2020-01-19 13:37:00+00:00,1
2020-01-19 13:38:00+00:00,1
2020-01-19 13:39:00+00:00,1
2020-01-19 13:40:00+00:00,1
2020-01-19 13:41:00+00:00,1
2020-01-19 13:42:00+00:00,1
2020-01-19 13:43:00+00:00,1
2020-01-19 13:44:00+00:00,1
2020-01-19 13:45:00+00:00,1
2020-01-19 13:46:00+00:00,1
2020-01-19 13:47:00+00:00,1
2020-01-19 13:48:00+00:00,1
2020-01-19 13:49:00+00:00,1
2020-01-19 13:50:00+00:00,1
2020-01-19 13:51:00+00:00,1
2020-01-19 13:52:00+00:00,1
2020-01-19 13:53:00+00:00,1
2020-01-19 13:54:00+00:00,1
2020-01-19 13:55:00+00:00,1
2020-01-19 13:56:00+00:00,1
2020-01-19 13:57:00+00:00,1
2020-01-19 13:58:00+00:00,1
2020-01-19 13:59:00+00:00,1
2020-01-19 14:00:00+00:00,1
2020-01-19 14:01:00+00:00,1
2020-01-19 14:02:00+00:00,1
2020-01-19 14:03:00+00:00,1
2020-01-19 14:04:00+00:00,1
2020-01-19 14:05:00+00:00,1
2020-01-19 14:06:00+00:00,1
2020-01-19 14:07:00+00:00,1
2020-01-19 14:08:00+00:00,1
2020-01-19 14:09:00+00:00,1
2020-01-19 14:10:00+00:00,1
2020-01-19 14:11:00+00:00,1
2020-01-19 14:12:00+00:00,1
2020-01-19 14:13:00+00:00,1
2020-01-19 14:14:00+00:00,1
2020-01-19 14:15:00+00:00,1
2020-01-19 14:16:00+00:00,1
2020-01-19 14:17:00+00:00,1
2020-01-19 14:18:00+00:00,1
2020-01-19 14:19:00+00:00,1
2020-01-19 14:20:00+00:00,1
2020-01-19 14:21:00+00:00,1
2020-01-19 14:22:00+00:00,1
2020-01-19 14:23:00+00:00,1
2020-01-19 14:24:00+00:00,1
2020-01-20 22:56:00+00:00,1
2020-01-24 01:24:00+00:00,1
2020-01-24 19:29:00+00:00,1
2020-01-24 19:30:00+00:00,1
2020-01-25 01:59:00+00:00,1
2020-01-27 02:46:00+00:00,1
2020-01-27 02:47:00+00:00,1
2020-01-27 02:48:00+00:00,1
2020-01-27 02:49:00+00:00,1
2020-01-27 02:50:00+00:00,1
2020-01-27 02:51:00+00:00,1
2020-01-27 02:52:00+00:00,1
2020-01-27 02:53:00+00:00,1
2020-01-27 02:54:00+00:00,1
2020-01-27 02:55:00+00:00,1
2020-01-27 02:56:00+00:00,1
2020-01-27 02:57:00+00:00,1
2020-01-27 02:58:00+00:00,1
2020-01-27 02:59:00+00:00,1
2020-01-27 03:00:00+00:00,1
2020-01-27 03:01:00+00:00,1
2020-01-27 03:02:00+00:00,1
2020-01-27 03:03:00+00:00,1
2020-01-27 03:04:00+00:00,1
2020-01-27 03:05:00+00:00,1
2020-01-27 03:06:00+00:00,1
2020-01-27 03:07:00+00:00,1
2020-01-27 03:08:00+00:00,1
2020-01-27 03:09:00+00:00,1
2020-01-27 03:10:00+00:00,1
2020-01-27 03:11:00+00:00,1
2020-01-27 03:12:00+00:00,1
2020-01-27 03:13:00+00:00,1
2020-01-27 03:14:00+00:00,1
2020-01-27 03:15:00+00:00,1
2020-01-27 03:16:00+00:00,1
2020-01-27 03:17:00+00:00,1
2020-01-27 03:18:00+00:00,1
2020-01-27 03:19:00+00:00,1
2020-01-27 03:20:00+00:00,1
2020-01-27 03:21:00+00:00,1
2020-01-27 03:22:00+00:00,1
2020-01-27 03:23:00+00:00,1
2020-01-27 03:24:00+00:00,1
2020-01-27 03:25:00+00:00,1
2020-01-27 03:26:00+00:00,1
2020-01-27 03:27:00+00:00,1
2020-01-27 03:28:00+00:00,1
2020-01-27 03:29:00+00:00,1
2020-01-27 03:30:00+00:00,1
2020-01-27 03:31:00+00:00,1
2020-01-27 03:32:00+00:00,1
2020-01-27 03:33:00+00:00,1
2020-01-27 03:34:00+00:00,1
2020-01-27 03:35:00+00:00,1
2020-01-27 03:36:00+00:00,1
2020-01-27 03:37:00+00:00,1
2020-01-27 03:38:00+00:00,1
2020-01-27 03:39:00+00:00,1
2020-01-27 03:40:00+00:00,1
2020-01-27 03:41:00+00:00,1
2020-01-27 03:42:00+00:00,1
2020-01-27 03:43:00+00:00,1
2020-01-27 03:44:00+00:00,1
2020-01-27 03:45:00+00:00,1
2020-01-27 03:46:00+00:00,1
2020-01-27 03:47:00+00:00,1
2020-01-27 03:48:00+00:00,1
2020-01-27 03:49:00+00:00,1
2020-01-27 03:50:00+00:00,1
2020-01-27 03:51:00+00:00,1
2020-01-27 03:52:00+00:00,1
2020-01-27 03:53:00+00:00,1
2020-01-27 03:54:00+00:00,1
2020-01-27 03:55:00+00:00,1
2020-01-27 03:56:00+00:00,1
2020-01-27 03:57:00+00:00,1
2020-01-27 03:58:00+00:00,1
2020-01-27 03:59:00+00:00,1
2020-01-27 04:00:00+00:00,1
2020-01-27 04:01:00+00:00,1
2020-01-27 04:02:00+00:00,1
2020-01-27 04:03:00+00:00,1
2020-01-27 04:04:00+00:00,1
2020-01-27 04:05:00+00:00,1
2020-01-27 04:06:00+00:00,1
2020-01-27 04:07:00+00:00,1
2020-01-27 04:08:00+00:00,1
2020-01-27 04:09:00+00:00,1
2020-01-27 04:10:00+00:00,1
2020-01-27 04:11:00+00:00,1
2020-01-27 04:12:00+00:00,1
2020-01-27 04:13:00+00:00,1
2020-01-27 04:14:00+00:00,1
2020-01-27 04:15:00+00:00,1
2020-01-27 04:16:00+00:00,1
2020-01-27 04:17:00+00:00,1
2020-01-27 04:18:00+00:00,1
2020-01-27 04:19:00+00:00,1
2020-01-27 04:20:00+00:00,1
2020-01-27 04:21:00+00:00,1
2020-01-27 04:22:00+00:00,1
2020-01-30 01:17:00+00:00,1
2020-01-30 23:33:00+00:00,1
2020-01-30 23:34:00+00:00,1
2020-01-30 23:35:00+00:00,1
2020-01-30 23:36:00+00:00,1
2020-01-30 23:37:00+00:00,1
2020-01-30 23:38:00+00:00,1
2020-01-30 23:39:00+00:00,1
2020-01-31 21:03:00+00:00,1
2020-02-02 00:10:00+00:00,1
2020-02-02 01:08:00+00:00,1
2020-02-03 19:52:00+00:00,1
2020-02-03 19:53:00+00:00,1
2020-02-04 06:04:00+00:00,1
2020-02-04 22:20:00+00:00,1
2020-02-04 22:21:00+00:00,1
2020-02-05 02:22:00+00:00,1
2020-02-07 01:13:00+00:00,1
2020-02-07 03:18:00+00:00,1
2020-02-07 23:41:00+00:00,1
2020-02-08 02:12:00+00:00,1
2020-02-08 02:33:00+00:00,1
2020-02-10 08:57:00+00:00,1
2020-02-10 09:04:00+00:00,1
2020-02-10 16:49:00+00:00,2
2020-02-10 16:50:00+00:00,2
2020-02-10 16:51:00+00:00,2
2020-02-10 16:52:00+00:00,2
2020-02-10 19:01:00+00:00,2
2020-02-10 19:02:00+00:00,2
2020-02-10 19:03:00+00:00,2
2020-02-10 19:04:00+00:00,2
2020-02-10 19:05:00+00:00,2
2020-02-10 19:06:00+00:00,2
2020-02-10 19:07:00+00:00,2
2020-02-10 19:08:00+00:00,2
2020-02-10 19:09:00+00:00,2
2020-02-10 19:10:00+00:00,2
2020-02-10 19:11:00+00:00,2
2020-02-10 19:12:00+00:00,2
2020-02-10 19:13:00+00:00,2
2020-02-10 19:14:00+00:00,2
2020-02-10 19:15:00+00:00,2
2020-02-10 19:16:00+00:00,2
2020-02-10 19:17:00+00:00,2
2020-02-10 19:18:00+00:00,2
2020-02-10 19:19:00+00:00,2
2020-02-10 19:20:00+00:00,2
2020-02-10 19:21:00+00:00,2
2020-02-10 19:22:00+00:00,2
2020-02-10 19:23:00+00:00,2
2020-02-10 19:24:00+00:00,2
2020-02-10 19:25:00+00:00,2
2020-02-10 19:26:00+00:00,2
2020-02-10 19:27:00+00:00,2
2020-02-10 19:28:00+00:00,2
2020-02-10 19:29:00+00:00,2
2020-02-10 19:30:00+00:00,2
2020-02-10 19:31:00+00:00,2
2020-02-10 19:32:00+00:00,2
2020-02-10 19:33:00+00:00,2
2020-02-10 19:34:00+00:00,2
2020-02-10 19:35:00+00:00,2
2020-02-10 19:36:00+00:00,2
2020-02-10 19:37:00+00:00,2
2020-02-10 19:38:00+00:00,2
2020-02-10 19:39:00+00:00,2
2020-02-10 19:40:00+00:00,2
2020-02-10 19:41:00+00:00,2
2020-02-10 19:42:00+00:00,2
2020-02-10 19:43:00+00:00,2
2020-02-10 19:44:00+00:00,2
2020-02-10 19:45:00+00:00,2
2020-02-10 19:46:00+00:00,2
2020-02-10 19:47:00+00:00,2
2020-02-10 19:48:00+00:00,2
2020-02-10 19:49:00+00:00,2
2020-02-10 19:50:00+00:00,2
2020-02-10 19:51:00+00:00,2
2020-02-10 19:52:00+00:00,2
2020-02-10 19:53:00+00:00,2
2020-02-10 19:54:00+00:00,2
2020-02-10 19:55:00+00:00,2
2020-02-10 19:56:00+00:00,2
2020-02-10 19:57:00+00:00,2
2020-02-10 19:58:00+00:00,2
2020-02-10 19:59:00+00:00,2
2020-02-10 20:00:00+00:00,2
2020-02-10 20:01:00+00:00,2
2020-02-10 20:02:00+00:00,2
2020-02-10 20:03:00+00:00,2
2020-02-16 01:25:00+00:00,1
2020-02-16 01:26:00+00:00,1
2020-02-16 01:27:00+00:00,1
2020-02-16 01:28:00+00:00,1
2020-02-16 01:29:00+00:00,1
2020-02-16 01:30:00+00:00,1
2020-02-16 01:31:00+00:00,1
2020-02-16 01:32:00+00:00,1
2020-03-12 07:01:00+00:00,1
2020-03-21 03:52:00+00:00,1
2020-06-15 17:01:00+00:00,5
2020-06-16 05:02:00+00:00,1
2020-08-26 15:48:00+00:00,1
2020-09-13 08:59:00+00:00,1
