site,station_id,month,field_mode,info_mode,split,cycle_count,session_count
caltech,2-39-123-23,2018-05,current_only,M3_current_only,train,3585,15
caltech,2-39-123-557,2018-05,current_only,M3_current_only,train,3305,9
caltech,2-39-124-22,2018-05,current_only,M3_current_only,train,2469,7
caltech,2-39-124-558,2018-05,current_only,M3_current_only,train,1364,2
caltech,2-39-125-21,2018-05,current_only,M3_current_only,train,3257,15
caltech,2-39-125-559,2018-05,current_only,M3_current_only,train,1160,2
caltech,2-39-126-20,2018-05,current_only,M3_current_only,train,2210,8
caltech,2-39-126-560,2018-05,current_only,M3_current_only,train,528,2
caltech,2-39-127-19,2018-05,current_only,M3_current_only,train,4548,18
caltech,2-39-127-561,2018-05,current_only,M3_current_only,train,1876,4
caltech,2-39-128-18,2018-05,current_only,M3_current_only,train,2272,14
caltech,2-39-128-562,2018-05,current_only,M3_current_only,train,868,2
caltech,2-39-129-17,2018-05,current_only,M3_current_only,train,5391,24
caltech,2-39-129-563,2018-05,current_only,M3_current_only,train,1085,3
caltech,2-39-130-31,2018-05,current_only,M3_current_only,train,1110,4
caltech,2-39-130-564,2018-05,current_only,M3_current_only,train,1893,9
caltech,2-39-131-30,2018-05,current_only,M3_current_only,train,8853,17
caltech,2-39-131-565,2018-05,current_only,M3_current_only,train,1137,4
caltech,2-39-138-29,2018-05,current_only,M3_current_only,train,3054,15
caltech,2-39-138-566,2018-05,current_only,M3_current_only,train,3391,11
caltech,2-39-139-28,2018-05,current_only,M3_current_only,train,6679,23
caltech,2-39-139-567,2018-05,current_only,M3_current_only,train,2856,11
caltech,2-39-78-360,2018-05,current_only,M3_current_only,train,2984,12
caltech,2-39-78-361,2018-05,current_only,M3_current_only,train,2951,7
caltech,2-39-78-362,2018-05,current_only,M3_current_only,train,2909,9
caltech,2-39-78-363,2018-05,current_only,M3_current_only,train,2844,8
caltech,2-39-78-364,2018-05,current_only,M3_current_only,train,2674,7
caltech,2-39-78-365,2018-05,current_only,M3_current_only,train,4166,12
caltech,2-39-78-366,2018-05,current_only,M3_current_only,train,5674,14
caltech,2-39-78-367,2018-05,current_only,M3_current_only,train,4375,13
caltech,2-39-79-376,2018-05,current_only,M3_current_only,train,4102,8
caltech,2-39-79-377,2018-05,current_only,M3_current_only,train,4137,16
caltech,2-39-79-378,2018-05,current_only,M3_current_only,train,9841,14
caltech,2-39-79-379,2018-05,current_only,M3_current_only,train,8793,17
caltech,2-39-79-380,2018-05,current_only,M3_current_only,train,5930,18
caltech,2-39-79-381,2018-05,current_only,M3_current_only,train,4721,11
caltech,2-39-79-382,2018-05,current_only,M3_current_only,train,3626,10
caltech,2-39-79-383,2018-05,current_only,M3_current_only,train,5150,11
caltech,2-39-83-386,2018-05,current_only,M3_current_only,train,1226,2
caltech,2-39-88-24,2018-05,current_only,M3_current_only,train,3927,16
caltech,2-39-88-438,2018-05,current_only,M3_current_only,train,2111,4
caltech,2-39-89-25,2018-05,current_only,M3_current_only,train,3788,14
caltech,2-39-89-439,2018-05,current_only,M3_current_only,train,3432,8
caltech,2-39-90-26,2018-05,current_only,M3_current_only,train,3278,9
caltech,2-39-90-440,2018-05,current_only,M3_current_only,train,3501,10
caltech,2-39-91-437,2018-05,current_only,M3_current_only,train,6280,15
caltech,2-39-91-441,2018-05,current_only,M3_current_only,train,3725,8
caltech,2-39-92-436,2018-05,current_only,M3_current_only,train,2748,11
caltech,2-39-92-442,2018-05,current_only,M3_current_only,train,3520,13
caltech,2-39-95-27,2018-05,current_only,M3_current_only,train,5631,13
caltech,2-39-95-444,2018-05,current_only,M3_current_only,train,2674,8
caltech,2-39-91-437,2020-06,current_only,M3_current_only,test,421,1
caltech,2-39-123-23,2018-05,current_only,M4_history_insufficient,train,88,19
caltech,2-39-123-557,2018-05,current_only,M4_history_insufficient,train,53,13
caltech,2-39-124-22,2018-05,current_only,M4_history_insufficient,train,47,11
caltech,2-39-124-558,2018-05,current_only,M4_history_insufficient,train,10,2
caltech,2-39-125-21,2018-05,current_only,M4_history_insufficient,train,82,18
caltech,2-39-125-559,2018-05,current_only,M4_history_insufficient,train,10,2
caltech,2-39-126-20,2018-05,current_only,M4_history_insufficient,train,51,14
caltech,2-39-126-560,2018-05,current_only,M4_history_insufficient,train,13,4
caltech,2-39-127-19,2018-05,current_only,M4_history_insufficient,train,99,22
caltech,2-39-127-561,2018-05,current_only,M4_history_insufficient,train,24,7
caltech,2-39-128-18,2018-05,current_only,M4_history_insufficient,train,97,22
caltech,2-39-128-562,2018-05,current_only,M4_history_insufficient,train,22,9
caltech,2-39-129-17,2018-05,current_only,M4_history_insufficient,train,135,29
caltech,2-39-129-563,2018-05,current_only,M4_history_insufficient,train,22,7
caltech,2-39-130-31,2018-05,current_only,M4_history_insufficient,train,25,4
caltech,2-39-130-564,2018-05,current_only,M4_history_insufficient,train,61,18
caltech,2-39-131-30,2018-05,current_only,M4_history_insufficient,train,90,17
caltech,2-39-131-565,2018-05,current_only,M4_history_insufficient,train,39,12
caltech,2-39-138-29,2018-05,current_only,M4_history_insufficient,train,88,17
caltech,2-39-138-566,2018-05,current_only,M4_history_insufficient,train,88,23
caltech,2-39-139-28,2018-05,current_only,M4_history_insufficient,train,123,26
caltech,2-39-139-567,2018-05,current_only,M4_history_insufficient,train,74,21
caltech,2-39-78-360,2018-05,current_only,M4_history_insufficient,train,79,19
caltech,2-39-78-361,2018-05,current_only,M4_history_insufficient,train,41,8
caltech,2-39-78-362,2018-05,current_only,M4_history_insufficient,train,58,13
caltech,2-39-78-363,2018-05,current_only,M4_history_insufficient,train,45,11
caltech,2-39-78-364,2018-05,current_only,M4_history_insufficient,train,42,8
caltech,2-39-78-365,2018-05,current_only,M4_history_insufficient,train,70,16
caltech,2-39-78-366,2018-05,current_only,M4_history_insufficient,train,83,16
caltech,2-39-78-367,2018-05,current_only,M4_history_insufficient,train,85,20
caltech,2-39-79-376,2018-05,current_only,M4_history_insufficient,train,45,8
caltech,2-39-79-377,2018-05,current_only,M4_history_insufficient,train,89,18
caltech,2-39-79-378,2018-05,current_only,M4_history_insufficient,train,75,14
caltech,2-39-79-379,2018-05,current_only,M4_history_insufficient,train,98,19
caltech,2-39-79-380,2018-05,current_only,M4_history_insufficient,train,103,22
caltech,2-39-79-381,2018-05,current_only,M4_history_insufficient,train,60,11
caltech,2-39-79-382,2018-05,current_only,M4_history_insufficient,train,59,12
caltech,2-39-79-383,2018-05,current_only,M4_history_insufficient,train,61,12
caltech,2-39-82-385,2018-05,current_only,M4_history_insufficient,train,2,2
caltech,2-39-83-386,2018-05,current_only,M4_history_insufficient,train,12,3
caltech,2-39-83-387,2018-05,current_only,M4_history_insufficient,train,1,1
caltech,2-39-88-24,2018-05,current_only,M4_history_insufficient,train,94,21
caltech,2-39-88-438,2018-05,current_only,M4_history_insufficient,train,35,12
caltech,2-39-89-25,2018-05,current_only,M4_history_insufficient,train,79,16
caltech,2-39-89-439,2018-05,current_only,M4_history_insufficient,train,44,10
caltech,2-39-90-26,2018-05,current_only,M4_history_insufficient,train,50,12
caltech,2-39-90-440,2018-05,current_only,M4_history_insufficient,train,60,14
caltech,2-39-91-437,2018-05,current_only,M4_history_insufficient,train,81,16
caltech,2-39-91-441,2018-05,current_only,M4_history_insufficient,train,45,11
caltech,2-39-92-436,2018-05,current_only,M4_history_insufficient,train,57,12
caltech,2-39-92-442,2018-05,current_only,M4_history_insufficient,train,71,14
caltech,2-39-95-27,2018-05,current_only,M4_history_insufficient,train,73,15
caltech,2-39-95-444,2018-05,current_only,M4_history_insufficient,train,59,15
caltech,2-39-91-437,2020-06,current_only,M4_history_insufficient,test,5,1
caltech,2-39-123-23,2018-05,measured_no_pilot,M3_current_only,train,12319,34
caltech,2-39-123-557,2018-05,measured_no_pilot,M3_current_only,train,7387,21
caltech,2-39-124-22,2018-05,measured_no_pilot,M3_current_only,train,8853,33
caltech,2-39-124-558,2018-05,measured_no_pilot,M3_current_only,train,1270,4
caltech,2-39-125-21,2018-05,measured_no_pilot,M3_current_only,train,8123,33
caltech,2-39-125-559,2018-05,measured_no_pilot,M3_current_only,train,1307,5
caltech,2-39-126-20,2018-05,measured_no_pilot,M3_current_only,train,8741,22
caltech,2-39-126-560,2018-05,measured_no_pilot,M3_current_only,train,2596,7
caltech,2-39-127-19,2018-05,measured_no_pilot,M3_current_only,train,9917,41
caltech,2-39-127-561,2018-05,measured_no_pilot,M3_current_only,train,4536,16
caltech,2-39-128-18,2018-05,measured_no_pilot,M3_current_only,train,6132,27
caltech,2-39-128-562,2018-05,measured_no_pilot,M3_current_only,train,3992,11
caltech,2-39-129-17,2018-05,measured_no_pilot,M3_current_only,train,13250,40
caltech,2-39-129-563,2018-05,measured_no_pilot,M3_current_only,train,4489,12
caltech,2-39-130-31,2018-05,measured_no_pilot,M3_current_only,train,4000,26
caltech,2-39-130-564,2018-05,measured_no_pilot,M3_current_only,train,5210,13
caltech,2-39-131-30,2018-05,measured_no_pilot,M3_current_only,train,20431,38
caltech,2-39-131-565,2018-05,measured_no_pilot,M3_current_only,train,3481,13
caltech,2-39-138-29,2018-05,measured_no_pilot,M3_current_only,train,10187,49
caltech,2-39-138-566,2018-05,measured_no_pilot,M3_current_only,train,11134,26
caltech,2-39-139-28,2018-05,measured_no_pilot,M3_current_only,train,18574,49
caltech,2-39-139-567,2018-05,measured_no_pilot,M3_current_only,train,2237,7
caltech,2-39-78-360,2018-05,measured_no_pilot,M3_current_only,train,10971,25
caltech,2-39-78-361,2018-05,measured_no_pilot,M3_current_only,train,6924,18
caltech,2-39-78-362,2018-05,measured_no_pilot,M3_current_only,train,8220,16
caltech,2-39-78-363,2018-05,measured_no_pilot,M3_current_only,train,9423,27
caltech,2-39-78-364,2018-05,measured_no_pilot,M3_current_only,train,9184,19
caltech,2-39-78-365,2018-05,measured_no_pilot,M3_current_only,train,11732,39
caltech,2-39-78-366,2018-05,measured_no_pilot,M3_current_only,train,12359,33
caltech,2-39-78-367,2018-05,measured_no_pilot,M3_current_only,train,9425,32
caltech,2-39-79-376,2018-05,measured_no_pilot,M3_current_only,train,13698,33
caltech,2-39-79-377,2018-05,measured_no_pilot,M3_current_only,train,19021,39
caltech,2-39-79-378,2018-05,measured_no_pilot,M3_current_only,train,18866,31
caltech,2-39-79-379,2018-05,measured_no_pilot,M3_current_only,train,22422,43
caltech,2-39-79-380,2018-05,measured_no_pilot,M3_current_only,train,11929,36
caltech,2-39-79-381,2018-05,measured_no_pilot,M3_current_only,train,9641,24
caltech,2-39-79-382,2018-05,measured_no_pilot,M3_current_only,train,8737,24
caltech,2-39-79-383,2018-05,measured_no_pilot,M3_current_only,train,9369,18
caltech,2-39-82-385,2018-05,measured_no_pilot,M3_current_only,train,6,1
caltech,2-39-83-386,2018-05,measured_no_pilot,M3_current_only,train,3618,11
caltech,2-39-88-24,2018-05,measured_no_pilot,M3_current_only,train,9960,33
caltech,2-39-88-438,2018-05,measured_no_pilot,M3_current_only,train,6840,23
caltech,2-39-89-25,2018-05,measured_no_pilot,M3_current_only,train,14136,38
caltech,2-39-89-439,2018-05,measured_no_pilot,M3_current_only,train,7069,18
caltech,2-39-90-26,2018-05,measured_no_pilot,M3_current_only,train,7877,31
caltech,2-39-90-440,2018-05,measured_no_pilot,M3_current_only,train,6816,25
caltech,2-39-91-437,2018-05,measured_no_pilot,M3_current_only,train,13433,35
caltech,2-39-91-441,2018-05,measured_no_pilot,M3_current_only,train,8192,25
caltech,2-39-92-436,2018-05,measured_no_pilot,M3_current_only,train,8394,28
caltech,2-39-92-442,2018-05,measured_no_pilot,M3_current_only,train,8327,23
caltech,2-39-95-27,2018-05,measured_no_pilot,M3_current_only,train,14945,28
caltech,2-39-95-444,2018-05,measured_no_pilot,M3_current_only,train,7884,18
caltech,2-39-123-23,2018-06,measured_no_pilot,M3_current_only,train,18016,63
caltech,2-39-123-557,2018-06,measured_no_pilot,M3_current_only,train,9765,20
caltech,2-39-124-22,2018-06,measured_no_pilot,M3_current_only,train,11330,43
caltech,2-39-124-558,2018-06,measured_no_pilot,M3_current_only,train,3795,9
caltech,2-39-125-21,2018-06,measured_no_pilot,M3_current_only,train,16025,66
caltech,2-39-125-559,2018-06,measured_no_pilot,M3_current_only,train,2121,6
caltech,2-39-126-20,2018-06,measured_no_pilot,M3_current_only,train,6387,39
caltech,2-39-126-560,2018-06,measured_no_pilot,M3_current_only,train,4515,15
caltech,2-39-127-19,2018-06,measured_no_pilot,M3_current_only,train,17901,79
caltech,2-39-127-561,2018-06,measured_no_pilot,M3_current_only,train,5094,13
caltech,2-39-128-18,2018-06,measured_no_pilot,M3_current_only,train,11169,48
caltech,2-39-128-562,2018-06,measured_no_pilot,M3_current_only,train,2272,9
caltech,2-39-129-17,2018-06,measured_no_pilot,M3_current_only,train,19216,79
caltech,2-39-129-563,2018-06,measured_no_pilot,M3_current_only,train,5620,14
caltech,2-39-130-31,2018-06,measured_no_pilot,M3_current_only,train,16093,51
caltech,2-39-130-564,2018-06,measured_no_pilot,M3_current_only,train,9185,22
caltech,2-39-131-30,2018-06,measured_no_pilot,M3_current_only,train,26902,68
caltech,2-39-131-565,2018-06,measured_no_pilot,M3_current_only,train,2251,10
caltech,2-39-138-29,2018-06,measured_no_pilot,M3_current_only,train,15981,61
caltech,2-39-138-566,2018-06,measured_no_pilot,M3_current_only,train,11409,26
caltech,2-39-139-28,2018-06,measured_no_pilot,M3_current_only,train,27863,75
caltech,2-39-139-567,2018-06,measured_no_pilot,M3_current_only,train,7080,15
caltech,2-39-78-360,2018-06,measured_no_pilot,M3_current_only,train,15775,39
caltech,2-39-78-361,2018-06,measured_no_pilot,M3_current_only,train,11350,41
caltech,2-39-78-362,2018-06,measured_no_pilot,M3_current_only,train,10446,34
caltech,2-39-78-363,2018-06,measured_no_pilot,M3_current_only,train,14706,34
caltech,2-39-78-364,2018-06,measured_no_pilot,M3_current_only,train,10650,32
caltech,2-39-78-365,2018-06,measured_no_pilot,M3_current_only,train,17694,44
caltech,2-39-78-366,2018-06,measured_no_pilot,M3_current_only,train,17055,41
caltech,2-39-78-367,2018-06,measured_no_pilot,M3_current_only,train,11600,34
caltech,2-39-79-376,2018-06,measured_no_pilot,M3_current_only,train,17576,34
caltech,2-39-79-377,2018-06,measured_no_pilot,M3_current_only,train,21268,54
caltech,2-39-79-378,2018-06,measured_no_pilot,M3_current_only,train,23060,45
caltech,2-39-79-379,2018-06,measured_no_pilot,M3_current_only,train,33848,45
caltech,2-39-79-380,2018-06,measured_no_pilot,M3_current_only,train,22889,59
caltech,2-39-79-381,2018-06,measured_no_pilot,M3_current_only,train,15690,40
caltech,2-39-79-382,2018-06,measured_no_pilot,M3_current_only,train,16954,38
caltech,2-39-79-383,2018-06,measured_no_pilot,M3_current_only,train,17395,44
caltech,2-39-83-386,2018-06,measured_no_pilot,M3_current_only,train,708,3
caltech,2-39-83-387,2018-06,measured_no_pilot,M3_current_only,train,1745,6
caltech,2-39-88-24,2018-06,measured_no_pilot,M3_current_only,train,11529,46
caltech,2-39-88-438,2018-06,measured_no_pilot,M3_current_only,train,11448,29
caltech,2-39-89-25,2018-06,measured_no_pilot,M3_current_only,train,25723,42
caltech,2-39-89-439,2018-06,measured_no_pilot,M3_current_only,train,9103,25
caltech,2-39-90-26,2018-06,measured_no_pilot,M3_current_only,train,12591,33
caltech,2-39-90-440,2018-06,measured_no_pilot,M3_current_only,train,10145,26
caltech,2-39-91-437,2018-06,measured_no_pilot,M3_current_only,train,19775,47
caltech,2-39-91-441,2018-06,measured_no_pilot,M3_current_only,train,11683,30
caltech,2-39-92-436,2018-06,measured_no_pilot,M3_current_only,train,13743,36
caltech,2-39-92-442,2018-06,measured_no_pilot,M3_current_only,train,11738,33
caltech,2-39-95-27,2018-06,measured_no_pilot,M3_current_only,train,17752,44
caltech,2-39-95-444,2018-06,measured_no_pilot,M3_current_only,train,11568,33
caltech,2-39-123-23,2018-07,measured_no_pilot,M3_current_only,train,21225,58
caltech,2-39-123-557,2018-07,measured_no_pilot,M3_current_only,train,7503,30
caltech,2-39-124-22,2018-07,measured_no_pilot,M3_current_only,train,18924,41
caltech,2-39-124-558,2018-07,measured_no_pilot,M3_current_only,train,707,2
caltech,2-39-125-21,2018-07,measured_no_pilot,M3_current_only,train,19311,75
caltech,2-39-125-559,2018-07,measured_no_pilot,M3_current_only,train,1448,5
caltech,2-39-126-20,2018-07,measured_no_pilot,M3_current_only,train,11587,58
caltech,2-39-126-560,2018-07,measured_no_pilot,M3_current_only,train,3514,8
caltech,2-39-127-19,2018-07,measured_no_pilot,M3_current_only,train,17925,82
caltech,2-39-127-561,2018-07,measured_no_pilot,M3_current_only,train,3891,10
caltech,2-39-128-18,2018-07,measured_no_pilot,M3_current_only,train,15313,63
caltech,2-39-128-562,2018-07,measured_no_pilot,M3_current_only,train,2244,8
caltech,2-39-129-17,2018-07,measured_no_pilot,M3_current_only,train,20828,80
caltech,2-39-129-563,2018-07,measured_no_pilot,M3_current_only,train,1752,7
caltech,2-39-130-31,2018-07,measured_no_pilot,M3_current_only,train,13048,63
caltech,2-39-130-564,2018-07,measured_no_pilot,M3_current_only,train,2360,7
caltech,2-39-131-30,2018-07,measured_no_pilot,M3_current_only,train,25468,78
caltech,2-39-131-565,2018-07,measured_no_pilot,M3_current_only,train,1700,5
caltech,2-39-138-29,2018-07,measured_no_pilot,M3_current_only,train,19817,71
caltech,2-39-138-566,2018-07,measured_no_pilot,M3_current_only,train,1629,11
caltech,2-39-139-28,2018-07,measured_no_pilot,M3_current_only,train,25189,94
caltech,2-39-139-567,2018-07,measured_no_pilot,M3_current_only,train,374,4
caltech,2-39-78-360,2018-07,measured_no_pilot,M3_current_only,train,14601,46
caltech,2-39-78-361,2018-07,measured_no_pilot,M3_current_only,train,10786,32
caltech,2-39-78-362,2018-07,measured_no_pilot,M3_current_only,train,14214,38
caltech,2-39-78-363,2018-07,measured_no_pilot,M3_current_only,train,18280,44
caltech,2-39-78-364,2018-07,measured_no_pilot,M3_current_only,train,10269,33
caltech,2-39-78-365,2018-07,measured_no_pilot,M3_current_only,train,22943,74
caltech,2-39-78-366,2018-07,measured_no_pilot,M3_current_only,train,18786,39
caltech,2-39-78-367,2018-07,measured_no_pilot,M3_current_only,train,10974,40
caltech,2-39-79-376,2018-07,measured_no_pilot,M3_current_only,train,25285,46
caltech,2-39-79-377,2018-07,measured_no_pilot,M3_current_only,train,18412,52
caltech,2-39-79-378,2018-07,measured_no_pilot,M3_current_only,train,24302,43
caltech,2-39-79-379,2018-07,measured_no_pilot,M3_current_only,train,32427,60
caltech,2-39-79-380,2018-07,measured_no_pilot,M3_current_only,train,20435,70
caltech,2-39-79-381,2018-07,measured_no_pilot,M3_current_only,train,18286,54
caltech,2-39-79-382,2018-07,measured_no_pilot,M3_current_only,train,15077,38
caltech,2-39-79-383,2018-07,measured_no_pilot,M3_current_only,train,21510,51
caltech,2-39-82-384,2018-07,measured_no_pilot,M3_current_only,train,83,2
caltech,2-39-83-386,2018-07,measured_no_pilot,M3_current_only,train,4979,10
caltech,2-39-83-387,2018-07,measured_no_pilot,M3_current_only,train,716,12
caltech,2-39-88-24,2018-07,measured_no_pilot,M3_current_only,train,11909,44
caltech,2-39-88-438,2018-07,measured_no_pilot,M3_current_only,train,8670,24
caltech,2-39-89-25,2018-07,measured_no_pilot,M3_current_only,train,18710,72
caltech,2-39-89-439,2018-07,measured_no_pilot,M3_current_only,train,9022,24
caltech,2-39-90-26,2018-07,measured_no_pilot,M3_current_only,train,15049,36
caltech,2-39-90-440,2018-07,measured_no_pilot,M3_current_only,train,12404,25
caltech,2-39-91-437,2018-07,measured_no_pilot,M3_current_only,train,22681,52
caltech,2-39-91-441,2018-07,measured_no_pilot,M3_current_only,train,12924,36
caltech,2-39-92-436,2018-07,measured_no_pilot,M3_current_only,train,11558,34
caltech,2-39-92-442,2018-07,measured_no_pilot,M3_current_only,train,14656,32
caltech,2-39-95-27,2018-07,measured_no_pilot,M3_current_only,train,19460,50
caltech,2-39-95-444,2018-07,measured_no_pilot,M3_current_only,train,9378,27
caltech,2-39-123-23,2018-08,measured_no_pilot,M3_current_only,train,19129,86
caltech,2-39-123-557,2018-08,measured_no_pilot,M3_current_only,train,13420,28
caltech,2-39-124-22,2018-08,measured_no_pilot,M3_current_only,train,12810,64
caltech,2-39-124-558,2018-08,measured_no_pilot,M3_current_only,train,4388,15
caltech,2-39-125-21,2018-08,measured_no_pilot,M3_current_only,train,18126,76
caltech,2-39-125-559,2018-08,measured_no_pilot,M3_current_only,train,4961,14
caltech,2-39-126-20,2018-08,measured_no_pilot,M3_current_only,train,15836,61
caltech,2-39-126-560,2018-08,measured_no_pilot,M3_current_only,train,10894,17
caltech,2-39-127-19,2018-08,measured_no_pilot,M3_current_only,train,22367,88
caltech,2-39-127-561,2018-08,measured_no_pilot,M3_current_only,train,3471,12
caltech,2-39-128-18,2018-08,measured_no_pilot,M3_current_only,train,13044,72
caltech,2-39-128-562,2018-08,measured_no_pilot,M3_current_only,train,8368,26
caltech,2-39-129-17,2018-08,measured_no_pilot,M3_current_only,train,20513,82
caltech,2-39-129-563,2018-08,measured_no_pilot,M3_current_only,train,5164,15
caltech,2-39-130-31,2018-08,measured_no_pilot,M3_current_only,train,17914,72
caltech,2-39-130-564,2018-08,measured_no_pilot,M3_current_only,train,5833,19
caltech,2-39-131-30,2018-08,measured_no_pilot,M3_current_only,train,24049,88
caltech,2-39-131-565,2018-08,measured_no_pilot,M3_current_only,train,6819,17
caltech,2-39-138-29,2018-08,measured_no_pilot,M3_current_only,train,19817,84
caltech,2-39-138-566,2018-08,measured_no_pilot,M3_current_only,train,5707,19
caltech,2-39-139-28,2018-08,measured_no_pilot,M3_current_only,train,25776,132
caltech,2-39-139-567,2018-08,measured_no_pilot,M3_current_only,train,3461,10
caltech,2-39-78-360,2018-08,measured_no_pilot,M3_current_only,train,20228,56
caltech,2-39-78-361,2018-08,measured_no_pilot,M3_current_only,train,15048,44
caltech,2-39-78-362,2018-08,measured_no_pilot,M3_current_only,train,14908,39
caltech,2-39-78-363,2018-08,measured_no_pilot,M3_current_only,train,21058,57
caltech,2-39-78-364,2018-08,measured_no_pilot,M3_current_only,train,13517,39
caltech,2-39-78-365,2018-08,measured_no_pilot,M3_current_only,train,18702,61
caltech,2-39-78-366,2018-08,measured_no_pilot,M3_current_only,train,20979,64
caltech,2-39-78-367,2018-08,measured_no_pilot,M3_current_only,train,16990,44
caltech,2-39-79-376,2018-08,measured_no_pilot,M3_current_only,train,17690,48
caltech,2-39-79-377,2018-08,measured_no_pilot,M3_current_only,train,18769,45
caltech,2-39-79-378,2018-08,measured_no_pilot,M3_current_only,train,20127,61
caltech,2-39-79-379,2018-08,measured_no_pilot,M3_current_only,train,35333,61
caltech,2-39-79-380,2018-08,measured_no_pilot,M3_current_only,train,23140,75
caltech,2-39-79-381,2018-08,measured_no_pilot,M3_current_only,train,22838,56
caltech,2-39-79-382,2018-08,measured_no_pilot,M3_current_only,train,13107,39
caltech,2-39-79-383,2018-08,measured_no_pilot,M3_current_only,train,21129,62
caltech,2-39-82-384,2018-08,measured_no_pilot,M3_current_only,train,12,1
caltech,2-39-83-386,2018-08,measured_no_pilot,M3_current_only,train,3062,10
caltech,2-39-83-387,2018-08,measured_no_pilot,M3_current_only,train,1140,10
caltech,2-39-88-24,2018-08,measured_no_pilot,M3_current_only,train,14112,50
caltech,2-39-88-438,2018-08,measured_no_pilot,M3_current_only,train,11724,33
caltech,2-39-89-25,2018-08,measured_no_pilot,M3_current_only,train,24183,82
caltech,2-39-89-439,2018-08,measured_no_pilot,M3_current_only,train,12871,34
caltech,2-39-90-26,2018-08,measured_no_pilot,M3_current_only,train,14664,45
caltech,2-39-90-440,2018-08,measured_no_pilot,M3_current_only,train,15110,29
caltech,2-39-91-437,2018-08,measured_no_pilot,M3_current_only,train,21070,67
caltech,2-39-91-441,2018-08,measured_no_pilot,M3_current_only,train,15068,35
caltech,2-39-92-436,2018-08,measured_no_pilot,M3_current_only,train,17601,42
caltech,2-39-92-442,2018-08,measured_no_pilot,M3_current_only,train,14642,40
caltech,2-39-95-27,2018-08,measured_no_pilot,M3_current_only,train,20552,49
caltech,2-39-95-444,2018-08,measured_no_pilot,M3_current_only,train,11077,26
caltech,2-39-123-23,2018-09,measured_no_pilot,M3_current_only,train,16759,74
caltech,2-39-123-557,2018-09,measured_no_pilot,M3_current_only,train,9769,28
caltech,2-39-124-22,2018-09,measured_no_pilot,M3_current_only,train,16205,58
caltech,2-39-124-558,2018-09,measured_no_pilot,M3_current_only,train,6039,23
caltech,2-39-125-21,2018-09,measured_no_pilot,M3_current_only,train,18209,98
caltech,2-39-125-559,2018-09,measured_no_pilot,M3_current_only,train,4996,16
caltech,2-39-126-20,2018-09,measured_no_pilot,M3_current_only,train,14641,70
caltech,2-39-126-560,2018-09,measured_no_pilot,M3_current_only,train,4695,14
caltech,2-39-127-19,2018-09,measured_no_pilot,M3_current_only,train,19876,86
caltech,2-39-127-561,2018-09,measured_no_pilot,M3_current_only,train,3969,12
caltech,2-39-128-18,2018-09,measured_no_pilot,M3_current_only,train,16321,61
caltech,2-39-128-562,2018-09,measured_no_pilot,M3_current_only,train,9623,21
caltech,2-39-129-17,2018-09,measured_no_pilot,M3_current_only,train,23972,84
caltech,2-39-129-563,2018-09,measured_no_pilot,M3_current_only,train,6496,18
caltech,2-39-130-31,2018-09,measured_no_pilot,M3_current_only,train,18626,89
caltech,2-39-130-564,2018-09,measured_no_pilot,M3_current_only,train,7841,27
caltech,2-39-131-30,2018-09,measured_no_pilot,M3_current_only,train,24436,98
caltech,2-39-131-565,2018-09,measured_no_pilot,M3_current_only,train,7103,23
caltech,2-39-138-29,2018-09,measured_no_pilot,M3_current_only,train,22510,88
caltech,2-39-138-566,2018-09,measured_no_pilot,M3_current_only,train,9765,29
caltech,2-39-139-28,2018-09,measured_no_pilot,M3_current_only,train,25682,123
caltech,2-39-139-567,2018-09,measured_no_pilot,M3_current_only,train,5994,21
caltech,2-39-78-360,2018-09,measured_no_pilot,M3_current_only,train,13423,38
caltech,2-39-78-361,2018-09,measured_no_pilot,M3_current_only,train,14112,39
caltech,2-39-78-362,2018-09,measured_no_pilot,M3_current_only,train,12611,36
caltech,2-39-78-363,2018-09,measured_no_pilot,M3_current_only,train,14914,45
caltech,2-39-78-364,2018-09,measured_no_pilot,M3_current_only,train,13709,34
caltech,2-39-78-365,2018-09,measured_no_pilot,M3_current_only,train,21477,65
caltech,2-39-78-366,2018-09,measured_no_pilot,M3_current_only,train,22955,67
caltech,2-39-78-367,2018-09,measured_no_pilot,M3_current_only,train,16348,36
caltech,2-39-79-376,2018-09,measured_no_pilot,M3_current_only,train,15822,32
caltech,2-39-79-377,2018-09,measured_no_pilot,M3_current_only,train,18755,61
caltech,2-39-79-378,2018-09,measured_no_pilot,M3_current_only,train,19299,48
caltech,2-39-79-379,2018-09,measured_no_pilot,M3_current_only,train,29449,53
caltech,2-39-79-380,2018-09,measured_no_pilot,M3_current_only,train,14927,47
caltech,2-39-79-381,2018-09,measured_no_pilot,M3_current_only,train,16128,40
caltech,2-39-79-382,2018-09,measured_no_pilot,M3_current_only,train,12910,30
caltech,2-39-79-383,2018-09,measured_no_pilot,M3_current_only,train,21233,38
caltech,2-39-82-384,2018-09,measured_no_pilot,M3_current_only,train,510,2
caltech,2-39-82-385,2018-09,measured_no_pilot,M3_current_only,train,449,3
caltech,2-39-83-386,2018-09,measured_no_pilot,M3_current_only,train,2942,13
caltech,2-39-83-387,2018-09,measured_no_pilot,M3_current_only,train,3477,20
caltech,2-39-88-24,2018-09,measured_no_pilot,M3_current_only,train,14516,58
caltech,2-39-88-438,2018-09,measured_no_pilot,M3_current_only,train,9848,24
caltech,2-39-89-25,2018-09,measured_no_pilot,M3_current_only,train,19734,76
caltech,2-39-89-439,2018-09,measured_no_pilot,M3_current_only,train,10171,28
caltech,2-39-90-26,2018-09,measured_no_pilot,M3_current_only,train,12912,39
caltech,2-39-90-440,2018-09,measured_no_pilot,M3_current_only,train,11079,27
caltech,2-39-91-437,2018-09,measured_no_pilot,M3_current_only,train,20467,58
caltech,2-39-91-441,2018-09,measured_no_pilot,M3_current_only,train,11760,34
caltech,2-39-92-436,2018-09,measured_no_pilot,M3_current_only,train,14355,40
caltech,2-39-92-442,2018-09,measured_no_pilot,M3_current_only,train,12162,33
caltech,2-39-95-27,2018-09,measured_no_pilot,M3_current_only,train,19964,45
caltech,2-39-95-444,2018-09,measured_no_pilot,M3_current_only,train,10572,25
caltech,2-39-123-23,2018-10,measured_no_pilot,M3_current_only,train,18966,73
caltech,2-39-123-557,2018-10,measured_no_pilot,M3_current_only,train,12642,35
caltech,2-39-124-22,2018-10,measured_no_pilot,M3_current_only,train,18797,63
caltech,2-39-124-558,2018-10,measured_no_pilot,M3_current_only,train,12715,26
caltech,2-39-125-21,2018-10,measured_no_pilot,M3_current_only,train,17352,79
caltech,2-39-125-559,2018-10,measured_no_pilot,M3_current_only,train,6359,18
caltech,2-39-126-20,2018-10,measured_no_pilot,M3_current_only,train,21577,63
caltech,2-39-126-560,2018-10,measured_no_pilot,M3_current_only,train,7057,23
caltech,2-39-127-19,2018-10,measured_no_pilot,M3_current_only,train,19002,80
caltech,2-39-127-561,2018-10,measured_no_pilot,M3_current_only,train,7898,19
caltech,2-39-128-18,2018-10,measured_no_pilot,M3_current_only,train,19685,82
caltech,2-39-128-562,2018-10,measured_no_pilot,M3_current_only,train,10592,23
caltech,2-39-129-17,2018-10,measured_no_pilot,M3_current_only,train,24081,92
caltech,2-39-129-563,2018-10,measured_no_pilot,M3_current_only,train,6497,17
caltech,2-39-130-31,2018-10,measured_no_pilot,M3_current_only,train,20525,96
caltech,2-39-130-564,2018-10,measured_no_pilot,M3_current_only,train,10077,23
caltech,2-39-131-30,2018-10,measured_no_pilot,M3_current_only,train,26620,106
caltech,2-39-131-565,2018-10,measured_no_pilot,M3_current_only,train,7418,19
caltech,2-39-138-29,2018-10,measured_no_pilot,M3_current_only,train,25412,82
caltech,2-39-138-566,2018-10,measured_no_pilot,M3_current_only,train,9561,29
caltech,2-39-139-28,2018-10,measured_no_pilot,M3_current_only,train,30536,99
caltech,2-39-139-567,2018-10,measured_no_pilot,M3_current_only,train,8411,23
caltech,2-39-78-360,2018-10,measured_no_pilot,M3_current_only,train,14674,47
caltech,2-39-78-361,2018-10,measured_no_pilot,M3_current_only,train,13354,35
caltech,2-39-78-362,2018-10,measured_no_pilot,M3_current_only,train,11911,30
caltech,2-39-78-363,2018-10,measured_no_pilot,M3_current_only,train,17760,57
caltech,2-39-78-364,2018-10,measured_no_pilot,M3_current_only,train,12250,35
caltech,2-39-78-365,2018-10,measured_no_pilot,M3_current_only,train,17327,53
caltech,2-39-78-366,2018-10,measured_no_pilot,M3_current_only,train,18240,54
caltech,2-39-78-367,2018-10,measured_no_pilot,M3_current_only,train,16627,31
caltech,2-39-79-376,2018-10,measured_no_pilot,M3_current_only,train,16254,34
caltech,2-39-79-377,2018-10,measured_no_pilot,M3_current_only,train,19820,48
caltech,2-39-79-378,2018-10,measured_no_pilot,M3_current_only,train,24897,46
caltech,2-39-79-379,2018-10,measured_no_pilot,M3_current_only,train,35458,57
caltech,2-39-79-380,2018-10,measured_no_pilot,M3_current_only,train,21599,54
caltech,2-39-79-381,2018-10,measured_no_pilot,M3_current_only,train,23138,49
caltech,2-39-79-382,2018-10,measured_no_pilot,M3_current_only,train,17989,38
caltech,2-39-79-383,2018-10,measured_no_pilot,M3_current_only,train,19028,54
caltech,2-39-82-384,2018-10,measured_no_pilot,M3_current_only,train,413,3
caltech,2-39-82-385,2018-10,measured_no_pilot,M3_current_only,train,214,1
caltech,2-39-83-386,2018-10,measured_no_pilot,M3_current_only,train,7902,32
caltech,2-39-83-387,2018-10,measured_no_pilot,M3_current_only,train,2996,12
caltech,2-39-88-24,2018-10,measured_no_pilot,M3_current_only,train,16973,47
caltech,2-39-88-438,2018-10,measured_no_pilot,M3_current_only,train,11521,33
caltech,2-39-89-25,2018-10,measured_no_pilot,M3_current_only,train,21641,78
caltech,2-39-89-439,2018-10,measured_no_pilot,M3_current_only,train,12817,30
caltech,2-39-90-26,2018-10,measured_no_pilot,M3_current_only,train,15037,48
caltech,2-39-90-440,2018-10,measured_no_pilot,M3_current_only,train,16275,34
caltech,2-39-91-437,2018-10,measured_no_pilot,M3_current_only,train,19958,50
caltech,2-39-91-441,2018-10,measured_no_pilot,M3_current_only,train,12102,38
caltech,2-39-92-436,2018-10,measured_no_pilot,M3_current_only,train,14964,34
caltech,2-39-92-442,2018-10,measured_no_pilot,M3_current_only,train,13788,30
caltech,2-39-95-27,2018-10,measured_no_pilot,M3_current_only,train,23064,57
caltech,2-39-95-444,2018-10,measured_no_pilot,M3_current_only,train,12419,34
caltech,2-39-123-23,2018-11,measured_no_pilot,M3_current_only,train,1144,3
caltech,2-39-123-557,2018-11,measured_no_pilot,M3_current_only,train,491,2
caltech,2-39-124-22,2018-11,measured_no_pilot,M3_current_only,train,621,1
caltech,2-39-124-558,2018-11,measured_no_pilot,M3_current_only,train,832,2
caltech,2-39-125-21,2018-11,measured_no_pilot,M3_current_only,train,794,4
caltech,2-39-125-559,2018-11,measured_no_pilot,M3_current_only,train,13,1
caltech,2-39-126-20,2018-11,measured_no_pilot,M3_current_only,train,685,2
caltech,2-39-126-560,2018-11,measured_no_pilot,M3_current_only,train,535,2
caltech,2-39-127-19,2018-11,measured_no_pilot,M3_current_only,train,591,3
caltech,2-39-128-18,2018-11,measured_no_pilot,M3_current_only,train,441,6
caltech,2-39-128-562,2018-11,measured_no_pilot,M3_current_only,train,595,2
caltech,2-39-129-17,2018-11,measured_no_pilot,M3_current_only,train,740,2
caltech,2-39-129-563,2018-11,measured_no_pilot,M3_current_only,train,520,3
caltech,2-39-130-31,2018-11,measured_no_pilot,M3_current_only,train,273,3
caltech,2-39-130-564,2018-11,measured_no_pilot,M3_current_only,train,328,2
caltech,2-39-131-30,2018-11,measured_no_pilot,M3_current_only,train,466,5
caltech,2-39-138-29,2018-11,measured_no_pilot,M3_current_only,train,887,3
caltech,2-39-139-28,2018-11,measured_no_pilot,M3_current_only,train,827,5
caltech,2-39-78-360,2018-11,measured_no_pilot,M3_current_only,train,429,3
caltech,2-39-78-361,2018-11,measured_no_pilot,M3_current_only,train,104,1
caltech,2-39-78-362,2018-11,measured_no_pilot,M3_current_only,train,482,1
caltech,2-39-78-363,2018-11,measured_no_pilot,M3_current_only,train,673,2
caltech,2-39-78-364,2018-11,measured_no_pilot,M3_current_only,train,505,1
caltech,2-39-78-365,2018-11,measured_no_pilot,M3_current_only,train,920,3
caltech,2-39-78-366,2018-11,measured_no_pilot,M3_current_only,train,1105,4
caltech,2-39-78-367,2018-11,measured_no_pilot,M3_current_only,train,1492,2
caltech,2-39-79-376,2018-11,measured_no_pilot,M3_current_only,train,589,3
caltech,2-39-79-378,2018-11,measured_no_pilot,M3_current_only,train,1789,5
caltech,2-39-79-379,2018-11,measured_no_pilot,M3_current_only,train,1265,6
caltech,2-39-79-380,2018-11,measured_no_pilot,M3_current_only,train,810,4
caltech,2-39-79-381,2018-11,measured_no_pilot,M3_current_only,train,512,2
caltech,2-39-79-382,2018-11,measured_no_pilot,M3_current_only,train,536,2
caltech,2-39-79-383,2018-11,measured_no_pilot,M3_current_only,train,687,2
caltech,2-39-83-387,2018-11,measured_no_pilot,M3_current_only,train,124,1
caltech,2-39-88-24,2018-11,measured_no_pilot,M3_current_only,train,861,3
caltech,2-39-88-438,2018-11,measured_no_pilot,M3_current_only,train,493,1
caltech,2-39-89-25,2018-11,measured_no_pilot,M3_current_only,train,1023,5
caltech,2-39-89-439,2018-11,measured_no_pilot,M3_current_only,train,783,4
caltech,2-39-90-26,2018-11,measured_no_pilot,M3_current_only,train,591,3
caltech,2-39-90-440,2018-11,measured_no_pilot,M3_current_only,train,466,5
caltech,2-39-91-437,2018-11,measured_no_pilot,M3_current_only,train,721,2
caltech,2-39-91-441,2018-11,measured_no_pilot,M3_current_only,train,682,2
caltech,2-39-92-436,2018-11,measured_no_pilot,M3_current_only,train,968,3
caltech,2-39-92-442,2018-11,measured_no_pilot,M3_current_only,train,647,2
caltech,2-39-95-27,2018-11,measured_no_pilot,M3_current_only,train,1277,6
caltech,2-39-95-444,2018-11,measured_no_pilot,M3_current_only,train,531,1
caltech,2-39-123-23,2018-05,measured_no_pilot,M4_history_insufficient,train,184,43
caltech,2-39-123-557,2018-05,measured_no_pilot,M4_history_insufficient,train,111,25
caltech,2-39-124-22,2018-05,measured_no_pilot,M4_history_insufficient,train,177,39
caltech,2-39-124-558,2018-05,measured_no_pilot,M4_history_insufficient,train,20,4
caltech,2-39-125-21,2018-05,measured_no_pilot,M4_history_insufficient,train,188,43
caltech,2-39-125-559,2018-05,measured_no_pilot,M4_history_insufficient,train,27,6
caltech,2-39-126-20,2018-05,measured_no_pilot,M4_history_insufficient,train,120,26
caltech,2-39-126-560,2018-05,measured_no_pilot,M4_history_insufficient,train,53,17
caltech,2-39-127-19,2018-05,measured_no_pilot,M4_history_insufficient,train,233,56
caltech,2-39-127-561,2018-05,measured_no_pilot,M4_history_insufficient,train,87,20
caltech,2-39-128-18,2018-05,measured_no_pilot,M4_history_insufficient,train,158,38
caltech,2-39-128-562,2018-05,measured_no_pilot,M4_history_insufficient,train,57,13
caltech,2-39-129-17,2018-05,measured_no_pilot,M4_history_insufficient,train,213,46
caltech,2-39-129-563,2018-05,measured_no_pilot,M4_history_insufficient,train,66,15
caltech,2-39-130-31,2018-05,measured_no_pilot,M4_history_insufficient,train,149,33
caltech,2-39-130-564,2018-05,measured_no_pilot,M4_history_insufficient,train,72,17
caltech,2-39-131-30,2018-05,measured_no_pilot,M4_history_insufficient,train,205,45
caltech,2-39-131-565,2018-05,measured_no_pilot,M4_history_insufficient,train,73,18
caltech,2-39-138-29,2018-05,measured_no_pilot,M4_history_insufficient,train,269,61
caltech,2-39-138-566,2018-05,measured_no_pilot,M4_history_insufficient,train,142,30
caltech,2-39-139-28,2018-05,measured_no_pilot,M4_history_insufficient,train,273,57
caltech,2-39-139-567,2018-05,measured_no_pilot,M4_history_insufficient,train,44,14
caltech,2-39-78-360,2018-05,measured_no_pilot,M4_history_insufficient,train,135,29
caltech,2-39-78-361,2018-05,measured_no_pilot,M4_history_insufficient,train,103,26
caltech,2-39-78-362,2018-05,measured_no_pilot,M4_history_insufficient,train,94,23
caltech,2-39-78-363,2018-05,measured_no_pilot,M4_history_insufficient,train,146,34
caltech,2-39-78-364,2018-05,measured_no_pilot,M4_history_insufficient,train,109,29
caltech,2-39-78-365,2018-05,measured_no_pilot,M4_history_insufficient,train,203,43
caltech,2-39-78-366,2018-05,measured_no_pilot,M4_history_insufficient,train,173,37
caltech,2-39-78-367,2018-05,measured_no_pilot,M4_history_insufficient,train,178,42
caltech,2-39-79-376,2018-05,measured_no_pilot,M4_history_insufficient,train,167,35
caltech,2-39-79-377,2018-05,measured_no_pilot,M4_history_insufficient,train,199,41
caltech,2-39-79-378,2018-05,measured_no_pilot,M4_history_insufficient,train,172,36
caltech,2-39-79-379,2018-05,measured_no_pilot,M4_history_insufficient,train,222,45
caltech,2-39-79-380,2018-05,measured_no_pilot,M4_history_insufficient,train,187,39
caltech,2-39-79-381,2018-05,measured_no_pilot,M4_history_insufficient,train,130,31
caltech,2-39-79-382,2018-05,measured_no_pilot,M4_history_insufficient,train,120,24
caltech,2-39-79-383,2018-05,measured_no_pilot,M4_history_insufficient,train,90,18
caltech,2-39-82-385,2018-05,measured_no_pilot,M4_history_insufficient,train,6,2
caltech,2-39-83-386,2018-05,measured_no_pilot,M4_history_insufficient,train,56,12
caltech,2-39-83-387,2018-05,measured_no_pilot,M4_history_insufficient,train,3,1
caltech,2-39-88-24,2018-05,measured_no_pilot,M4_history_insufficient,train,182,37
caltech,2-39-88-438,2018-05,measured_no_pilot,M4_history_insufficient,train,123,27
caltech,2-39-89-25,2018-05,measured_no_pilot,M4_history_insufficient,train,199,42
caltech,2-39-89-439,2018-05,measured_no_pilot,M4_history_insufficient,train,115,29
caltech,2-39-90-26,2018-05,measured_no_pilot,M4_history_insufficient,train,171,38
caltech,2-39-90-440,2018-05,measured_no_pilot,M4_history_insufficient,train,139,35
caltech,2-39-91-437,2018-05,measured_no_pilot,M4_history_insufficient,train,187,41
caltech,2-39-91-441,2018-05,measured_no_pilot,M4_history_insufficient,train,137,32
caltech,2-39-92-436,2018-05,measured_no_pilot,M4_history_insufficient,train,158,36
caltech,2-39-92-442,2018-05,measured_no_pilot,M4_history_insufficient,train,123,29
caltech,2-39-95-27,2018-05,measured_no_pilot,M4_history_insufficient,train,142,30
caltech,2-39-95-444,2018-05,measured_no_pilot,M4_history_insufficient,train,101,27
caltech,2-39-123-23,2018-06,measured_no_pilot,M4_history_insufficient,train,326,67
caltech,2-39-123-557,2018-06,measured_no_pilot,M4_history_insufficient,train,103,22
caltech,2-39-124-22,2018-06,measured_no_pilot,M4_history_insufficient,train,221,45
caltech,2-39-124-558,2018-06,measured_no_pilot,M4_history_insufficient,train,45,9
caltech,2-39-125-21,2018-06,measured_no_pilot,M4_history_insufficient,train,327,66
caltech,2-39-125-559,2018-06,measured_no_pilot,M4_history_insufficient,train,30,6
caltech,2-39-126-20,2018-06,measured_no_pilot,M4_history_insufficient,train,207,45
caltech,2-39-126-560,2018-06,measured_no_pilot,M4_history_insufficient,train,76,16
caltech,2-39-127-19,2018-06,measured_no_pilot,M4_history_insufficient,train,407,87
caltech,2-39-127-561,2018-06,measured_no_pilot,M4_history_insufficient,train,60,12
caltech,2-39-128-18,2018-06,measured_no_pilot,M4_history_insufficient,train,247,54
caltech,2-39-128-562,2018-06,measured_no_pilot,M4_history_insufficient,train,40,8
caltech,2-39-129-17,2018-06,measured_no_pilot,M4_history_insufficient,train,411,85
caltech,2-39-129-563,2018-06,measured_no_pilot,M4_history_insufficient,train,67,14
caltech,2-39-130-31,2018-06,measured_no_pilot,M4_history_insufficient,train,265,57
caltech,2-39-130-564,2018-06,measured_no_pilot,M4_history_insufficient,train,113,27
caltech,2-39-131-30,2018-06,measured_no_pilot,M4_history_insufficient,train,350,75
caltech,2-39-131-565,2018-06,measured_no_pilot,M4_history_insufficient,train,54,13
caltech,2-39-138-29,2018-06,measured_no_pilot,M4_history_insufficient,train,329,70
caltech,2-39-138-566,2018-06,measured_no_pilot,M4_history_insufficient,train,133,28
caltech,2-39-139-28,2018-06,measured_no_pilot,M4_history_insufficient,train,380,81
caltech,2-39-139-567,2018-06,measured_no_pilot,M4_history_insufficient,train,79,17
caltech,2-39-78-360,2018-06,measured_no_pilot,M4_history_insufficient,train,196,40
caltech,2-39-78-361,2018-06,measured_no_pilot,M4_history_insufficient,train,213,45
caltech,2-39-78-362,2018-06,measured_no_pilot,M4_history_insufficient,train,171,35
caltech,2-39-78-363,2018-06,measured_no_pilot,M4_history_insufficient,train,176,38
caltech,2-39-78-364,2018-06,measured_no_pilot,M4_history_insufficient,train,156,32
caltech,2-39-78-365,2018-06,measured_no_pilot,M4_history_insufficient,train,234,50
caltech,2-39-78-366,2018-06,measured_no_pilot,M4_history_insufficient,train,206,42
caltech,2-39-78-367,2018-06,measured_no_pilot,M4_history_insufficient,train,170,34
caltech,2-39-79-376,2018-06,measured_no_pilot,M4_history_insufficient,train,166,34
caltech,2-39-79-377,2018-06,measured_no_pilot,M4_history_insufficient,train,271,55
caltech,2-39-79-378,2018-06,measured_no_pilot,M4_history_insufficient,train,221,45
caltech,2-39-79-379,2018-06,measured_no_pilot,M4_history_insufficient,train,223,45
caltech,2-39-79-380,2018-06,measured_no_pilot,M4_history_insufficient,train,294,60
caltech,2-39-79-381,2018-06,measured_no_pilot,M4_history_insufficient,train,204,43
caltech,2-39-79-382,2018-06,measured_no_pilot,M4_history_insufficient,train,186,38
caltech,2-39-79-383,2018-06,measured_no_pilot,M4_history_insufficient,train,227,46
caltech,2-39-82-384,2018-06,measured_no_pilot,M4_history_insufficient,train,1,1
caltech,2-39-83-386,2018-06,measured_no_pilot,M4_history_insufficient,train,17,4
caltech,2-39-83-387,2018-06,measured_no_pilot,M4_history_insufficient,train,30,6
caltech,2-39-88-24,2018-06,measured_no_pilot,M4_history_insufficient,train,240,52
caltech,2-39-88-438,2018-06,measured_no_pilot,M4_history_insufficient,train,164,40
caltech,2-39-89-25,2018-06,measured_no_pilot,M4_history_insufficient,train,213,44
caltech,2-39-89-439,2018-06,measured_no_pilot,M4_history_insufficient,train,120,24
caltech,2-39-90-26,2018-06,measured_no_pilot,M4_history_insufficient,train,168,35
caltech,2-39-90-440,2018-06,measured_no_pilot,M4_history_insufficient,train,126,26
caltech,2-39-91-437,2018-06,measured_no_pilot,M4_history_insufficient,train,234,48
caltech,2-39-91-441,2018-06,measured_no_pilot,M4_history_insufficient,train,150,30
caltech,2-39-92-436,2018-06,measured_no_pilot,M4_history_insufficient,train,182,37
caltech,2-39-92-442,2018-06,measured_no_pilot,M4_history_insufficient,train,165,34
caltech,2-39-95-27,2018-06,measured_no_pilot,M4_history_insufficient,train,220,46
caltech,2-39-95-444,2018-06,measured_no_pilot,M4_history_insufficient,train,167,34
caltech,2-39-123-23,2018-07,measured_no_pilot,M4_history_insufficient,train,302,65
caltech,2-39-123-557,2018-07,measured_no_pilot,M4_history_insufficient,train,153,32
caltech,2-39-124-22,2018-07,measured_no_pilot,M4_history_insufficient,train,209,43
caltech,2-39-124-558,2018-07,measured_no_pilot,M4_history_insufficient,train,10,2
caltech,2-39-125-21,2018-07,measured_no_pilot,M4_history_insufficient,train,405,85
caltech,2-39-125-559,2018-07,measured_no_pilot,M4_history_insufficient,train,25,5
caltech,2-39-126-20,2018-07,measured_no_pilot,M4_history_insufficient,train,322,71
caltech,2-39-126-560,2018-07,measured_no_pilot,M4_history_insufficient,train,40,8
caltech,2-39-127-19,2018-07,measured_no_pilot,M4_history_insufficient,train,429,90
caltech,2-39-127-561,2018-07,measured_no_pilot,M4_history_insufficient,train,50,10
caltech,2-39-128-18,2018-07,measured_no_pilot,M4_history_insufficient,train,323,66
caltech,2-39-128-562,2018-07,measured_no_pilot,M4_history_insufficient,train,42,9
caltech,2-39-129-17,2018-07,measured_no_pilot,M4_history_insufficient,train,420,92
caltech,2-39-129-563,2018-07,measured_no_pilot,M4_history_insufficient,train,35,7
caltech,2-39-130-31,2018-07,measured_no_pilot,M4_history_insufficient,train,336,77
caltech,2-39-130-564,2018-07,measured_no_pilot,M4_history_insufficient,train,35,7
caltech,2-39-131-30,2018-07,measured_no_pilot,M4_history_insufficient,train,393,82
caltech,2-39-131-565,2018-07,measured_no_pilot,M4_history_insufficient,train,25,5
caltech,2-39-138-29,2018-07,measured_no_pilot,M4_history_insufficient,train,361,74
caltech,2-39-138-566,2018-07,measured_no_pilot,M4_history_insufficient,train,55,11
caltech,2-39-139-28,2018-07,measured_no_pilot,M4_history_insufficient,train,485,104
caltech,2-39-139-567,2018-07,measured_no_pilot,M4_history_insufficient,train,20,4
caltech,2-39-78-360,2018-07,measured_no_pilot,M4_history_insufficient,train,239,51
caltech,2-39-78-361,2018-07,measured_no_pilot,M4_history_insufficient,train,165,35
caltech,2-39-78-362,2018-07,measured_no_pilot,M4_history_insufficient,train,202,44
caltech,2-39-78-363,2018-07,measured_no_pilot,M4_history_insufficient,train,223,46
caltech,2-39-78-364,2018-07,measured_no_pilot,M4_history_insufficient,train,171,36
caltech,2-39-78-365,2018-07,measured_no_pilot,M4_history_insufficient,train,390,82
caltech,2-39-78-366,2018-07,measured_no_pilot,M4_history_insufficient,train,200,42
caltech,2-39-78-367,2018-07,measured_no_pilot,M4_history_insufficient,train,202,42
caltech,2-39-79-376,2018-07,measured_no_pilot,M4_history_insufficient,train,238,52
caltech,2-39-79-377,2018-07,measured_no_pilot,M4_history_insufficient,train,262,53
caltech,2-39-79-378,2018-07,measured_no_pilot,M4_history_insufficient,train,212,43
caltech,2-39-79-379,2018-07,measured_no_pilot,M4_history_insufficient,train,305,61
caltech,2-39-79-380,2018-07,measured_no_pilot,M4_history_insufficient,train,349,72
caltech,2-39-79-381,2018-07,measured_no_pilot,M4_history_insufficient,train,271,55
caltech,2-39-79-382,2018-07,measured_no_pilot,M4_history_insufficient,train,185,37
caltech,2-39-79-383,2018-07,measured_no_pilot,M4_history_insufficient,train,263,55
caltech,2-39-82-384,2018-07,measured_no_pilot,M4_history_insufficient,train,12,3
caltech,2-39-82-385,2018-07,measured_no_pilot,M4_history_insufficient,train,6,2
caltech,2-39-83-386,2018-07,measured_no_pilot,M4_history_insufficient,train,50,10
caltech,2-39-83-387,2018-07,measured_no_pilot,M4_history_insufficient,train,62,13
caltech,2-39-88-24,2018-07,measured_no_pilot,M4_history_insufficient,train,228,47
caltech,2-39-88-438,2018-07,measured_no_pilot,M4_history_insufficient,train,120,24
caltech,2-39-89-25,2018-07,measured_no_pilot,M4_history_insufficient,train,362,74
caltech,2-39-89-439,2018-07,measured_no_pilot,M4_history_insufficient,train,123,26
caltech,2-39-90-26,2018-07,measured_no_pilot,M4_history_insufficient,train,183,37
caltech,2-39-90-440,2018-07,measured_no_pilot,M4_history_insufficient,train,127,26
caltech,2-39-91-437,2018-07,measured_no_pilot,M4_history_insufficient,train,265,55
caltech,2-39-91-441,2018-07,measured_no_pilot,M4_history_insufficient,train,184,39
caltech,2-39-92-436,2018-07,measured_no_pilot,M4_history_insufficient,train,172,36
caltech,2-39-92-442,2018-07,measured_no_pilot,M4_history_insufficient,train,168,36
caltech,2-39-95-27,2018-07,measured_no_pilot,M4_history_insufficient,train,248,51
caltech,2-39-95-444,2018-07,measured_no_pilot,M4_history_insufficient,train,139,29
caltech,2-39-123-23,2018-08,measured_no_pilot,M4_history_insufficient,train,463,96
caltech,2-39-123-557,2018-08,measured_no_pilot,M4_history_insufficient,train,138,28
caltech,2-39-124-22,2018-08,measured_no_pilot,M4_history_insufficient,train,358,78
caltech,2-39-124-558,2018-08,measured_no_pilot,M4_history_insufficient,train,76,16
caltech,2-39-125-21,2018-08,measured_no_pilot,M4_history_insufficient,train,391,78
caltech,2-39-125-559,2018-08,measured_no_pilot,M4_history_insufficient,train,77,18
caltech,2-39-126-20,2018-08,measured_no_pilot,M4_history_insufficient,train,341,77
caltech,2-39-126-560,2018-08,measured_no_pilot,M4_history_insufficient,train,103,21
caltech,2-39-127-19,2018-08,measured_no_pilot,M4_history_insufficient,train,470,101
caltech,2-39-127-561,2018-08,measured_no_pilot,M4_history_insufficient,train,60,12
caltech,2-39-128-18,2018-08,measured_no_pilot,M4_history_insufficient,train,363,74
caltech,2-39-128-562,2018-08,measured_no_pilot,M4_history_insufficient,train,135,28
caltech,2-39-129-17,2018-08,measured_no_pilot,M4_history_insufficient,train,412,82
caltech,2-39-129-563,2018-08,measured_no_pilot,M4_history_insufficient,train,75,15
caltech,2-39-130-31,2018-08,measured_no_pilot,M4_history_insufficient,train,400,82
caltech,2-39-130-564,2018-08,measured_no_pilot,M4_history_insufficient,train,102,22
caltech,2-39-131-30,2018-08,measured_no_pilot,M4_history_insufficient,train,451,94
caltech,2-39-131-565,2018-08,measured_no_pilot,M4_history_insufficient,train,90,17
caltech,2-39-138-29,2018-08,measured_no_pilot,M4_history_insufficient,train,435,92
caltech,2-39-138-566,2018-08,measured_no_pilot,M4_history_insufficient,train,99,22
caltech,2-39-139-28,2018-08,measured_no_pilot,M4_history_insufficient,train,677,136
caltech,2-39-139-567,2018-08,measured_no_pilot,M4_history_insufficient,train,58,12
caltech,2-39-78-360,2018-08,measured_no_pilot,M4_history_insufficient,train,296,64
caltech,2-39-78-361,2018-08,measured_no_pilot,M4_history_insufficient,train,215,43
caltech,2-39-78-362,2018-08,measured_no_pilot,M4_history_insufficient,train,209,41
caltech,2-39-78-363,2018-08,measured_no_pilot,M4_history_insufficient,train,294,63
caltech,2-39-78-364,2018-08,measured_no_pilot,M4_history_insufficient,train,201,40
caltech,2-39-78-365,2018-08,measured_no_pilot,M4_history_insufficient,train,314,66
caltech,2-39-78-366,2018-08,measured_no_pilot,M4_history_insufficient,train,333,70
caltech,2-39-78-367,2018-08,measured_no_pilot,M4_history_insufficient,train,233,46
caltech,2-39-79-376,2018-08,measured_no_pilot,M4_history_insufficient,train,253,51
caltech,2-39-79-377,2018-08,measured_no_pilot,M4_history_insufficient,train,236,47
caltech,2-39-79-378,2018-08,measured_no_pilot,M4_history_insufficient,train,309,63
caltech,2-39-79-379,2018-08,measured_no_pilot,M4_history_insufficient,train,323,67
caltech,2-39-79-380,2018-08,measured_no_pilot,M4_history_insufficient,train,382,76
caltech,2-39-79-381,2018-08,measured_no_pilot,M4_history_insufficient,train,295,59
caltech,2-39-79-382,2018-08,measured_no_pilot,M4_history_insufficient,train,200,39
caltech,2-39-79-383,2018-08,measured_no_pilot,M4_history_insufficient,train,325,65
caltech,2-39-82-384,2018-08,measured_no_pilot,M4_history_insufficient,train,5,1
caltech,2-39-83-386,2018-08,measured_no_pilot,M4_history_insufficient,train,55,12
caltech,2-39-83-387,2018-08,measured_no_pilot,M4_history_insufficient,train,50,10
caltech,2-39-88-24,2018-08,measured_no_pilot,M4_history_insufficient,train,261,55
caltech,2-39-88-438,2018-08,measured_no_pilot,M4_history_insufficient,train,161,33
caltech,2-39-89-25,2018-08,measured_no_pilot,M4_history_insufficient,train,422,87
caltech,2-39-89-439,2018-08,measured_no_pilot,M4_history_insufficient,train,170,34
caltech,2-39-90-26,2018-08,measured_no_pilot,M4_history_insufficient,train,230,49
caltech,2-39-90-440,2018-08,measured_no_pilot,M4_history_insufficient,train,144,31
caltech,2-39-91-437,2018-08,measured_no_pilot,M4_history_insufficient,train,353,73
caltech,2-39-91-441,2018-08,measured_no_pilot,M4_history_insufficient,train,195,39
caltech,2-39-92-436,2018-08,measured_no_pilot,M4_history_insufficient,train,219,45
caltech,2-39-92-442,2018-08,measured_no_pilot,M4_history_insufficient,train,200,40
caltech,2-39-95-27,2018-08,measured_no_pilot,M4_history_insufficient,train,267,54
caltech,2-39-95-444,2018-08,measured_no_pilot,M4_history_insufficient,train,139,29
caltech,2-39-123-23,2018-09,measured_no_pilot,M4_history_insufficient,train,381,79
caltech,2-39-123-557,2018-09,measured_no_pilot,M4_history_insufficient,train,147,31
caltech,2-39-124-22,2018-09,measured_no_pilot,M4_history_insufficient,train,308,68
caltech,2-39-124-558,2018-09,measured_no_pilot,M4_history_insufficient,train,110,22
caltech,2-39-125-21,2018-09,measured_no_pilot,M4_history_insufficient,train,518,111
caltech,2-39-125-559,2018-09,measured_no_pilot,M4_history_insufficient,train,77,17
caltech,2-39-126-20,2018-09,measured_no_pilot,M4_history_insufficient,train,374,79
caltech,2-39-126-560,2018-09,measured_no_pilot,M4_history_insufficient,train,72,15
caltech,2-39-127-19,2018-09,measured_no_pilot,M4_history_insufficient,train,453,94
caltech,2-39-127-561,2018-09,measured_no_pilot,M4_history_insufficient,train,57,12
caltech,2-39-128-18,2018-09,measured_no_pilot,M4_history_insufficient,train,322,77
caltech,2-39-128-562,2018-09,measured_no_pilot,M4_history_insufficient,train,103,21
caltech,2-39-129-17,2018-09,measured_no_pilot,M4_history_insufficient,train,423,88
caltech,2-39-129-563,2018-09,measured_no_pilot,M4_history_insufficient,train,98,22
caltech,2-39-130-31,2018-09,measured_no_pilot,M4_history_insufficient,train,488,110
caltech,2-39-130-564,2018-09,measured_no_pilot,M4_history_insufficient,train,135,27
caltech,2-39-131-30,2018-09,measured_no_pilot,M4_history_insufficient,train,508,109
caltech,2-39-131-565,2018-09,measured_no_pilot,M4_history_insufficient,train,115,23
caltech,2-39-138-29,2018-09,measured_no_pilot,M4_history_insufficient,train,454,96
caltech,2-39-138-566,2018-09,measured_no_pilot,M4_history_insufficient,train,151,36
caltech,2-39-139-28,2018-09,measured_no_pilot,M4_history_insufficient,train,628,126
caltech,2-39-139-567,2018-09,measured_no_pilot,M4_history_insufficient,train,108,23
caltech,2-39-78-360,2018-09,measured_no_pilot,M4_history_insufficient,train,219,54
caltech,2-39-78-361,2018-09,measured_no_pilot,M4_history_insufficient,train,193,40
caltech,2-39-78-362,2018-09,measured_no_pilot,M4_history_insufficient,train,184,40
caltech,2-39-78-363,2018-09,measured_no_pilot,M4_history_insufficient,train,246,59
caltech,2-39-78-364,2018-09,measured_no_pilot,M4_history_insufficient,train,247,101
caltech,2-39-78-365,2018-09,measured_no_pilot,M4_history_insufficient,train,334,68
caltech,2-39-78-366,2018-09,measured_no_pilot,M4_history_insufficient,train,372,86
caltech,2-39-78-367,2018-09,measured_no_pilot,M4_history_insufficient,train,190,41
caltech,2-39-79-376,2018-09,measured_no_pilot,M4_history_insufficient,train,163,34
caltech,2-39-79-377,2018-09,measured_no_pilot,M4_history_insufficient,train,317,68
caltech,2-39-79-378,2018-09,measured_no_pilot,M4_history_insufficient,train,252,53
caltech,2-39-79-379,2018-09,measured_no_pilot,M4_history_insufficient,train,265,53
caltech,2-39-79-380,2018-09,measured_no_pilot,M4_history_insufficient,train,230,46
caltech,2-39-79-381,2018-09,measured_no_pilot,M4_history_insufficient,train,216,48
caltech,2-39-79-382,2018-09,measured_no_pilot,M4_history_insufficient,train,178,45
caltech,2-39-79-383,2018-09,measured_no_pilot,M4_history_insufficient,train,192,39
caltech,2-39-82-384,2018-09,measured_no_pilot,M4_history_insufficient,train,10,2
caltech,2-39-82-385,2018-09,measured_no_pilot,M4_history_insufficient,train,18,5
caltech,2-39-83-386,2018-09,measured_no_pilot,M4_history_insufficient,train,65,13
caltech,2-39-83-387,2018-09,measured_no_pilot,M4_history_insufficient,train,100,20
caltech,2-39-88-24,2018-09,measured_no_pilot,M4_history_insufficient,train,293,60
caltech,2-39-88-438,2018-09,measured_no_pilot,M4_history_insufficient,train,121,25
caltech,2-39-89-25,2018-09,measured_no_pilot,M4_history_insufficient,train,402,85
caltech,2-39-89-439,2018-09,measured_no_pilot,M4_history_insufficient,train,136,28
caltech,2-39-90-26,2018-09,measured_no_pilot,M4_history_insufficient,train,200,43
caltech,2-39-90-440,2018-09,measured_no_pilot,M4_history_insufficient,train,136,28
caltech,2-39-91-437,2018-09,measured_no_pilot,M4_history_insufficient,train,314,69
caltech,2-39-91-441,2018-09,measured_no_pilot,M4_history_insufficient,train,172,35
caltech,2-39-92-436,2018-09,measured_no_pilot,M4_history_insufficient,train,207,43
caltech,2-39-92-442,2018-09,measured_no_pilot,M4_history_insufficient,train,174,39
caltech,2-39-95-27,2018-09,measured_no_pilot,M4_history_insufficient,train,231,49
caltech,2-39-95-444,2018-09,measured_no_pilot,M4_history_insufficient,train,133,31
caltech,2-39-123-23,2018-10,measured_no_pilot,M4_history_insufficient,train,389,81
caltech,2-39-123-557,2018-10,measured_no_pilot,M4_history_insufficient,train,180,35
caltech,2-39-124-22,2018-10,measured_no_pilot,M4_history_insufficient,train,325,67
caltech,2-39-124-558,2018-10,measured_no_pilot,M4_history_insufficient,train,130,26
caltech,2-39-125-21,2018-10,measured_no_pilot,M4_history_insufficient,train,415,85
caltech,2-39-125-559,2018-10,measured_no_pilot,M4_history_insufficient,train,90,18
caltech,2-39-126-20,2018-10,measured_no_pilot,M4_history_insufficient,train,329,67
caltech,2-39-126-560,2018-10,measured_no_pilot,M4_history_insufficient,train,115,23
caltech,2-39-127-19,2018-10,measured_no_pilot,M4_history_insufficient,train,416,90
caltech,2-39-127-561,2018-10,measured_no_pilot,M4_history_insufficient,train,96,20
caltech,2-39-128-18,2018-10,measured_no_pilot,M4_history_insufficient,train,452,104
caltech,2-39-128-562,2018-10,measured_no_pilot,M4_history_insufficient,train,120,23
caltech,2-39-129-17,2018-10,measured_no_pilot,M4_history_insufficient,train,492,99
caltech,2-39-129-563,2018-10,measured_no_pilot,M4_history_insufficient,train,85,17
caltech,2-39-130-31,2018-10,measured_no_pilot,M4_history_insufficient,train,495,105
caltech,2-39-130-564,2018-10,measured_no_pilot,M4_history_insufficient,train,115,23
caltech,2-39-131-30,2018-10,measured_no_pilot,M4_history_insufficient,train,543,111
caltech,2-39-131-565,2018-10,measured_no_pilot,M4_history_insufficient,train,95,19
caltech,2-39-138-29,2018-10,measured_no_pilot,M4_history_insufficient,train,422,84
caltech,2-39-138-566,2018-10,measured_no_pilot,M4_history_insufficient,train,157,30
caltech,2-39-139-28,2018-10,measured_no_pilot,M4_history_insufficient,train,499,103
caltech,2-39-139-567,2018-10,measured_no_pilot,M4_history_insufficient,train,120,26
caltech,2-39-78-360,2018-10,measured_no_pilot,M4_history_insufficient,train,279,75
caltech,2-39-78-361,2018-10,measured_no_pilot,M4_history_insufficient,train,190,40
caltech,2-39-78-362,2018-10,measured_no_pilot,M4_history_insufficient,train,157,31
caltech,2-39-78-363,2018-10,measured_no_pilot,M4_history_insufficient,train,295,61
caltech,2-39-78-364,2018-10,measured_no_pilot,M4_history_insufficient,train,183,37
caltech,2-39-78-365,2018-10,measured_no_pilot,M4_history_insufficient,train,310,84
caltech,2-39-78-366,2018-10,measured_no_pilot,M4_history_insufficient,train,299,64
caltech,2-39-78-367,2018-10,measured_no_pilot,M4_history_insufficient,train,171,32
caltech,2-39-79-376,2018-10,measured_no_pilot,M4_history_insufficient,train,181,35
caltech,2-39-79-377,2018-10,measured_no_pilot,M4_history_insufficient,train,239,48
caltech,2-39-79-378,2018-10,measured_no_pilot,M4_history_insufficient,train,243,48
caltech,2-39-79-379,2018-10,measured_no_pilot,M4_history_insufficient,train,291,58
caltech,2-39-79-380,2018-10,measured_no_pilot,M4_history_insufficient,train,275,53
caltech,2-39-79-381,2018-10,measured_no_pilot,M4_history_insufficient,train,257,53
caltech,2-39-79-382,2018-10,measured_no_pilot,M4_history_insufficient,train,192,39
caltech,2-39-79-383,2018-10,measured_no_pilot,M4_history_insufficient,train,271,54
caltech,2-39-82-384,2018-10,measured_no_pilot,M4_history_insufficient,train,15,3
caltech,2-39-82-385,2018-10,measured_no_pilot,M4_history_insufficient,train,5,1
caltech,2-39-83-386,2018-10,measured_no_pilot,M4_history_insufficient,train,160,32
caltech,2-39-83-387,2018-10,measured_no_pilot,M4_history_insufficient,train,60,12
caltech,2-39-88-24,2018-10,measured_no_pilot,M4_history_insufficient,train,242,51
caltech,2-39-88-438,2018-10,measured_no_pilot,M4_history_insufficient,train,175,37
caltech,2-39-89-25,2018-10,measured_no_pilot,M4_history_insufficient,train,405,83
caltech,2-39-89-439,2018-10,measured_no_pilot,M4_history_insufficient,train,155,30
caltech,2-39-90-26,2018-10,measured_no_pilot,M4_history_insufficient,train,254,54
caltech,2-39-90-440,2018-10,measured_no_pilot,M4_history_insufficient,train,174,35
caltech,2-39-91-437,2018-10,measured_no_pilot,M4_history_insufficient,train,254,51
caltech,2-39-91-441,2018-10,measured_no_pilot,M4_history_insufficient,train,194,38
caltech,2-39-92-436,2018-10,measured_no_pilot,M4_history_insufficient,train,178,36
caltech,2-39-92-442,2018-10,measured_no_pilot,M4_history_insufficient,train,157,31
caltech,2-39-95-27,2018-10,measured_no_pilot,M4_history_insufficient,train,285,56
caltech,2-39-95-444,2018-10,measured_no_pilot,M4_history_insufficient,train,170,34
caltech,2-39-123-23,2018-11,measured_no_pilot,M4_history_insufficient,train,17,4
caltech,2-39-123-557,2018-11,measured_no_pilot,M4_history_insufficient,train,5,1
caltech,2-39-124-22,2018-11,measured_no_pilot,M4_history_insufficient,train,5,1
caltech,2-39-124-558,2018-11,measured_no_pilot,M4_history_insufficient,train,5,1
caltech,2-39-125-21,2018-11,measured_no_pilot,M4_history_insufficient,train,15,3
caltech,2-39-125-559,2018-11,measured_no_pilot,M4_history_insufficient,train,2,1
caltech,2-39-126-20,2018-11,measured_no_pilot,M4_history_insufficient,train,10,2
caltech,2-39-126-560,2018-11,measured_no_pilot,M4_history_insufficient,train,5,1
caltech,2-39-127-19,2018-11,measured_no_pilot,M4_history_insufficient,train,10,2
caltech,2-39-128-18,2018-11,measured_no_pilot,M4_history_insufficient,train,25,5
caltech,2-39-128-562,2018-11,measured_no_pilot,M4_history_insufficient,train,5,1
caltech,2-39-129-17,2018-11,measured_no_pilot,M4_history_insufficient,train,12,4
caltech,2-39-129-563,2018-11,measured_no_pilot,M4_history_insufficient,train,10,2
caltech,2-39-130-31,2018-11,measured_no_pilot,M4_history_insufficient,train,15,3
caltech,2-39-130-564,2018-11,measured_no_pilot,M4_history_insufficient,train,10,2
caltech,2-39-131-30,2018-11,measured_no_pilot,M4_history_insufficient,train,20,4
caltech,2-39-138-29,2018-11,measured_no_pilot,M4_history_insufficient,train,11,3
caltech,2-39-139-28,2018-11,measured_no_pilot,M4_history_insufficient,train,20,4
caltech,2-39-78-360,2018-11,measured_no_pilot,M4_history_insufficient,train,22,5
caltech,2-39-78-362,2018-11,measured_no_pilot,M4_history_insufficient,train,5,1
caltech,2-39-78-363,2018-11,measured_no_pilot,M4_history_insufficient,train,12,3
caltech,2-39-78-364,2018-11,measured_no_pilot,M4_history_insufficient,train,5,1
caltech,2-39-78-365,2018-11,measured_no_pilot,M4_history_insufficient,train,10,2
caltech,2-39-78-366,2018-11,measured_no_pilot,M4_history_insufficient,train,16,4
caltech,2-39-78-367,2018-11,measured_no_pilot,M4_history_insufficient,train,5,1
caltech,2-39-79-376,2018-11,measured_no_pilot,M4_history_insufficient,train,10,2
caltech,2-39-79-378,2018-11,measured_no_pilot,M4_history_insufficient,train,20,4
caltech,2-39-79-379,2018-11,measured_no_pilot,M4_history_insufficient,train,25,5
caltech,2-39-79-380,2018-11,measured_no_pilot,M4_history_insufficient,train,15,3
caltech,2-39-79-381,2018-11,measured_no_pilot,M4_history_insufficient,train,10,2
caltech,2-39-79-382,2018-11,measured_no_pilot,M4_history_insufficient,train,5,1
caltech,2-39-79-383,2018-11,measured_no_pilot,M4_history_insufficient,train,10,2
caltech,2-39-83-387,2018-11,measured_no_pilot,M4_history_insufficient,train,5,1
caltech,2-39-88-24,2018-11,measured_no_pilot,M4_history_insufficient,train,10,2
caltech,2-39-88-438,2018-11,measured_no_pilot,M4_history_insufficient,train,5,1
caltech,2-39-89-25,2018-11,measured_no_pilot,M4_history_insufficient,train,20,4
caltech,2-39-89-439,2018-11,measured_no_pilot,M4_history_insufficient,train,21,5
caltech,2-39-90-26,2018-11,measured_no_pilot,M4_history_insufficient,train,15,3
caltech,2-39-90-440,2018-11,measured_no_pilot,M4_history_insufficient,train,21,5
caltech,2-39-91-437,2018-11,measured_no_pilot,M4_history_insufficient,train,5,1
caltech,2-39-91-441,2018-11,measured_no_pilot,M4_history_insufficient,train,5,1
caltech,2-39-92-436,2018-11,measured_no_pilot,M4_history_insufficient,train,10,2
caltech,2-39-92-442,2018-11,measured_no_pilot,M4_history_insufficient,train,10,2
caltech,2-39-95-27,2018-11,measured_no_pilot,M4_history_insufficient,train,25,5
caltech,2-39-95-444,2018-11,measured_no_pilot,M4_history_insufficient,train,5,1
caltech,2-39-123-23,2018-11,measured_pilot,M2_pilot_actual,train,9640,34
caltech,2-39-123-557,2018-11,measured_pilot,M2_pilot_actual,train,6039,18
caltech,2-39-124-22,2018-11,measured_pilot,M2_pilot_actual,train,10388,29
caltech,2-39-124-558,2018-11,measured_pilot,M2_pilot_actual,train,1596,5
caltech,2-39-125-21,2018-11,measured_pilot,M2_pilot_actual,train,11420,35
caltech,2-39-125-559,2018-11,measured_pilot,M2_pilot_actual,train,80,1
caltech,2-39-126-20,2018-11,measured_pilot,M2_pilot_actual,train,3995,18
caltech,2-39-126-560,2018-11,measured_pilot,M2_pilot_actual,train,1665,5
caltech,2-39-127-19,2018-11,measured_pilot,M2_pilot_actual,train,21921,31
caltech,2-39-127-561,2018-11,measured_pilot,M2_pilot_actual,train,1638,3
caltech,2-39-128-18,2018-11,measured_pilot,M2_pilot_actual,train,6237,26
caltech,2-39-128-562,2018-11,measured_pilot,M2_pilot_actual,train,867,2
caltech,2-39-129-17,2018-11,measured_pilot,M2_pilot_actual,train,15268,44
caltech,2-39-129-563,2018-11,measured_pilot,M2_pilot_actual,train,534,2
caltech,2-39-130-31,2018-11,measured_pilot,M2_pilot_actual,train,7052,34
caltech,2-39-130-564,2018-11,measured_pilot,M2_pilot_actual,train,2777,8
caltech,2-39-131-30,2018-11,measured_pilot,M2_pilot_actual,train,13380,40
caltech,2-39-131-565,2018-11,measured_pilot,M2_pilot_actual,train,3855,9
caltech,2-39-138-29,2018-11,measured_pilot,M2_pilot_actual,train,8617,26
caltech,2-39-138-566,2018-11,measured_pilot,M2_pilot_actual,train,7130,11
caltech,2-39-139-28,2018-11,measured_pilot,M2_pilot_actual,train,18187,66
caltech,2-39-139-567,2018-11,measured_pilot,M2_pilot_actual,train,3799,10
caltech,2-39-78-360,2018-11,measured_pilot,M2_pilot_actual,train,13846,20
caltech,2-39-78-361,2018-11,measured_pilot,M2_pilot_actual,train,9300,31
caltech,2-39-78-362,2018-11,measured_pilot,M2_pilot_actual,train,9053,23
caltech,2-39-78-363,2018-11,measured_pilot,M2_pilot_actual,train,9756,30
caltech,2-39-78-364,2018-11,measured_pilot,M2_pilot_actual,train,10433,24
caltech,2-39-78-365,2018-11,measured_pilot,M2_pilot_actual,train,11063,22
caltech,2-39-78-366,2018-11,measured_pilot,M2_pilot_actual,train,11442,29
caltech,2-39-78-367,2018-11,measured_pilot,M2_pilot_actual,train,8873,19
caltech,2-39-79-376,2018-11,measured_pilot,M2_pilot_actual,train,12386,35
caltech,2-39-79-377,2018-11,measured_pilot,M2_pilot_actual,train,17858,44
caltech,2-39-79-378,2018-11,measured_pilot,M2_pilot_actual,train,21733,30
caltech,2-39-79-379,2018-11,measured_pilot,M2_pilot_actual,train,22075,37
caltech,2-39-79-380,2018-11,measured_pilot,M2_pilot_actual,train,16402,34
caltech,2-39-79-381,2018-11,measured_pilot,M2_pilot_actual,train,13922,33
caltech,2-39-79-382,2018-11,measured_pilot,M2_pilot_actual,train,14634,20
caltech,2-39-79-383,2018-11,measured_pilot,M2_pilot_actual,train,11095,28
caltech,2-39-82-384,2018-11,measured_pilot,M2_pilot_actual,train,1399,2
caltech,2-39-83-386,2018-11,measured_pilot,M2_pilot_actual,train,3326,14
caltech,2-39-83-387,2018-11,measured_pilot,M2_pilot_actual,train,1121,6
caltech,2-39-88-24,2018-11,measured_pilot,M2_pilot_actual,train,10618,34
caltech,2-39-88-438,2018-11,measured_pilot,M2_pilot_actual,train,7012,21
caltech,2-39-89-25,2018-11,measured_pilot,M2_pilot_actual,train,13641,54
caltech,2-39-89-439,2018-11,measured_pilot,M2_pilot_actual,train,8060,24
caltech,2-39-90-26,2018-11,measured_pilot,M2_pilot_actual,train,10006,26
caltech,2-39-90-440,2018-11,measured_pilot,M2_pilot_actual,train,8289,24
caltech,2-39-91-437,2018-11,measured_pilot,M2_pilot_actual,train,12755,35
caltech,2-39-91-441,2018-11,measured_pilot,M2_pilot_actual,train,7945,23
caltech,2-39-92-436,2018-11,measured_pilot,M2_pilot_actual,train,9266,25
caltech,2-39-92-442,2018-11,measured_pilot,M2_pilot_actual,train,12236,21
caltech,2-39-95-27,2018-11,measured_pilot,M2_pilot_actual,train,11961,40
caltech,2-39-95-444,2018-11,measured_pilot,M2_pilot_actual,train,7740,19
caltech,2-6-3-1356,2018-11,measured_pilot,M2_pilot_actual,train,442,1
caltech,2-6-3-1358,2018-11,measured_pilot,M2_pilot_actual,train,1025,3
caltech,2-6-3-1359,2018-11,measured_pilot,M2_pilot_actual,train,1081,2
caltech,2-6-3-1360,2018-11,measured_pilot,M2_pilot_actual,train,468,3
caltech,2-6-3-1361,2018-11,measured_pilot,M2_pilot_actual,train,1243,7
caltech,2-6-3-1362,2018-11,measured_pilot,M2_pilot_actual,train,840,4
caltech,2-6-3-1363,2018-11,measured_pilot,M2_pilot_actual,train,1207,5
caltech,2-6-3-1364,2018-11,measured_pilot,M2_pilot_actual,train,556,2
caltech,2-6-3-1365,2018-11,measured_pilot,M2_pilot_actual,train,1932,5
caltech,2-6-3-1366,2018-11,measured_pilot,M2_pilot_actual,train,2032,5
caltech,2-6-3-1367,2018-11,measured_pilot,M2_pilot_actual,train,187,1
caltech,2-6-3-1368,2018-11,measured_pilot,M2_pilot_actual,train,1684,7
caltech,2-39-123-23,2018-12,measured_pilot,M2_pilot_actual,train,9622,33
caltech,2-39-123-557,2018-12,measured_pilot,M2_pilot_actual,train,3053,7
caltech,2-39-124-22,2018-12,measured_pilot,M2_pilot_actual,train,3219,16
caltech,2-39-124-558,2018-12,measured_pilot,M2_pilot_actual,train,656,1
caltech,2-39-125-21,2018-12,measured_pilot,M2_pilot_actual,train,8209,33
caltech,2-39-125-559,2018-12,measured_pilot,M2_pilot_actual,train,703,2
caltech,2-39-126-20,2018-12,measured_pilot,M2_pilot_actual,train,2836,11
caltech,2-39-126-560,2018-12,measured_pilot,M2_pilot_actual,train,1329,3
caltech,2-39-127-19,2018-12,measured_pilot,M2_pilot_actual,train,8778,29
caltech,2-39-128-18,2018-12,measured_pilot,M2_pilot_actual,train,8799,16
caltech,2-39-128-562,2018-12,measured_pilot,M2_pilot_actual,train,1061,4
caltech,2-39-129-17,2018-12,measured_pilot,M2_pilot_actual,train,8988,34
caltech,2-39-129-563,2018-12,measured_pilot,M2_pilot_actual,train,323,1
caltech,2-39-130-31,2018-12,measured_pilot,M2_pilot_actual,train,10012,24
caltech,2-39-130-564,2018-12,measured_pilot,M2_pilot_actual,train,662,2
caltech,2-39-131-30,2018-12,measured_pilot,M2_pilot_actual,train,11740,36
caltech,2-39-131-565,2018-12,measured_pilot,M2_pilot_actual,train,2017,4
caltech,2-39-138-29,2018-12,measured_pilot,M2_pilot_actual,train,8742,39
caltech,2-39-138-566,2018-12,measured_pilot,M2_pilot_actual,train,1338,3
caltech,2-39-139-28,2018-12,measured_pilot,M2_pilot_actual,train,22587,63
caltech,2-39-139-567,2018-12,measured_pilot,M2_pilot_actual,train,866,1
caltech,2-39-78-360,2018-12,measured_pilot,M2_pilot_actual,train,5954,21
caltech,2-39-78-361,2018-12,measured_pilot,M2_pilot_actual,train,5351,23
caltech,2-39-78-362,2018-12,measured_pilot,M2_pilot_actual,train,3639,14
caltech,2-39-78-363,2018-12,measured_pilot,M2_pilot_actual,train,5592,16
caltech,2-39-78-364,2018-12,measured_pilot,M2_pilot_actual,train,5049,14
caltech,2-39-78-365,2018-12,measured_pilot,M2_pilot_actual,train,5325,14
caltech,2-39-78-366,2018-12,measured_pilot,M2_pilot_actual,train,6122,17
caltech,2-39-78-367,2018-12,measured_pilot,M2_pilot_actual,train,5226,14
caltech,2-39-79-376,2018-12,measured_pilot,M2_pilot_actual,train,8956,24
caltech,2-39-79-377,2018-12,measured_pilot,M2_pilot_actual,train,10247,31
caltech,2-39-79-378,2018-12,measured_pilot,M2_pilot_actual,train,12975,33
caltech,2-39-79-379,2018-12,measured_pilot,M2_pilot_actual,train,11033,32
caltech,2-39-79-380,2018-12,measured_pilot,M2_pilot_actual,train,10020,26
caltech,2-39-79-381,2018-12,measured_pilot,M2_pilot_actual,train,9123,18
caltech,2-39-79-382,2018-12,measured_pilot,M2_pilot_actual,train,9511,20
caltech,2-39-79-383,2018-12,measured_pilot,M2_pilot_actual,train,9687,20
caltech,2-39-82-384,2018-12,measured_pilot,M2_pilot_actual,train,89,1
caltech,2-39-83-386,2018-12,measured_pilot,M2_pilot_actual,train,5738,16
caltech,2-39-83-387,2018-12,measured_pilot,M2_pilot_actual,train,1879,6
caltech,2-39-88-24,2018-12,measured_pilot,M2_pilot_actual,train,5573,18
caltech,2-39-88-438,2018-12,measured_pilot,M2_pilot_actual,train,3659,13
caltech,2-39-89-25,2018-12,measured_pilot,M2_pilot_actual,train,13698,38
caltech,2-39-89-439,2018-12,measured_pilot,M2_pilot_actual,train,5904,18
caltech,2-39-90-26,2018-12,measured_pilot,M2_pilot_actual,train,4206,10
caltech,2-39-90-440,2018-12,measured_pilot,M2_pilot_actual,train,4394,15
caltech,2-39-91-437,2018-12,measured_pilot,M2_pilot_actual,train,7926,24
caltech,2-39-91-441,2018-12,measured_pilot,M2_pilot_actual,train,4569,13
caltech,2-39-92-436,2018-12,measured_pilot,M2_pilot_actual,train,5274,11
caltech,2-39-92-442,2018-12,measured_pilot,M2_pilot_actual,train,6105,17
caltech,2-39-95-27,2018-12,measured_pilot,M2_pilot_actual,train,6196,20
caltech,2-39-95-444,2018-12,measured_pilot,M2_pilot_actual,train,4843,13
caltech,2-6-3-1356,2018-12,measured_pilot,M2_pilot_actual,train,6835,21
caltech,2-6-3-1357,2018-12,measured_pilot,M2_pilot_actual,train,5365,13
caltech,2-6-3-1358,2018-12,measured_pilot,M2_pilot_actual,train,7187,24
caltech,2-6-3-1359,2018-12,measured_pilot,M2_pilot_actual,train,4401,12
caltech,2-6-3-1360,2018-12,measured_pilot,M2_pilot_actual,train,4675,23
caltech,2-6-3-1361,2018-12,measured_pilot,M2_pilot_actual,train,20548,43
caltech,2-6-3-1362,2018-12,measured_pilot,M2_pilot_actual,train,4069,15
caltech,2-6-3-1363,2018-12,measured_pilot,M2_pilot_actual,train,5949,31
caltech,2-6-3-1364,2018-12,measured_pilot,M2_pilot_actual,train,7771,24
caltech,2-6-3-1365,2018-12,measured_pilot,M2_pilot_actual,train,8807,21
caltech,2-6-3-1366,2018-12,measured_pilot,M2_pilot_actual,train,9066,21
caltech,2-6-3-1367,2018-12,measured_pilot,M2_pilot_actual,train,6002,25
caltech,2-6-3-1368,2018-12,measured_pilot,M2_pilot_actual,train,8273,33
caltech,2-39-123-23,2019-01,measured_pilot,M2_pilot_actual,train,10977,30
caltech,2-39-123-557,2019-01,measured_pilot,M2_pilot_actual,train,1984,6
caltech,2-39-124-22,2019-01,measured_pilot,M2_pilot_actual,train,6202,20
caltech,2-39-124-558,2019-01,measured_pilot,M2_pilot_actual,train,2703,6
caltech,2-39-125-21,2019-01,measured_pilot,M2_pilot_actual,train,6814,28
caltech,2-39-126-20,2019-01,measured_pilot,M2_pilot_actual,train,1925,9
caltech,2-39-126-560,2019-01,measured_pilot,M2_pilot_actual,train,1704,3
caltech,2-39-127-19,2019-01,measured_pilot,M2_pilot_actual,train,11180,32
caltech,2-39-127-561,2019-01,measured_pilot,M2_pilot_actual,train,550,1
caltech,2-39-128-18,2019-01,measured_pilot,M2_pilot_actual,train,5196,25
caltech,2-39-128-562,2019-01,measured_pilot,M2_pilot_actual,train,1385,3
caltech,2-39-129-17,2019-01,measured_pilot,M2_pilot_actual,train,12135,37
caltech,2-39-129-563,2019-01,measured_pilot,M2_pilot_actual,train,847,2
caltech,2-39-130-31,2019-01,measured_pilot,M2_pilot_actual,train,11505,29
caltech,2-39-130-564,2019-01,measured_pilot,M2_pilot_actual,train,938,2
caltech,2-39-131-30,2019-01,measured_pilot,M2_pilot_actual,train,18009,44
caltech,2-39-131-565,2019-01,measured_pilot,M2_pilot_actual,train,548,1
caltech,2-39-138-29,2019-01,measured_pilot,M2_pilot_actual,train,10044,39
caltech,2-39-138-566,2019-01,measured_pilot,M2_pilot_actual,train,1289,7
caltech,2-39-139-28,2019-01,measured_pilot,M2_pilot_actual,train,16756,72
caltech,2-39-139-567,2019-01,measured_pilot,M2_pilot_actual,train,616,2
caltech,2-39-78-360,2019-01,measured_pilot,M2_pilot_actual,train,6306,20
caltech,2-39-78-361,2019-01,measured_pilot,M2_pilot_actual,train,6263,21
caltech,2-39-78-362,2019-01,measured_pilot,M2_pilot_actual,train,4191,10
caltech,2-39-78-363,2019-01,measured_pilot,M2_pilot_actual,train,7138,26
caltech,2-39-78-364,2019-01,measured_pilot,M2_pilot_actual,train,4734,17
caltech,2-39-78-365,2019-01,measured_pilot,M2_pilot_actual,train,9042,24
caltech,2-39-78-366,2019-01,measured_pilot,M2_pilot_actual,train,10792,25
caltech,2-39-78-367,2019-01,measured_pilot,M2_pilot_actual,train,7166,21
caltech,2-39-79-376,2019-01,measured_pilot,M2_pilot_actual,train,9605,20
caltech,2-39-79-377,2019-01,measured_pilot,M2_pilot_actual,train,12186,31
caltech,2-39-79-378,2019-01,measured_pilot,M2_pilot_actual,train,13528,33
caltech,2-39-79-379,2019-01,measured_pilot,M2_pilot_actual,train,15800,34
caltech,2-39-79-380,2019-01,measured_pilot,M2_pilot_actual,train,13556,26
caltech,2-39-79-381,2019-01,measured_pilot,M2_pilot_actual,train,10875,23
caltech,2-39-79-382,2019-01,measured_pilot,M2_pilot_actual,train,1614,4
caltech,2-39-79-383,2019-01,measured_pilot,M2_pilot_actual,train,9793,20
caltech,2-39-83-386,2019-01,measured_pilot,M2_pilot_actual,train,4651,17
caltech,2-39-83-387,2019-01,measured_pilot,M2_pilot_actual,train,293,3
caltech,2-39-88-24,2019-01,measured_pilot,M2_pilot_actual,train,4120,16
caltech,2-39-88-438,2019-01,measured_pilot,M2_pilot_actual,train,6538,15
caltech,2-39-89-25,2019-01,measured_pilot,M2_pilot_actual,train,15783,48
caltech,2-39-89-439,2019-01,measured_pilot,M2_pilot_actual,train,4646,10
caltech,2-39-90-26,2019-01,measured_pilot,M2_pilot_actual,train,7594,19
caltech,2-39-90-440,2019-01,measured_pilot,M2_pilot_actual,train,4862,14
caltech,2-39-91-437,2019-01,measured_pilot,M2_pilot_actual,train,11902,27
caltech,2-39-91-441,2019-01,measured_pilot,M2_pilot_actual,train,4358,12
caltech,2-39-92-436,2019-01,measured_pilot,M2_pilot_actual,train,5486,14
caltech,2-39-92-442,2019-01,measured_pilot,M2_pilot_actual,train,8533,20
caltech,2-39-95-27,2019-01,measured_pilot,M2_pilot_actual,train,9537,26
caltech,2-39-95-444,2019-01,measured_pilot,M2_pilot_actual,train,7923,20
caltech,2-6-3-1356,2019-01,measured_pilot,M2_pilot_actual,train,8333,31
caltech,2-6-3-1357,2019-01,measured_pilot,M2_pilot_actual,train,9169,24
caltech,2-6-3-1358,2019-01,measured_pilot,M2_pilot_actual,train,11479,46
caltech,2-6-3-1359,2019-01,measured_pilot,M2_pilot_actual,train,11797,26
caltech,2-6-3-1360,2019-01,measured_pilot,M2_pilot_actual,train,12762,47
caltech,2-6-3-1361,2019-01,measured_pilot,M2_pilot_actual,train,20315,46
caltech,2-6-3-1362,2019-01,measured_pilot,M2_pilot_actual,train,9740,30
caltech,2-6-3-1363,2019-01,measured_pilot,M2_pilot_actual,train,7995,30
caltech,2-6-3-1364,2019-01,measured_pilot,M2_pilot_actual,train,13693,31
caltech,2-6-3-1365,2019-01,measured_pilot,M2_pilot_actual,train,14362,37
caltech,2-6-3-1366,2019-01,measured_pilot,M2_pilot_actual,train,10364,28
caltech,2-6-3-1367,2019-01,measured_pilot,M2_pilot_actual,train,7677,28
caltech,2-6-3-1368,2019-01,measured_pilot,M2_pilot_actual,train,9320,29
caltech,2-39-123-23,2019-02,measured_pilot,M2_pilot_actual,train,15518,25
caltech,2-39-123-557,2019-02,measured_pilot,M2_pilot_actual,train,1639,6
caltech,2-39-124-22,2019-02,measured_pilot,M2_pilot_actual,train,5363,22
caltech,2-39-124-558,2019-02,measured_pilot,M2_pilot_actual,train,3483,8
caltech,2-39-125-21,2019-02,measured_pilot,M2_pilot_actual,train,7076,25
caltech,2-39-126-20,2019-02,measured_pilot,M2_pilot_actual,train,3410,12
caltech,2-39-126-560,2019-02,measured_pilot,M2_pilot_actual,train,945,2
caltech,2-39-127-19,2019-02,measured_pilot,M2_pilot_actual,train,10110,37
caltech,2-39-127-561,2019-02,measured_pilot,M2_pilot_actual,train,446,1
caltech,2-39-128-18,2019-02,measured_pilot,M2_pilot_actual,train,2264,10
caltech,2-39-129-17,2019-02,measured_pilot,M2_pilot_actual,train,11375,35
caltech,2-39-130-31,2019-02,measured_pilot,M2_pilot_actual,train,5834,27
caltech,2-39-130-564,2019-02,measured_pilot,M2_pilot_actual,train,440,2
caltech,2-39-131-30,2019-02,measured_pilot,M2_pilot_actual,train,18451,61
caltech,2-39-131-565,2019-02,measured_pilot,M2_pilot_actual,train,861,2
caltech,2-39-138-29,2019-02,measured_pilot,M2_pilot_actual,train,7074,26
caltech,2-39-138-566,2019-02,measured_pilot,M2_pilot_actual,train,975,2
caltech,2-39-139-28,2019-02,measured_pilot,M2_pilot_actual,train,12347,37
caltech,2-39-78-360,2019-02,measured_pilot,M2_pilot_actual,train,5440,28
caltech,2-39-78-361,2019-02,measured_pilot,M2_pilot_actual,train,6275,28
caltech,2-39-78-362,2019-02,measured_pilot,M2_pilot_actual,train,4739,14
caltech,2-39-78-363,2019-02,measured_pilot,M2_pilot_actual,train,8025,21
caltech,2-39-78-364,2019-02,measured_pilot,M2_pilot_actual,train,8139,16
caltech,2-39-78-365,2019-02,measured_pilot,M2_pilot_actual,train,8299,24
caltech,2-39-78-366,2019-02,measured_pilot,M2_pilot_actual,train,10872,36
caltech,2-39-78-367,2019-02,measured_pilot,M2_pilot_actual,train,6658,20
caltech,2-39-79-376,2019-02,measured_pilot,M2_pilot_actual,train,6340,18
caltech,2-39-79-377,2019-02,measured_pilot,M2_pilot_actual,train,11845,36
caltech,2-39-79-378,2019-02,measured_pilot,M2_pilot_actual,train,9171,23
caltech,2-39-79-379,2019-02,measured_pilot,M2_pilot_actual,train,15112,31
caltech,2-39-79-380,2019-02,measured_pilot,M2_pilot_actual,train,11417,31
caltech,2-39-79-381,2019-02,measured_pilot,M2_pilot_actual,train,9016,20
caltech,2-39-79-382,2019-02,measured_pilot,M2_pilot_actual,train,4886,12
caltech,2-39-79-383,2019-02,measured_pilot,M2_pilot_actual,train,9554,24
caltech,2-39-82-384,2019-02,measured_pilot,M2_pilot_actual,train,43,1
caltech,2-39-83-386,2019-02,measured_pilot,M2_pilot_actual,train,7545,23
caltech,2-39-83-387,2019-02,measured_pilot,M2_pilot_actual,train,487,3
caltech,2-39-88-24,2019-02,measured_pilot,M2_pilot_actual,train,6962,23
caltech,2-39-88-438,2019-02,measured_pilot,M2_pilot_actual,train,4832,11
caltech,2-39-89-25,2019-02,measured_pilot,M2_pilot_actual,train,13506,36
caltech,2-39-89-439,2019-02,measured_pilot,M2_pilot_actual,train,4479,13
caltech,2-39-90-26,2019-02,measured_pilot,M2_pilot_actual,train,6683,19
caltech,2-39-90-440,2019-02,measured_pilot,M2_pilot_actual,train,3812,16
caltech,2-39-91-437,2019-02,measured_pilot,M2_pilot_actual,train,10617,32
caltech,2-39-91-441,2019-02,measured_pilot,M2_pilot_actual,train,2764,7
caltech,2-39-92-436,2019-02,measured_pilot,M2_pilot_actual,train,5572,16
caltech,2-39-92-442,2019-02,measured_pilot,M2_pilot_actual,train,9058,23
caltech,2-39-95-27,2019-02,measured_pilot,M2_pilot_actual,train,14105,25
caltech,2-39-95-444,2019-02,measured_pilot,M2_pilot_actual,train,6027,17
caltech,2-6-3-1356,2019-02,measured_pilot,M2_pilot_actual,train,6552,28
caltech,2-6-3-1357,2019-02,measured_pilot,M2_pilot_actual,train,8072,23
caltech,2-6-3-1358,2019-02,measured_pilot,M2_pilot_actual,train,9138,36
caltech,2-6-3-1359,2019-02,measured_pilot,M2_pilot_actual,train,11893,33
caltech,2-6-3-1360,2019-02,measured_pilot,M2_pilot_actual,train,7312,18
caltech,2-6-3-1361,2019-02,measured_pilot,M2_pilot_actual,train,13398,55
caltech,2-6-3-1362,2019-02,measured_pilot,M2_pilot_actual,train,8407,23
caltech,2-6-3-1363,2019-02,measured_pilot,M2_pilot_actual,train,9099,31
caltech,2-6-3-1364,2019-02,measured_pilot,M2_pilot_actual,train,6770,25
caltech,2-6-3-1365,2019-02,measured_pilot,M2_pilot_actual,train,10195,26
caltech,2-6-3-1366,2019-02,measured_pilot,M2_pilot_actual,train,7640,23
caltech,2-6-3-1367,2019-02,measured_pilot,M2_pilot_actual,train,9990,30
caltech,2-6-3-1368,2019-02,measured_pilot,M2_pilot_actual,train,2256,5
caltech,2-105-277-1696,2019-03,measured_pilot,M2_pilot_actual,train,265,2
caltech,2-105-277-1697,2019-03,measured_pilot,M2_pilot_actual,train,718,3
caltech,2-105-277-1698,2019-03,measured_pilot,M2_pilot_actual,train,245,2
caltech,2-105-277-1699,2019-03,measured_pilot,M2_pilot_actual,train,268,2
caltech,2-39-123-23,2019-03,measured_pilot,M2_pilot_actual,train,13399,38
caltech,2-39-123-557,2019-03,measured_pilot,M2_pilot_actual,train,1769,5
caltech,2-39-124-22,2019-03,measured_pilot,M2_pilot_actual,train,4506,18
caltech,2-39-124-558,2019-03,measured_pilot,M2_pilot_actual,train,2890,6
caltech,2-39-125-21,2019-03,measured_pilot,M2_pilot_actual,train,11862,36
caltech,2-39-125-559,2019-03,measured_pilot,M2_pilot_actual,train,264,1
caltech,2-39-126-20,2019-03,measured_pilot,M2_pilot_actual,train,2302,12
caltech,2-39-126-560,2019-03,measured_pilot,M2_pilot_actual,train,1296,4
caltech,2-39-127-19,2019-03,measured_pilot,M2_pilot_actual,train,13086,37
caltech,2-39-128-18,2019-03,measured_pilot,M2_pilot_actual,train,7594,12
caltech,2-39-128-562,2019-03,measured_pilot,M2_pilot_actual,train,825,2
caltech,2-39-129-17,2019-03,measured_pilot,M2_pilot_actual,train,14313,43
caltech,2-39-130-31,2019-03,measured_pilot,M2_pilot_actual,train,5899,26
caltech,2-39-131-30,2019-03,measured_pilot,M2_pilot_actual,train,18110,56
caltech,2-39-138-29,2019-03,measured_pilot,M2_pilot_actual,train,4405,19
caltech,2-39-138-566,2019-03,measured_pilot,M2_pilot_actual,train,509,1
caltech,2-39-139-28,2019-03,measured_pilot,M2_pilot_actual,train,22259,71
caltech,2-39-139-567,2019-03,measured_pilot,M2_pilot_actual,train,172,1
caltech,2-39-78-360,2019-03,measured_pilot,M2_pilot_actual,train,5594,29
caltech,2-39-78-361,2019-03,measured_pilot,M2_pilot_actual,train,6858,26
caltech,2-39-78-362,2019-03,measured_pilot,M2_pilot_actual,train,2339,5
caltech,2-39-78-363,2019-03,measured_pilot,M2_pilot_actual,train,5820,16
caltech,2-39-78-364,2019-03,measured_pilot,M2_pilot_actual,train,5578,17
caltech,2-39-78-365,2019-03,measured_pilot,M2_pilot_actual,train,9556,25
caltech,2-39-78-366,2019-03,measured_pilot,M2_pilot_actual,train,12873,34
caltech,2-39-78-367,2019-03,measured_pilot,M2_pilot_actual,train,5491,20
caltech,2-39-79-376,2019-03,measured_pilot,M2_pilot_actual,train,8862,25
caltech,2-39-79-377,2019-03,measured_pilot,M2_pilot_actual,train,14720,35
caltech,2-39-79-378,2019-03,measured_pilot,M2_pilot_actual,train,7872,24
caltech,2-39-79-379,2019-03,measured_pilot,M2_pilot_actual,train,15834,30
caltech,2-39-79-380,2019-03,measured_pilot,M2_pilot_actual,train,12282,26
caltech,2-39-79-381,2019-03,measured_pilot,M2_pilot_actual,train,11665,22
caltech,2-39-79-382,2019-03,measured_pilot,M2_pilot_actual,train,8317,15
caltech,2-39-79-383,2019-03,measured_pilot,M2_pilot_actual,train,9558,25
caltech,2-39-83-386,2019-03,measured_pilot,M2_pilot_actual,train,2196,11
caltech,2-39-88-24,2019-03,measured_pilot,M2_pilot_actual,train,4528,17
caltech,2-39-88-438,2019-03,measured_pilot,M2_pilot_actual,train,4590,11
caltech,2-39-89-25,2019-03,measured_pilot,M2_pilot_actual,train,15816,43
caltech,2-39-89-439,2019-03,measured_pilot,M2_pilot_actual,train,3939,9
caltech,2-39-90-26,2019-03,measured_pilot,M2_pilot_actual,train,7039,19
caltech,2-39-90-440,2019-03,measured_pilot,M2_pilot_actual,train,5077,12
caltech,2-39-91-437,2019-03,measured_pilot,M2_pilot_actual,train,13723,29
caltech,2-39-91-441,2019-03,measured_pilot,M2_pilot_actual,train,3907,10
caltech,2-39-92-436,2019-03,measured_pilot,M2_pilot_actual,train,7226,18
caltech,2-39-92-442,2019-03,measured_pilot,M2_pilot_actual,train,8218,19
caltech,2-39-95-27,2019-03,measured_pilot,M2_pilot_actual,train,12250,33
caltech,2-39-95-444,2019-03,measured_pilot,M2_pilot_actual,train,5956,17
caltech,2-6-3-1356,2019-03,measured_pilot,M2_pilot_actual,train,12745,36
caltech,2-6-3-1357,2019-03,measured_pilot,M2_pilot_actual,train,10806,32
caltech,2-6-3-1358,2019-03,measured_pilot,M2_pilot_actual,train,12066,43
caltech,2-6-3-1359,2019-03,measured_pilot,M2_pilot_actual,train,11877,28
caltech,2-6-3-1360,2019-03,measured_pilot,M2_pilot_actual,train,7945,24
caltech,2-6-3-1361,2019-03,measured_pilot,M2_pilot_actual,train,9954,52
caltech,2-6-3-1362,2019-03,measured_pilot,M2_pilot_actual,train,9012,31
caltech,2-6-3-1363,2019-03,measured_pilot,M2_pilot_actual,train,10849,41
caltech,2-6-3-1364,2019-03,measured_pilot,M2_pilot_actual,train,13314,20
caltech,2-6-3-1365,2019-03,measured_pilot,M2_pilot_actual,train,13537,26
caltech,2-6-3-1366,2019-03,measured_pilot,M2_pilot_actual,train,11028,22
caltech,2-6-3-1367,2019-03,measured_pilot,M2_pilot_actual,train,7553,41
caltech,2-6-3-1368,2019-03,measured_pilot,M2_pilot_actual,train,3009,11
caltech,2-6-3-1369,2019-03,measured_pilot,M2_pilot_actual,train,1256,4
caltech,2-6-3-1623,2019-03,measured_pilot,M2_pilot_actual,train,3379,12
caltech,2-6-3-1624,2019-03,measured_pilot,M2_pilot_actual,train,1346,3
caltech,2-6-3-1625,2019-03,measured_pilot,M2_pilot_actual,train,1563,10
caltech,2-6-3-1626,2019-03,measured_pilot,M2_pilot_actual,train,1475,7
caltech,2-6-3-1627,2019-03,measured_pilot,M2_pilot_actual,train,1084,8
caltech,2-6-3-1628,2019-03,measured_pilot,M2_pilot_actual,train,977,7
caltech,2-6-3-1629,2019-03,measured_pilot,M2_pilot_actual,train,386,4
caltech,2-6-3-1630,2019-03,measured_pilot,M2_pilot_actual,train,1614,10
caltech,2-6-3-1631,2019-03,measured_pilot,M2_pilot_actual,train,1529,12
caltech,2-6-3-1632,2019-03,measured_pilot,M2_pilot_actual,train,2034,13
caltech,2-105-277-1696,2019-04,measured_pilot,M2_pilot_actual,train,8833,26
caltech,2-105-277-1697,2019-04,measured_pilot,M2_pilot_actual,train,8290,27
caltech,2-105-277-1698,2019-04,measured_pilot,M2_pilot_actual,train,9199,28
caltech,2-105-277-1699,2019-04,measured_pilot,M2_pilot_actual,train,14807,29
caltech,2-39-123-23,2019-04,measured_pilot,M2_pilot_actual,train,9546,35
caltech,2-39-123-557,2019-04,measured_pilot,M2_pilot_actual,train,528,2
caltech,2-39-124-22,2019-04,measured_pilot,M2_pilot_actual,train,7903,28
caltech,2-39-124-558,2019-04,measured_pilot,M2_pilot_actual,train,4563,8
caltech,2-39-125-21,2019-04,measured_pilot,M2_pilot_actual,train,7889,25
caltech,2-39-126-20,2019-04,measured_pilot,M2_pilot_actual,train,1902,9
caltech,2-39-126-560,2019-04,measured_pilot,M2_pilot_actual,train,1989,5
caltech,2-39-127-19,2019-04,measured_pilot,M2_pilot_actual,train,12852,26
caltech,2-39-128-18,2019-04,measured_pilot,M2_pilot_actual,train,5427,13
caltech,2-39-128-562,2019-04,measured_pilot,M2_pilot_actual,train,487,1
caltech,2-39-129-17,2019-04,measured_pilot,M2_pilot_actual,train,11667,29
caltech,2-39-130-31,2019-04,measured_pilot,M2_pilot_actual,train,6755,14
caltech,2-39-130-564,2019-04,measured_pilot,M2_pilot_actual,train,1264,3
caltech,2-39-131-30,2019-04,measured_pilot,M2_pilot_actual,train,18642,46
caltech,2-39-131-565,2019-04,measured_pilot,M2_pilot_actual,train,150,1
caltech,2-39-138-29,2019-04,measured_pilot,M2_pilot_actual,train,7113,27
caltech,2-39-138-566,2019-04,measured_pilot,M2_pilot_actual,train,373,3
caltech,2-39-139-28,2019-04,measured_pilot,M2_pilot_actual,train,19088,52
caltech,2-39-139-567,2019-04,measured_pilot,M2_pilot_actual,train,612,5
caltech,2-39-78-360,2019-04,measured_pilot,M2_pilot_actual,train,6779,25
caltech,2-39-78-361,2019-04,measured_pilot,M2_pilot_actual,train,5771,24
caltech,2-39-78-362,2019-04,measured_pilot,M2_pilot_actual,train,6428,17
caltech,2-39-78-363,2019-04,measured_pilot,M2_pilot_actual,train,7243,20
caltech,2-39-78-364,2019-04,measured_pilot,M2_pilot_actual,train,5722,19
caltech,2-39-78-365,2019-04,measured_pilot,M2_pilot_actual,train,9370,32
caltech,2-39-78-366,2019-04,measured_pilot,M2_pilot_actual,train,12609,32
caltech,2-39-78-367,2019-04,measured_pilot,M2_pilot_actual,train,7822,24
caltech,2-39-79-376,2019-04,measured_pilot,M2_pilot_actual,train,10123,25
caltech,2-39-79-377,2019-04,measured_pilot,M2_pilot_actual,train,13410,38
caltech,2-39-79-378,2019-04,measured_pilot,M2_pilot_actual,train,10703,27
caltech,2-39-79-379,2019-04,measured_pilot,M2_pilot_actual,train,15370,36
caltech,2-39-79-380,2019-04,measured_pilot,M2_pilot_actual,train,12544,27
caltech,2-39-79-381,2019-04,measured_pilot,M2_pilot_actual,train,10625,25
caltech,2-39-79-382,2019-04,measured_pilot,M2_pilot_actual,train,9477,20
caltech,2-39-79-383,2019-04,measured_pilot,M2_pilot_actual,train,10158,24
caltech,2-39-83-386,2019-04,measured_pilot,M2_pilot_actual,train,1152,8
caltech,2-39-88-24,2019-04,measured_pilot,M2_pilot_actual,train,11068,41
caltech,2-39-88-438,2019-04,measured_pilot,M2_pilot_actual,train,4106,10
caltech,2-39-89-25,2019-04,measured_pilot,M2_pilot_actual,train,14321,44
caltech,2-39-89-439,2019-04,measured_pilot,M2_pilot_actual,train,5618,16
caltech,2-39-90-26,2019-04,measured_pilot,M2_pilot_actual,train,10219,24
caltech,2-39-90-440,2019-04,measured_pilot,M2_pilot_actual,train,6131,18
caltech,2-39-91-437,2019-04,measured_pilot,M2_pilot_actual,train,17332,20
caltech,2-39-91-441,2019-04,measured_pilot,M2_pilot_actual,train,6498,17
caltech,2-39-92-436,2019-04,measured_pilot,M2_pilot_actual,train,10170,23
caltech,2-39-92-442,2019-04,measured_pilot,M2_pilot_actual,train,8917,19
caltech,2-39-95-27,2019-04,measured_pilot,M2_pilot_actual,train,14111,37
caltech,2-39-95-444,2019-04,measured_pilot,M2_pilot_actual,train,5090,16
caltech,2-6-3-1356,2019-04,measured_pilot,M2_pilot_actual,train,8004,30
caltech,2-6-3-1357,2019-04,measured_pilot,M2_pilot_actual,train,8394,24
caltech,2-6-3-1358,2019-04,measured_pilot,M2_pilot_actual,train,4939,22
caltech,2-6-3-1359,2019-04,measured_pilot,M2_pilot_actual,train,6368,15
caltech,2-6-3-1360,2019-04,measured_pilot,M2_pilot_actual,train,8350,26
caltech,2-6-3-1361,2019-04,measured_pilot,M2_pilot_actual,train,18111,69
caltech,2-6-3-1362,2019-04,measured_pilot,M2_pilot_actual,train,10666,32
caltech,2-6-3-1363,2019-04,measured_pilot,M2_pilot_actual,train,10892,33
caltech,2-6-3-1364,2019-04,measured_pilot,M2_pilot_actual,train,3296,11
caltech,2-6-3-1365,2019-04,measured_pilot,M2_pilot_actual,train,11728,27
caltech,2-6-3-1366,2019-04,measured_pilot,M2_pilot_actual,train,10140,26
caltech,2-6-3-1367,2019-04,measured_pilot,M2_pilot_actual,train,9452,42
caltech,2-6-3-1368,2019-04,measured_pilot,M2_pilot_actual,train,6600,19
caltech,2-6-3-1369,2019-04,measured_pilot,M2_pilot_actual,train,6033,17
caltech,2-6-3-1623,2019-04,measured_pilot,M2_pilot_actual,train,5543,21
caltech,2-6-3-1624,2019-04,measured_pilot,M2_pilot_actual,train,4075,22
caltech,2-6-3-1625,2019-04,measured_pilot,M2_pilot_actual,train,3261,19
caltech,2-6-3-1626,2019-04,measured_pilot,M2_pilot_actual,train,5085,31
caltech,2-6-3-1627,2019-04,measured_pilot,M2_pilot_actual,train,6995,37
caltech,2-6-3-1628,2019-04,measured_pilot,M2_pilot_actual,train,4631,28
caltech,2-6-3-1629,2019-04,measured_pilot,M2_pilot_actual,train,6396,40
caltech,2-6-3-1630,2019-04,measured_pilot,M2_pilot_actual,train,4929,27
caltech,2-6-3-1631,2019-04,measured_pilot,M2_pilot_actual,train,7263,50
caltech,2-6-3-1632,2019-04,measured_pilot,M2_pilot_actual,train,5705,33
caltech,2-105-277-1696,2019-05,measured_pilot,M2_pilot_actual,train,14242,34
caltech,2-105-277-1697,2019-05,measured_pilot,M2_pilot_actual,train,14860,36
caltech,2-105-277-1698,2019-05,measured_pilot,M2_pilot_actual,train,13477,40
caltech,2-105-277-1699,2019-05,measured_pilot,M2_pilot_actual,train,24869,41
caltech,2-39-123-23,2019-05,measured_pilot,M2_pilot_actual,train,10661,29
caltech,2-39-123-557,2019-05,measured_pilot,M2_pilot_actual,train,773,2
caltech,2-39-124-22,2019-05,measured_pilot,M2_pilot_actual,train,9637,25
caltech,2-39-124-558,2019-05,measured_pilot,M2_pilot_actual,train,6656,14
caltech,2-39-125-21,2019-05,measured_pilot,M2_pilot_actual,train,5426,19
caltech,2-39-125-559,2019-05,measured_pilot,M2_pilot_actual,train,99,1
caltech,2-39-126-20,2019-05,measured_pilot,M2_pilot_actual,train,2992,17
caltech,2-39-126-560,2019-05,measured_pilot,M2_pilot_actual,train,1257,3
caltech,2-39-127-19,2019-05,measured_pilot,M2_pilot_actual,train,10103,33
caltech,2-39-127-561,2019-05,measured_pilot,M2_pilot_actual,train,272,1
caltech,2-39-128-18,2019-05,measured_pilot,M2_pilot_actual,train,3137,13
caltech,2-39-128-562,2019-05,measured_pilot,M2_pilot_actual,train,937,2
caltech,2-39-129-17,2019-05,measured_pilot,M2_pilot_actual,train,11232,39
caltech,2-39-130-31,2019-05,measured_pilot,M2_pilot_actual,train,5732,20
caltech,2-39-131-30,2019-05,measured_pilot,M2_pilot_actual,train,17032,43
caltech,2-39-138-29,2019-05,measured_pilot,M2_pilot_actual,train,13458,23
caltech,2-39-138-566,2019-05,measured_pilot,M2_pilot_actual,train,134,2
caltech,2-39-139-28,2019-05,measured_pilot,M2_pilot_actual,train,22377,57
caltech,2-39-139-567,2019-05,measured_pilot,M2_pilot_actual,train,127,1
caltech,2-39-78-360,2019-05,measured_pilot,M2_pilot_actual,train,7078,24
caltech,2-39-78-361,2019-05,measured_pilot,M2_pilot_actual,train,5753,23
caltech,2-39-78-362,2019-05,measured_pilot,M2_pilot_actual,train,5599,19
caltech,2-39-78-363,2019-05,measured_pilot,M2_pilot_actual,train,8863,25
caltech,2-39-78-364,2019-05,measured_pilot,M2_pilot_actual,train,6710,20
caltech,2-39-78-365,2019-05,measured_pilot,M2_pilot_actual,train,8574,20
caltech,2-39-78-366,2019-05,measured_pilot,M2_pilot_actual,train,12827,30
caltech,2-39-78-367,2019-05,measured_pilot,M2_pilot_actual,train,6172,21
caltech,2-39-79-376,2019-05,measured_pilot,M2_pilot_actual,train,9693,22
caltech,2-39-79-377,2019-05,measured_pilot,M2_pilot_actual,train,13618,27
caltech,2-39-79-378,2019-05,measured_pilot,M2_pilot_actual,train,8595,25
caltech,2-39-79-379,2019-05,measured_pilot,M2_pilot_actual,train,14604,34
caltech,2-39-79-380,2019-05,measured_pilot,M2_pilot_actual,train,10351,22
caltech,2-39-79-381,2019-05,measured_pilot,M2_pilot_actual,train,11832,22
caltech,2-39-79-382,2019-05,measured_pilot,M2_pilot_actual,train,7829,18
caltech,2-39-79-383,2019-05,measured_pilot,M2_pilot_actual,train,10161,28
caltech,2-39-82-384,2019-05,measured_pilot,M2_pilot_actual,train,318,2
caltech,2-39-82-385,2019-05,measured_pilot,M2_pilot_actual,train,379,3
caltech,2-39-83-386,2019-05,measured_pilot,M2_pilot_actual,train,1682,8
caltech,2-39-88-24,2019-05,measured_pilot,M2_pilot_actual,train,11778,42
caltech,2-39-88-438,2019-05,measured_pilot,M2_pilot_actual,train,2907,8
caltech,2-39-89-25,2019-05,measured_pilot,M2_pilot_actual,train,20943,34
caltech,2-39-89-439,2019-05,measured_pilot,M2_pilot_actual,train,6890,17
caltech,2-39-90-26,2019-05,measured_pilot,M2_pilot_actual,train,9659,22
caltech,2-39-90-440,2019-05,measured_pilot,M2_pilot_actual,train,6571,19
caltech,2-39-91-437,2019-05,measured_pilot,M2_pilot_actual,train,13921,36
caltech,2-39-91-441,2019-05,measured_pilot,M2_pilot_actual,train,6415,15
caltech,2-39-92-436,2019-05,measured_pilot,M2_pilot_actual,train,9118,24
caltech,2-39-92-442,2019-05,measured_pilot,M2_pilot_actual,train,11454,26
caltech,2-39-95-27,2019-05,measured_pilot,M2_pilot_actual,train,12269,34
caltech,2-39-95-444,2019-05,measured_pilot,M2_pilot_actual,train,4054,11
caltech,2-6-3-1356,2019-05,measured_pilot,M2_pilot_actual,train,10030,35
caltech,2-6-3-1357,2019-05,measured_pilot,M2_pilot_actual,train,7284,18
caltech,2-6-3-1359,2019-05,measured_pilot,M2_pilot_actual,train,10992,34
caltech,2-6-3-1360,2019-05,measured_pilot,M2_pilot_actual,train,7211,23
caltech,2-6-3-1361,2019-05,measured_pilot,M2_pilot_actual,train,12516,51
caltech,2-6-3-1362,2019-05,measured_pilot,M2_pilot_actual,train,12758,45
caltech,2-6-3-1363,2019-05,measured_pilot,M2_pilot_actual,train,13400,33
caltech,2-6-3-1364,2019-05,measured_pilot,M2_pilot_actual,train,4712,14
caltech,2-6-3-1365,2019-05,measured_pilot,M2_pilot_actual,train,8775,25
caltech,2-6-3-1366,2019-05,measured_pilot,M2_pilot_actual,train,7717,19
caltech,2-6-3-1367,2019-05,measured_pilot,M2_pilot_actual,train,7544,35
caltech,2-6-3-1368,2019-05,measured_pilot,M2_pilot_actual,train,9343,26
caltech,2-6-3-1369,2019-05,measured_pilot,M2_pilot_actual,train,10167,24
caltech,2-6-3-1623,2019-05,measured_pilot,M2_pilot_actual,train,6415,31
caltech,2-6-3-1624,2019-05,measured_pilot,M2_pilot_actual,train,5491,31
caltech,2-6-3-1625,2019-05,measured_pilot,M2_pilot_actual,train,8479,30
caltech,2-6-3-1626,2019-05,measured_pilot,M2_pilot_actual,train,5079,25
caltech,2-6-3-1627,2019-05,measured_pilot,M2_pilot_actual,train,6491,38
caltech,2-6-3-1628,2019-05,measured_pilot,M2_pilot_actual,train,6959,30
caltech,2-6-3-1629,2019-05,measured_pilot,M2_pilot_actual,train,12780,43
caltech,2-6-3-1630,2019-05,measured_pilot,M2_pilot_actual,train,5212,31
caltech,2-6-3-1631,2019-05,measured_pilot,M2_pilot_actual,train,8790,50
caltech,2-6-3-1632,2019-05,measured_pilot,M2_pilot_actual,train,5817,40
caltech,2-105-277-1696,2019-06,measured_pilot,M2_pilot_actual,train,12884,35
caltech,2-105-277-1697,2019-06,measured_pilot,M2_pilot_actual,train,11204,31
caltech,2-105-277-1698,2019-06,measured_pilot,M2_pilot_actual,train,12796,39
caltech,2-105-277-1699,2019-06,measured_pilot,M2_pilot_actual,train,15541,39
caltech,2-39-123-23,2019-06,measured_pilot,M2_pilot_actual,train,8868,28
caltech,2-39-123-557,2019-06,measured_pilot,M2_pilot_actual,train,503,3
caltech,2-39-124-22,2019-06,measured_pilot,M2_pilot_actual,train,8006,28
caltech,2-39-124-558,2019-06,measured_pilot,M2_pilot_actual,train,4789,9
caltech,2-39-125-21,2019-06,measured_pilot,M2_pilot_actual,train,10576,39
caltech,2-39-125-559,2019-06,measured_pilot,M2_pilot_actual,train,1074,2
caltech,2-39-126-20,2019-06,measured_pilot,M2_pilot_actual,train,3175,20
caltech,2-39-126-560,2019-06,measured_pilot,M2_pilot_actual,train,568,1
caltech,2-39-127-19,2019-06,measured_pilot,M2_pilot_actual,train,9425,20
caltech,2-39-128-18,2019-06,measured_pilot,M2_pilot_actual,train,1947,10
caltech,2-39-129-17,2019-06,measured_pilot,M2_pilot_actual,train,8577,42
caltech,2-39-130-31,2019-06,measured_pilot,M2_pilot_actual,train,4255,19
caltech,2-39-130-564,2019-06,measured_pilot,M2_pilot_actual,train,719,2
caltech,2-39-131-30,2019-06,measured_pilot,M2_pilot_actual,train,14421,39
caltech,2-39-138-29,2019-06,measured_pilot,M2_pilot_actual,train,6304,23
caltech,2-39-138-566,2019-06,measured_pilot,M2_pilot_actual,train,31,2
caltech,2-39-139-28,2019-06,measured_pilot,M2_pilot_actual,train,21583,55
caltech,2-39-139-567,2019-06,measured_pilot,M2_pilot_actual,train,121,2
caltech,2-39-78-360,2019-06,measured_pilot,M2_pilot_actual,train,8213,32
caltech,2-39-78-361,2019-06,measured_pilot,M2_pilot_actual,train,3371,15
caltech,2-39-78-362,2019-06,measured_pilot,M2_pilot_actual,train,5999,17
caltech,2-39-78-363,2019-06,measured_pilot,M2_pilot_actual,train,5995,19
caltech,2-39-78-364,2019-06,measured_pilot,M2_pilot_actual,train,4831,14
caltech,2-39-78-365,2019-06,measured_pilot,M2_pilot_actual,train,8919,24
caltech,2-39-78-366,2019-06,measured_pilot,M2_pilot_actual,train,9532,29
caltech,2-39-78-367,2019-06,measured_pilot,M2_pilot_actual,train,2893,14
caltech,2-39-79-376,2019-06,measured_pilot,M2_pilot_actual,train,8265,20
caltech,2-39-79-377,2019-06,measured_pilot,M2_pilot_actual,train,10003,23
caltech,2-39-79-378,2019-06,measured_pilot,M2_pilot_actual,train,6733,16
caltech,2-39-79-379,2019-06,measured_pilot,M2_pilot_actual,train,10588,27
caltech,2-39-79-380,2019-06,measured_pilot,M2_pilot_actual,train,10377,26
caltech,2-39-79-381,2019-06,measured_pilot,M2_pilot_actual,train,9385,19
caltech,2-39-79-382,2019-06,measured_pilot,M2_pilot_actual,train,9411,16
caltech,2-39-79-383,2019-06,measured_pilot,M2_pilot_actual,train,8103,22
caltech,2-39-82-384,2019-06,measured_pilot,M2_pilot_actual,train,27,1
caltech,2-39-83-386,2019-06,measured_pilot,M2_pilot_actual,train,248,2
caltech,2-39-88-24,2019-06,measured_pilot,M2_pilot_actual,train,6317,26
caltech,2-39-88-438,2019-06,measured_pilot,M2_pilot_actual,train,1640,6
caltech,2-39-89-25,2019-06,measured_pilot,M2_pilot_actual,train,13790,42
caltech,2-39-89-439,2019-06,measured_pilot,M2_pilot_actual,train,4997,16
caltech,2-39-90-26,2019-06,measured_pilot,M2_pilot_actual,train,7992,18
caltech,2-39-90-440,2019-06,measured_pilot,M2_pilot_actual,train,6892,16
caltech,2-39-91-437,2019-06,measured_pilot,M2_pilot_actual,train,11377,29
caltech,2-39-91-441,2019-06,measured_pilot,M2_pilot_actual,train,5867,18
caltech,2-39-92-436,2019-06,measured_pilot,M2_pilot_actual,train,8865,23
caltech,2-39-92-442,2019-06,measured_pilot,M2_pilot_actual,train,5563,19
caltech,2-39-95-27,2019-06,measured_pilot,M2_pilot_actual,train,10288,33
caltech,2-39-95-444,2019-06,measured_pilot,M2_pilot_actual,train,4010,12
caltech,2-6-3-1356,2019-06,measured_pilot,M2_pilot_actual,train,9161,27
caltech,2-6-3-1357,2019-06,measured_pilot,M2_pilot_actual,train,7280,15
caltech,2-6-3-1359,2019-06,measured_pilot,M2_pilot_actual,train,5656,15
caltech,2-6-3-1360,2019-06,measured_pilot,M2_pilot_actual,train,8963,20
caltech,2-6-3-1361,2019-06,measured_pilot,M2_pilot_actual,train,20364,66
caltech,2-6-3-1362,2019-06,measured_pilot,M2_pilot_actual,train,9450,25
caltech,2-6-3-1363,2019-06,measured_pilot,M2_pilot_actual,train,7556,26
caltech,2-6-3-1364,2019-06,measured_pilot,M2_pilot_actual,train,5536,21
caltech,2-6-3-1365,2019-06,measured_pilot,M2_pilot_actual,train,10195,28
caltech,2-6-3-1366,2019-06,measured_pilot,M2_pilot_actual,train,10602,25
caltech,2-6-3-1367,2019-06,measured_pilot,M2_pilot_actual,train,9732,37
caltech,2-6-3-1368,2019-06,measured_pilot,M2_pilot_actual,train,9604,27
caltech,2-6-3-1369,2019-06,measured_pilot,M2_pilot_actual,train,8924,22
caltech,2-6-3-1623,2019-06,measured_pilot,M2_pilot_actual,train,8796,36
caltech,2-6-3-1624,2019-06,measured_pilot,M2_pilot_actual,train,4892,29
caltech,2-6-3-1625,2019-06,measured_pilot,M2_pilot_actual,train,6212,33
caltech,2-6-3-1626,2019-06,measured_pilot,M2_pilot_actual,train,7498,42
caltech,2-6-3-1627,2019-06,measured_pilot,M2_pilot_actual,train,7651,37
caltech,2-6-3-1628,2019-06,measured_pilot,M2_pilot_actual,train,6848,39
caltech,2-6-3-1629,2019-06,measured_pilot,M2_pilot_actual,train,11699,45
caltech,2-6-3-1630,2019-06,measured_pilot,M2_pilot_actual,train,6013,48
caltech,2-6-3-1631,2019-06,measured_pilot,M2_pilot_actual,train,6466,38
caltech,2-6-3-1632,2019-06,measured_pilot,M2_pilot_actual,train,8549,46
caltech,2-105-277-1696,2019-07,measured_pilot,M2_pilot_actual,train,13658,45
caltech,2-105-277-1697,2019-07,measured_pilot,M2_pilot_actual,train,13915,37
caltech,2-105-277-1698,2019-07,measured_pilot,M2_pilot_actual,train,11866,45
caltech,2-105-277-1699,2019-07,measured_pilot,M2_pilot_actual,train,13354,41
caltech,2-39-123-23,2019-07,measured_pilot,M2_pilot_actual,train,8910,28
caltech,2-39-123-557,2019-07,measured_pilot,M2_pilot_actual,train,1492,4
caltech,2-39-124-22,2019-07,measured_pilot,M2_pilot_actual,train,4575,27
caltech,2-39-124-558,2019-07,measured_pilot,M2_pilot_actual,train,1315,2
caltech,2-39-125-21,2019-07,measured_pilot,M2_pilot_actual,train,9147,31
caltech,2-39-126-20,2019-07,measured_pilot,M2_pilot_actual,train,2728,15
caltech,2-39-127-19,2019-07,measured_pilot,M2_pilot_actual,train,9267,25
caltech,2-39-128-18,2019-07,measured_pilot,M2_pilot_actual,train,3614,15
caltech,2-39-129-17,2019-07,measured_pilot,M2_pilot_actual,train,9437,25
caltech,2-39-130-31,2019-07,measured_pilot,M2_pilot_actual,train,5815,26
caltech,2-39-131-30,2019-07,measured_pilot,M2_pilot_actual,train,15924,47
caltech,2-39-138-29,2019-07,measured_pilot,M2_pilot_actual,train,6312,30
caltech,2-39-139-28,2019-07,measured_pilot,M2_pilot_actual,train,20941,64
caltech,2-39-78-360,2019-07,measured_pilot,M2_pilot_actual,train,5143,17
caltech,2-39-78-361,2019-07,measured_pilot,M2_pilot_actual,train,4241,15
caltech,2-39-78-362,2019-07,measured_pilot,M2_pilot_actual,train,5395,15
caltech,2-39-78-363,2019-07,measured_pilot,M2_pilot_actual,train,6274,22
caltech,2-39-78-364,2019-07,measured_pilot,M2_pilot_actual,train,4885,13
caltech,2-39-78-365,2019-07,measured_pilot,M2_pilot_actual,train,8870,22
caltech,2-39-78-366,2019-07,measured_pilot,M2_pilot_actual,train,8038,19
caltech,2-39-78-367,2019-07,measured_pilot,M2_pilot_actual,train,4491,18
caltech,2-39-79-376,2019-07,measured_pilot,M2_pilot_actual,train,5513,14
caltech,2-39-79-377,2019-07,measured_pilot,M2_pilot_actual,train,7885,24
caltech,2-39-79-378,2019-07,measured_pilot,M2_pilot_actual,train,8088,23
caltech,2-39-79-379,2019-07,measured_pilot,M2_pilot_actual,train,9248,23
caltech,2-39-79-380,2019-07,measured_pilot,M2_pilot_actual,train,9483,21
caltech,2-39-79-381,2019-07,measured_pilot,M2_pilot_actual,train,3853,10
caltech,2-39-79-382,2019-07,measured_pilot,M2_pilot_actual,train,7283,18
caltech,2-39-79-383,2019-07,measured_pilot,M2_pilot_actual,train,8081,24
caltech,2-39-83-386,2019-07,measured_pilot,M2_pilot_actual,train,254,1
caltech,2-39-88-24,2019-07,measured_pilot,M2_pilot_actual,train,6109,20
caltech,2-39-88-438,2019-07,measured_pilot,M2_pilot_actual,train,751,2
caltech,2-39-89-25,2019-07,measured_pilot,M2_pilot_actual,train,13769,41
caltech,2-39-89-439,2019-07,measured_pilot,M2_pilot_actual,train,1692,4
caltech,2-39-90-26,2019-07,measured_pilot,M2_pilot_actual,train,8025,19
caltech,2-39-90-440,2019-07,measured_pilot,M2_pilot_actual,train,2674,9
caltech,2-39-91-437,2019-07,measured_pilot,M2_pilot_actual,train,13858,31
caltech,2-39-91-441,2019-07,measured_pilot,M2_pilot_actual,train,4925,13
caltech,2-39-92-436,2019-07,measured_pilot,M2_pilot_actual,train,7582,18
caltech,2-39-92-442,2019-07,measured_pilot,M2_pilot_actual,train,7512,14
caltech,2-39-95-27,2019-07,measured_pilot,M2_pilot_actual,train,13677,26
caltech,2-39-95-444,2019-07,measured_pilot,M2_pilot_actual,train,3271,9
caltech,2-6-3-1356,2019-07,measured_pilot,M2_pilot_actual,train,5162,17
caltech,2-6-3-1357,2019-07,measured_pilot,M2_pilot_actual,train,6707,15
caltech,2-6-3-1359,2019-07,measured_pilot,M2_pilot_actual,train,4869,20
caltech,2-6-3-1360,2019-07,measured_pilot,M2_pilot_actual,train,5547,13
caltech,2-6-3-1361,2019-07,measured_pilot,M2_pilot_actual,train,12404,39
caltech,2-6-3-1362,2019-07,measured_pilot,M2_pilot_actual,train,4590,21
caltech,2-6-3-1363,2019-07,measured_pilot,M2_pilot_actual,train,4258,16
caltech,2-6-3-1364,2019-07,measured_pilot,M2_pilot_actual,train,4209,16
caltech,2-6-3-1365,2019-07,measured_pilot,M2_pilot_actual,train,4492,17
caltech,2-6-3-1366,2019-07,measured_pilot,M2_pilot_actual,train,5786,21
caltech,2-6-3-1367,2019-07,measured_pilot,M2_pilot_actual,train,7986,23
caltech,2-6-3-1368,2019-07,measured_pilot,M2_pilot_actual,train,4209,14
caltech,2-6-3-1369,2019-07,measured_pilot,M2_pilot_actual,train,4947,21
caltech,2-6-3-1623,2019-07,measured_pilot,M2_pilot_actual,train,7061,24
caltech,2-6-3-1624,2019-07,measured_pilot,M2_pilot_actual,train,6148,29
caltech,2-6-3-1625,2019-07,measured_pilot,M2_pilot_actual,train,5452,28
caltech,2-6-3-1626,2019-07,measured_pilot,M2_pilot_actual,train,7763,39
caltech,2-6-3-1627,2019-07,measured_pilot,M2_pilot_actual,train,6495,29
caltech,2-6-3-1628,2019-07,measured_pilot,M2_pilot_actual,train,6766,35
caltech,2-6-3-1629,2019-07,measured_pilot,M2_pilot_actual,train,9319,33
caltech,2-6-3-1630,2019-07,measured_pilot,M2_pilot_actual,train,5725,30
caltech,2-6-3-1631,2019-07,measured_pilot,M2_pilot_actual,train,4925,17
caltech,2-6-3-1632,2019-07,measured_pilot,M2_pilot_actual,train,6706,28
caltech,2-105-277-1696,2019-08,measured_pilot,M2_pilot_actual,train,10628,36
caltech,2-105-277-1696,2019-08,measured_pilot,M2_pilot_actual,validation,2418,6
caltech,2-105-277-1697,2019-08,measured_pilot,M2_pilot_actual,train,11508,39
caltech,2-105-277-1697,2019-08,measured_pilot,M2_pilot_actual,validation,3591,11
caltech,2-105-277-1698,2019-08,measured_pilot,M2_pilot_actual,train,8338,29
caltech,2-105-277-1698,2019-08,measured_pilot,M2_pilot_actual,validation,1693,12
caltech,2-105-277-1699,2019-08,measured_pilot,M2_pilot_actual,train,12625,28
caltech,2-105-277-1699,2019-08,measured_pilot,M2_pilot_actual,validation,2846,11
caltech,2-39-123-23,2019-08,measured_pilot,M2_pilot_actual,train,7608,27
caltech,2-39-123-23,2019-08,measured_pilot,M2_pilot_actual,validation,2364,9
caltech,2-39-123-557,2019-08,measured_pilot,M2_pilot_actual,train,1016,3
caltech,2-39-123-557,2019-08,measured_pilot,M2_pilot_actual,validation,278,2
caltech,2-39-124-22,2019-08,measured_pilot,M2_pilot_actual,train,4954,24
caltech,2-39-124-22,2019-08,measured_pilot,M2_pilot_actual,validation,1687,5
caltech,2-39-124-558,2019-08,measured_pilot,M2_pilot_actual,train,394,1
caltech,2-39-124-558,2019-08,measured_pilot,M2_pilot_actual,validation,1054,2
caltech,2-39-125-21,2019-08,measured_pilot,M2_pilot_actual,train,3892,16
caltech,2-39-125-21,2019-08,measured_pilot,M2_pilot_actual,validation,1980,5
caltech,2-39-126-20,2019-08,measured_pilot,M2_pilot_actual,train,931,7
caltech,2-39-127-19,2019-08,measured_pilot,M2_pilot_actual,train,5363,16
caltech,2-39-127-19,2019-08,measured_pilot,M2_pilot_actual,validation,1867,7
caltech,2-39-128-18,2019-08,measured_pilot,M2_pilot_actual,train,2438,12
caltech,2-39-128-562,2019-08,measured_pilot,M2_pilot_actual,validation,500,1
caltech,2-39-129-17,2019-08,measured_pilot,M2_pilot_actual,train,6539,23
caltech,2-39-129-17,2019-08,measured_pilot,M2_pilot_actual,validation,2480,10
caltech,2-39-130-31,2019-08,measured_pilot,M2_pilot_actual,train,2917,11
caltech,2-39-130-31,2019-08,measured_pilot,M2_pilot_actual,validation,195,2
caltech,2-39-131-30,2019-08,measured_pilot,M2_pilot_actual,train,12025,33
caltech,2-39-131-30,2019-08,measured_pilot,M2_pilot_actual,validation,4480,11
caltech,2-39-131-565,2019-08,measured_pilot,M2_pilot_actual,train,217,1
caltech,2-39-138-29,2019-08,measured_pilot,M2_pilot_actual,train,7157,21
caltech,2-39-138-29,2019-08,measured_pilot,M2_pilot_actual,validation,903,7
caltech,2-39-138-566,2019-08,measured_pilot,M2_pilot_actual,train,68,1
caltech,2-39-139-28,2019-08,measured_pilot,M2_pilot_actual,train,13001,53
caltech,2-39-139-28,2019-08,measured_pilot,M2_pilot_actual,validation,3044,9
caltech,2-39-78-360,2019-08,measured_pilot,M2_pilot_actual,train,4289,17
caltech,2-39-78-360,2019-08,measured_pilot,M2_pilot_actual,validation,848,5
caltech,2-39-78-361,2019-08,measured_pilot,M2_pilot_actual,train,2724,11
caltech,2-39-78-361,2019-08,measured_pilot,M2_pilot_actual,validation,966,5
caltech,2-39-78-362,2019-08,measured_pilot,M2_pilot_actual,train,6254,19
caltech,2-39-78-362,2019-08,measured_pilot,M2_pilot_actual,validation,2248,5
caltech,2-39-78-363,2019-08,measured_pilot,M2_pilot_actual,train,3489,14
caltech,2-39-78-363,2019-08,measured_pilot,M2_pilot_actual,validation,1719,4
caltech,2-39-78-364,2019-08,measured_pilot,M2_pilot_actual,train,2137,9
caltech,2-39-78-364,2019-08,measured_pilot,M2_pilot_actual,validation,2094,5
caltech,2-39-78-365,2019-08,measured_pilot,M2_pilot_actual,train,6540,18
caltech,2-39-78-365,2019-08,measured_pilot,M2_pilot_actual,validation,1155,3
caltech,2-39-78-366,2019-08,measured_pilot,M2_pilot_actual,train,6691,24
caltech,2-39-78-366,2019-08,measured_pilot,M2_pilot_actual,validation,2787,7
caltech,2-39-78-367,2019-08,measured_pilot,M2_pilot_actual,train,1975,11
caltech,2-39-78-367,2019-08,measured_pilot,M2_pilot_actual,validation,1674,8
caltech,2-39-79-376,2019-08,measured_pilot,M2_pilot_actual,train,5507,16
caltech,2-39-79-376,2019-08,measured_pilot,M2_pilot_actual,validation,1437,5
caltech,2-39-79-377,2019-08,measured_pilot,M2_pilot_actual,train,8161,21
caltech,2-39-79-377,2019-08,measured_pilot,M2_pilot_actual,validation,1296,4
caltech,2-39-79-378,2019-08,measured_pilot,M2_pilot_actual,train,5414,24
caltech,2-39-79-378,2019-08,measured_pilot,M2_pilot_actual,validation,2109,6
caltech,2-39-79-379,2019-08,measured_pilot,M2_pilot_actual,train,7300,16
caltech,2-39-79-379,2019-08,measured_pilot,M2_pilot_actual,validation,2052,4
caltech,2-39-79-380,2019-08,measured_pilot,M2_pilot_actual,train,7891,20
caltech,2-39-79-380,2019-08,measured_pilot,M2_pilot_actual,validation,2606,5
caltech,2-39-79-381,2019-08,measured_pilot,M2_pilot_actual,train,4860,17
caltech,2-39-79-381,2019-08,measured_pilot,M2_pilot_actual,validation,1295,4
caltech,2-39-79-382,2019-08,measured_pilot,M2_pilot_actual,train,6989,14
caltech,2-39-79-382,2019-08,measured_pilot,M2_pilot_actual,validation,1192,4
caltech,2-39-79-383,2019-08,measured_pilot,M2_pilot_actual,train,7329,18
caltech,2-39-79-383,2019-08,measured_pilot,M2_pilot_actual,validation,3250,5
caltech,2-39-83-386,2019-08,measured_pilot,M2_pilot_actual,train,83,2
caltech,2-39-83-386,2019-08,measured_pilot,M2_pilot_actual,validation,140,2
caltech,2-39-88-24,2019-08,measured_pilot,M2_pilot_actual,train,6071,17
caltech,2-39-88-24,2019-08,measured_pilot,M2_pilot_actual,validation,1634,6
caltech,2-39-88-438,2019-08,measured_pilot,M2_pilot_actual,train,3278,5
caltech,2-39-88-438,2019-08,measured_pilot,M2_pilot_actual,validation,599,2
caltech,2-39-89-25,2019-08,measured_pilot,M2_pilot_actual,train,9768,33
caltech,2-39-89-25,2019-08,measured_pilot,M2_pilot_actual,validation,2816,7
caltech,2-39-89-439,2019-08,measured_pilot,M2_pilot_actual,train,2507,5
caltech,2-39-89-439,2019-08,measured_pilot,M2_pilot_actual,validation,713,2
caltech,2-39-90-26,2019-08,measured_pilot,M2_pilot_actual,train,4586,14
caltech,2-39-90-26,2019-08,measured_pilot,M2_pilot_actual,validation,1391,4
caltech,2-39-90-440,2019-08,measured_pilot,M2_pilot_actual,train,4563,12
caltech,2-39-90-440,2019-08,measured_pilot,M2_pilot_actual,validation,2406,5
caltech,2-39-91-437,2019-08,measured_pilot,M2_pilot_actual,train,16741,25
caltech,2-39-91-437,2019-08,measured_pilot,M2_pilot_actual,validation,2795,6
caltech,2-39-91-441,2019-08,measured_pilot,M2_pilot_actual,train,2849,8
caltech,2-39-91-441,2019-08,measured_pilot,M2_pilot_actual,validation,421,2
caltech,2-39-92-436,2019-08,measured_pilot,M2_pilot_actual,train,4955,16
caltech,2-39-92-436,2019-08,measured_pilot,M2_pilot_actual,validation,1179,3
caltech,2-39-92-442,2019-08,measured_pilot,M2_pilot_actual,train,5551,15
caltech,2-39-92-442,2019-08,measured_pilot,M2_pilot_actual,validation,2607,5
caltech,2-39-95-27,2019-08,measured_pilot,M2_pilot_actual,train,9666,22
caltech,2-39-95-27,2019-08,measured_pilot,M2_pilot_actual,validation,2025,9
caltech,2-39-95-444,2019-08,measured_pilot,M2_pilot_actual,train,2743,7
caltech,2-39-95-444,2019-08,measured_pilot,M2_pilot_actual,validation,1192,2
caltech,2-6-3-1356,2019-08,measured_pilot,M2_pilot_actual,train,7582,29
caltech,2-6-3-1356,2019-08,measured_pilot,M2_pilot_actual,validation,8502,1
caltech,2-6-3-1357,2019-08,measured_pilot,M2_pilot_actual,train,9589,29
caltech,2-6-3-1357,2019-08,measured_pilot,M2_pilot_actual,validation,2306,8
caltech,2-6-3-1359,2019-08,measured_pilot,M2_pilot_actual,train,6610,26
caltech,2-6-3-1359,2019-08,measured_pilot,M2_pilot_actual,validation,1803,11
caltech,2-6-3-1360,2019-08,measured_pilot,M2_pilot_actual,train,7600,20
caltech,2-6-3-1360,2019-08,measured_pilot,M2_pilot_actual,validation,1933,7
caltech,2-6-3-1361,2019-08,measured_pilot,M2_pilot_actual,train,14674,50
caltech,2-6-3-1361,2019-08,measured_pilot,M2_pilot_actual,validation,2751,11
caltech,2-6-3-1362,2019-08,measured_pilot,M2_pilot_actual,train,6645,17
caltech,2-6-3-1362,2019-08,measured_pilot,M2_pilot_actual,validation,1810,7
caltech,2-6-3-1363,2019-08,measured_pilot,M2_pilot_actual,train,7965,25
caltech,2-6-3-1363,2019-08,measured_pilot,M2_pilot_actual,validation,1955,6
caltech,2-6-3-1364,2019-08,measured_pilot,M2_pilot_actual,train,6632,19
caltech,2-6-3-1364,2019-08,measured_pilot,M2_pilot_actual,validation,323,2
caltech,2-6-3-1365,2019-08,measured_pilot,M2_pilot_actual,train,10774,17
caltech,2-6-3-1365,2019-08,measured_pilot,M2_pilot_actual,validation,1906,7
caltech,2-6-3-1366,2019-08,measured_pilot,M2_pilot_actual,train,9579,29
caltech,2-6-3-1366,2019-08,measured_pilot,M2_pilot_actual,validation,1930,7
caltech,2-6-3-1367,2019-08,measured_pilot,M2_pilot_actual,train,11992,45
caltech,2-6-3-1367,2019-08,measured_pilot,M2_pilot_actual,validation,3299,15
caltech,2-6-3-1368,2019-08,measured_pilot,M2_pilot_actual,train,9873,29
caltech,2-6-3-1368,2019-08,measured_pilot,M2_pilot_actual,validation,1676,3
caltech,2-6-3-1369,2019-08,measured_pilot,M2_pilot_actual,train,16203,21
caltech,2-6-3-1369,2019-08,measured_pilot,M2_pilot_actual,validation,2598,6
caltech,2-6-3-1623,2019-08,measured_pilot,M2_pilot_actual,train,8651,46
caltech,2-6-3-1623,2019-08,measured_pilot,M2_pilot_actual,validation,2702,12
caltech,2-6-3-1624,2019-08,measured_pilot,M2_pilot_actual,train,7613,37
caltech,2-6-3-1624,2019-08,measured_pilot,M2_pilot_actual,validation,2437,9
caltech,2-6-3-1625,2019-08,measured_pilot,M2_pilot_actual,train,8595,33
caltech,2-6-3-1625,2019-08,measured_pilot,M2_pilot_actual,validation,2497,10
caltech,2-6-3-1626,2019-08,measured_pilot,M2_pilot_actual,train,8264,40
caltech,2-6-3-1626,2019-08,measured_pilot,M2_pilot_actual,validation,2762,14
caltech,2-6-3-1627,2019-08,measured_pilot,M2_pilot_actual,train,7758,42
caltech,2-6-3-1627,2019-08,measured_pilot,M2_pilot_actual,validation,1291,8
caltech,2-6-3-1628,2019-08,measured_pilot,M2_pilot_actual,train,8310,51
caltech,2-6-3-1628,2019-08,measured_pilot,M2_pilot_actual,validation,999,8
caltech,2-6-3-1629,2019-08,measured_pilot,M2_pilot_actual,train,10375,48
caltech,2-6-3-1629,2019-08,measured_pilot,M2_pilot_actual,validation,1759,11
caltech,2-6-3-1630,2019-08,measured_pilot,M2_pilot_actual,train,8662,38
caltech,2-6-3-1630,2019-08,measured_pilot,M2_pilot_actual,validation,1248,10
caltech,2-6-3-1631,2019-08,measured_pilot,M2_pilot_actual,train,7792,32
caltech,2-6-3-1631,2019-08,measured_pilot,M2_pilot_actual,validation,2025,8
caltech,2-6-3-1632,2019-08,measured_pilot,M2_pilot_actual,train,7275,46
caltech,2-6-3-1632,2019-08,measured_pilot,M2_pilot_actual,validation,3053,15
caltech,2-105-277-1696,2019-09,measured_pilot,M2_pilot_actual,validation,12427,41
caltech,2-105-277-1697,2019-09,measured_pilot,M2_pilot_actual,validation,14367,44
caltech,2-105-277-1698,2019-09,measured_pilot,M2_pilot_actual,validation,13469,43
caltech,2-105-277-1699,2019-09,measured_pilot,M2_pilot_actual,validation,13943,49
caltech,2-39-123-23,2019-09,measured_pilot,M2_pilot_actual,validation,9154,31
caltech,2-39-123-557,2019-09,measured_pilot,M2_pilot_actual,validation,646,4
caltech,2-39-124-22,2019-09,measured_pilot,M2_pilot_actual,validation,5976,22
caltech,2-39-124-558,2019-09,measured_pilot,M2_pilot_actual,validation,554,1
caltech,2-39-125-21,2019-09,measured_pilot,M2_pilot_actual,validation,2966,18
caltech,2-39-126-20,2019-09,measured_pilot,M2_pilot_actual,validation,1195,7
caltech,2-39-127-19,2019-09,measured_pilot,M2_pilot_actual,validation,5834,25
caltech,2-39-127-561,2019-09,measured_pilot,M2_pilot_actual,validation,154,1
caltech,2-39-128-18,2019-09,measured_pilot,M2_pilot_actual,validation,2158,11
caltech,2-39-129-17,2019-09,measured_pilot,M2_pilot_actual,validation,9588,30
caltech,2-39-130-31,2019-09,measured_pilot,M2_pilot_actual,validation,4017,17
caltech,2-39-131-30,2019-09,measured_pilot,M2_pilot_actual,validation,13041,48
caltech,2-39-131-565,2019-09,measured_pilot,M2_pilot_actual,validation,90,1
caltech,2-39-138-29,2019-09,measured_pilot,M2_pilot_actual,validation,3288,25
caltech,2-39-138-566,2019-09,measured_pilot,M2_pilot_actual,validation,320,4
caltech,2-39-139-28,2019-09,measured_pilot,M2_pilot_actual,validation,13022,50
caltech,2-39-139-567,2019-09,measured_pilot,M2_pilot_actual,validation,95,1
caltech,2-39-78-360,2019-09,measured_pilot,M2_pilot_actual,validation,5984,20
caltech,2-39-78-361,2019-09,measured_pilot,M2_pilot_actual,validation,5769,23
caltech,2-39-78-362,2019-09,measured_pilot,M2_pilot_actual,validation,6607,21
caltech,2-39-78-363,2019-09,measured_pilot,M2_pilot_actual,validation,7784,21
caltech,2-39-78-364,2019-09,measured_pilot,M2_pilot_actual,validation,4238,11
caltech,2-39-78-365,2019-09,measured_pilot,M2_pilot_actual,validation,9315,22
caltech,2-39-78-366,2019-09,measured_pilot,M2_pilot_actual,validation,10955,26
caltech,2-39-78-367,2019-09,measured_pilot,M2_pilot_actual,validation,6461,28
caltech,2-39-79-376,2019-09,measured_pilot,M2_pilot_actual,validation,7211,18
caltech,2-39-79-377,2019-09,measured_pilot,M2_pilot_actual,validation,8112,27
caltech,2-39-79-378,2019-09,measured_pilot,M2_pilot_actual,validation,7426,20
caltech,2-39-79-379,2019-09,measured_pilot,M2_pilot_actual,validation,11109,21
caltech,2-39-79-380,2019-09,measured_pilot,M2_pilot_actual,validation,12203,18
caltech,2-39-79-381,2019-09,measured_pilot,M2_pilot_actual,validation,6769,18
caltech,2-39-79-382,2019-09,measured_pilot,M2_pilot_actual,validation,5544,14
caltech,2-39-79-383,2019-09,measured_pilot,M2_pilot_actual,validation,8889,20
caltech,2-39-83-386,2019-09,measured_pilot,M2_pilot_actual,validation,30,1
caltech,2-39-88-24,2019-09,measured_pilot,M2_pilot_actual,validation,5328,24
caltech,2-39-88-438,2019-09,measured_pilot,M2_pilot_actual,validation,4704,13
caltech,2-39-89-25,2019-09,measured_pilot,M2_pilot_actual,validation,10498,35
caltech,2-39-89-439,2019-09,measured_pilot,M2_pilot_actual,validation,1198,3
caltech,2-39-90-26,2019-09,measured_pilot,M2_pilot_actual,validation,7379,21
caltech,2-39-90-440,2019-09,measured_pilot,M2_pilot_actual,validation,7315,17
caltech,2-39-91-437,2019-09,measured_pilot,M2_pilot_actual,validation,10993,29
caltech,2-39-91-441,2019-09,measured_pilot,M2_pilot_actual,validation,7505,19
caltech,2-39-92-436,2019-09,measured_pilot,M2_pilot_actual,validation,11960,18
caltech,2-39-92-442,2019-09,measured_pilot,M2_pilot_actual,validation,8537,23
caltech,2-39-95-27,2019-09,measured_pilot,M2_pilot_actual,validation,11059,22
caltech,2-39-95-444,2019-09,measured_pilot,M2_pilot_actual,validation,5082,14
caltech,2-6-3-1356,2019-09,measured_pilot,M2_pilot_actual,validation,10572,30
caltech,2-6-3-1357,2019-09,measured_pilot,M2_pilot_actual,validation,15054,41
caltech,2-6-3-1359,2019-09,measured_pilot,M2_pilot_actual,validation,9337,34
caltech,2-6-3-1360,2019-09,measured_pilot,M2_pilot_actual,validation,12436,31
caltech,2-6-3-1361,2019-09,measured_pilot,M2_pilot_actual,validation,12262,75
caltech,2-6-3-1362,2019-09,measured_pilot,M2_pilot_actual,validation,13181,28
caltech,2-6-3-1363,2019-09,measured_pilot,M2_pilot_actual,validation,9457,31
caltech,2-6-3-1364,2019-09,measured_pilot,M2_pilot_actual,validation,5144,26
caltech,2-6-3-1365,2019-09,measured_pilot,M2_pilot_actual,validation,12319,31
caltech,2-6-3-1366,2019-09,measured_pilot,M2_pilot_actual,validation,12677,36
caltech,2-6-3-1367,2019-09,measured_pilot,M2_pilot_actual,validation,12202,56
caltech,2-6-3-1368,2019-09,measured_pilot,M2_pilot_actual,validation,12141,27
caltech,2-6-3-1369,2019-09,measured_pilot,M2_pilot_actual,validation,8687,23
caltech,2-6-3-1623,2019-09,measured_pilot,M2_pilot_actual,validation,9761,62
caltech,2-6-3-1624,2019-09,measured_pilot,M2_pilot_actual,validation,8604,44
caltech,2-6-3-1625,2019-09,measured_pilot,M2_pilot_actual,validation,11851,52
caltech,2-6-3-1626,2019-09,measured_pilot,M2_pilot_actual,validation,11122,54
caltech,2-6-3-1627,2019-09,measured_pilot,M2_pilot_actual,validation,9207,49
caltech,2-6-3-1628,2019-09,measured_pilot,M2_pilot_actual,validation,10724,62
caltech,2-6-3-1629,2019-09,measured_pilot,M2_pilot_actual,validation,13032,58
caltech,2-6-3-1630,2019-09,measured_pilot,M2_pilot_actual,validation,10465,63
caltech,2-6-3-1631,2019-09,measured_pilot,M2_pilot_actual,validation,10794,43
caltech,2-6-3-1632,2019-09,measured_pilot,M2_pilot_actual,validation,11654,55
caltech,2-105-277-1696,2019-10,measured_pilot,M2_pilot_actual,validation,25038,51
caltech,2-105-277-1697,2019-10,measured_pilot,M2_pilot_actual,validation,20985,57
caltech,2-105-277-1698,2019-10,measured_pilot,M2_pilot_actual,validation,26374,49
caltech,2-105-277-1699,2019-10,measured_pilot,M2_pilot_actual,validation,23016,68
caltech,2-39-123-23,2019-10,measured_pilot,M2_pilot_actual,validation,10765,40
caltech,2-39-123-557,2019-10,measured_pilot,M2_pilot_actual,validation,872,7
caltech,2-39-124-22,2019-10,measured_pilot,M2_pilot_actual,validation,7560,27
caltech,2-39-124-558,2019-10,measured_pilot,M2_pilot_actual,validation,570,1
caltech,2-39-125-21,2019-10,measured_pilot,M2_pilot_actual,validation,4613,16
caltech,2-39-125-559,2019-10,measured_pilot,M2_pilot_actual,validation,163,1
caltech,2-39-126-20,2019-10,measured_pilot,M2_pilot_actual,validation,1603,10
caltech,2-39-126-560,2019-10,measured_pilot,M2_pilot_actual,validation,479,1
caltech,2-39-127-19,2019-10,measured_pilot,M2_pilot_actual,validation,3789,19
caltech,2-39-128-18,2019-10,measured_pilot,M2_pilot_actual,validation,2383,14
caltech,2-39-128-562,2019-10,measured_pilot,M2_pilot_actual,validation,121,1
caltech,2-39-129-17,2019-10,measured_pilot,M2_pilot_actual,validation,7168,28
caltech,2-39-129-563,2019-10,measured_pilot,M2_pilot_actual,validation,1183,1
caltech,2-39-130-31,2019-10,measured_pilot,M2_pilot_actual,validation,6888,18
caltech,2-39-130-564,2019-10,measured_pilot,M2_pilot_actual,validation,49,1
caltech,2-39-131-30,2019-10,measured_pilot,M2_pilot_actual,validation,12294,42
caltech,2-39-131-565,2019-10,measured_pilot,M2_pilot_actual,validation,179,1
caltech,2-39-138-29,2019-10,measured_pilot,M2_pilot_actual,validation,4922,23
caltech,2-39-138-566,2019-10,measured_pilot,M2_pilot_actual,validation,151,2
caltech,2-39-139-28,2019-10,measured_pilot,M2_pilot_actual,validation,20182,53
caltech,2-39-78-360,2019-10,measured_pilot,M2_pilot_actual,validation,4838,15
caltech,2-39-78-361,2019-10,measured_pilot,M2_pilot_actual,validation,5480,24
caltech,2-39-78-362,2019-10,measured_pilot,M2_pilot_actual,validation,5599,18
caltech,2-39-78-363,2019-10,measured_pilot,M2_pilot_actual,validation,6757,27
caltech,2-39-78-364,2019-10,measured_pilot,M2_pilot_actual,validation,7176,25
caltech,2-39-78-365,2019-10,measured_pilot,M2_pilot_actual,validation,7206,24
caltech,2-39-78-366,2019-10,measured_pilot,M2_pilot_actual,validation,10644,31
caltech,2-39-78-367,2019-10,measured_pilot,M2_pilot_actual,validation,8183,30
caltech,2-39-79-376,2019-10,measured_pilot,M2_pilot_actual,validation,8667,22
caltech,2-39-79-377,2019-10,measured_pilot,M2_pilot_actual,validation,10759,25
caltech,2-39-79-378,2019-10,measured_pilot,M2_pilot_actual,validation,4935,18
caltech,2-39-79-379,2019-10,measured_pilot,M2_pilot_actual,validation,11548,30
caltech,2-39-79-380,2019-10,measured_pilot,M2_pilot_actual,validation,10768,38
caltech,2-39-79-381,2019-10,measured_pilot,M2_pilot_actual,validation,22544,11
caltech,2-39-79-382,2019-10,measured_pilot,M2_pilot_actual,validation,7909,20
caltech,2-39-79-383,2019-10,measured_pilot,M2_pilot_actual,validation,9108,25
caltech,2-39-82-384,2019-10,measured_pilot,M2_pilot_actual,validation,6,1
caltech,2-39-83-386,2019-10,measured_pilot,M2_pilot_actual,validation,512,3
caltech,2-39-88-24,2019-10,measured_pilot,M2_pilot_actual,validation,8827,29
caltech,2-39-88-438,2019-10,measured_pilot,M2_pilot_actual,validation,4385,16
caltech,2-39-89-25,2019-10,measured_pilot,M2_pilot_actual,validation,11693,34
caltech,2-39-89-439,2019-10,measured_pilot,M2_pilot_actual,validation,1970,7
caltech,2-39-90-26,2019-10,measured_pilot,M2_pilot_actual,validation,9705,32
caltech,2-39-90-440,2019-10,measured_pilot,M2_pilot_actual,validation,7467,18
caltech,2-39-91-437,2019-10,measured_pilot,M2_pilot_actual,validation,13220,34
caltech,2-39-91-441,2019-10,measured_pilot,M2_pilot_actual,validation,7878,22
caltech,2-39-92-436,2019-10,measured_pilot,M2_pilot_actual,validation,7312,26
caltech,2-39-92-442,2019-10,measured_pilot,M2_pilot_actual,validation,9098,22
caltech,2-39-95-27,2019-10,measured_pilot,M2_pilot_actual,validation,10625,32
caltech,2-39-95-444,2019-10,measured_pilot,M2_pilot_actual,validation,7346,20
caltech,2-6-3-1356,2019-10,measured_pilot,M2_pilot_actual,validation,12668,46
caltech,2-6-3-1357,2019-10,measured_pilot,M2_pilot_actual,validation,11228,28
caltech,2-6-3-1359,2019-10,measured_pilot,M2_pilot_actual,validation,11298,37
caltech,2-6-3-1360,2019-10,measured_pilot,M2_pilot_actual,validation,9320,28
caltech,2-6-3-1361,2019-10,measured_pilot,M2_pilot_actual,validation,13129,75
caltech,2-6-3-1362,2019-10,measured_pilot,M2_pilot_actual,validation,14069,32
caltech,2-6-3-1363,2019-10,measured_pilot,M2_pilot_actual,validation,13163,39
caltech,2-6-3-1364,2019-10,measured_pilot,M2_pilot_actual,validation,12334,43
caltech,2-6-3-1365,2019-10,measured_pilot,M2_pilot_actual,validation,11726,36
caltech,2-6-3-1366,2019-10,measured_pilot,M2_pilot_actual,validation,14890,40
caltech,2-6-3-1367,2019-10,measured_pilot,M2_pilot_actual,validation,14909,54
caltech,2-6-3-1368,2019-10,measured_pilot,M2_pilot_actual,validation,11198,31
caltech,2-6-3-1369,2019-10,measured_pilot,M2_pilot_actual,validation,11257,36
caltech,2-6-3-1623,2019-10,measured_pilot,M2_pilot_actual,validation,12729,64
caltech,2-6-3-1624,2019-10,measured_pilot,M2_pilot_actual,validation,8680,36
caltech,2-6-3-1625,2019-10,measured_pilot,M2_pilot_actual,validation,10576,46
caltech,2-6-3-1626,2019-10,measured_pilot,M2_pilot_actual,validation,11803,54
caltech,2-6-3-1627,2019-10,measured_pilot,M2_pilot_actual,validation,11161,56
caltech,2-6-3-1628,2019-10,measured_pilot,M2_pilot_actual,validation,14924,65
caltech,2-6-3-1629,2019-10,measured_pilot,M2_pilot_actual,validation,15814,68
caltech,2-6-3-1630,2019-10,measured_pilot,M2_pilot_actual,validation,10926,47
caltech,2-6-3-1631,2019-10,measured_pilot,M2_pilot_actual,validation,11264,62
caltech,2-6-3-1632,2019-10,measured_pilot,M2_pilot_actual,validation,11832,66
caltech,2-105-277-1696,2019-11,measured_pilot,M2_pilot_actual,validation,26977,36
caltech,2-105-277-1697,2019-11,measured_pilot,M2_pilot_actual,validation,22357,49
caltech,2-105-277-1698,2019-11,measured_pilot,M2_pilot_actual,validation,19170,58
caltech,2-105-277-1699,2019-11,measured_pilot,M2_pilot_actual,validation,21889,38
caltech,2-39-123-23,2019-11,measured_pilot,M2_pilot_actual,validation,7616,27
caltech,2-39-123-557,2019-11,measured_pilot,M2_pilot_actual,validation,3499,3
caltech,2-39-124-22,2019-11,measured_pilot,M2_pilot_actual,validation,7310,24
caltech,2-39-125-21,2019-11,measured_pilot,M2_pilot_actual,validation,1875,6
caltech,2-39-125-559,2019-11,measured_pilot,M2_pilot_actual,validation,630,2
caltech,2-39-126-20,2019-11,measured_pilot,M2_pilot_actual,validation,1459,6
caltech,2-39-127-19,2019-11,measured_pilot,M2_pilot_actual,validation,6255,22
caltech,2-39-128-18,2019-11,measured_pilot,M2_pilot_actual,validation,817,5
caltech,2-39-129-17,2019-11,measured_pilot,M2_pilot_actual,validation,6756,21
caltech,2-39-130-31,2019-11,measured_pilot,M2_pilot_actual,validation,1409,8
caltech,2-39-131-30,2019-11,measured_pilot,M2_pilot_actual,validation,11125,40
caltech,2-39-131-565,2019-11,measured_pilot,M2_pilot_actual,validation,26,1
caltech,2-39-138-29,2019-11,measured_pilot,M2_pilot_actual,validation,4050,18
caltech,2-39-138-566,2019-11,measured_pilot,M2_pilot_actual,validation,2374,2
caltech,2-39-139-28,2019-11,measured_pilot,M2_pilot_actual,validation,12772,47
caltech,2-39-139-567,2019-11,measured_pilot,M2_pilot_actual,validation,69,1
caltech,2-39-78-360,2019-11,measured_pilot,M2_pilot_actual,validation,6945,27
caltech,2-39-78-361,2019-11,measured_pilot,M2_pilot_actual,validation,5596,31
caltech,2-39-78-362,2019-11,measured_pilot,M2_pilot_actual,validation,6813,19
caltech,2-39-78-363,2019-11,measured_pilot,M2_pilot_actual,validation,5176,17
caltech,2-39-78-364,2019-11,measured_pilot,M2_pilot_actual,validation,5193,15
caltech,2-39-78-365,2019-11,measured_pilot,M2_pilot_actual,validation,8135,19
caltech,2-39-78-366,2019-11,measured_pilot,M2_pilot_actual,validation,9354,22
caltech,2-39-78-367,2019-11,measured_pilot,M2_pilot_actual,validation,6529,23
caltech,2-39-79-376,2019-11,measured_pilot,M2_pilot_actual,validation,9448,24
caltech,2-39-79-377,2019-11,measured_pilot,M2_pilot_actual,validation,8916,23
caltech,2-39-79-378,2019-11,measured_pilot,M2_pilot_actual,validation,7268,18
caltech,2-39-79-379,2019-11,measured_pilot,M2_pilot_actual,validation,7721,17
caltech,2-39-79-380,2019-11,measured_pilot,M2_pilot_actual,validation,7473,24
caltech,2-39-79-381,2019-11,measured_pilot,M2_pilot_actual,validation,5011,13
caltech,2-39-79-382,2019-11,measured_pilot,M2_pilot_actual,validation,8186,19
caltech,2-39-79-383,2019-11,measured_pilot,M2_pilot_actual,validation,6284,16
caltech,2-39-83-386,2019-11,measured_pilot,M2_pilot_actual,validation,876,5
caltech,2-39-88-24,2019-11,measured_pilot,M2_pilot_actual,validation,8302,29
caltech,2-39-88-438,2019-11,measured_pilot,M2_pilot_actual,validation,1784,6
caltech,2-39-89-25,2019-11,measured_pilot,M2_pilot_actual,validation,10813,33
caltech,2-39-89-439,2019-11,measured_pilot,M2_pilot_actual,validation,2470,7
caltech,2-39-90-26,2019-11,measured_pilot,M2_pilot_actual,validation,7696,29
caltech,2-39-90-440,2019-11,measured_pilot,M2_pilot_actual,validation,4467,14
caltech,2-39-91-437,2019-11,measured_pilot,M2_pilot_actual,validation,10143,27
caltech,2-39-91-441,2019-11,measured_pilot,M2_pilot_actual,validation,4082,17
caltech,2-39-92-436,2019-11,measured_pilot,M2_pilot_actual,validation,5525,20
caltech,2-39-92-442,2019-11,measured_pilot,M2_pilot_actual,validation,5745,17
caltech,2-39-95-27,2019-11,measured_pilot,M2_pilot_actual,validation,6558,27
caltech,2-39-95-444,2019-11,measured_pilot,M2_pilot_actual,validation,6473,18
caltech,2-6-3-1356,2019-11,measured_pilot,M2_pilot_actual,validation,14469,54
caltech,2-6-3-1357,2019-11,measured_pilot,M2_pilot_actual,validation,9100,32
caltech,2-6-3-1359,2019-11,measured_pilot,M2_pilot_actual,validation,9680,28
caltech,2-6-3-1360,2019-11,measured_pilot,M2_pilot_actual,validation,7647,29
caltech,2-6-3-1361,2019-11,measured_pilot,M2_pilot_actual,validation,13390,67
caltech,2-6-3-1362,2019-11,measured_pilot,M2_pilot_actual,validation,11457,28
caltech,2-6-3-1363,2019-11,measured_pilot,M2_pilot_actual,validation,10416,33
caltech,2-6-3-1364,2019-11,measured_pilot,M2_pilot_actual,validation,8300,24
caltech,2-6-3-1365,2019-11,measured_pilot,M2_pilot_actual,validation,10175,33
caltech,2-6-3-1366,2019-11,measured_pilot,M2_pilot_actual,validation,11974,30
caltech,2-6-3-1367,2019-11,measured_pilot,M2_pilot_actual,validation,16504,70
caltech,2-6-3-1368,2019-11,measured_pilot,M2_pilot_actual,validation,8385,29
caltech,2-6-3-1369,2019-11,measured_pilot,M2_pilot_actual,validation,12681,32
caltech,2-6-3-1623,2019-11,measured_pilot,M2_pilot_actual,validation,10427,61
caltech,2-6-3-1624,2019-11,measured_pilot,M2_pilot_actual,validation,8609,39
caltech,2-6-3-1625,2019-11,measured_pilot,M2_pilot_actual,validation,10112,44
caltech,2-6-3-1626,2019-11,measured_pilot,M2_pilot_actual,validation,15902,62
caltech,2-6-3-1627,2019-11,measured_pilot,M2_pilot_actual,validation,11186,59
caltech,2-6-3-1628,2019-11,measured_pilot,M2_pilot_actual,validation,13965,65
caltech,2-6-3-1629,2019-11,measured_pilot,M2_pilot_actual,validation,15710,83
caltech,2-6-3-1631,2019-11,measured_pilot,M2_pilot_actual,validation,15171,65
caltech,2-6-3-1632,2019-11,measured_pilot,M2_pilot_actual,validation,8648,39
caltech,2-105-277-1696,2019-12,measured_pilot,M2_pilot_actual,stress,12477,39
caltech,2-105-277-1697,2019-12,measured_pilot,M2_pilot_actual,stress,12687,35
caltech,2-105-277-1698,2019-12,measured_pilot,M2_pilot_actual,stress,13280,29
caltech,2-105-277-1699,2019-12,measured_pilot,M2_pilot_actual,stress,14338,40
caltech,2-137-440-2980,2019-12,measured_pilot,M2_pilot_actual,stress,565,1
caltech,2-137-440-2981,2019-12,measured_pilot,M2_pilot_actual,stress,1287,2
caltech,2-137-440-2983,2019-12,measured_pilot,M2_pilot_actual,stress,487,2
caltech,2-137-440-2984,2019-12,measured_pilot,M2_pilot_actual,stress,1300,3
caltech,2-137-440-2985,2019-12,measured_pilot,M2_pilot_actual,stress,114,1
caltech,2-137-440-2987,2019-12,measured_pilot,M2_pilot_actual,stress,222,1
caltech,2-137-440-2988,2019-12,measured_pilot,M2_pilot_actual,stress,1523,3
caltech,2-137-440-2990,2019-12,measured_pilot,M2_pilot_actual,stress,2804,2
caltech,2-137-440-2991,2019-12,measured_pilot,M2_pilot_actual,stress,1222,2
caltech,2-137-440-2993,2019-12,measured_pilot,M2_pilot_actual,stress,136,1
caltech,2-137-440-2994,2019-12,measured_pilot,M2_pilot_actual,stress,124,1
caltech,2-137-440-2995,2019-12,measured_pilot,M2_pilot_actual,stress,59,1
caltech,2-137-441-2999,2019-12,measured_pilot,M2_pilot_actual,stress,726,2
caltech,2-137-441-3000,2019-12,measured_pilot,M2_pilot_actual,stress,353,1
caltech,2-137-441-3001,2019-12,measured_pilot,M2_pilot_actual,stress,143,1
caltech,2-137-441-3002,2019-12,measured_pilot,M2_pilot_actual,stress,1079,2
caltech,2-137-441-3003,2019-12,measured_pilot,M2_pilot_actual,stress,1898,3
caltech,2-137-441-3004,2019-12,measured_pilot,M2_pilot_actual,stress,35,2
caltech,2-137-441-3005,2019-12,measured_pilot,M2_pilot_actual,stress,2439,4
caltech,2-137-441-3007,2019-12,measured_pilot,M2_pilot_actual,stress,715,1
caltech,2-137-441-3008,2019-12,measured_pilot,M2_pilot_actual,stress,658,2
caltech,2-137-441-3009,2019-12,measured_pilot,M2_pilot_actual,stress,473,1
caltech,2-137-441-3010,2019-12,measured_pilot,M2_pilot_actual,stress,63,1
caltech,2-137-441-3011,2019-12,measured_pilot,M2_pilot_actual,stress,328,2
caltech,2-137-441-3012,2019-12,measured_pilot,M2_pilot_actual,stress,618,2
caltech,2-137-441-3013,2019-12,measured_pilot,M2_pilot_actual,stress,309,2
caltech,2-137-441-3014,2019-12,measured_pilot,M2_pilot_actual,stress,1496,2
caltech,2-137-441-3015,2019-12,measured_pilot,M2_pilot_actual,stress,1351,7
caltech,2-137-441-3016,2019-12,measured_pilot,M2_pilot_actual,stress,1636,4
caltech,2-137-441-3017,2019-12,measured_pilot,M2_pilot_actual,stress,3021,7
caltech,2-137-441-3018,2019-12,measured_pilot,M2_pilot_actual,stress,1376,3
caltech,2-137-441-3020,2019-12,measured_pilot,M2_pilot_actual,stress,297,1
caltech,2-137-441-3022,2019-12,measured_pilot,M2_pilot_actual,stress,372,1
caltech,2-137-441-3023,2019-12,measured_pilot,M2_pilot_actual,stress,1764,6
caltech,2-39-123-23,2019-12,measured_pilot,M2_pilot_actual,stress,7410,22
caltech,2-39-123-23,2019-12,measured_pilot,M2_pilot_actual,validation,27,1
caltech,2-39-123-557,2019-12,measured_pilot,M2_pilot_actual,stress,477,1
caltech,2-39-124-22,2019-12,measured_pilot,M2_pilot_actual,stress,4322,13
caltech,2-39-125-21,2019-12,measured_pilot,M2_pilot_actual,stress,4276,21
caltech,2-39-126-20,2019-12,measured_pilot,M2_pilot_actual,stress,2304,11
caltech,2-39-126-560,2019-12,measured_pilot,M2_pilot_actual,stress,1761,3
caltech,2-39-127-19,2019-12,measured_pilot,M2_pilot_actual,stress,4245,24
caltech,2-39-127-561,2019-12,measured_pilot,M2_pilot_actual,stress,560,1
caltech,2-39-128-18,2019-12,measured_pilot,M2_pilot_actual,stress,3770,15
caltech,2-39-129-17,2019-12,measured_pilot,M2_pilot_actual,stress,6662,19
caltech,2-39-130-31,2019-12,measured_pilot,M2_pilot_actual,stress,2580,16
caltech,2-39-131-30,2019-12,measured_pilot,M2_pilot_actual,stress,11412,34
caltech,2-39-131-565,2019-12,measured_pilot,M2_pilot_actual,stress,95,1
caltech,2-39-138-29,2019-12,measured_pilot,M2_pilot_actual,stress,5878,33
caltech,2-39-139-28,2019-12,measured_pilot,M2_pilot_actual,stress,11366,45
caltech,2-39-78-360,2019-12,measured_pilot,M2_pilot_actual,stress,7518,14
caltech,2-39-78-361,2019-12,measured_pilot,M2_pilot_actual,stress,2539,10
caltech,2-39-78-362,2019-12,measured_pilot,M2_pilot_actual,stress,3656,15
caltech,2-39-78-363,2019-12,measured_pilot,M2_pilot_actual,stress,6994,15
caltech,2-39-78-364,2019-12,measured_pilot,M2_pilot_actual,stress,4794,15
caltech,2-39-78-365,2019-12,measured_pilot,M2_pilot_actual,stress,5906,17
caltech,2-39-78-366,2019-12,measured_pilot,M2_pilot_actual,stress,8367,22
caltech,2-39-78-367,2019-12,measured_pilot,M2_pilot_actual,stress,4438,14
caltech,2-39-79-376,2019-12,measured_pilot,M2_pilot_actual,stress,5600,15
caltech,2-39-79-377,2019-12,measured_pilot,M2_pilot_actual,stress,7862,19
caltech,2-39-79-378,2019-12,measured_pilot,M2_pilot_actual,stress,5704,13
caltech,2-39-79-379,2019-12,measured_pilot,M2_pilot_actual,stress,8649,18
caltech,2-39-79-380,2019-12,measured_pilot,M2_pilot_actual,stress,6052,19
caltech,2-39-79-381,2019-12,measured_pilot,M2_pilot_actual,stress,3418,13
caltech,2-39-79-382,2019-12,measured_pilot,M2_pilot_actual,stress,6044,16
caltech,2-39-79-383,2019-12,measured_pilot,M2_pilot_actual,stress,3702,11
caltech,2-39-83-386,2019-12,measured_pilot,M2_pilot_actual,stress,13,1
caltech,2-39-88-24,2019-12,measured_pilot,M2_pilot_actual,stress,2915,17
caltech,2-39-88-438,2019-12,measured_pilot,M2_pilot_actual,stress,1882,4
caltech,2-39-89-25,2019-12,measured_pilot,M2_pilot_actual,stress,8462,32
caltech,2-39-90-26,2019-12,measured_pilot,M2_pilot_actual,stress,5898,14
caltech,2-39-90-440,2019-12,measured_pilot,M2_pilot_actual,stress,2637,11
caltech,2-39-91-437,2019-12,measured_pilot,M2_pilot_actual,stress,8815,23
caltech,2-39-91-441,2019-12,measured_pilot,M2_pilot_actual,stress,2939,9
caltech,2-39-92-436,2019-12,measured_pilot,M2_pilot_actual,stress,4998,14
caltech,2-39-92-442,2019-12,measured_pilot,M2_pilot_actual,stress,3173,12
caltech,2-39-95-27,2019-12,measured_pilot,M2_pilot_actual,stress,5405,16
caltech,2-39-95-444,2019-12,measured_pilot,M2_pilot_actual,stress,2013,7
caltech,2-6-3-1356,2019-12,measured_pilot,M2_pilot_actual,stress,10972,38
caltech,2-6-3-1357,2019-12,measured_pilot,M2_pilot_actual,stress,13221,34
caltech,2-6-3-1360,2019-12,measured_pilot,M2_pilot_actual,stress,4533,15
caltech,2-6-3-1361,2019-12,measured_pilot,M2_pilot_actual,stress,12059,51
caltech,2-6-3-1361,2019-12,measured_pilot,M2_pilot_actual,validation,178,1
caltech,2-6-3-1362,2019-12,measured_pilot,M2_pilot_actual,stress,10439,28
caltech,2-6-3-1364,2019-12,measured_pilot,M2_pilot_actual,stress,8951,21
caltech,2-6-3-1365,2019-12,measured_pilot,M2_pilot_actual,stress,9559,26
caltech,2-6-3-1367,2019-12,measured_pilot,M2_pilot_actual,stress,3961,16
caltech,2-6-3-1367,2019-12,measured_pilot,M2_pilot_actual,validation,30,1
caltech,2-6-3-1368,2019-12,measured_pilot,M2_pilot_actual,stress,8203,27
caltech,2-6-3-1369,2019-12,measured_pilot,M2_pilot_actual,stress,9256,25
caltech,2-6-3-1369,2019-12,measured_pilot,M2_pilot_actual,validation,124,1
caltech,2-6-3-1623,2019-12,measured_pilot,M2_pilot_actual,stress,10703,56
caltech,2-6-3-1624,2019-12,measured_pilot,M2_pilot_actual,stress,9559,36
caltech,2-6-3-1624,2019-12,measured_pilot,M2_pilot_actual,validation,138,1
caltech,2-6-3-1625,2019-12,measured_pilot,M2_pilot_actual,stress,8639,38
caltech,2-6-3-1626,2019-12,measured_pilot,M2_pilot_actual,stress,11058,42
caltech,2-6-3-1626,2019-12,measured_pilot,M2_pilot_actual,validation,121,1
caltech,2-6-3-1627,2019-12,measured_pilot,M2_pilot_actual,stress,11418,44
caltech,2-6-3-1628,2019-12,measured_pilot,M2_pilot_actual,stress,11446,47
caltech,2-6-3-1629,2019-12,measured_pilot,M2_pilot_actual,stress,16171,64
caltech,2-6-3-1629,2019-12,measured_pilot,M2_pilot_actual,validation,12,1
caltech,2-6-3-1631,2019-12,measured_pilot,M2_pilot_actual,stress,9547,47
caltech,2-6-3-1631,2019-12,measured_pilot,M2_pilot_actual,validation,105,1
caltech,2-6-3-1632,2019-12,measured_pilot,M2_pilot_actual,stress,10830,48
caltech,2-6-3-1632,2019-12,measured_pilot,M2_pilot_actual,validation,24,1
caltech,2-105-277-1696,2020-01,measured_pilot,M2_pilot_actual,validation,13804,36
caltech,2-105-277-1697,2020-01,measured_pilot,M2_pilot_actual,validation,12885,37
caltech,2-105-277-1698,2020-01,measured_pilot,M2_pilot_actual,validation,10023,30
caltech,2-105-277-1699,2020-01,measured_pilot,M2_pilot_actual,validation,17974,37
caltech,2-137-440-2980,2020-01,measured_pilot,M2_pilot_actual,validation,1923,2
caltech,2-137-440-2981,2020-01,measured_pilot,M2_pilot_actual,validation,404,1
caltech,2-137-440-2982,2020-01,measured_pilot,M2_pilot_actual,validation,1234,2
caltech,2-137-440-2984,2020-01,measured_pilot,M2_pilot_actual,validation,12929,3
caltech,2-137-440-2985,2020-01,measured_pilot,M2_pilot_actual,validation,668,2
caltech,2-137-440-2988,2020-01,measured_pilot,M2_pilot_actual,validation,1026,2
caltech,2-137-440-2989,2020-01,measured_pilot,M2_pilot_actual,validation,1411,3
caltech,2-137-440-2990,2020-01,measured_pilot,M2_pilot_actual,validation,195,1
caltech,2-137-440-2991,2020-01,measured_pilot,M2_pilot_actual,validation,12184,21
caltech,2-137-440-2993,2020-01,measured_pilot,M2_pilot_actual,validation,878,3
caltech,2-137-440-2994,2020-01,measured_pilot,M2_pilot_actual,validation,432,1
caltech,2-137-440-2995,2020-01,measured_pilot,M2_pilot_actual,validation,925,3
caltech,2-137-440-2996,2020-01,measured_pilot,M2_pilot_actual,validation,269,1
caltech,2-137-441-2997,2020-01,measured_pilot,M2_pilot_actual,validation,386,1
caltech,2-137-441-2998,2020-01,measured_pilot,M2_pilot_actual,validation,240,1
caltech,2-137-441-2999,2020-01,measured_pilot,M2_pilot_actual,validation,1482,4
caltech,2-137-441-3001,2020-01,measured_pilot,M2_pilot_actual,validation,99,1
caltech,2-137-441-3002,2020-01,measured_pilot,M2_pilot_actual,validation,1946,5
caltech,2-137-441-3004,2020-01,measured_pilot,M2_pilot_actual,validation,3602,5
caltech,2-137-441-3005,2020-01,measured_pilot,M2_pilot_actual,stress,1267,1
caltech,2-137-441-3005,2020-01,measured_pilot,M2_pilot_actual,validation,298,2
caltech,2-137-441-3006,2020-01,measured_pilot,M2_pilot_actual,validation,549,2
caltech,2-137-441-3007,2020-01,measured_pilot,M2_pilot_actual,validation,4497,13
caltech,2-137-441-3008,2020-01,measured_pilot,M2_pilot_actual,validation,632,4
caltech,2-137-441-3009,2020-01,measured_pilot,M2_pilot_actual,validation,1380,4
caltech,2-137-441-3010,2020-01,measured_pilot,M2_pilot_actual,validation,2030,5
caltech,2-137-441-3011,2020-01,measured_pilot,M2_pilot_actual,validation,5853,5
caltech,2-137-441-3012,2020-01,measured_pilot,M2_pilot_actual,validation,3416,9
caltech,2-137-441-3013,2020-01,measured_pilot,M2_pilot_actual,validation,4954,9
caltech,2-137-441-3014,2020-01,measured_pilot,M2_pilot_actual,validation,450,2
caltech,2-137-441-3015,2020-01,measured_pilot,M2_pilot_actual,validation,1296,10
caltech,2-137-441-3016,2020-01,measured_pilot,M2_pilot_actual,validation,2257,5
caltech,2-137-441-3017,2020-01,measured_pilot,M2_pilot_actual,validation,1975,4
caltech,2-137-441-3018,2020-01,measured_pilot,M2_pilot_actual,validation,4700,11
caltech,2-137-441-3020,2020-01,measured_pilot,M2_pilot_actual,validation,911,2
caltech,2-137-441-3022,2020-01,measured_pilot,M2_pilot_actual,validation,891,2
caltech,2-137-441-3023,2020-01,measured_pilot,M2_pilot_actual,validation,1334,3
caltech,2-154-492-3386,2020-01,measured_pilot,M2_pilot_actual,validation,228,1
caltech,2-154-492-3390,2020-01,measured_pilot,M2_pilot_actual,validation,15,1
caltech,2-154-492-3391,2020-01,measured_pilot,M2_pilot_actual,validation,36,1
caltech,2-154-492-3392,2020-01,measured_pilot,M2_pilot_actual,validation,214,2
caltech,2-39-123-23,2020-01,measured_pilot,M2_pilot_actual,validation,7520,26
caltech,2-39-124-22,2020-01,measured_pilot,M2_pilot_actual,validation,4389,20
caltech,2-39-124-558,2020-01,measured_pilot,M2_pilot_actual,validation,2582,5
caltech,2-39-125-21,2020-01,measured_pilot,M2_pilot_actual,validation,7033,25
caltech,2-39-126-20,2020-01,measured_pilot,M2_pilot_actual,validation,5213,23
caltech,2-39-126-560,2020-01,measured_pilot,M2_pilot_actual,validation,736,3
caltech,2-39-127-19,2020-01,measured_pilot,M2_pilot_actual,validation,9525,35
caltech,2-39-128-18,2020-01,measured_pilot,M2_pilot_actual,validation,3767,23
caltech,2-39-128-562,2020-01,measured_pilot,M2_pilot_actual,validation,1398,3
caltech,2-39-129-17,2020-01,measured_pilot,M2_pilot_actual,validation,8998,32
caltech,2-39-129-563,2020-01,measured_pilot,M2_pilot_actual,validation,137,1
caltech,2-39-130-31,2020-01,measured_pilot,M2_pilot_actual,validation,5723,23
caltech,2-39-131-30,2020-01,measured_pilot,M2_pilot_actual,validation,10885,29
caltech,2-39-138-29,2020-01,measured_pilot,M2_pilot_actual,validation,6824,29
caltech,2-39-139-28,2020-01,measured_pilot,M2_pilot_actual,validation,12661,45
caltech,2-39-78-360,2020-01,measured_pilot,M2_pilot_actual,validation,5555,16
caltech,2-39-78-361,2020-01,measured_pilot,M2_pilot_actual,validation,4148,24
caltech,2-39-78-362,2020-01,measured_pilot,M2_pilot_actual,validation,8130,11
caltech,2-39-78-363,2020-01,measured_pilot,M2_pilot_actual,validation,6522,21
caltech,2-39-78-364,2020-01,measured_pilot,M2_pilot_actual,validation,5485,16
caltech,2-39-78-365,2020-01,measured_pilot,M2_pilot_actual,validation,8657,19
caltech,2-39-78-366,2020-01,measured_pilot,M2_pilot_actual,validation,9776,26
caltech,2-39-78-367,2020-01,measured_pilot,M2_pilot_actual,validation,5554,14
caltech,2-39-79-376,2020-01,measured_pilot,M2_pilot_actual,validation,7810,18
caltech,2-39-79-377,2020-01,measured_pilot,M2_pilot_actual,stress,141,1
caltech,2-39-79-377,2020-01,measured_pilot,M2_pilot_actual,validation,10729,29
caltech,2-39-79-378,2020-01,measured_pilot,M2_pilot_actual,validation,4948,12
caltech,2-39-79-379,2020-01,measured_pilot,M2_pilot_actual,validation,9375,21
caltech,2-39-79-380,2020-01,measured_pilot,M2_pilot_actual,validation,8515,34
caltech,2-39-79-381,2020-01,measured_pilot,M2_pilot_actual,validation,5262,14
caltech,2-39-79-382,2020-01,measured_pilot,M2_pilot_actual,validation,7845,18
caltech,2-39-79-383,2020-01,measured_pilot,M2_pilot_actual,validation,8144,20
caltech,2-39-83-386,2020-01,measured_pilot,M2_pilot_actual,validation,593,2
caltech,2-39-88-24,2020-01,measured_pilot,M2_pilot_actual,validation,4410,19
caltech,2-39-88-438,2020-01,measured_pilot,M2_pilot_actual,validation,2239,8
caltech,2-39-89-25,2020-01,measured_pilot,M2_pilot_actual,validation,11168,35
caltech,2-39-89-439,2020-01,measured_pilot,M2_pilot_actual,validation,1790,5
caltech,2-39-90-26,2020-01,measured_pilot,M2_pilot_actual,validation,5253,17
caltech,2-39-90-440,2020-01,measured_pilot,M2_pilot_actual,validation,4441,17
caltech,2-39-91-437,2020-01,measured_pilot,M2_pilot_actual,validation,9879,28
caltech,2-39-91-441,2020-01,measured_pilot,M2_pilot_actual,validation,5331,18
caltech,2-39-92-436,2020-01,measured_pilot,M2_pilot_actual,validation,6479,16
caltech,2-39-92-442,2020-01,measured_pilot,M2_pilot_actual,validation,4574,14
caltech,2-39-95-27,2020-01,measured_pilot,M2_pilot_actual,validation,8774,18
caltech,2-39-95-444,2020-01,measured_pilot,M2_pilot_actual,validation,3784,10
caltech,2-6-3-1356,2020-01,measured_pilot,M2_pilot_actual,validation,4868,15
caltech,2-6-3-1357,2020-01,measured_pilot,M2_pilot_actual,validation,8769,27
caltech,2-6-3-1361,2020-01,measured_pilot,M2_pilot_actual,validation,15133,65
caltech,2-6-3-1362,2020-01,measured_pilot,M2_pilot_actual,validation,9390,28
caltech,2-6-3-1364,2020-01,measured_pilot,M2_pilot_actual,validation,16535,34
caltech,2-6-3-1365,2020-01,measured_pilot,M2_pilot_actual,validation,11525,33
caltech,2-6-3-1368,2020-01,measured_pilot,M2_pilot_actual,validation,10465,30
caltech,2-6-3-1369,2020-01,measured_pilot,M2_pilot_actual,validation,9568,34
caltech,2-6-3-1623,2020-01,measured_pilot,M2_pilot_actual,validation,12251,51
caltech,2-6-3-1624,2020-01,measured_pilot,M2_pilot_actual,validation,9526,39
caltech,2-6-3-1625,2020-01,measured_pilot,M2_pilot_actual,validation,12150,39
caltech,2-6-3-1626,2020-01,measured_pilot,M2_pilot_actual,validation,10660,47
caltech,2-6-3-1627,2020-01,measured_pilot,M2_pilot_actual,validation,14511,55
caltech,2-6-3-1628,2020-01,measured_pilot,M2_pilot_actual,validation,12918,53
caltech,2-6-3-1629,2020-01,measured_pilot,M2_pilot_actual,stress,135,1
caltech,2-6-3-1629,2020-01,measured_pilot,M2_pilot_actual,validation,15048,63
caltech,2-6-3-1631,2020-01,measured_pilot,M2_pilot_actual,validation,14096,51
caltech,2-6-3-1632,2020-01,measured_pilot,M2_pilot_actual,validation,11066,53
caltech,2-105-277-1696,2020-02,measured_pilot,M2_pilot_actual,stress,12078,35
caltech,2-105-277-1697,2020-02,measured_pilot,M2_pilot_actual,stress,9675,36
caltech,2-105-277-1697,2020-02,measured_pilot,M2_pilot_actual,validation,130,1
caltech,2-105-277-1698,2020-02,measured_pilot,M2_pilot_actual,stress,6268,26
caltech,2-105-277-1699,2020-02,measured_pilot,M2_pilot_actual,stress,13627,34
caltech,2-137-440-2980,2020-02,measured_pilot,M2_pilot_actual,stress,7048,1
caltech,2-137-440-2981,2020-02,measured_pilot,M2_pilot_actual,stress,4380,2
caltech,2-137-440-2982,2020-02,measured_pilot,M2_pilot_actual,stress,2601,4
caltech,2-137-440-2984,2020-02,measured_pilot,M2_pilot_actual,stress,1153,2
caltech,2-137-440-2988,2020-02,measured_pilot,M2_pilot_actual,stress,268,1
caltech,2-137-440-2989,2020-02,measured_pilot,M2_pilot_actual,stress,1472,4
caltech,2-137-440-2989,2020-02,measured_pilot,M2_pilot_actual,validation,46,1
caltech,2-137-440-2990,2020-02,measured_pilot,M2_pilot_actual,stress,398,2
caltech,2-137-440-2991,2020-02,measured_pilot,M2_pilot_actual,stress,8408,16
caltech,2-137-440-2992,2020-02,measured_pilot,M2_pilot_actual,stress,612,1
caltech,2-137-440-2994,2020-02,measured_pilot,M2_pilot_actual,stress,485,1
caltech,2-137-440-2994,2020-02,measured_pilot,M2_pilot_actual,validation,134,1
caltech,2-137-440-2995,2020-02,measured_pilot,M2_pilot_actual,stress,527,1
caltech,2-137-440-2996,2020-02,measured_pilot,M2_pilot_actual,stress,16,1
caltech,2-137-441-2997,2020-02,measured_pilot,M2_pilot_actual,stress,1856,5
caltech,2-137-441-2998,2020-02,measured_pilot,M2_pilot_actual,stress,977,4
caltech,2-137-441-2999,2020-02,measured_pilot,M2_pilot_actual,stress,11280,3
caltech,2-137-441-3000,2020-02,measured_pilot,M2_pilot_actual,stress,574,3
caltech,2-137-441-3001,2020-02,measured_pilot,M2_pilot_actual,stress,1169,5
caltech,2-137-441-3002,2020-02,measured_pilot,M2_pilot_actual,stress,2033,5
caltech,2-137-441-3004,2020-02,measured_pilot,M2_pilot_actual,stress,1786,8
caltech,2-137-441-3006,2020-02,measured_pilot,M2_pilot_actual,stress,657,2
caltech,2-137-441-3007,2020-02,measured_pilot,M2_pilot_actual,stress,4455,12
caltech,2-137-441-3007,2020-02,measured_pilot,M2_pilot_actual,validation,76,1
caltech,2-137-441-3008,2020-02,measured_pilot,M2_pilot_actual,stress,3467,5
caltech,2-137-441-3009,2020-02,measured_pilot,M2_pilot_actual,stress,5099,7
caltech,2-137-441-3010,2020-02,measured_pilot,M2_pilot_actual,stress,2954,7
caltech,2-137-441-3011,2020-02,measured_pilot,M2_pilot_actual,stress,1393,4
caltech,2-137-441-3012,2020-02,measured_pilot,M2_pilot_actual,stress,3701,12
caltech,2-137-441-3013,2020-02,measured_pilot,M2_pilot_actual,stress,3472,7
caltech,2-137-441-3014,2020-02,measured_pilot,M2_pilot_actual,stress,4216,4
caltech,2-137-441-3015,2020-02,measured_pilot,M2_pilot_actual,stress,6157,13
caltech,2-137-441-3016,2020-02,measured_pilot,M2_pilot_actual,stress,2964,6
caltech,2-137-441-3017,2020-02,measured_pilot,M2_pilot_actual,stress,328,2
caltech,2-137-441-3018,2020-02,measured_pilot,M2_pilot_actual,stress,1081,3
caltech,2-137-441-3019,2020-02,measured_pilot,M2_pilot_actual,stress,4086,4
caltech,2-137-441-3020,2020-02,measured_pilot,M2_pilot_actual,stress,1134,2
caltech,2-137-441-3021,2020-02,measured_pilot,M2_pilot_actual,stress,1688,4
caltech,2-137-441-3022,2020-02,measured_pilot,M2_pilot_actual,stress,1326,3
caltech,2-137-441-3022,2020-02,measured_pilot,M2_pilot_actual,validation,290,1
caltech,2-137-441-3023,2020-02,measured_pilot,M2_pilot_actual,stress,1400,4
caltech,2-154-492-3385,2020-02,measured_pilot,M2_pilot_actual,stress,2682,6
caltech,2-154-492-3386,2020-02,measured_pilot,M2_pilot_actual,stress,7018,21
caltech,2-154-492-3387,2020-02,measured_pilot,M2_pilot_actual,stress,857,2
caltech,2-154-492-3388,2020-02,measured_pilot,M2_pilot_actual,stress,3618,9
caltech,2-154-492-3389,2020-02,measured_pilot,M2_pilot_actual,stress,1280,4
caltech,2-154-492-3390,2020-02,measured_pilot,M2_pilot_actual,stress,4135,10
caltech,2-154-492-3391,2020-02,measured_pilot,M2_pilot_actual,stress,609,2
caltech,2-154-492-3392,2020-02,measured_pilot,M2_pilot_actual,stress,542,1
caltech,2-39-123-23,2020-02,measured_pilot,M2_pilot_actual,stress,6184,23
caltech,2-39-123-557,2020-02,measured_pilot,M2_pilot_actual,stress,730,4
caltech,2-39-124-22,2020-02,measured_pilot,M2_pilot_actual,stress,4500,19
caltech,2-39-124-22,2020-02,measured_pilot,M2_pilot_actual,validation,18,1
caltech,2-39-124-558,2020-02,measured_pilot,M2_pilot_actual,stress,1120,2
caltech,2-39-125-21,2020-02,measured_pilot,M2_pilot_actual,stress,6412,19
caltech,2-39-126-20,2020-02,measured_pilot,M2_pilot_actual,stress,4421,17
caltech,2-39-126-20,2020-02,measured_pilot,M2_pilot_actual,validation,35,1
caltech,2-39-126-560,2020-02,measured_pilot,M2_pilot_actual,stress,1186,2
caltech,2-39-127-19,2020-02,measured_pilot,M2_pilot_actual,stress,7818,30
caltech,2-39-127-19,2020-02,measured_pilot,M2_pilot_actual,validation,332,1
caltech,2-39-128-18,2020-02,measured_pilot,M2_pilot_actual,stress,880,6
caltech,2-39-128-18,2020-02,measured_pilot,M2_pilot_actual,validation,118,1
caltech,2-39-128-562,2020-02,measured_pilot,M2_pilot_actual,stress,1615,4
caltech,2-39-129-17,2020-02,measured_pilot,M2_pilot_actual,stress,3373,15
caltech,2-39-130-31,2020-02,measured_pilot,M2_pilot_actual,stress,2813,13
caltech,2-39-130-564,2020-02,measured_pilot,M2_pilot_actual,stress,435,2
caltech,2-39-131-30,2020-02,measured_pilot,M2_pilot_actual,stress,6476,24
caltech,2-39-131-30,2020-02,measured_pilot,M2_pilot_actual,validation,54,1
caltech,2-39-138-29,2020-02,measured_pilot,M2_pilot_actual,stress,1648,12
caltech,2-39-139-28,2020-02,measured_pilot,M2_pilot_actual,stress,6281,34
caltech,2-39-139-28,2020-02,measured_pilot,M2_pilot_actual,validation,254,1
caltech,2-39-78-360,2020-02,measured_pilot,M2_pilot_actual,stress,5061,19
caltech,2-39-78-360,2020-02,measured_pilot,M2_pilot_actual,validation,130,1
caltech,2-39-78-361,2020-02,measured_pilot,M2_pilot_actual,stress,1942,12
caltech,2-39-78-362,2020-02,measured_pilot,M2_pilot_actual,stress,3746,13
caltech,2-39-78-363,2020-02,measured_pilot,M2_pilot_actual,stress,5371,16
caltech,2-39-78-364,2020-02,measured_pilot,M2_pilot_actual,stress,2738,8
caltech,2-39-78-364,2020-02,measured_pilot,M2_pilot_actual,validation,67,1
caltech,2-39-78-365,2020-02,measured_pilot,M2_pilot_actual,stress,6088,22
caltech,2-39-78-365,2020-02,measured_pilot,M2_pilot_actual,validation,109,1
caltech,2-39-78-366,2020-02,measured_pilot,M2_pilot_actual,stress,7285,21
caltech,2-39-78-367,2020-02,measured_pilot,M2_pilot_actual,stress,5016,20
caltech,2-39-79-376,2020-02,measured_pilot,M2_pilot_actual,stress,5663,18
caltech,2-39-79-376,2020-02,measured_pilot,M2_pilot_actual,validation,138,1
caltech,2-39-79-377,2020-02,measured_pilot,M2_pilot_actual,stress,8144,20
caltech,2-39-79-377,2020-02,measured_pilot,M2_pilot_actual,validation,78,1
caltech,2-39-79-378,2020-02,measured_pilot,M2_pilot_actual,stress,4479,11
caltech,2-39-79-379,2020-02,measured_pilot,M2_pilot_actual,stress,5055,13
caltech,2-39-79-379,2020-02,measured_pilot,M2_pilot_actual,validation,28,1
caltech,2-39-79-380,2020-02,measured_pilot,M2_pilot_actual,stress,7141,24
caltech,2-39-79-380,2020-02,measured_pilot,M2_pilot_actual,validation,73,1
caltech,2-39-79-381,2020-02,measured_pilot,M2_pilot_actual,stress,4902,11
caltech,2-39-79-382,2020-02,measured_pilot,M2_pilot_actual,stress,6122,23
caltech,2-39-79-382,2020-02,measured_pilot,M2_pilot_actual,validation,119,1
caltech,2-39-79-383,2020-02,measured_pilot,M2_pilot_actual,stress,9529,14
caltech,2-39-79-383,2020-02,measured_pilot,M2_pilot_actual,validation,949,1
caltech,2-39-83-386,2020-02,measured_pilot,M2_pilot_actual,stress,52,1
caltech,2-39-83-387,2020-02,measured_pilot,M2_pilot_actual,stress,119,1
caltech,2-39-88-24,2020-02,measured_pilot,M2_pilot_actual,stress,4134,19
caltech,2-39-88-24,2020-02,measured_pilot,M2_pilot_actual,validation,7,1
caltech,2-39-88-438,2020-02,measured_pilot,M2_pilot_actual,stress,2870,8
caltech,2-39-88-438,2020-02,measured_pilot,M2_pilot_actual,validation,37,1
caltech,2-39-89-25,2020-02,measured_pilot,M2_pilot_actual,stress,7898,23
caltech,2-39-89-25,2020-02,measured_pilot,M2_pilot_actual,validation,73,1
caltech,2-39-89-439,2020-02,measured_pilot,M2_pilot_actual,stress,2735,5
caltech,2-39-89-439,2020-02,measured_pilot,M2_pilot_actual,validation,164,1
caltech,2-39-90-26,2020-02,measured_pilot,M2_pilot_actual,stress,5947,14
caltech,2-39-90-440,2020-02,measured_pilot,M2_pilot_actual,stress,3853,11
caltech,2-39-90-440,2020-02,measured_pilot,M2_pilot_actual,validation,37,1
caltech,2-39-91-437,2020-02,measured_pilot,M2_pilot_actual,stress,9051,18
caltech,2-39-91-437,2020-02,measured_pilot,M2_pilot_actual,validation,351,1
caltech,2-39-91-441,2020-02,measured_pilot,M2_pilot_actual,stress,3950,11
caltech,2-39-91-441,2020-02,measured_pilot,M2_pilot_actual,validation,6,1
caltech,2-39-92-436,2020-02,measured_pilot,M2_pilot_actual,stress,6337,16
caltech,2-39-92-436,2020-02,measured_pilot,M2_pilot_actual,validation,196,1
caltech,2-39-92-442,2020-02,measured_pilot,M2_pilot_actual,stress,5820,15
caltech,2-39-95-27,2020-02,measured_pilot,M2_pilot_actual,stress,6802,17
caltech,2-39-95-27,2020-02,measured_pilot,M2_pilot_actual,validation,142,1
caltech,2-39-95-444,2020-02,measured_pilot,M2_pilot_actual,stress,2995,11
caltech,2-6-3-1357,2020-02,measured_pilot,M2_pilot_actual,stress,17728,32
caltech,2-6-3-1361,2020-02,measured_pilot,M2_pilot_actual,stress,15837,43
caltech,2-6-3-1361,2020-02,measured_pilot,M2_pilot_actual,validation,165,1
caltech,2-6-3-1362,2020-02,measured_pilot,M2_pilot_actual,stress,13272,23
caltech,2-6-3-1364,2020-02,measured_pilot,M2_pilot_actual,stress,13109,18
caltech,2-6-3-1365,2020-02,measured_pilot,M2_pilot_actual,stress,12303,19
caltech,2-6-3-1368,2020-02,measured_pilot,M2_pilot_actual,stress,11533,20
caltech,2-6-3-1369,2020-02,measured_pilot,M2_pilot_actual,stress,12110,21
caltech,2-6-3-1623,2020-02,measured_pilot,M2_pilot_actual,stress,12378,58
caltech,2-6-3-1623,2020-02,measured_pilot,M2_pilot_actual,validation,12,1
caltech,2-6-3-1624,2020-02,measured_pilot,M2_pilot_actual,stress,12309,37
caltech,2-6-3-1625,2020-02,measured_pilot,M2_pilot_actual,stress,12237,52
caltech,2-6-3-1625,2020-02,measured_pilot,M2_pilot_actual,validation,143,1
caltech,2-6-3-1626,2020-02,measured_pilot,M2_pilot_actual,stress,10284,48
caltech,2-6-3-1626,2020-02,measured_pilot,M2_pilot_actual,validation,126,1
caltech,2-6-3-1627,2020-02,measured_pilot,M2_pilot_actual,stress,13172,47
caltech,2-6-3-1627,2020-02,measured_pilot,M2_pilot_actual,validation,23,1
caltech,2-6-3-1628,2020-02,measured_pilot,M2_pilot_actual,stress,16002,51
caltech,2-6-3-1628,2020-02,measured_pilot,M2_pilot_actual,validation,107,1
caltech,2-6-3-1629,2020-02,measured_pilot,M2_pilot_actual,stress,9162,51
caltech,2-6-3-1631,2020-02,measured_pilot,M2_pilot_actual,stress,13042,46
caltech,2-6-3-1631,2020-02,measured_pilot,M2_pilot_actual,validation,70,1
caltech,2-6-3-1632,2020-02,measured_pilot,M2_pilot_actual,stress,14008,40
caltech,2-6-3-1632,2020-02,measured_pilot,M2_pilot_actual,validation,71,1
caltech,2-105-277-1696,2020-03,measured_pilot,M2_pilot_actual,stress,43,1
caltech,2-105-277-1696,2020-03,measured_pilot,M2_pilot_actual,validation,10349,32
caltech,2-105-277-1697,2020-03,measured_pilot,M2_pilot_actual,stress,132,1
caltech,2-105-277-1697,2020-03,measured_pilot,M2_pilot_actual,validation,8723,25
caltech,2-105-277-1698,2020-03,measured_pilot,M2_pilot_actual,validation,5499,17
caltech,2-105-277-1699,2020-03,measured_pilot,M2_pilot_actual,stress,81,1
caltech,2-105-277-1699,2020-03,measured_pilot,M2_pilot_actual,validation,7977,18
caltech,2-137-440-2980,2020-03,measured_pilot,M2_pilot_actual,validation,521,2
caltech,2-137-440-2981,2020-03,measured_pilot,M2_pilot_actual,validation,530,1
caltech,2-137-440-2982,2020-03,measured_pilot,M2_pilot_actual,validation,1509,4
caltech,2-137-440-2983,2020-03,measured_pilot,M2_pilot_actual,validation,1389,1
caltech,2-137-440-2985,2020-03,measured_pilot,M2_pilot_actual,validation,136,1
caltech,2-137-440-2986,2020-03,measured_pilot,M2_pilot_actual,validation,3951,13
caltech,2-137-440-2989,2020-03,measured_pilot,M2_pilot_actual,stress,1136,1
caltech,2-137-440-2991,2020-03,measured_pilot,M2_pilot_actual,validation,2404,4
caltech,2-137-440-2992,2020-03,measured_pilot,M2_pilot_actual,validation,58,1
caltech,2-137-440-2994,2020-03,measured_pilot,M2_pilot_actual,validation,679,3
caltech,2-137-440-2995,2020-03,measured_pilot,M2_pilot_actual,validation,1893,4
caltech,2-137-440-2996,2020-03,measured_pilot,M2_pilot_actual,validation,6478,6
caltech,2-137-441-2997,2020-03,measured_pilot,M2_pilot_actual,validation,248,1
caltech,2-137-441-2998,2020-03,measured_pilot,M2_pilot_actual,validation,5795,4
caltech,2-137-441-3001,2020-03,measured_pilot,M2_pilot_actual,validation,631,2
caltech,2-137-441-3002,2020-03,measured_pilot,M2_pilot_actual,validation,950,2
caltech,2-137-441-3003,2020-03,measured_pilot,M2_pilot_actual,validation,102,1
caltech,2-137-441-3004,2020-03,measured_pilot,M2_pilot_actual,validation,1416,7
caltech,2-137-441-3006,2020-03,measured_pilot,M2_pilot_actual,validation,692,4
caltech,2-137-441-3007,2020-03,measured_pilot,M2_pilot_actual,validation,441,2
caltech,2-137-441-3009,2020-03,measured_pilot,M2_pilot_actual,validation,760,2
caltech,2-137-441-3010,2020-03,measured_pilot,M2_pilot_actual,validation,1276,4
caltech,2-137-441-3011,2020-03,measured_pilot,M2_pilot_actual,validation,2155,5
caltech,2-137-441-3012,2020-03,measured_pilot,M2_pilot_actual,validation,2134,3
caltech,2-137-441-3013,2020-03,measured_pilot,M2_pilot_actual,validation,2994,7
caltech,2-137-441-3014,2020-03,measured_pilot,M2_pilot_actual,validation,2771,4
caltech,2-137-441-3015,2020-03,measured_pilot,M2_pilot_actual,validation,193,3
caltech,2-137-441-3016,2020-03,measured_pilot,M2_pilot_actual,stress,2964,1
caltech,2-137-441-3016,2020-03,measured_pilot,M2_pilot_actual,validation,519,2
caltech,2-137-441-3017,2020-03,measured_pilot,M2_pilot_actual,validation,2865,3
caltech,2-137-441-3018,2020-03,measured_pilot,M2_pilot_actual,validation,1341,4
caltech,2-137-441-3021,2020-03,measured_pilot,M2_pilot_actual,validation,108,1
caltech,2-137-441-3023,2020-03,measured_pilot,M2_pilot_actual,validation,631,1
caltech,2-154-492-3385,2020-03,measured_pilot,M2_pilot_actual,validation,509,2
caltech,2-154-492-3386,2020-03,measured_pilot,M2_pilot_actual,validation,5319,14
caltech,2-154-492-3387,2020-03,measured_pilot,M2_pilot_actual,validation,510,1
caltech,2-154-492-3388,2020-03,measured_pilot,M2_pilot_actual,validation,3541,10
caltech,2-154-492-3389,2020-03,measured_pilot,M2_pilot_actual,validation,678,3
caltech,2-154-492-3390,2020-03,measured_pilot,M2_pilot_actual,validation,2334,8
caltech,2-154-492-3391,2020-03,measured_pilot,M2_pilot_actual,validation,510,1
caltech,2-154-492-3392,2020-03,measured_pilot,M2_pilot_actual,validation,702,2
caltech,2-39-123-23,2020-03,measured_pilot,M2_pilot_actual,stress,31,1
caltech,2-39-123-23,2020-03,measured_pilot,M2_pilot_actual,validation,4514,16
caltech,2-39-123-557,2020-03,measured_pilot,M2_pilot_actual,validation,682,3
caltech,2-39-124-22,2020-03,measured_pilot,M2_pilot_actual,validation,1259,10
caltech,2-39-125-21,2020-03,measured_pilot,M2_pilot_actual,validation,4207,13
caltech,2-39-126-20,2020-03,measured_pilot,M2_pilot_actual,validation,2055,7
caltech,2-39-126-560,2020-03,measured_pilot,M2_pilot_actual,validation,918,2
caltech,2-39-127-19,2020-03,measured_pilot,M2_pilot_actual,stress,76,1
caltech,2-39-127-19,2020-03,measured_pilot,M2_pilot_actual,validation,4263,17
caltech,2-39-128-18,2020-03,measured_pilot,M2_pilot_actual,validation,1172,7
caltech,2-39-129-17,2020-03,measured_pilot,M2_pilot_actual,validation,2117,9
caltech,2-39-130-31,2020-03,measured_pilot,M2_pilot_actual,validation,3037,7
caltech,2-39-131-30,2020-03,measured_pilot,M2_pilot_actual,stress,137,1
caltech,2-39-131-30,2020-03,measured_pilot,M2_pilot_actual,validation,6433,13
caltech,2-39-138-29,2020-03,measured_pilot,M2_pilot_actual,validation,1186,7
caltech,2-39-139-28,2020-03,measured_pilot,M2_pilot_actual,validation,6444,30
caltech,2-39-78-360,2020-03,measured_pilot,M2_pilot_actual,validation,3048,11
caltech,2-39-78-361,2020-03,measured_pilot,M2_pilot_actual,validation,1115,2
caltech,2-39-78-362,2020-03,measured_pilot,M2_pilot_actual,validation,1757,5
caltech,2-39-78-363,2020-03,measured_pilot,M2_pilot_actual,validation,2728,10
caltech,2-39-78-364,2020-03,measured_pilot,M2_pilot_actual,validation,1179,6
caltech,2-39-78-365,2020-03,measured_pilot,M2_pilot_actual,validation,3180,9
caltech,2-39-78-366,2020-03,measured_pilot,M2_pilot_actual,validation,3706,21
caltech,2-39-78-367,2020-03,measured_pilot,M2_pilot_actual,validation,729,3
caltech,2-39-79-376,2020-03,measured_pilot,M2_pilot_actual,validation,2444,7
caltech,2-39-79-377,2020-03,measured_pilot,M2_pilot_actual,validation,2409,7
caltech,2-39-79-378,2020-03,measured_pilot,M2_pilot_actual,validation,1880,4
caltech,2-39-79-379,2020-03,measured_pilot,M2_pilot_actual,stress,46,1
caltech,2-39-79-379,2020-03,measured_pilot,M2_pilot_actual,validation,3665,9
caltech,2-39-79-380,2020-03,measured_pilot,M2_pilot_actual,validation,2944,16
caltech,2-39-79-381,2020-03,measured_pilot,M2_pilot_actual,validation,2943,7
caltech,2-39-79-382,2020-03,measured_pilot,M2_pilot_actual,validation,5492,13
caltech,2-39-79-383,2020-03,measured_pilot,M2_pilot_actual,validation,8695,12
caltech,2-39-83-386,2020-03,measured_pilot,M2_pilot_actual,validation,144,1
caltech,2-39-83-387,2020-03,measured_pilot,M2_pilot_actual,validation,194,1
caltech,2-39-88-24,2020-03,measured_pilot,M2_pilot_actual,validation,2959,9
caltech,2-39-88-438,2020-03,measured_pilot,M2_pilot_actual,validation,795,3
caltech,2-39-89-25,2020-03,measured_pilot,M2_pilot_actual,validation,4132,12
caltech,2-39-89-439,2020-03,measured_pilot,M2_pilot_actual,validation,687,2
caltech,2-39-90-26,2020-03,measured_pilot,M2_pilot_actual,validation,2578,7
caltech,2-39-90-440,2020-03,measured_pilot,M2_pilot_actual,validation,3927,10
caltech,2-39-91-437,2020-03,measured_pilot,M2_pilot_actual,validation,4612,15
caltech,2-39-91-441,2020-03,measured_pilot,M2_pilot_actual,validation,1741,7
caltech,2-39-92-436,2020-03,measured_pilot,M2_pilot_actual,validation,3287,8
caltech,2-39-92-442,2020-03,measured_pilot,M2_pilot_actual,validation,927,2
caltech,2-39-95-27,2020-03,measured_pilot,M2_pilot_actual,validation,3377,10
caltech,2-39-95-444,2020-03,measured_pilot,M2_pilot_actual,validation,1964,5
caltech,2-6-3-1357,2020-03,measured_pilot,M2_pilot_actual,stress,1642,1
caltech,2-6-3-1357,2020-03,measured_pilot,M2_pilot_actual,validation,10903,24
caltech,2-6-3-1360,2020-03,measured_pilot,M2_pilot_actual,validation,5409,15
caltech,2-6-3-1361,2020-03,measured_pilot,M2_pilot_actual,stress,1399,1
caltech,2-6-3-1361,2020-03,measured_pilot,M2_pilot_actual,validation,13932,35
caltech,2-6-3-1362,2020-03,measured_pilot,M2_pilot_actual,stress,1400,1
caltech,2-6-3-1362,2020-03,measured_pilot,M2_pilot_actual,validation,6717,15
caltech,2-6-3-1363,2020-03,measured_pilot,M2_pilot_actual,validation,7145,27
caltech,2-6-3-1364,2020-03,measured_pilot,M2_pilot_actual,stress,1399,1
caltech,2-6-3-1364,2020-03,measured_pilot,M2_pilot_actual,validation,5769,15
caltech,2-6-3-1365,2020-03,measured_pilot,M2_pilot_actual,stress,1409,1
caltech,2-6-3-1365,2020-03,measured_pilot,M2_pilot_actual,validation,8512,21
caltech,2-6-3-1368,2020-03,measured_pilot,M2_pilot_actual,stress,1399,1
caltech,2-6-3-1368,2020-03,measured_pilot,M2_pilot_actual,validation,7162,21
caltech,2-6-3-1369,2020-03,measured_pilot,M2_pilot_actual,stress,1401,1
caltech,2-6-3-1369,2020-03,measured_pilot,M2_pilot_actual,validation,3412,12
caltech,2-6-3-1623,2020-03,measured_pilot,M2_pilot_actual,validation,7443,45
caltech,2-6-3-1624,2020-03,measured_pilot,M2_pilot_actual,validation,4719,27
caltech,2-6-3-1625,2020-03,measured_pilot,M2_pilot_actual,validation,6958,31
caltech,2-6-3-1626,2020-03,measured_pilot,M2_pilot_actual,validation,8375,34
caltech,2-6-3-1627,2020-03,measured_pilot,M2_pilot_actual,validation,8660,42
caltech,2-6-3-1628,2020-03,measured_pilot,M2_pilot_actual,stress,87,1
caltech,2-6-3-1628,2020-03,measured_pilot,M2_pilot_actual,validation,10415,42
caltech,2-6-3-1629,2020-03,measured_pilot,M2_pilot_actual,validation,6622,33
caltech,2-6-3-1631,2020-03,measured_pilot,M2_pilot_actual,validation,10848,39
caltech,2-6-3-1632,2020-03,measured_pilot,M2_pilot_actual,validation,14652,45
caltech,2-105-277-1696,2020-04,measured_pilot,M2_pilot_actual,stress,1619,10
caltech,2-105-277-1697,2020-04,measured_pilot,M2_pilot_actual,stress,523,6
caltech,2-105-277-1698,2020-04,measured_pilot,M2_pilot_actual,stress,729,10
caltech,2-105-277-1699,2020-04,measured_pilot,M2_pilot_actual,stress,612,1
caltech,2-137-440-2980,2020-04,measured_pilot,M2_pilot_actual,stress,1874,1
caltech,2-137-440-2981,2020-04,measured_pilot,M2_pilot_actual,stress,3088,1
caltech,2-137-440-2982,2020-04,measured_pilot,M2_pilot_actual,stress,87,1
caltech,2-137-440-2984,2020-04,measured_pilot,M2_pilot_actual,stress,316,2
caltech,2-137-440-2985,2020-04,measured_pilot,M2_pilot_actual,stress,307,2
caltech,2-137-440-2986,2020-04,measured_pilot,M2_pilot_actual,stress,850,2
caltech,2-137-440-2991,2020-04,measured_pilot,M2_pilot_actual,stress,6248,19
caltech,2-137-440-2992,2020-04,measured_pilot,M2_pilot_actual,stress,2005,4
caltech,2-137-440-2993,2020-04,measured_pilot,M2_pilot_actual,stress,131,1
caltech,2-137-440-2995,2020-04,measured_pilot,M2_pilot_actual,stress,2777,3
caltech,2-137-440-2996,2020-04,measured_pilot,M2_pilot_actual,stress,523,1
caltech,2-137-441-2998,2020-04,measured_pilot,M2_pilot_actual,validation,32,1
caltech,2-137-441-3000,2020-04,measured_pilot,M2_pilot_actual,stress,552,3
caltech,2-137-441-3001,2020-04,measured_pilot,M2_pilot_actual,stress,416,1
caltech,2-137-441-3003,2020-04,measured_pilot,M2_pilot_actual,stress,206,1
caltech,2-137-441-3004,2020-04,measured_pilot,M2_pilot_actual,validation,123,1
caltech,2-137-441-3006,2020-04,measured_pilot,M2_pilot_actual,stress,35,1
caltech,2-137-441-3014,2020-04,measured_pilot,M2_pilot_actual,stress,2887,5
caltech,2-137-441-3015,2020-04,measured_pilot,M2_pilot_actual,stress,191,1
caltech,2-137-441-3020,2020-04,measured_pilot,M2_pilot_actual,stress,495,2
caltech,2-137-441-3021,2020-04,measured_pilot,M2_pilot_actual,stress,42,1
caltech,2-137-441-3022,2020-04,measured_pilot,M2_pilot_actual,stress,313,1
caltech,2-137-521-3843,2020-04,measured_pilot,M2_pilot_actual,stress,1633,49
caltech,2-137-521-3844,2020-04,measured_pilot,M2_pilot_actual,stress,743,21
caltech,2-137-521-3845,2020-04,measured_pilot,M2_pilot_actual,stress,1389,51
caltech,2-154-492-3386,2020-04,measured_pilot,M2_pilot_actual,stress,1630,6
caltech,2-154-492-3388,2020-04,measured_pilot,M2_pilot_actual,stress,503,2
caltech,2-154-492-3390,2020-04,measured_pilot,M2_pilot_actual,stress,185,1
caltech,2-39-123-23,2020-04,measured_pilot,M2_pilot_actual,stress,38,1
caltech,2-39-126-20,2020-04,measured_pilot,M2_pilot_actual,stress,46,3
caltech,2-39-126-560,2020-04,measured_pilot,M2_pilot_actual,stress,28,1
caltech,2-39-129-17,2020-04,measured_pilot,M2_pilot_actual,stress,926,2
caltech,2-39-129-17,2020-04,measured_pilot,M2_pilot_actual,validation,82,1
caltech,2-39-130-31,2020-04,measured_pilot,M2_pilot_actual,stress,445,1
caltech,2-39-131-30,2020-04,measured_pilot,M2_pilot_actual,stress,1134,2
caltech,2-39-138-566,2020-04,measured_pilot,M2_pilot_actual,stress,70,1
caltech,2-39-139-28,2020-04,measured_pilot,M2_pilot_actual,stress,1209,3
caltech,2-39-78-366,2020-04,measured_pilot,M2_pilot_actual,stress,28,1
caltech,2-39-79-377,2020-04,measured_pilot,M2_pilot_actual,stress,1209,1
caltech,2-39-79-378,2020-04,measured_pilot,M2_pilot_actual,stress,281,1
caltech,2-39-79-379,2020-04,measured_pilot,M2_pilot_actual,stress,32,1
caltech,2-39-83-386,2020-04,measured_pilot,M2_pilot_actual,stress,260,1
caltech,2-39-88-24,2020-04,measured_pilot,M2_pilot_actual,stress,6,1
caltech,2-39-89-25,2020-04,measured_pilot,M2_pilot_actual,stress,648,3
caltech,2-39-95-27,2020-04,measured_pilot,M2_pilot_actual,stress,195,2
caltech,2-6-3-1360,2020-04,measured_pilot,M2_pilot_actual,stress,1374,6
caltech,2-6-3-1361,2020-04,measured_pilot,M2_pilot_actual,stress,12257,32
caltech,2-6-3-1361,2020-04,measured_pilot,M2_pilot_actual,validation,227,1
caltech,2-6-3-1362,2020-04,measured_pilot,M2_pilot_actual,stress,1762,7
caltech,2-6-3-1363,2020-04,measured_pilot,M2_pilot_actual,stress,3649,12
caltech,2-6-3-1363,2020-04,measured_pilot,M2_pilot_actual,validation,67,1
caltech,2-6-3-1364,2020-04,measured_pilot,M2_pilot_actual,stress,763,2
caltech,2-6-3-1365,2020-04,measured_pilot,M2_pilot_actual,stress,761,5
caltech,2-6-3-1368,2020-04,measured_pilot,M2_pilot_actual,stress,3051,5
caltech,2-6-3-1369,2020-04,measured_pilot,M2_pilot_actual,stress,515,4
caltech,2-6-3-1623,2020-04,measured_pilot,M2_pilot_actual,stress,1957,17
caltech,2-6-3-1624,2020-04,measured_pilot,M2_pilot_actual,stress,1211,9
caltech,2-6-3-1625,2020-04,measured_pilot,M2_pilot_actual,stress,2283,15
caltech,2-6-3-1626,2020-04,measured_pilot,M2_pilot_actual,stress,790,4
caltech,2-6-3-1627,2020-04,measured_pilot,M2_pilot_actual,stress,3685,12
caltech,2-6-3-1628,2020-04,measured_pilot,M2_pilot_actual,stress,1870,9
caltech,2-6-3-1629,2020-04,measured_pilot,M2_pilot_actual,stress,5423,20
caltech,2-6-3-1629,2020-04,measured_pilot,M2_pilot_actual,validation,77,1
caltech,2-6-3-1631,2020-04,measured_pilot,M2_pilot_actual,stress,4549,14
caltech,2-6-3-1632,2020-04,measured_pilot,M2_pilot_actual,stress,9999,33
caltech,2-6-3-1632,2020-04,measured_pilot,M2_pilot_actual,validation,36,1
caltech,2-105-277-1696,2020-05,measured_pilot,M2_pilot_actual,test,1909,9
caltech,2-105-277-1696,2020-05,measured_pilot,M2_pilot_actual,validation,221,4
caltech,2-105-277-1697,2020-05,measured_pilot,M2_pilot_actual,test,1082,8
caltech,2-105-277-1697,2020-05,measured_pilot,M2_pilot_actual,validation,476,2
caltech,2-105-277-1698,2020-05,measured_pilot,M2_pilot_actual,test,513,6
caltech,2-105-277-1698,2020-05,measured_pilot,M2_pilot_actual,validation,126,3
caltech,2-105-277-1699,2020-05,measured_pilot,M2_pilot_actual,test,149,3
caltech,2-105-277-1699,2020-05,measured_pilot,M2_pilot_actual,validation,174,1
caltech,2-137-440-2980,2020-05,measured_pilot,M2_pilot_actual,stress,4018,1
caltech,2-137-440-2983,2020-05,measured_pilot,M2_pilot_actual,test,1451,2
caltech,2-137-440-2984,2020-05,measured_pilot,M2_pilot_actual,test,518,1
caltech,2-137-440-2985,2020-05,measured_pilot,M2_pilot_actual,test,464,4
caltech,2-137-440-2986,2020-05,measured_pilot,M2_pilot_actual,test,1504,7
caltech,2-137-440-2986,2020-05,measured_pilot,M2_pilot_actual,validation,1071,2
caltech,2-137-440-2987,2020-05,measured_pilot,M2_pilot_actual,test,1324,4
caltech,2-137-440-2987,2020-05,measured_pilot,M2_pilot_actual,validation,244,1
caltech,2-137-440-2988,2020-05,measured_pilot,M2_pilot_actual,test,1352,4
caltech,2-137-440-2989,2020-05,measured_pilot,M2_pilot_actual,test,6806,5
caltech,2-137-440-2989,2020-05,measured_pilot,M2_pilot_actual,validation,7965,2
caltech,2-137-440-2990,2020-05,measured_pilot,M2_pilot_actual,test,149,2
caltech,2-137-440-2990,2020-05,measured_pilot,M2_pilot_actual,validation,29,1
caltech,2-137-440-2991,2020-05,measured_pilot,M2_pilot_actual,test,3210,10
caltech,2-137-440-2991,2020-05,measured_pilot,M2_pilot_actual,validation,2045,7
caltech,2-137-440-2994,2020-05,measured_pilot,M2_pilot_actual,test,212,1
caltech,2-137-440-3985,2020-05,measured_pilot,M2_pilot_actual,test,744,3
caltech,2-137-440-3989,2020-05,measured_pilot,M2_pilot_actual,test,535,4
caltech,2-137-441-2999,2020-05,measured_pilot,M2_pilot_actual,test,125,2
caltech,2-137-441-2999,2020-05,measured_pilot,M2_pilot_actual,validation,158,1
caltech,2-137-441-3000,2020-05,measured_pilot,M2_pilot_actual,test,12346,4
caltech,2-137-441-3002,2020-05,measured_pilot,M2_pilot_actual,test,157,1
caltech,2-137-441-3002,2020-05,measured_pilot,M2_pilot_actual,validation,58,1
caltech,2-137-441-3003,2020-05,measured_pilot,M2_pilot_actual,test,2903,6
caltech,2-137-441-3004,2020-05,measured_pilot,M2_pilot_actual,test,137,1
caltech,2-137-441-3005,2020-05,measured_pilot,M2_pilot_actual,test,9733,1
caltech,2-137-441-3005,2020-05,measured_pilot,M2_pilot_actual,validation,1397,1
caltech,2-137-441-3006,2020-05,measured_pilot,M2_pilot_actual,test,112,1
caltech,2-137-441-3008,2020-05,measured_pilot,M2_pilot_actual,test,543,2
caltech,2-137-441-3009,2020-05,measured_pilot,M2_pilot_actual,test,439,1
caltech,2-137-441-3011,2020-05,measured_pilot,M2_pilot_actual,test,1381,3
caltech,2-137-441-3012,2020-05,measured_pilot,M2_pilot_actual,test,276,1
caltech,2-137-441-3014,2020-05,measured_pilot,M2_pilot_actual,stress,263,1
caltech,2-137-441-3014,2020-05,measured_pilot,M2_pilot_actual,test,2324,6
caltech,2-137-441-3014,2020-05,measured_pilot,M2_pilot_actual,validation,169,1
caltech,2-137-441-3015,2020-05,measured_pilot,M2_pilot_actual,test,2219,5
caltech,2-137-441-3015,2020-05,measured_pilot,M2_pilot_actual,validation,6836,1
caltech,2-137-441-3019,2020-05,measured_pilot,M2_pilot_actual,test,186,1
caltech,2-137-441-3020,2020-05,measured_pilot,M2_pilot_actual,test,156,1
caltech,2-137-441-3021,2020-05,measured_pilot,M2_pilot_actual,test,60,1
caltech,2-137-441-3021,2020-05,measured_pilot,M2_pilot_actual,validation,385,1
caltech,2-137-441-3022,2020-05,measured_pilot,M2_pilot_actual,test,100,1
caltech,2-137-521-3843,2020-05,measured_pilot,M2_pilot_actual,test,681,20
caltech,2-137-521-3843,2020-05,measured_pilot,M2_pilot_actual,validation,130,3
caltech,2-137-521-3844,2020-05,measured_pilot,M2_pilot_actual,test,1139,30
caltech,2-137-521-3844,2020-05,measured_pilot,M2_pilot_actual,validation,426,11
caltech,2-137-521-3845,2020-05,measured_pilot,M2_pilot_actual,test,2835,74
caltech,2-137-521-3845,2020-05,measured_pilot,M2_pilot_actual,validation,659,22
caltech,2-154-492-3386,2020-05,measured_pilot,M2_pilot_actual,test,195,1
caltech,2-154-492-3386,2020-05,measured_pilot,M2_pilot_actual,validation,260,1
caltech,2-154-492-3388,2020-05,measured_pilot,M2_pilot_actual,test,130,1
caltech,2-154-492-3391,2020-05,measured_pilot,M2_pilot_actual,validation,506,2
caltech,2-39-127-19,2020-05,measured_pilot,M2_pilot_actual,test,127,1
caltech,2-39-129-17,2020-05,measured_pilot,M2_pilot_actual,validation,4,1
caltech,2-39-130-31,2020-05,measured_pilot,M2_pilot_actual,validation,8,1
caltech,2-39-131-30,2020-05,measured_pilot,M2_pilot_actual,test,1548,2
caltech,2-39-139-28,2020-05,measured_pilot,M2_pilot_actual,test,700,4
caltech,2-39-139-28,2020-05,measured_pilot,M2_pilot_actual,validation,7,1
caltech,2-39-89-25,2020-05,measured_pilot,M2_pilot_actual,test,124,1
caltech,2-39-95-27,2020-05,measured_pilot,M2_pilot_actual,test,34,1
caltech,2-6-3-1357,2020-05,measured_pilot,M2_pilot_actual,test,383,2
caltech,2-6-3-1357,2020-05,measured_pilot,M2_pilot_actual,validation,1189,2
caltech,2-6-3-1360,2020-05,measured_pilot,M2_pilot_actual,validation,211,2
caltech,2-6-3-1361,2020-05,measured_pilot,M2_pilot_actual,stress,165,1
caltech,2-6-3-1361,2020-05,measured_pilot,M2_pilot_actual,test,5234,16
caltech,2-6-3-1361,2020-05,measured_pilot,M2_pilot_actual,validation,4051,10
caltech,2-6-3-1362,2020-05,measured_pilot,M2_pilot_actual,test,124,2
caltech,2-6-3-1362,2020-05,measured_pilot,M2_pilot_actual,validation,250,1
caltech,2-6-3-1363,2020-05,measured_pilot,M2_pilot_actual,stress,22,1
caltech,2-6-3-1363,2020-05,measured_pilot,M2_pilot_actual,test,1217,3
caltech,2-6-3-1363,2020-05,measured_pilot,M2_pilot_actual,validation,698,2
caltech,2-6-3-1364,2020-05,measured_pilot,M2_pilot_actual,validation,783,1
caltech,2-6-3-1365,2020-05,measured_pilot,M2_pilot_actual,test,142,1
caltech,2-6-3-1365,2020-05,measured_pilot,M2_pilot_actual,validation,525,3
caltech,2-6-3-1368,2020-05,measured_pilot,M2_pilot_actual,test,2527,6
caltech,2-6-3-1368,2020-05,measured_pilot,M2_pilot_actual,validation,758,2
caltech,2-6-3-1369,2020-05,measured_pilot,M2_pilot_actual,test,673,4
caltech,2-6-3-1369,2020-05,measured_pilot,M2_pilot_actual,validation,94,5
caltech,2-6-3-1623,2020-05,measured_pilot,M2_pilot_actual,test,1199,17
caltech,2-6-3-1623,2020-05,measured_pilot,M2_pilot_actual,validation,1302,12
caltech,2-6-3-1624,2020-05,measured_pilot,M2_pilot_actual,test,727,9
caltech,2-6-3-1624,2020-05,measured_pilot,M2_pilot_actual,validation,1091,5
caltech,2-6-3-1625,2020-05,measured_pilot,M2_pilot_actual,test,930,7
caltech,2-6-3-1625,2020-05,measured_pilot,M2_pilot_actual,validation,224,1
caltech,2-6-3-1626,2020-05,measured_pilot,M2_pilot_actual,test,823,7
caltech,2-6-3-1626,2020-05,measured_pilot,M2_pilot_actual,validation,446,3
caltech,2-6-3-1627,2020-05,measured_pilot,M2_pilot_actual,test,930,7
caltech,2-6-3-1627,2020-05,measured_pilot,M2_pilot_actual,validation,2435,6
caltech,2-6-3-1628,2020-05,measured_pilot,M2_pilot_actual,test,3986,14
caltech,2-6-3-1628,2020-05,measured_pilot,M2_pilot_actual,validation,2173,3
caltech,2-6-3-1629,2020-05,measured_pilot,M2_pilot_actual,test,7927,15
caltech,2-6-3-1629,2020-05,measured_pilot,M2_pilot_actual,validation,790,6
caltech,2-6-3-1631,2020-05,measured_pilot,M2_pilot_actual,stress,55,1
caltech,2-6-3-1631,2020-05,measured_pilot,M2_pilot_actual,test,3942,11
caltech,2-6-3-1631,2020-05,measured_pilot,M2_pilot_actual,validation,655,5
caltech,2-6-3-1632,2020-05,measured_pilot,M2_pilot_actual,test,7379,21
caltech,2-6-3-1632,2020-05,measured_pilot,M2_pilot_actual,validation,2434,12
caltech,2-105-277-1696,2020-06,measured_pilot,M2_pilot_actual,test,4638,27
caltech,2-105-277-1697,2020-06,measured_pilot,M2_pilot_actual,test,5148,21
caltech,2-105-277-1698,2020-06,measured_pilot,M2_pilot_actual,test,3829,22
caltech,2-105-277-1699,2020-06,measured_pilot,M2_pilot_actual,test,5254,15
caltech,2-137-440-2980,2020-06,measured_pilot,M2_pilot_actual,test,655,2
caltech,2-137-440-2982,2020-06,measured_pilot,M2_pilot_actual,test,5031,5
caltech,2-137-440-2983,2020-06,measured_pilot,M2_pilot_actual,test,216,3
caltech,2-137-440-2984,2020-06,measured_pilot,M2_pilot_actual,test,4211,6
caltech,2-137-440-2985,2020-06,measured_pilot,M2_pilot_actual,test,790,3
caltech,2-137-440-2986,2020-06,measured_pilot,M2_pilot_actual,test,5430,4
caltech,2-137-440-2987,2020-06,measured_pilot,M2_pilot_actual,test,158,1
caltech,2-137-440-2988,2020-06,measured_pilot,M2_pilot_actual,test,2929,11
caltech,2-137-440-2989,2020-06,measured_pilot,M2_pilot_actual,test,6735,7
caltech,2-137-440-2990,2020-06,measured_pilot,M2_pilot_actual,test,669,3
caltech,2-137-440-2991,2020-06,measured_pilot,M2_pilot_actual,test,3316,12
caltech,2-137-440-2992,2020-06,measured_pilot,M2_pilot_actual,test,327,2
caltech,2-137-440-2993,2020-06,measured_pilot,M2_pilot_actual,test,2167,3
caltech,2-137-440-2994,2020-06,measured_pilot,M2_pilot_actual,test,145,1
caltech,2-137-440-2995,2020-06,measured_pilot,M2_pilot_actual,test,331,2
caltech,2-137-440-2996,2020-06,measured_pilot,M2_pilot_actual,test,5919,5
caltech,2-137-440-3985,2020-06,measured_pilot,M2_pilot_actual,test,6375,18
caltech,2-137-440-3989,2020-06,measured_pilot,M2_pilot_actual,test,657,4
caltech,2-137-440-3991,2020-06,measured_pilot,M2_pilot_actual,test,2,1
caltech,2-137-440-3993,2020-06,measured_pilot,M2_pilot_actual,test,803,2
caltech,2-137-441-2997,2020-06,measured_pilot,M2_pilot_actual,test,904,2
caltech,2-137-441-2998,2020-06,measured_pilot,M2_pilot_actual,test,811,2
caltech,2-137-441-2999,2020-06,measured_pilot,M2_pilot_actual,test,5460,6
caltech,2-137-441-3000,2020-06,measured_pilot,M2_pilot_actual,test,10768,9
caltech,2-137-441-3001,2020-06,measured_pilot,M2_pilot_actual,test,13050,6
caltech,2-137-441-3002,2020-06,measured_pilot,M2_pilot_actual,test,2385,3
caltech,2-137-441-3003,2020-06,measured_pilot,M2_pilot_actual,test,4545,6
caltech,2-137-441-3004,2020-06,measured_pilot,M2_pilot_actual,test,2646,7
caltech,2-137-441-3005,2020-06,measured_pilot,M2_pilot_actual,test,1034,2
caltech,2-137-441-3006,2020-06,measured_pilot,M2_pilot_actual,test,4015,9
caltech,2-137-441-3008,2020-06,measured_pilot,M2_pilot_actual,test,1462,4
caltech,2-137-441-3009,2020-06,measured_pilot,M2_pilot_actual,test,4186,4
caltech,2-137-441-3010,2020-06,measured_pilot,M2_pilot_actual,test,472,1
caltech,2-137-441-3011,2020-06,measured_pilot,M2_pilot_actual,test,1307,3
caltech,2-137-441-3012,2020-06,measured_pilot,M2_pilot_actual,test,2758,2
caltech,2-137-441-3013,2020-06,measured_pilot,M2_pilot_actual,test,1127,3
caltech,2-137-441-3014,2020-06,measured_pilot,M2_pilot_actual,test,11736,6
caltech,2-137-441-3015,2020-06,measured_pilot,M2_pilot_actual,test,1013,5
caltech,2-137-441-3016,2020-06,measured_pilot,M2_pilot_actual,test,1858,6
caltech,2-137-441-3017,2020-06,measured_pilot,M2_pilot_actual,test,1214,6
caltech,2-137-441-3018,2020-06,measured_pilot,M2_pilot_actual,test,3256,7
caltech,2-137-441-3019,2020-06,measured_pilot,M2_pilot_actual,test,1284,5
caltech,2-137-441-3020,2020-06,measured_pilot,M2_pilot_actual,test,1248,3
caltech,2-137-441-3021,2020-06,measured_pilot,M2_pilot_actual,test,2090,5
caltech,2-137-441-3022,2020-06,measured_pilot,M2_pilot_actual,test,1572,5
caltech,2-137-441-3023,2020-06,measured_pilot,M2_pilot_actual,test,1364,4
caltech,2-137-521-3843,2020-06,measured_pilot,M2_pilot_actual,test,1331,37
caltech,2-137-521-3844,2020-06,measured_pilot,M2_pilot_actual,test,2513,52
caltech,2-137-521-3845,2020-06,measured_pilot,M2_pilot_actual,test,2859,94
caltech,2-154-492-3386,2020-06,measured_pilot,M2_pilot_actual,test,611,3
caltech,2-154-492-3389,2020-06,measured_pilot,M2_pilot_actual,test,238,1
caltech,2-154-492-3390,2020-06,measured_pilot,M2_pilot_actual,test,434,2
caltech,2-154-492-3391,2020-06,measured_pilot,M2_pilot_actual,test,213,1
caltech,2-39-124-22,2020-06,measured_pilot,M2_pilot_actual,test,54,1
caltech,2-39-125-21,2020-06,measured_pilot,M2_pilot_actual,test,153,4
caltech,2-39-126-20,2020-06,measured_pilot,M2_pilot_actual,test,48,1
caltech,2-39-127-19,2020-06,measured_pilot,M2_pilot_actual,test,108,2
caltech,2-39-129-17,2020-06,measured_pilot,M2_pilot_actual,test,1227,4
caltech,2-39-130-31,2020-06,measured_pilot,M2_pilot_actual,test,412,2
caltech,2-39-131-30,2020-06,measured_pilot,M2_pilot_actual,test,162,3
caltech,2-39-138-29,2020-06,measured_pilot,M2_pilot_actual,test,1041,3
caltech,2-39-139-28,2020-06,measured_pilot,M2_pilot_actual,test,1235,5
caltech,2-39-78-365,2020-06,measured_pilot,M2_pilot_actual,test,440,1
caltech,2-39-79-377,2020-06,measured_pilot,M2_pilot_actual,test,343,1
caltech,2-39-79-380,2020-06,measured_pilot,M2_pilot_actual,test,191,1
caltech,2-39-79-382,2020-06,measured_pilot,M2_pilot_actual,test,782,2
caltech,2-39-89-25,2020-06,measured_pilot,M2_pilot_actual,test,890,4
caltech,2-39-89-439,2020-06,measured_pilot,M2_pilot_actual,test,511,1
caltech,2-39-91-441,2020-06,measured_pilot,M2_pilot_actual,test,334,1
caltech,2-39-92-436,2020-06,measured_pilot,M2_pilot_actual,test,171,1
caltech,2-6-3-1357,2020-06,measured_pilot,M2_pilot_actual,test,3007,14
caltech,2-6-3-1360,2020-06,measured_pilot,M2_pilot_actual,test,2382,4
caltech,2-6-3-1361,2020-06,measured_pilot,M2_pilot_actual,test,7347,24
caltech,2-6-3-1362,2020-06,measured_pilot,M2_pilot_actual,test,3994,10
caltech,2-6-3-1363,2020-06,measured_pilot,M2_pilot_actual,test,1563,7
caltech,2-6-3-1364,2020-06,measured_pilot,M2_pilot_actual,test,1590,10
caltech,2-6-3-1365,2020-06,measured_pilot,M2_pilot_actual,test,2035,7
caltech,2-6-3-1368,2020-06,measured_pilot,M2_pilot_actual,test,937,4
caltech,2-6-3-1369,2020-06,measured_pilot,M2_pilot_actual,test,1481,8
caltech,2-6-3-1623,2020-06,measured_pilot,M2_pilot_actual,test,6414,32
caltech,2-6-3-1624,2020-06,measured_pilot,M2_pilot_actual,test,1643,17
caltech,2-6-3-1625,2020-06,measured_pilot,M2_pilot_actual,test,1279,5
caltech,2-6-3-1626,2020-06,measured_pilot,M2_pilot_actual,test,4032,14
caltech,2-6-3-1627,2020-06,measured_pilot,M2_pilot_actual,test,7997,15
caltech,2-6-3-1628,2020-06,measured_pilot,M2_pilot_actual,test,3878,16
caltech,2-6-3-1629,2020-06,measured_pilot,M2_pilot_actual,test,10831,30
caltech,2-6-3-1631,2020-06,measured_pilot,M2_pilot_actual,test,7789,27
caltech,2-6-3-1632,2020-06,measured_pilot,M2_pilot_actual,test,7801,32
caltech,2-105-277-1696,2020-07,measured_pilot,M2_pilot_actual,test,7000,35
caltech,2-105-277-1697,2020-07,measured_pilot,M2_pilot_actual,test,3621,17
caltech,2-105-277-1698,2020-07,measured_pilot,M2_pilot_actual,test,8014,22
caltech,2-105-277-1699,2020-07,measured_pilot,M2_pilot_actual,test,13589,34
caltech,2-137-440-2980,2020-07,measured_pilot,M2_pilot_actual,test,252,2
caltech,2-137-440-2981,2020-07,measured_pilot,M2_pilot_actual,test,720,3
caltech,2-137-440-2982,2020-07,measured_pilot,M2_pilot_actual,test,2328,3
caltech,2-137-440-2983,2020-07,measured_pilot,M2_pilot_actual,test,198,1
caltech,2-137-440-2984,2020-07,measured_pilot,M2_pilot_actual,test,16897,5
caltech,2-137-440-2985,2020-07,measured_pilot,M2_pilot_actual,test,734,4
caltech,2-137-440-2986,2020-07,measured_pilot,M2_pilot_actual,test,901,3
caltech,2-137-440-2988,2020-07,measured_pilot,M2_pilot_actual,test,6862,7
caltech,2-137-440-2989,2020-07,measured_pilot,M2_pilot_actual,test,1114,4
caltech,2-137-440-2990,2020-07,measured_pilot,M2_pilot_actual,test,5255,2
caltech,2-137-440-2991,2020-07,measured_pilot,M2_pilot_actual,test,1006,3
caltech,2-137-440-2993,2020-07,measured_pilot,M2_pilot_actual,test,3618,20
caltech,2-137-440-2994,2020-07,measured_pilot,M2_pilot_actual,test,3338,8
caltech,2-137-440-2995,2020-07,measured_pilot,M2_pilot_actual,test,605,3
caltech,2-137-440-2996,2020-07,measured_pilot,M2_pilot_actual,test,657,3
caltech,2-137-440-3971,2020-07,measured_pilot,M2_pilot_actual,test,506,1
caltech,2-137-440-3985,2020-07,measured_pilot,M2_pilot_actual,test,12055,28
caltech,2-137-440-3986,2020-07,measured_pilot,M2_pilot_actual,test,206,1
caltech,2-137-440-3987,2020-07,measured_pilot,M2_pilot_actual,test,1507,7
caltech,2-137-440-3988,2020-07,measured_pilot,M2_pilot_actual,test,630,3
caltech,2-137-440-3989,2020-07,measured_pilot,M2_pilot_actual,test,9495,18
caltech,2-137-440-3990,2020-07,measured_pilot,M2_pilot_actual,test,3073,4
caltech,2-137-440-3991,2020-07,measured_pilot,M2_pilot_actual,test,10629,13
caltech,2-137-440-3992,2020-07,measured_pilot,M2_pilot_actual,test,1529,1
caltech,2-137-440-3993,2020-07,measured_pilot,M2_pilot_actual,test,16289,20
caltech,2-137-441-2999,2020-07,measured_pilot,M2_pilot_actual,test,7502,6
caltech,2-137-441-3000,2020-07,measured_pilot,M2_pilot_actual,test,2876,4
caltech,2-137-441-3001,2020-07,measured_pilot,M2_pilot_actual,test,1288,3
caltech,2-137-441-3002,2020-07,measured_pilot,M2_pilot_actual,test,1365,5
caltech,2-137-441-3003,2020-07,measured_pilot,M2_pilot_actual,test,1149,5
caltech,2-137-441-3004,2020-07,measured_pilot,M2_pilot_actual,test,1222,6
caltech,2-137-441-3005,2020-07,measured_pilot,M2_pilot_actual,test,480,3
caltech,2-137-441-3006,2020-07,measured_pilot,M2_pilot_actual,test,4151,7
caltech,2-137-441-3008,2020-07,measured_pilot,M2_pilot_actual,test,1577,7
caltech,2-137-441-3009,2020-07,measured_pilot,M2_pilot_actual,test,1199,5
caltech,2-137-441-3010,2020-07,measured_pilot,M2_pilot_actual,test,818,2
caltech,2-137-441-3011,2020-07,measured_pilot,M2_pilot_actual,test,70,1
caltech,2-137-441-3012,2020-07,measured_pilot,M2_pilot_actual,test,2947,2
caltech,2-137-441-3013,2020-07,measured_pilot,M2_pilot_actual,test,1718,6
caltech,2-137-441-3014,2020-07,measured_pilot,M2_pilot_actual,test,745,5
caltech,2-137-441-3015,2020-07,measured_pilot,M2_pilot_actual,test,1195,7
caltech,2-137-441-3016,2020-07,measured_pilot,M2_pilot_actual,test,1397,3
caltech,2-137-441-3017,2020-07,measured_pilot,M2_pilot_actual,test,1525,6
caltech,2-137-441-3018,2020-07,measured_pilot,M2_pilot_actual,test,3951,6
caltech,2-137-441-3019,2020-07,measured_pilot,M2_pilot_actual,test,1552,4
caltech,2-137-441-3020,2020-07,measured_pilot,M2_pilot_actual,test,3570,7
caltech,2-137-441-3021,2020-07,measured_pilot,M2_pilot_actual,test,2584,5
caltech,2-137-441-3022,2020-07,measured_pilot,M2_pilot_actual,test,1590,5
caltech,2-137-441-3023,2020-07,measured_pilot,M2_pilot_actual,test,2432,6
caltech,2-137-521-3843,2020-07,measured_pilot,M2_pilot_actual,test,3211,102
caltech,2-137-521-3844,2020-07,measured_pilot,M2_pilot_actual,test,2874,71
caltech,2-137-521-3845,2020-07,measured_pilot,M2_pilot_actual,test,4810,132
caltech,2-154-492-3386,2020-07,measured_pilot,M2_pilot_actual,test,1776,4
caltech,2-154-492-3390,2020-07,measured_pilot,M2_pilot_actual,test,271,2
caltech,2-154-492-3391,2020-07,measured_pilot,M2_pilot_actual,test,164,1
caltech,2-39-125-21,2020-07,measured_pilot,M2_pilot_actual,test,314,6
caltech,2-39-130-31,2020-07,measured_pilot,M2_pilot_actual,test,325,3
caltech,2-39-131-30,2020-07,measured_pilot,M2_pilot_actual,test,2146,3
caltech,2-39-138-29,2020-07,measured_pilot,M2_pilot_actual,test,742,2
caltech,2-39-139-28,2020-07,measured_pilot,M2_pilot_actual,test,23,1
caltech,2-39-78-361,2020-07,measured_pilot,M2_pilot_actual,test,52,1
caltech,2-39-79-377,2020-07,measured_pilot,M2_pilot_actual,test,614,1
caltech,2-39-79-379,2020-07,measured_pilot,M2_pilot_actual,test,437,3
caltech,2-39-79-380,2020-07,measured_pilot,M2_pilot_actual,test,333,4
caltech,2-39-79-381,2020-07,measured_pilot,M2_pilot_actual,test,389,1
caltech,2-39-89-25,2020-07,measured_pilot,M2_pilot_actual,test,177,1
caltech,2-39-91-437,2020-07,measured_pilot,M2_pilot_actual,test,1458,4
caltech,2-39-91-441,2020-07,measured_pilot,M2_pilot_actual,test,494,2
caltech,2-39-95-27,2020-07,measured_pilot,M2_pilot_actual,test,68,1
caltech,2-6-3-1357,2020-07,measured_pilot,M2_pilot_actual,test,1465,6
caltech,2-6-3-1360,2020-07,measured_pilot,M2_pilot_actual,test,1012,4
caltech,2-6-3-1361,2020-07,measured_pilot,M2_pilot_actual,test,11298,26
caltech,2-6-3-1362,2020-07,measured_pilot,M2_pilot_actual,test,7495,11
caltech,2-6-3-1363,2020-07,measured_pilot,M2_pilot_actual,test,6710,18
caltech,2-6-3-1364,2020-07,measured_pilot,M2_pilot_actual,test,2213,11
caltech,2-6-3-1365,2020-07,measured_pilot,M2_pilot_actual,test,1875,6
caltech,2-6-3-1368,2020-07,measured_pilot,M2_pilot_actual,test,2615,8
caltech,2-6-3-1369,2020-07,measured_pilot,M2_pilot_actual,test,1389,6
caltech,2-6-3-1623,2020-07,measured_pilot,M2_pilot_actual,test,3309,27
caltech,2-6-3-1624,2020-07,measured_pilot,M2_pilot_actual,test,3205,34
caltech,2-6-3-1625,2020-07,measured_pilot,M2_pilot_actual,test,1598,11
caltech,2-6-3-1626,2020-07,measured_pilot,M2_pilot_actual,test,8913,20
caltech,2-6-3-1627,2020-07,measured_pilot,M2_pilot_actual,test,3250,14
caltech,2-6-3-1628,2020-07,measured_pilot,M2_pilot_actual,test,16719,31
caltech,2-6-3-1629,2020-07,measured_pilot,M2_pilot_actual,test,11821,41
caltech,2-6-3-1631,2020-07,measured_pilot,M2_pilot_actual,test,6050,26
caltech,2-6-3-1632,2020-07,measured_pilot,M2_pilot_actual,test,10889,54
caltech,2-105-277-1696,2020-08,measured_pilot,M2_pilot_actual,test,5157,33
caltech,2-105-277-1697,2020-08,measured_pilot,M2_pilot_actual,test,4546,19
caltech,2-105-277-1698,2020-08,measured_pilot,M2_pilot_actual,test,14540,24
caltech,2-105-277-1699,2020-08,measured_pilot,M2_pilot_actual,test,11180,31
caltech,2-137-440-2980,2020-08,measured_pilot,M2_pilot_actual,test,851,2
caltech,2-137-440-2981,2020-08,measured_pilot,M2_pilot_actual,test,1033,3
caltech,2-137-440-2982,2020-08,measured_pilot,M2_pilot_actual,test,735,2
caltech,2-137-440-2983,2020-08,measured_pilot,M2_pilot_actual,test,212,1
caltech,2-137-440-2984,2020-08,measured_pilot,M2_pilot_actual,test,8625,8
caltech,2-137-440-2986,2020-08,measured_pilot,M2_pilot_actual,test,959,3
caltech,2-137-440-2988,2020-08,measured_pilot,M2_pilot_actual,test,2818,6
caltech,2-137-440-2989,2020-08,measured_pilot,M2_pilot_actual,test,981,1
caltech,2-137-440-2990,2020-08,measured_pilot,M2_pilot_actual,test,6634,1
caltech,2-137-440-2991,2020-08,measured_pilot,M2_pilot_actual,test,4254,8
caltech,2-137-440-2992,2020-08,measured_pilot,M2_pilot_actual,test,348,1
caltech,2-137-440-2993,2020-08,measured_pilot,M2_pilot_actual,test,1777,17
caltech,2-137-440-2994,2020-08,measured_pilot,M2_pilot_actual,test,848,3
caltech,2-137-440-2995,2020-08,measured_pilot,M2_pilot_actual,test,1148,5
caltech,2-137-440-2996,2020-08,measured_pilot,M2_pilot_actual,test,1764,5
caltech,2-137-440-3985,2020-08,measured_pilot,M2_pilot_actual,test,10415,17
caltech,2-137-440-3986,2020-08,measured_pilot,M2_pilot_actual,test,5955,10
caltech,2-137-440-3987,2020-08,measured_pilot,M2_pilot_actual,test,4233,9
caltech,2-137-440-3988,2020-08,measured_pilot,M2_pilot_actual,test,11910,13
caltech,2-137-440-3989,2020-08,measured_pilot,M2_pilot_actual,test,5533,7
caltech,2-137-440-3990,2020-08,measured_pilot,M2_pilot_actual,test,6829,6
caltech,2-137-440-3991,2020-08,measured_pilot,M2_pilot_actual,test,8290,12
caltech,2-137-440-3992,2020-08,measured_pilot,M2_pilot_actual,test,13820,11
caltech,2-137-440-3993,2020-08,measured_pilot,M2_pilot_actual,test,12442,13
caltech,2-137-441-2997,2020-08,measured_pilot,M2_pilot_actual,test,140,2
caltech,2-137-441-2999,2020-08,measured_pilot,M2_pilot_actual,test,549,2
caltech,2-137-441-3000,2020-08,measured_pilot,M2_pilot_actual,test,534,2
caltech,2-137-441-3002,2020-08,measured_pilot,M2_pilot_actual,test,1004,3
caltech,2-137-441-3003,2020-08,measured_pilot,M2_pilot_actual,test,202,4
caltech,2-137-441-3004,2020-08,measured_pilot,M2_pilot_actual,test,1446,15
caltech,2-137-441-3005,2020-08,measured_pilot,M2_pilot_actual,test,3046,6
caltech,2-137-441-3006,2020-08,measured_pilot,M2_pilot_actual,test,1177,8
caltech,2-137-441-3007,2020-08,measured_pilot,M2_pilot_actual,test,11,1
caltech,2-137-441-3008,2020-08,measured_pilot,M2_pilot_actual,test,412,2
caltech,2-137-441-3009,2020-08,measured_pilot,M2_pilot_actual,test,173,1
caltech,2-137-441-3010,2020-08,measured_pilot,M2_pilot_actual,test,65,1
caltech,2-137-441-3011,2020-08,measured_pilot,M2_pilot_actual,test,146,2
caltech,2-137-441-3012,2020-08,measured_pilot,M2_pilot_actual,test,500,1
caltech,2-137-441-3013,2020-08,measured_pilot,M2_pilot_actual,test,509,1
caltech,2-137-441-3014,2020-08,measured_pilot,M2_pilot_actual,test,126,3
caltech,2-137-441-3015,2020-08,measured_pilot,M2_pilot_actual,test,13,2
caltech,2-137-441-3016,2020-08,measured_pilot,M2_pilot_actual,test,2983,9
caltech,2-137-441-3017,2020-08,measured_pilot,M2_pilot_actual,test,1017,3
caltech,2-137-441-3018,2020-08,measured_pilot,M2_pilot_actual,test,2766,5
caltech,2-137-441-3019,2020-08,measured_pilot,M2_pilot_actual,test,450,1
caltech,2-137-441-3020,2020-08,measured_pilot,M2_pilot_actual,test,1168,4
caltech,2-137-441-3021,2020-08,measured_pilot,M2_pilot_actual,test,764,2
caltech,2-137-441-3022,2020-08,measured_pilot,M2_pilot_actual,test,2195,7
caltech,2-137-441-3023,2020-08,measured_pilot,M2_pilot_actual,test,395,2
caltech,2-137-521-3842,2020-08,measured_pilot,M2_pilot_actual,test,73,3
caltech,2-137-521-3843,2020-08,measured_pilot,M2_pilot_actual,test,2496,58
caltech,2-137-521-3844,2020-08,measured_pilot,M2_pilot_actual,test,3233,92
caltech,2-137-521-3845,2020-08,measured_pilot,M2_pilot_actual,test,3740,116
caltech,2-154-492-3386,2020-08,measured_pilot,M2_pilot_actual,test,2696,7
caltech,2-154-492-3389,2020-08,measured_pilot,M2_pilot_actual,test,464,1
caltech,2-154-492-3390,2020-08,measured_pilot,M2_pilot_actual,test,1179,4
caltech,2-154-492-3391,2020-08,measured_pilot,M2_pilot_actual,test,488,1
caltech,2-39-124-22,2020-08,measured_pilot,M2_pilot_actual,test,26,1
caltech,2-39-125-21,2020-08,measured_pilot,M2_pilot_actual,test,501,10
caltech,2-39-127-19,2020-08,measured_pilot,M2_pilot_actual,test,1116,6
caltech,2-39-128-18,2020-08,measured_pilot,M2_pilot_actual,test,1311,5
caltech,2-39-129-17,2020-08,measured_pilot,M2_pilot_actual,test,198,4
caltech,2-39-130-31,2020-08,measured_pilot,M2_pilot_actual,test,592,3
caltech,2-39-131-30,2020-08,measured_pilot,M2_pilot_actual,test,4528,12
caltech,2-39-138-29,2020-08,measured_pilot,M2_pilot_actual,test,40,1
caltech,2-39-139-28,2020-08,measured_pilot,M2_pilot_actual,test,839,7
caltech,2-39-78-361,2020-08,measured_pilot,M2_pilot_actual,test,62,1
caltech,2-39-79-377,2020-08,measured_pilot,M2_pilot_actual,test,1624,3
caltech,2-39-79-378,2020-08,measured_pilot,M2_pilot_actual,test,137,1
caltech,2-39-79-379,2020-08,measured_pilot,M2_pilot_actual,test,58,1
caltech,2-39-79-380,2020-08,measured_pilot,M2_pilot_actual,test,1178,7
caltech,2-39-83-386,2020-08,measured_pilot,M2_pilot_actual,test,394,6
caltech,2-39-89-25,2020-08,measured_pilot,M2_pilot_actual,test,63,1
caltech,2-39-91-437,2020-08,measured_pilot,M2_pilot_actual,test,668,5
caltech,2-39-95-27,2020-08,measured_pilot,M2_pilot_actual,test,33,1
caltech,2-6-3-1356,2020-08,measured_pilot,M2_pilot_actual,test,2114,2
caltech,2-6-3-1357,2020-08,measured_pilot,M2_pilot_actual,test,1842,5
caltech,2-6-3-1360,2020-08,measured_pilot,M2_pilot_actual,test,2235,9
caltech,2-6-3-1361,2020-08,measured_pilot,M2_pilot_actual,test,6942,19
caltech,2-6-3-1362,2020-08,measured_pilot,M2_pilot_actual,test,4289,15
caltech,2-6-3-1363,2020-08,measured_pilot,M2_pilot_actual,test,3926,11
caltech,2-6-3-1364,2020-08,measured_pilot,M2_pilot_actual,test,5426,13
caltech,2-6-3-1365,2020-08,measured_pilot,M2_pilot_actual,test,1235,8
caltech,2-6-3-1366,2020-08,measured_pilot,M2_pilot_actual,test,928,3
caltech,2-6-3-1368,2020-08,measured_pilot,M2_pilot_actual,test,2171,13
caltech,2-6-3-1369,2020-08,measured_pilot,M2_pilot_actual,test,2529,9
caltech,2-6-3-1623,2020-08,measured_pilot,M2_pilot_actual,test,3924,20
caltech,2-6-3-1624,2020-08,measured_pilot,M2_pilot_actual,test,808,9
caltech,2-6-3-1625,2020-08,measured_pilot,M2_pilot_actual,test,4917,9
caltech,2-6-3-1626,2020-08,measured_pilot,M2_pilot_actual,test,4585,17
caltech,2-6-3-1627,2020-08,measured_pilot,M2_pilot_actual,test,3144,22
caltech,2-6-3-1628,2020-08,measured_pilot,M2_pilot_actual,test,6068,29
caltech,2-6-3-1629,2020-08,measured_pilot,M2_pilot_actual,test,8693,27
caltech,2-6-3-1631,2020-08,measured_pilot,M2_pilot_actual,test,11501,30
caltech,2-6-3-1632,2020-08,measured_pilot,M2_pilot_actual,test,12834,42
caltech,2-6-3-4515,2020-08,measured_pilot,M2_pilot_actual,test,1260,12
caltech,2-105-277-1696,2020-09,measured_pilot,M2_pilot_actual,test,8353,32
caltech,2-105-277-1697,2020-09,measured_pilot,M2_pilot_actual,test,9416,27
caltech,2-105-277-1698,2020-09,measured_pilot,M2_pilot_actual,test,4166,15
caltech,2-105-277-1699,2020-09,measured_pilot,M2_pilot_actual,test,18123,39
caltech,2-137-440-2980,2020-09,measured_pilot,M2_pilot_actual,test,2525,10
caltech,2-137-440-2981,2020-09,measured_pilot,M2_pilot_actual,test,420,2
caltech,2-137-440-2982,2020-09,measured_pilot,M2_pilot_actual,test,824,2
caltech,2-137-440-2983,2020-09,measured_pilot,M2_pilot_actual,test,1456,4
caltech,2-137-440-2984,2020-09,measured_pilot,M2_pilot_actual,test,7390,9
caltech,2-137-440-2986,2020-09,measured_pilot,M2_pilot_actual,test,212,9
caltech,2-137-440-2987,2020-09,measured_pilot,M2_pilot_actual,test,86,1
caltech,2-137-440-2988,2020-09,measured_pilot,M2_pilot_actual,test,5140,10
caltech,2-137-440-2989,2020-09,measured_pilot,M2_pilot_actual,test,611,4
caltech,2-137-440-2990,2020-09,measured_pilot,M2_pilot_actual,test,3402,10
caltech,2-137-440-2991,2020-09,measured_pilot,M2_pilot_actual,test,1486,3
caltech,2-137-440-2993,2020-09,measured_pilot,M2_pilot_actual,test,1556,12
caltech,2-137-440-2994,2020-09,measured_pilot,M2_pilot_actual,test,198,2
caltech,2-137-440-2995,2020-09,measured_pilot,M2_pilot_actual,test,802,5
caltech,2-137-440-2996,2020-09,measured_pilot,M2_pilot_actual,test,159,2
caltech,2-137-440-3985,2020-09,measured_pilot,M2_pilot_actual,test,15120,23
caltech,2-137-440-3986,2020-09,measured_pilot,M2_pilot_actual,test,3691,9
caltech,2-137-440-3987,2020-09,measured_pilot,M2_pilot_actual,test,5876,20
caltech,2-137-440-3988,2020-09,measured_pilot,M2_pilot_actual,test,7487,18
caltech,2-137-440-3989,2020-09,measured_pilot,M2_pilot_actual,test,5206,19
caltech,2-137-440-3990,2020-09,measured_pilot,M2_pilot_actual,test,10243,10
caltech,2-137-440-3991,2020-09,measured_pilot,M2_pilot_actual,test,6027,12
caltech,2-137-440-3992,2020-09,measured_pilot,M2_pilot_actual,test,4453,11
caltech,2-137-440-3993,2020-09,measured_pilot,M2_pilot_actual,test,6618,14
caltech,2-137-441-2997,2020-09,measured_pilot,M2_pilot_actual,test,41,1
caltech,2-137-441-2998,2020-09,measured_pilot,M2_pilot_actual,test,49,1
caltech,2-137-441-2999,2020-09,measured_pilot,M2_pilot_actual,test,7080,3
caltech,2-137-441-3000,2020-09,measured_pilot,M2_pilot_actual,test,6693,3
caltech,2-137-441-3001,2020-09,measured_pilot,M2_pilot_actual,test,5508,1
caltech,2-137-441-3002,2020-09,measured_pilot,M2_pilot_actual,test,3553,8
caltech,2-137-441-3003,2020-09,measured_pilot,M2_pilot_actual,test,604,15
caltech,2-137-441-3004,2020-09,measured_pilot,M2_pilot_actual,test,5262,12
caltech,2-137-441-3005,2020-09,measured_pilot,M2_pilot_actual,test,3038,11
caltech,2-137-441-3006,2020-09,measured_pilot,M2_pilot_actual,test,200,5
caltech,2-137-441-3008,2020-09,measured_pilot,M2_pilot_actual,test,2156,9
caltech,2-137-441-3009,2020-09,measured_pilot,M2_pilot_actual,test,1609,5
caltech,2-137-441-3010,2020-09,measured_pilot,M2_pilot_actual,test,95,1
caltech,2-137-441-3011,2020-09,measured_pilot,M2_pilot_actual,test,8269,4
caltech,2-137-441-3012,2020-09,measured_pilot,M2_pilot_actual,test,137,1
caltech,2-137-441-3014,2020-09,measured_pilot,M2_pilot_actual,test,1638,17
caltech,2-137-441-3015,2020-09,measured_pilot,M2_pilot_actual,test,7203,16
caltech,2-137-441-3016,2020-09,measured_pilot,M2_pilot_actual,test,1141,5
caltech,2-137-441-3017,2020-09,measured_pilot,M2_pilot_actual,test,535,2
caltech,2-137-441-3018,2020-09,measured_pilot,M2_pilot_actual,test,5664,1
caltech,2-137-441-3019,2020-09,measured_pilot,M2_pilot_actual,test,4079,3
caltech,2-137-441-3020,2020-09,measured_pilot,M2_pilot_actual,test,68,1
caltech,2-137-441-3021,2020-09,measured_pilot,M2_pilot_actual,test,1479,1
caltech,2-137-441-3022,2020-09,measured_pilot,M2_pilot_actual,test,72,1
caltech,2-137-441-3023,2020-09,measured_pilot,M2_pilot_actual,test,1115,3
caltech,2-137-521-3842,2020-09,measured_pilot,M2_pilot_actual,test,17129,23
caltech,2-137-521-3843,2020-09,measured_pilot,M2_pilot_actual,test,4866,71
caltech,2-137-521-3844,2020-09,measured_pilot,M2_pilot_actual,test,5277,77
caltech,2-137-521-3845,2020-09,measured_pilot,M2_pilot_actual,test,7571,170
caltech,2-154-492-3385,2020-09,measured_pilot,M2_pilot_actual,test,2208,9
caltech,2-154-492-3386,2020-09,measured_pilot,M2_pilot_actual,test,1852,6
caltech,2-154-492-3389,2020-09,measured_pilot,M2_pilot_actual,test,270,1
caltech,2-154-492-3390,2020-09,measured_pilot,M2_pilot_actual,test,922,4
caltech,2-154-492-3391,2020-09,measured_pilot,M2_pilot_actual,test,182,1
caltech,2-39-125-21,2020-09,measured_pilot,M2_pilot_actual,test,401,9
caltech,2-39-127-19,2020-09,measured_pilot,M2_pilot_actual,test,719,2
caltech,2-39-128-18,2020-09,measured_pilot,M2_pilot_actual,test,12,1
caltech,2-39-129-17,2020-09,measured_pilot,M2_pilot_actual,test,1614,5
caltech,2-39-130-31,2020-09,measured_pilot,M2_pilot_actual,test,495,1
caltech,2-39-131-30,2020-09,measured_pilot,M2_pilot_actual,test,3102,5
caltech,2-39-138-29,2020-09,measured_pilot,M2_pilot_actual,test,718,2
caltech,2-39-78-360,2020-09,measured_pilot,M2_pilot_actual,test,18,1
caltech,2-39-78-362,2020-09,measured_pilot,M2_pilot_actual,test,68,1
caltech,2-39-78-363,2020-09,measured_pilot,M2_pilot_actual,test,50,2
caltech,2-39-78-364,2020-09,measured_pilot,M2_pilot_actual,test,63,2
caltech,2-39-78-365,2020-09,measured_pilot,M2_pilot_actual,test,4181,14
caltech,2-39-78-366,2020-09,measured_pilot,M2_pilot_actual,test,792,5
caltech,2-39-78-367,2020-09,measured_pilot,M2_pilot_actual,test,63,2
caltech,2-39-79-376,2020-09,measured_pilot,M2_pilot_actual,test,20,3
caltech,2-39-79-377,2020-09,measured_pilot,M2_pilot_actual,test,516,2
caltech,2-39-79-378,2020-09,measured_pilot,M2_pilot_actual,test,680,2
caltech,2-39-79-379,2020-09,measured_pilot,M2_pilot_actual,test,89,1
caltech,2-39-79-380,2020-09,measured_pilot,M2_pilot_actual,test,1452,7
caltech,2-39-79-381,2020-09,measured_pilot,M2_pilot_actual,test,531,2
caltech,2-39-79-383,2020-09,measured_pilot,M2_pilot_actual,test,189,1
caltech,2-39-81-4550,2020-09,measured_pilot,M2_pilot_actual,test,2527,20
caltech,2-39-83-386,2020-09,measured_pilot,M2_pilot_actual,test,199,3
caltech,2-39-89-25,2020-09,measured_pilot,M2_pilot_actual,test,295,2
caltech,2-39-90-26,2020-09,measured_pilot,M2_pilot_actual,test,621,3
caltech,2-39-91-437,2020-09,measured_pilot,M2_pilot_actual,test,296,2
caltech,2-39-92-442,2020-09,measured_pilot,M2_pilot_actual,test,1447,1
caltech,2-6-3-1356,2020-09,measured_pilot,M2_pilot_actual,test,708,5
caltech,2-6-3-1357,2020-09,measured_pilot,M2_pilot_actual,test,2058,8
caltech,2-6-3-1360,2020-09,measured_pilot,M2_pilot_actual,test,1323,6
caltech,2-6-3-1361,2020-09,measured_pilot,M2_pilot_actual,test,11206,30
caltech,2-6-3-1362,2020-09,measured_pilot,M2_pilot_actual,test,4738,18
caltech,2-6-3-1363,2020-09,measured_pilot,M2_pilot_actual,test,3179,7
caltech,2-6-3-1364,2020-09,measured_pilot,M2_pilot_actual,test,10184,20
caltech,2-6-3-1365,2020-09,measured_pilot,M2_pilot_actual,test,2097,11
caltech,2-6-3-1366,2020-09,measured_pilot,M2_pilot_actual,test,472,4
caltech,2-6-3-1368,2020-09,measured_pilot,M2_pilot_actual,test,1414,7
caltech,2-6-3-1369,2020-09,measured_pilot,M2_pilot_actual,test,543,6
caltech,2-6-3-1624,2020-09,measured_pilot,M2_pilot_actual,test,5421,20
caltech,2-6-3-1625,2020-09,measured_pilot,M2_pilot_actual,test,10668,28
caltech,2-6-3-1626,2020-09,measured_pilot,M2_pilot_actual,test,1880,10
caltech,2-6-3-1627,2020-09,measured_pilot,M2_pilot_actual,test,5973,21
caltech,2-6-3-1628,2020-09,measured_pilot,M2_pilot_actual,test,11259,20
caltech,2-6-3-1629,2020-09,measured_pilot,M2_pilot_actual,test,14076,25
caltech,2-6-3-1630,2020-09,measured_pilot,M2_pilot_actual,test,5638,8
caltech,2-6-3-1631,2020-09,measured_pilot,M2_pilot_actual,test,5026,13
caltech,2-6-3-1632,2020-09,measured_pilot,M2_pilot_actual,test,10339,28
caltech,2-6-3-4515,2020-09,measured_pilot,M2_pilot_actual,test,4090,42
caltech,2-6-65-4549,2020-09,measured_pilot,M2_pilot_actual,test,5545,102
caltech,2-105-277-1696,2020-10,measured_pilot,M2_pilot_actual,test,14044,32
caltech,2-105-277-1697,2020-10,measured_pilot,M2_pilot_actual,test,8911,36
caltech,2-105-277-1698,2020-10,measured_pilot,M2_pilot_actual,test,9732,36
caltech,2-105-277-1699,2020-10,measured_pilot,M2_pilot_actual,test,16573,44
caltech,2-137-440-2980,2020-10,measured_pilot,M2_pilot_actual,test,666,3
caltech,2-137-440-2981,2020-10,measured_pilot,M2_pilot_actual,test,1581,1
caltech,2-137-440-2983,2020-10,measured_pilot,M2_pilot_actual,test,6,1
caltech,2-137-440-2984,2020-10,measured_pilot,M2_pilot_actual,test,10390,8
caltech,2-137-440-2985,2020-10,measured_pilot,M2_pilot_actual,test,9,1
caltech,2-137-440-2986,2020-10,measured_pilot,M2_pilot_actual,test,268,3
caltech,2-137-440-2988,2020-10,measured_pilot,M2_pilot_actual,test,2257,8
caltech,2-137-440-2989,2020-10,measured_pilot,M2_pilot_actual,test,5833,15
caltech,2-137-440-2990,2020-10,measured_pilot,M2_pilot_actual,test,2389,8
caltech,2-137-440-2991,2020-10,measured_pilot,M2_pilot_actual,test,1408,2
caltech,2-137-440-2992,2020-10,measured_pilot,M2_pilot_actual,test,1428,3
caltech,2-137-440-2993,2020-10,measured_pilot,M2_pilot_actual,test,1383,13
caltech,2-137-440-2994,2020-10,measured_pilot,M2_pilot_actual,test,60,1
caltech,2-137-440-2995,2020-10,measured_pilot,M2_pilot_actual,test,335,4
caltech,2-137-440-2996,2020-10,measured_pilot,M2_pilot_actual,test,152,1
caltech,2-137-440-3985,2020-10,measured_pilot,M2_pilot_actual,test,10451,20
caltech,2-137-440-3986,2020-10,measured_pilot,M2_pilot_actual,test,2829,7
caltech,2-137-440-3987,2020-10,measured_pilot,M2_pilot_actual,test,8493,15
caltech,2-137-440-3988,2020-10,measured_pilot,M2_pilot_actual,test,6786,10
caltech,2-137-440-3989,2020-10,measured_pilot,M2_pilot_actual,test,10074,16
caltech,2-137-440-3990,2020-10,measured_pilot,M2_pilot_actual,test,5453,9
caltech,2-137-440-3991,2020-10,measured_pilot,M2_pilot_actual,test,7012,19
caltech,2-137-440-3992,2020-10,measured_pilot,M2_pilot_actual,test,5066,14
caltech,2-137-440-3993,2020-10,measured_pilot,M2_pilot_actual,test,7252,21
caltech,2-137-441-2999,2020-10,measured_pilot,M2_pilot_actual,test,10003,2
caltech,2-137-441-3000,2020-10,measured_pilot,M2_pilot_actual,test,143,3
caltech,2-137-441-3002,2020-10,measured_pilot,M2_pilot_actual,test,4795,2
caltech,2-137-441-3003,2020-10,measured_pilot,M2_pilot_actual,test,771,14
caltech,2-137-441-3004,2020-10,measured_pilot,M2_pilot_actual,test,4834,14
caltech,2-137-441-3005,2020-10,measured_pilot,M2_pilot_actual,test,236,3
caltech,2-137-441-3006,2020-10,measured_pilot,M2_pilot_actual,test,19560,6
caltech,2-137-441-3008,2020-10,measured_pilot,M2_pilot_actual,test,1520,4
caltech,2-137-441-3009,2020-10,measured_pilot,M2_pilot_actual,test,358,2
caltech,2-137-441-3014,2020-10,measured_pilot,M2_pilot_actual,test,2240,11
caltech,2-137-441-3015,2020-10,measured_pilot,M2_pilot_actual,test,9893,11
caltech,2-137-441-3016,2020-10,measured_pilot,M2_pilot_actual,test,467,2
caltech,2-137-441-3017,2020-10,measured_pilot,M2_pilot_actual,test,10818,4
caltech,2-137-441-3018,2020-10,measured_pilot,M2_pilot_actual,test,465,1
caltech,2-137-441-3020,2020-10,measured_pilot,M2_pilot_actual,test,17,1
caltech,2-137-441-3021,2020-10,measured_pilot,M2_pilot_actual,test,198,4
caltech,2-137-441-3022,2020-10,measured_pilot,M2_pilot_actual,test,109,2
caltech,2-137-441-3023,2020-10,measured_pilot,M2_pilot_actual,test,896,4
caltech,2-137-521-3842,2020-10,measured_pilot,M2_pilot_actual,test,28348,70
caltech,2-137-521-3843,2020-10,measured_pilot,M2_pilot_actual,test,13055,71
caltech,2-137-521-3844,2020-10,measured_pilot,M2_pilot_actual,test,5432,56
caltech,2-137-521-3845,2020-10,measured_pilot,M2_pilot_actual,test,5400,157
caltech,2-154-492-3385,2020-10,measured_pilot,M2_pilot_actual,test,3377,17
caltech,2-154-492-3386,2020-10,measured_pilot,M2_pilot_actual,test,1489,5
caltech,2-154-492-3389,2020-10,measured_pilot,M2_pilot_actual,test,488,1
caltech,2-154-492-3390,2020-10,measured_pilot,M2_pilot_actual,test,513,2
caltech,2-154-492-3391,2020-10,measured_pilot,M2_pilot_actual,test,256,1
caltech,2-39-125-21,2020-10,measured_pilot,M2_pilot_actual,test,437,8
caltech,2-39-127-19,2020-10,measured_pilot,M2_pilot_actual,test,1343,2
caltech,2-39-129-17,2020-10,measured_pilot,M2_pilot_actual,test,911,2
caltech,2-39-130-31,2020-10,measured_pilot,M2_pilot_actual,test,1283,2
caltech,2-39-131-30,2020-10,measured_pilot,M2_pilot_actual,test,250,1
caltech,2-39-138-29,2020-10,measured_pilot,M2_pilot_actual,test,122,1
caltech,2-39-139-28,2020-10,measured_pilot,M2_pilot_actual,test,42,1
caltech,2-39-78-363,2020-10,measured_pilot,M2_pilot_actual,test,54,1
caltech,2-39-78-365,2020-10,measured_pilot,M2_pilot_actual,test,2364,8
caltech,2-39-78-366,2020-10,measured_pilot,M2_pilot_actual,test,659,1
caltech,2-39-79-379,2020-10,measured_pilot,M2_pilot_actual,test,785,4
caltech,2-39-79-380,2020-10,measured_pilot,M2_pilot_actual,test,461,2
caltech,2-39-79-381,2020-10,measured_pilot,M2_pilot_actual,test,716,3
caltech,2-39-81-4550,2020-10,measured_pilot,M2_pilot_actual,test,6990,77
caltech,2-39-88-24,2020-10,measured_pilot,M2_pilot_actual,test,732,1
caltech,2-39-89-25,2020-10,measured_pilot,M2_pilot_actual,test,112,2
caltech,2-39-91-437,2020-10,measured_pilot,M2_pilot_actual,test,282,1
caltech,2-6-3-1356,2020-10,measured_pilot,M2_pilot_actual,test,3509,13
caltech,2-6-3-1357,2020-10,measured_pilot,M2_pilot_actual,test,1228,7
caltech,2-6-3-1358,2020-10,measured_pilot,M2_pilot_actual,test,24,1
caltech,2-6-3-1359,2020-10,measured_pilot,M2_pilot_actual,test,4407,12
caltech,2-6-3-1360,2020-10,measured_pilot,M2_pilot_actual,test,2090,9
caltech,2-6-3-1361,2020-10,measured_pilot,M2_pilot_actual,test,12144,31
caltech,2-6-3-1362,2020-10,measured_pilot,M2_pilot_actual,test,6263,23
caltech,2-6-3-1363,2020-10,measured_pilot,M2_pilot_actual,test,5601,15
caltech,2-6-3-1364,2020-10,measured_pilot,M2_pilot_actual,test,12721,26
caltech,2-6-3-1365,2020-10,measured_pilot,M2_pilot_actual,test,738,5
caltech,2-6-3-1366,2020-10,measured_pilot,M2_pilot_actual,test,1010,4
caltech,2-6-3-1368,2020-10,measured_pilot,M2_pilot_actual,test,3066,8
caltech,2-6-3-1369,2020-10,measured_pilot,M2_pilot_actual,test,2482,6
caltech,2-6-3-1624,2020-10,measured_pilot,M2_pilot_actual,test,4074,17
caltech,2-6-3-1625,2020-10,measured_pilot,M2_pilot_actual,test,8343,30
caltech,2-6-3-1626,2020-10,measured_pilot,M2_pilot_actual,test,2249,16
caltech,2-6-3-1627,2020-10,measured_pilot,M2_pilot_actual,test,7280,38
caltech,2-6-3-1628,2020-10,measured_pilot,M2_pilot_actual,test,8513,23
caltech,2-6-3-1629,2020-10,measured_pilot,M2_pilot_actual,test,13089,30
caltech,2-6-3-1630,2020-10,measured_pilot,M2_pilot_actual,test,5681,21
caltech,2-6-3-1631,2020-10,measured_pilot,M2_pilot_actual,test,10339,41
caltech,2-6-3-1632,2020-10,measured_pilot,M2_pilot_actual,test,978,6
caltech,2-6-3-4515,2020-10,measured_pilot,M2_pilot_actual,test,2405,30
caltech,2-6-65-4549,2020-10,measured_pilot,M2_pilot_actual,test,4304,54
caltech,2-105-277-1696,2020-11,measured_pilot,M2_pilot_actual,test,10297,33
caltech,2-105-277-1697,2020-11,measured_pilot,M2_pilot_actual,test,12859,26
caltech,2-105-277-1698,2020-11,measured_pilot,M2_pilot_actual,test,14377,31
caltech,2-105-277-1699,2020-11,measured_pilot,M2_pilot_actual,test,6285,15
caltech,2-137-440-2981,2020-11,measured_pilot,M2_pilot_actual,test,659,2
caltech,2-137-440-2982,2020-11,measured_pilot,M2_pilot_actual,test,226,2
caltech,2-137-440-2983,2020-11,measured_pilot,M2_pilot_actual,test,76,1
caltech,2-137-440-2984,2020-11,measured_pilot,M2_pilot_actual,test,485,5
caltech,2-137-440-2986,2020-11,measured_pilot,M2_pilot_actual,test,55,1
caltech,2-137-440-2987,2020-11,measured_pilot,M2_pilot_actual,test,77,1
caltech,2-137-440-2988,2020-11,measured_pilot,M2_pilot_actual,test,480,1
caltech,2-137-440-2989,2020-11,measured_pilot,M2_pilot_actual,test,3191,10
caltech,2-137-440-2990,2020-11,measured_pilot,M2_pilot_actual,test,3919,11
caltech,2-137-440-2992,2020-11,measured_pilot,M2_pilot_actual,test,1857,4
caltech,2-137-440-2993,2020-11,measured_pilot,M2_pilot_actual,test,726,8
caltech,2-137-440-2994,2020-11,measured_pilot,M2_pilot_actual,test,626,6
caltech,2-137-440-2995,2020-11,measured_pilot,M2_pilot_actual,test,11485,6
caltech,2-137-440-2996,2020-11,measured_pilot,M2_pilot_actual,test,147,1
caltech,2-137-440-3985,2020-11,measured_pilot,M2_pilot_actual,test,4148,15
caltech,2-137-440-3986,2020-11,measured_pilot,M2_pilot_actual,test,2474,3
caltech,2-137-440-3987,2020-11,measured_pilot,M2_pilot_actual,test,13680,17
caltech,2-137-440-3988,2020-11,measured_pilot,M2_pilot_actual,test,4360,7
caltech,2-137-440-3989,2020-11,measured_pilot,M2_pilot_actual,test,7312,27
caltech,2-137-440-3990,2020-11,measured_pilot,M2_pilot_actual,test,447,2
caltech,2-137-440-3991,2020-11,measured_pilot,M2_pilot_actual,test,9166,20
caltech,2-137-440-3992,2020-11,measured_pilot,M2_pilot_actual,test,1610,11
caltech,2-137-440-3993,2020-11,measured_pilot,M2_pilot_actual,test,4573,24
caltech,2-137-441-2997,2020-11,measured_pilot,M2_pilot_actual,test,219,1
caltech,2-137-441-2999,2020-11,measured_pilot,M2_pilot_actual,test,1208,1
caltech,2-137-441-3000,2020-11,measured_pilot,M2_pilot_actual,test,1797,4
caltech,2-137-441-3001,2020-11,measured_pilot,M2_pilot_actual,test,45,2
caltech,2-137-441-3002,2020-11,measured_pilot,M2_pilot_actual,test,10123,2
caltech,2-137-441-3003,2020-11,measured_pilot,M2_pilot_actual,test,384,13
caltech,2-137-441-3004,2020-11,measured_pilot,M2_pilot_actual,test,1374,16
caltech,2-137-441-3005,2020-11,measured_pilot,M2_pilot_actual,test,367,5
caltech,2-137-441-3006,2020-11,measured_pilot,M2_pilot_actual,test,12141,8
caltech,2-137-441-3007,2020-11,measured_pilot,M2_pilot_actual,test,286,3
caltech,2-137-441-3009,2020-11,measured_pilot,M2_pilot_actual,test,447,3
caltech,2-137-441-3014,2020-11,measured_pilot,M2_pilot_actual,test,795,9
caltech,2-137-441-3015,2020-11,measured_pilot,M2_pilot_actual,test,8038,12
caltech,2-137-441-3016,2020-11,measured_pilot,M2_pilot_actual,test,159,1
caltech,2-137-441-3017,2020-11,measured_pilot,M2_pilot_actual,test,701,4
caltech,2-137-441-3018,2020-11,measured_pilot,M2_pilot_actual,test,10450,3
caltech,2-137-441-3019,2020-11,measured_pilot,M2_pilot_actual,test,368,2
caltech,2-137-441-3022,2020-11,measured_pilot,M2_pilot_actual,test,156,2
caltech,2-137-441-3023,2020-11,measured_pilot,M2_pilot_actual,test,8241,4
caltech,2-137-521-3842,2020-11,measured_pilot,M2_pilot_actual,test,16247,101
caltech,2-137-521-3843,2020-11,measured_pilot,M2_pilot_actual,test,20880,96
caltech,2-137-521-3844,2020-11,measured_pilot,M2_pilot_actual,test,5136,40
caltech,2-137-521-3845,2020-11,measured_pilot,M2_pilot_actual,test,25543,34
caltech,2-154-492-3385,2020-11,measured_pilot,M2_pilot_actual,test,1710,7
caltech,2-154-492-3386,2020-11,measured_pilot,M2_pilot_actual,test,1223,4
caltech,2-154-492-3390,2020-11,measured_pilot,M2_pilot_actual,test,1109,3
caltech,2-154-492-3391,2020-11,measured_pilot,M2_pilot_actual,test,417,2
caltech,2-39-125-21,2020-11,measured_pilot,M2_pilot_actual,test,659,12
caltech,2-39-127-19,2020-11,measured_pilot,M2_pilot_actual,test,522,1
caltech,2-39-128-18,2020-11,measured_pilot,M2_pilot_actual,test,292,2
caltech,2-39-129-17,2020-11,measured_pilot,M2_pilot_actual,test,330,2
caltech,2-39-130-31,2020-11,measured_pilot,M2_pilot_actual,test,231,2
caltech,2-39-131-30,2020-11,measured_pilot,M2_pilot_actual,test,1850,7
caltech,2-39-138-29,2020-11,measured_pilot,M2_pilot_actual,test,780,6
caltech,2-39-139-28,2020-11,measured_pilot,M2_pilot_actual,test,4575,12
caltech,2-39-78-360,2020-11,measured_pilot,M2_pilot_actual,test,344,1
caltech,2-39-78-365,2020-11,measured_pilot,M2_pilot_actual,test,4918,18
caltech,2-39-78-367,2020-11,measured_pilot,M2_pilot_actual,test,112,1
caltech,2-39-79-377,2020-11,measured_pilot,M2_pilot_actual,test,115,1
caltech,2-39-79-379,2020-11,measured_pilot,M2_pilot_actual,test,1168,8
caltech,2-39-79-380,2020-11,measured_pilot,M2_pilot_actual,test,1398,7
caltech,2-39-79-382,2020-11,measured_pilot,M2_pilot_actual,test,137,1
caltech,2-39-81-4550,2020-11,measured_pilot,M2_pilot_actual,test,7369,58
caltech,2-39-83-386,2020-11,measured_pilot,M2_pilot_actual,test,455,5
caltech,2-39-89-25,2020-11,measured_pilot,M2_pilot_actual,test,427,4
caltech,2-39-90-26,2020-11,measured_pilot,M2_pilot_actual,test,126,1
caltech,2-39-91-437,2020-11,measured_pilot,M2_pilot_actual,test,135,1
caltech,2-39-95-27,2020-11,measured_pilot,M2_pilot_actual,test,758,2
caltech,2-6-3-1356,2020-11,measured_pilot,M2_pilot_actual,test,824,7
caltech,2-6-3-1357,2020-11,measured_pilot,M2_pilot_actual,test,1132,4
caltech,2-6-3-1358,2020-11,measured_pilot,M2_pilot_actual,test,1213,7
caltech,2-6-3-1359,2020-11,measured_pilot,M2_pilot_actual,test,11416,19
caltech,2-6-3-1360,2020-11,measured_pilot,M2_pilot_actual,test,637,4
caltech,2-6-3-1361,2020-11,measured_pilot,M2_pilot_actual,test,9309,30
caltech,2-6-3-1362,2020-11,measured_pilot,M2_pilot_actual,test,2872,12
caltech,2-6-3-1363,2020-11,measured_pilot,M2_pilot_actual,test,6168,19
caltech,2-6-3-1364,2020-11,measured_pilot,M2_pilot_actual,test,8222,18
caltech,2-6-3-1365,2020-11,measured_pilot,M2_pilot_actual,test,2469,6
caltech,2-6-3-1366,2020-11,measured_pilot,M2_pilot_actual,test,2270,8
caltech,2-6-3-1368,2020-11,measured_pilot,M2_pilot_actual,test,1862,2
caltech,2-6-3-1369,2020-11,measured_pilot,M2_pilot_actual,test,34,2
caltech,2-6-3-1624,2020-11,measured_pilot,M2_pilot_actual,test,1590,10
caltech,2-6-3-1625,2020-11,measured_pilot,M2_pilot_actual,test,4813,19
caltech,2-6-3-1626,2020-11,measured_pilot,M2_pilot_actual,test,490,7
caltech,2-6-3-1627,2020-11,measured_pilot,M2_pilot_actual,test,3368,19
caltech,2-6-3-1628,2020-11,measured_pilot,M2_pilot_actual,test,2338,21
caltech,2-6-3-1629,2020-11,measured_pilot,M2_pilot_actual,test,12396,42
caltech,2-6-3-1630,2020-11,measured_pilot,M2_pilot_actual,test,5753,16
caltech,2-6-3-1631,2020-11,measured_pilot,M2_pilot_actual,test,13617,35
caltech,2-6-3-1632,2020-11,measured_pilot,M2_pilot_actual,test,1569,21
caltech,2-6-3-4515,2020-11,measured_pilot,M2_pilot_actual,test,2603,23
caltech,2-6-65-4549,2020-11,measured_pilot,M2_pilot_actual,test,7436,144
caltech,2-105-277-1696,2020-12,measured_pilot,M2_pilot_actual,stress,117,1
caltech,2-105-277-1696,2020-12,measured_pilot,M2_pilot_actual,test,90,1
caltech,2-105-277-1697,2020-12,measured_pilot,M2_pilot_actual,stress,552,1
caltech,2-105-277-1698,2020-12,measured_pilot,M2_pilot_actual,stress,1147,2
caltech,2-105-277-1699,2020-12,measured_pilot,M2_pilot_actual,stress,907,3
caltech,2-105-277-1699,2020-12,measured_pilot,M2_pilot_actual,test,5,1
caltech,2-137-440-2992,2020-12,measured_pilot,M2_pilot_actual,test,54,1
caltech,2-137-440-2995,2020-12,measured_pilot,M2_pilot_actual,stress,241,1
caltech,2-137-440-3986,2020-12,measured_pilot,M2_pilot_actual,stress,170,8
caltech,2-137-440-3987,2020-12,measured_pilot,M2_pilot_actual,test,4824,1
caltech,2-137-440-3988,2020-12,measured_pilot,M2_pilot_actual,stress,12,1
caltech,2-137-440-3989,2020-12,measured_pilot,M2_pilot_actual,test,102,1
caltech,2-137-440-3990,2020-12,measured_pilot,M2_pilot_actual,stress,47,2
caltech,2-137-440-3991,2020-12,measured_pilot,M2_pilot_actual,stress,2749,8
caltech,2-137-440-3991,2020-12,measured_pilot,M2_pilot_actual,test,159,1
caltech,2-137-440-3993,2020-12,measured_pilot,M2_pilot_actual,test,3,1
caltech,2-137-441-3000,2020-12,measured_pilot,M2_pilot_actual,test,5826,1
caltech,2-137-441-3004,2020-12,measured_pilot,M2_pilot_actual,stress,131,2
caltech,2-137-441-3005,2020-12,measured_pilot,M2_pilot_actual,stress,164,3
caltech,2-137-441-3006,2020-12,measured_pilot,M2_pilot_actual,stress,54,2
caltech,2-137-441-3009,2020-12,measured_pilot,M2_pilot_actual,stress,11,1
caltech,2-137-441-3011,2020-12,measured_pilot,M2_pilot_actual,stress,273,1
caltech,2-137-441-3016,2020-12,measured_pilot,M2_pilot_actual,stress,1,1
caltech,2-137-521-3842,2020-12,measured_pilot,M2_pilot_actual,stress,1033,9
caltech,2-137-521-3843,2020-12,measured_pilot,M2_pilot_actual,test,5931,1
caltech,2-137-521-3844,2020-12,measured_pilot,M2_pilot_actual,stress,311,1
caltech,2-137-521-3844,2020-12,measured_pilot,M2_pilot_actual,test,5,1
caltech,2-154-492-3386,2020-12,measured_pilot,M2_pilot_actual,stress,145,1
caltech,2-154-492-3388,2020-12,measured_pilot,M2_pilot_actual,stress,323,1
caltech,2-39-125-21,2020-12,measured_pilot,M2_pilot_actual,stress,43,1
caltech,2-39-127-19,2020-12,measured_pilot,M2_pilot_actual,stress,31,1
caltech,2-39-128-18,2020-12,measured_pilot,M2_pilot_actual,stress,117,1
caltech,2-39-129-17,2020-12,measured_pilot,M2_pilot_actual,stress,251,2
caltech,2-39-131-30,2020-12,measured_pilot,M2_pilot_actual,stress,330,1
caltech,2-39-139-28,2020-12,measured_pilot,M2_pilot_actual,stress,1108,2
caltech,2-39-78-365,2020-12,measured_pilot,M2_pilot_actual,stress,282,1
caltech,2-39-78-365,2020-12,measured_pilot,M2_pilot_actual,test,232,1
caltech,2-39-79-380,2020-12,measured_pilot,M2_pilot_actual,stress,250,1
caltech,2-39-81-4550,2020-12,measured_pilot,M2_pilot_actual,stress,291,10
caltech,2-6-3-1356,2020-12,measured_pilot,M2_pilot_actual,stress,366,1
caltech,2-6-3-1357,2020-12,measured_pilot,M2_pilot_actual,stress,150,1
caltech,2-6-3-1358,2020-12,measured_pilot,M2_pilot_actual,stress,62,1
caltech,2-6-3-1359,2020-12,measured_pilot,M2_pilot_actual,stress,765,2
caltech,2-6-3-1359,2020-12,measured_pilot,M2_pilot_actual,test,45,1
caltech,2-6-3-1361,2020-12,measured_pilot,M2_pilot_actual,stress,58,1
caltech,2-6-3-1361,2020-12,measured_pilot,M2_pilot_actual,test,244,1
caltech,2-6-3-1363,2020-12,measured_pilot,M2_pilot_actual,stress,266,1
caltech,2-6-3-1369,2020-12,measured_pilot,M2_pilot_actual,stress,1539,1
caltech,2-6-3-1624,2020-12,measured_pilot,M2_pilot_actual,test,26,1
caltech,2-6-3-1625,2020-12,measured_pilot,M2_pilot_actual,stress,813,2
caltech,2-6-3-1627,2020-12,measured_pilot,M2_pilot_actual,stress,66,1
caltech,2-6-3-1628,2020-12,measured_pilot,M2_pilot_actual,stress,203,3
caltech,2-6-3-1629,2020-12,measured_pilot,M2_pilot_actual,stress,135,4
caltech,2-6-3-1629,2020-12,measured_pilot,M2_pilot_actual,test,12,1
caltech,2-6-3-1630,2020-12,measured_pilot,M2_pilot_actual,stress,80,2
caltech,2-6-3-1631,2020-12,measured_pilot,M2_pilot_actual,stress,234,4
caltech,2-6-3-4515,2020-12,measured_pilot,M2_pilot_actual,stress,16,1
caltech,2-6-65-4549,2020-12,measured_pilot,M2_pilot_actual,stress,214,8
caltech,2-39-79-377,2018-10,measured_pilot,M3_current_only,train,2940,1
caltech,2-39-123-23,2018-11,measured_pilot,M3_current_only,train,76,1
caltech,2-39-123-557,2018-11,measured_pilot,M3_current_only,train,82,1
caltech,2-39-124-22,2018-11,measured_pilot,M3_current_only,train,183,1
caltech,2-39-127-19,2018-11,measured_pilot,M3_current_only,train,99,1
caltech,2-39-129-17,2018-11,measured_pilot,M3_current_only,train,192,1
caltech,2-39-130-31,2018-11,measured_pilot,M3_current_only,train,63,1
caltech,2-39-131-30,2018-11,measured_pilot,M3_current_only,train,209,1
caltech,2-39-138-29,2018-11,measured_pilot,M3_current_only,train,200,1
caltech,2-39-139-28,2018-11,measured_pilot,M3_current_only,train,232,1
caltech,2-39-78-360,2018-11,measured_pilot,M3_current_only,train,285,1
caltech,2-39-78-361,2018-11,measured_pilot,M3_current_only,train,191,1
caltech,2-39-78-363,2018-11,measured_pilot,M3_current_only,train,13,1
caltech,2-39-78-364,2018-11,measured_pilot,M3_current_only,train,198,1
caltech,2-39-78-366,2018-11,measured_pilot,M3_current_only,train,277,1
caltech,2-39-79-376,2018-11,measured_pilot,M3_current_only,train,115,1
caltech,2-39-79-377,2018-11,measured_pilot,M3_current_only,train,2574,1
caltech,2-39-79-378,2018-11,measured_pilot,M3_current_only,train,149,1
caltech,2-39-79-379,2018-11,measured_pilot,M3_current_only,train,46,1
caltech,2-39-79-380,2018-11,measured_pilot,M3_current_only,train,161,1
caltech,2-39-79-381,2018-11,measured_pilot,M3_current_only,train,219,1
caltech,2-39-79-382,2018-11,measured_pilot,M3_current_only,train,126,1
caltech,2-39-79-383,2018-11,measured_pilot,M3_current_only,train,204,1
caltech,2-39-88-24,2018-11,measured_pilot,M3_current_only,train,125,1
caltech,2-39-89-25,2018-11,measured_pilot,M3_current_only,train,164,1
caltech,2-39-89-439,2018-11,measured_pilot,M3_current_only,train,153,1
caltech,2-39-90-26,2018-11,measured_pilot,M3_current_only,train,192,1
caltech,2-39-91-437,2018-11,measured_pilot,M3_current_only,train,189,1
caltech,2-39-91-441,2018-11,measured_pilot,M3_current_only,train,199,1
caltech,2-39-92-436,2018-11,measured_pilot,M3_current_only,train,140,1
caltech,2-39-95-27,2018-11,measured_pilot,M3_current_only,train,117,1
caltech,2-39-95-444,2018-11,measured_pilot,M3_current_only,train,96,1
caltech,2-39-79-377,2018-10,measured_pilot,M4_history_insufficient,train,5,1
caltech,2-39-123-23,2018-11,measured_pilot,M4_history_insufficient,train,175,34
caltech,2-39-123-557,2018-11,measured_pilot,M4_history_insufficient,train,95,18
caltech,2-39-124-22,2018-11,measured_pilot,M4_history_insufficient,train,159,33
caltech,2-39-124-558,2018-11,measured_pilot,M4_history_insufficient,train,25,5
caltech,2-39-125-21,2018-11,measured_pilot,M4_history_insufficient,train,182,36
caltech,2-39-125-559,2018-11,measured_pilot,M4_history_insufficient,train,5,1
caltech,2-39-126-20,2018-11,measured_pilot,M4_history_insufficient,train,97,20
caltech,2-39-126-560,2018-11,measured_pilot,M4_history_insufficient,train,25,5
caltech,2-39-127-19,2018-11,measured_pilot,M4_history_insufficient,train,166,32
caltech,2-39-127-561,2018-11,measured_pilot,M4_history_insufficient,train,15,3
caltech,2-39-128-18,2018-11,measured_pilot,M4_history_insufficient,train,140,33
caltech,2-39-128-562,2018-11,measured_pilot,M4_history_insufficient,train,10,2
caltech,2-39-129-17,2018-11,measured_pilot,M4_history_insufficient,train,238,47
caltech,2-39-129-563,2018-11,measured_pilot,M4_history_insufficient,train,10,2
caltech,2-39-130-31,2018-11,measured_pilot,M4_history_insufficient,train,186,37
caltech,2-39-130-564,2018-11,measured_pilot,M4_history_insufficient,train,45,8
caltech,2-39-131-30,2018-11,measured_pilot,M4_history_insufficient,train,206,42
caltech,2-39-131-565,2018-11,measured_pilot,M4_history_insufficient,train,45,9
caltech,2-39-138-29,2018-11,measured_pilot,M4_history_insufficient,train,157,33
caltech,2-39-138-566,2018-11,measured_pilot,M4_history_insufficient,train,61,12
caltech,2-39-139-28,2018-11,measured_pilot,M4_history_insufficient,train,342,69
caltech,2-39-139-567,2018-11,measured_pilot,M4_history_insufficient,train,51,11
caltech,2-39-78-360,2018-11,measured_pilot,M4_history_insufficient,train,101,21
caltech,2-39-78-361,2018-11,measured_pilot,M4_history_insufficient,train,166,35
caltech,2-39-78-362,2018-11,measured_pilot,M4_history_insufficient,train,129,25
caltech,2-39-78-363,2018-11,measured_pilot,M4_history_insufficient,train,159,33
caltech,2-39-78-364,2018-11,measured_pilot,M4_history_insufficient,train,151,31
caltech,2-39-78-365,2018-11,measured_pilot,M4_history_insufficient,train,115,22
caltech,2-39-78-366,2018-11,measured_pilot,M4_history_insufficient,train,157,30
caltech,2-39-78-367,2018-11,measured_pilot,M4_history_insufficient,train,100,19
caltech,2-39-79-376,2018-11,measured_pilot,M4_history_insufficient,train,184,38
caltech,2-39-79-377,2018-11,measured_pilot,M4_history_insufficient,train,231,45
caltech,2-39-79-378,2018-11,measured_pilot,M4_history_insufficient,train,150,30
caltech,2-39-79-379,2018-11,measured_pilot,M4_history_insufficient,train,201,40
caltech,2-39-79-380,2018-11,measured_pilot,M4_history_insufficient,train,180,34
caltech,2-39-79-381,2018-11,measured_pilot,M4_history_insufficient,train,178,37
caltech,2-39-79-382,2018-11,measured_pilot,M4_history_insufficient,train,112,22
caltech,2-39-79-383,2018-11,measured_pilot,M4_history_insufficient,train,147,30
caltech,2-39-82-384,2018-11,measured_pilot,M4_history_insufficient,train,10,2
caltech,2-39-83-386,2018-11,measured_pilot,M4_history_insufficient,train,77,15
caltech,2-39-83-387,2018-11,measured_pilot,M4_history_insufficient,train,33,7
caltech,2-39-88-24,2018-11,measured_pilot,M4_history_insufficient,train,181,38
caltech,2-39-88-438,2018-11,measured_pilot,M4_history_insufficient,train,115,25
caltech,2-39-89-25,2018-11,measured_pilot,M4_history_insufficient,train,281,59
caltech,2-39-89-439,2018-11,measured_pilot,M4_history_insufficient,train,130,24
caltech,2-39-90-26,2018-11,measured_pilot,M4_history_insufficient,train,138,27
caltech,2-39-90-440,2018-11,measured_pilot,M4_history_insufficient,train,127,25
caltech,2-39-91-437,2018-11,measured_pilot,M4_history_insufficient,train,184,37
caltech,2-39-91-441,2018-11,measured_pilot,M4_history_insufficient,train,122,24
caltech,2-39-92-436,2018-11,measured_pilot,M4_history_insufficient,train,133,26
caltech,2-39-92-442,2018-11,measured_pilot,M4_history_insufficient,train,111,22
caltech,2-39-95-27,2018-11,measured_pilot,M4_history_insufficient,train,218,46
caltech,2-39-95-444,2018-11,measured_pilot,M4_history_insufficient,train,104,21
caltech,2-6-3-1356,2018-11,measured_pilot,M4_history_insufficient,train,5,1
caltech,2-6-3-1358,2018-11,measured_pilot,M4_history_insufficient,train,15,3
caltech,2-6-3-1359,2018-11,measured_pilot,M4_history_insufficient,train,10,2
caltech,2-6-3-1360,2018-11,measured_pilot,M4_history_insufficient,train,15,3
caltech,2-6-3-1361,2018-11,measured_pilot,M4_history_insufficient,train,51,7
caltech,2-6-3-1362,2018-11,measured_pilot,M4_history_insufficient,train,35,4
caltech,2-6-3-1363,2018-11,measured_pilot,M4_history_insufficient,train,32,5
caltech,2-6-3-1364,2018-11,measured_pilot,M4_history_insufficient,train,10,2
caltech,2-6-3-1365,2018-11,measured_pilot,M4_history_insufficient,train,36,5
caltech,2-6-3-1366,2018-11,measured_pilot,M4_history_insufficient,train,31,5
caltech,2-6-3-1367,2018-11,measured_pilot,M4_history_insufficient,train,5,1
caltech,2-6-3-1368,2018-11,measured_pilot,M4_history_insufficient,train,45,7
caltech,2-39-123-23,2018-12,measured_pilot,M4_history_insufficient,train,168,34
caltech,2-39-123-557,2018-12,measured_pilot,M4_history_insufficient,train,36,8
caltech,2-39-124-22,2018-12,measured_pilot,M4_history_insufficient,train,76,16
caltech,2-39-124-558,2018-12,measured_pilot,M4_history_insufficient,train,5,1
caltech,2-39-125-21,2018-12,measured_pilot,M4_history_insufficient,train,171,33
caltech,2-39-125-559,2018-12,measured_pilot,M4_history_insufficient,train,10,2
caltech,2-39-126-20,2018-12,measured_pilot,M4_history_insufficient,train,55,11
caltech,2-39-126-560,2018-12,measured_pilot,M4_history_insufficient,train,17,4
caltech,2-39-127-19,2018-12,measured_pilot,M4_history_insufficient,train,153,31
caltech,2-39-128-18,2018-12,measured_pilot,M4_history_insufficient,train,85,20
caltech,2-39-128-562,2018-12,measured_pilot,M4_history_insufficient,train,20,4
caltech,2-39-129-17,2018-12,measured_pilot,M4_history_insufficient,train,170,33
caltech,2-39-129-563,2018-12,measured_pilot,M4_history_insufficient,train,5,1
caltech,2-39-130-31,2018-12,measured_pilot,M4_history_insufficient,train,126,25
caltech,2-39-130-564,2018-12,measured_pilot,M4_history_insufficient,train,15,2
caltech,2-39-131-30,2018-12,measured_pilot,M4_history_insufficient,train,195,38
caltech,2-39-131-565,2018-12,measured_pilot,M4_history_insufficient,train,15,3
caltech,2-39-138-29,2018-12,measured_pilot,M4_history_insufficient,train,197,39
caltech,2-39-138-566,2018-12,measured_pilot,M4_history_insufficient,train,16,4
caltech,2-39-139-28,2018-12,measured_pilot,M4_history_insufficient,train,342,70
caltech,2-39-139-567,2018-12,measured_pilot,M4_history_insufficient,train,5,1
caltech,2-39-78-360,2018-12,measured_pilot,M4_history_insufficient,train,139,51
caltech,2-39-78-361,2018-12,measured_pilot,M4_history_insufficient,train,150,53
caltech,2-39-78-362,2018-12,measured_pilot,M4_history_insufficient,train,94,41
caltech,2-39-78-363,2018-12,measured_pilot,M4_history_insufficient,train,105,44
caltech,2-39-78-364,2018-12,measured_pilot,M4_history_insufficient,train,71,14
caltech,2-39-78-365,2018-12,measured_pilot,M4_history_insufficient,train,106,45
caltech,2-39-78-366,2018-12,measured_pilot,M4_history_insufficient,train,117,45
caltech,2-39-78-367,2018-12,measured_pilot,M4_history_insufficient,train,93,41
caltech,2-39-79-376,2018-12,measured_pilot,M4_history_insufficient,train,123,24
caltech,2-39-79-377,2018-12,measured_pilot,M4_history_insufficient,train,160,30
caltech,2-39-79-378,2018-12,measured_pilot,M4_history_insufficient,train,161,33
caltech,2-39-79-379,2018-12,measured_pilot,M4_history_insufficient,train,162,32
caltech,2-39-79-380,2018-12,measured_pilot,M4_history_insufficient,train,133,27
caltech,2-39-79-381,2018-12,measured_pilot,M4_history_insufficient,train,93,18
caltech,2-39-79-382,2018-12,measured_pilot,M4_history_insufficient,train,107,21
caltech,2-39-79-383,2018-12,measured_pilot,M4_history_insufficient,train,104,20
caltech,2-39-82-384,2018-12,measured_pilot,M4_history_insufficient,train,5,1
caltech,2-39-83-386,2018-12,measured_pilot,M4_history_insufficient,train,85,16
caltech,2-39-83-387,2018-12,measured_pilot,M4_history_insufficient,train,32,7
caltech,2-39-88-24,2018-12,measured_pilot,M4_history_insufficient,train,90,17
caltech,2-39-88-438,2018-12,measured_pilot,M4_history_insufficient,train,70,13
caltech,2-39-89-25,2018-12,measured_pilot,M4_history_insufficient,train,191,38
caltech,2-39-89-439,2018-12,measured_pilot,M4_history_insufficient,train,93,18
caltech,2-39-90-26,2018-12,measured_pilot,M4_history_insufficient,train,58,11
caltech,2-39-90-440,2018-12,measured_pilot,M4_history_insufficient,train,73,15
caltech,2-39-91-437,2018-12,measured_pilot,M4_history_insufficient,train,120,23
caltech,2-39-91-441,2018-12,measured_pilot,M4_history_insufficient,train,60,12
caltech,2-39-92-436,2018-12,measured_pilot,M4_history_insufficient,train,53,11
caltech,2-39-92-442,2018-12,measured_pilot,M4_history_insufficient,train,82,17
caltech,2-39-95-27,2018-12,measured_pilot,M4_history_insufficient,train,108,20
caltech,2-39-95-444,2018-12,measured_pilot,M4_history_insufficient,train,65,12
caltech,2-6-3-1356,2018-12,measured_pilot,M4_history_insufficient,train,105,21
caltech,2-6-3-1357,2018-12,measured_pilot,M4_history_insufficient,train,65,13
caltech,2-6-3-1358,2018-12,measured_pilot,M4_history_insufficient,train,131,29
caltech,2-6-3-1359,2018-12,measured_pilot,M4_history_insufficient,train,55,11
caltech,2-6-3-1360,2018-12,measured_pilot,M4_history_insufficient,train,115,23
caltech,2-6-3-1361,2018-12,measured_pilot,M4_history_insufficient,train,217,46
caltech,2-6-3-1362,2018-12,measured_pilot,M4_history_insufficient,train,79,16
caltech,2-6-3-1363,2018-12,measured_pilot,M4_history_insufficient,train,150,30
caltech,2-6-3-1364,2018-12,measured_pilot,M4_history_insufficient,train,115,23
caltech,2-6-3-1365,2018-12,measured_pilot,M4_history_insufficient,train,105,21
caltech,2-6-3-1366,2018-12,measured_pilot,M4_history_insufficient,train,113,20
caltech,2-6-3-1367,2018-12,measured_pilot,M4_history_insufficient,train,126,26
caltech,2-6-3-1368,2018-12,measured_pilot,M4_history_insufficient,train,165,33
caltech,2-39-123-23,2019-01,measured_pilot,M4_history_insufficient,train,159,31
caltech,2-39-123-557,2019-01,measured_pilot,M4_history_insufficient,train,35,6
caltech,2-39-124-22,2019-01,measured_pilot,M4_history_insufficient,train,104,21
caltech,2-39-124-558,2019-01,measured_pilot,M4_history_insufficient,train,30,6
caltech,2-39-125-21,2019-01,measured_pilot,M4_history_insufficient,train,151,30
caltech,2-39-126-20,2019-01,measured_pilot,M4_history_insufficient,train,48,10
caltech,2-39-126-560,2019-01,measured_pilot,M4_history_insufficient,train,15,3
caltech,2-39-127-19,2019-01,measured_pilot,M4_history_insufficient,train,176,35
caltech,2-39-127-561,2019-01,measured_pilot,M4_history_insufficient,train,5,1
caltech,2-39-128-18,2019-01,measured_pilot,M4_history_insufficient,train,134,30
caltech,2-39-128-562,2019-01,measured_pilot,M4_history_insufficient,train,17,4
caltech,2-39-129-17,2019-01,measured_pilot,M4_history_insufficient,train,184,37
caltech,2-39-129-563,2019-01,measured_pilot,M4_history_insufficient,train,10,2
caltech,2-39-130-31,2019-01,measured_pilot,M4_history_insufficient,train,145,29
caltech,2-39-130-564,2019-01,measured_pilot,M4_history_insufficient,train,10,2
caltech,2-39-131-30,2019-01,measured_pilot,M4_history_insufficient,train,233,48
caltech,2-39-138-29,2019-01,measured_pilot,M4_history_insufficient,train,195,39
caltech,2-39-138-566,2019-01,measured_pilot,M4_history_insufficient,train,35,7
caltech,2-39-139-28,2019-01,measured_pilot,M4_history_insufficient,train,373,75
caltech,2-39-139-567,2019-01,measured_pilot,M4_history_insufficient,train,10,2
caltech,2-39-78-360,2019-01,measured_pilot,M4_history_insufficient,train,107,22
caltech,2-39-78-361,2019-01,measured_pilot,M4_history_insufficient,train,110,21
caltech,2-39-78-362,2019-01,measured_pilot,M4_history_insufficient,train,53,12
caltech,2-39-78-363,2019-01,measured_pilot,M4_history_insufficient,train,133,28
caltech,2-39-78-364,2019-01,measured_pilot,M4_history_insufficient,train,90,17
caltech,2-39-78-365,2019-01,measured_pilot,M4_history_insufficient,train,125,24
caltech,2-39-78-366,2019-01,measured_pilot,M4_history_insufficient,train,131,26
caltech,2-39-78-367,2019-01,measured_pilot,M4_history_insufficient,train,105,21
caltech,2-39-79-376,2019-01,measured_pilot,M4_history_insufficient,train,107,22
caltech,2-39-79-377,2019-01,measured_pilot,M4_history_insufficient,train,155,30
caltech,2-39-79-378,2019-01,measured_pilot,M4_history_insufficient,train,173,34
caltech,2-39-79-379,2019-01,measured_pilot,M4_history_insufficient,train,179,35
caltech,2-39-79-380,2019-01,measured_pilot,M4_history_insufficient,train,136,27
caltech,2-39-79-381,2019-01,measured_pilot,M4_history_insufficient,train,120,23
caltech,2-39-79-382,2019-01,measured_pilot,M4_history_insufficient,train,20,4
caltech,2-39-79-383,2019-01,measured_pilot,M4_history_insufficient,train,105,20
caltech,2-39-83-386,2019-01,measured_pilot,M4_history_insufficient,train,95,21
caltech,2-39-83-387,2019-01,measured_pilot,M4_history_insufficient,train,15,3
caltech,2-39-88-24,2019-01,measured_pilot,M4_history_insufficient,train,80,16
caltech,2-39-88-438,2019-01,measured_pilot,M4_history_insufficient,train,80,15
caltech,2-39-89-25,2019-01,measured_pilot,M4_history_insufficient,train,240,47
caltech,2-39-89-439,2019-01,measured_pilot,M4_history_insufficient,train,55,10
caltech,2-39-90-26,2019-01,measured_pilot,M4_history_insufficient,train,107,22
caltech,2-39-90-440,2019-01,measured_pilot,M4_history_insufficient,train,75,14
caltech,2-39-91-437,2019-01,measured_pilot,M4_history_insufficient,train,138,28
caltech,2-39-91-441,2019-01,measured_pilot,M4_history_insufficient,train,65,12
caltech,2-39-92-436,2019-01,measured_pilot,M4_history_insufficient,train,73,16
caltech,2-39-92-442,2019-01,measured_pilot,M4_history_insufficient,train,105,20
caltech,2-39-95-27,2019-01,measured_pilot,M4_history_insufficient,train,135,26
caltech,2-39-95-444,2019-01,measured_pilot,M4_history_insufficient,train,104,21
caltech,2-6-3-1356,2019-01,measured_pilot,M4_history_insufficient,train,167,34
caltech,2-6-3-1357,2019-01,measured_pilot,M4_history_insufficient,train,131,26
caltech,2-6-3-1358,2019-01,measured_pilot,M4_history_insufficient,train,236,47
caltech,2-6-3-1359,2019-01,measured_pilot,M4_history_insufficient,train,164,37
caltech,2-6-3-1360,2019-01,measured_pilot,M4_history_insufficient,train,241,48
caltech,2-6-3-1361,2019-01,measured_pilot,M4_history_insufficient,train,234,47
caltech,2-6-3-1362,2019-01,measured_pilot,M4_history_insufficient,train,155,30
caltech,2-6-3-1363,2019-01,measured_pilot,M4_history_insufficient,train,153,31
caltech,2-6-3-1364,2019-01,measured_pilot,M4_history_insufficient,train,168,34
caltech,2-6-3-1365,2019-01,measured_pilot,M4_history_insufficient,train,191,38
caltech,2-6-3-1366,2019-01,measured_pilot,M4_history_insufficient,train,148,29
caltech,2-6-3-1367,2019-01,measured_pilot,M4_history_insufficient,train,143,29
caltech,2-6-3-1368,2019-01,measured_pilot,M4_history_insufficient,train,154,30
caltech,2-39-123-23,2019-02,measured_pilot,M4_history_insufficient,train,129,26
caltech,2-39-123-557,2019-02,measured_pilot,M4_history_insufficient,train,30,6
caltech,2-39-124-22,2019-02,measured_pilot,M4_history_insufficient,train,110,22
caltech,2-39-124-558,2019-02,measured_pilot,M4_history_insufficient,train,40,8
caltech,2-39-125-21,2019-02,measured_pilot,M4_history_insufficient,train,135,29
caltech,2-39-126-20,2019-02,measured_pilot,M4_history_insufficient,train,61,13
caltech,2-39-126-560,2019-02,measured_pilot,M4_history_insufficient,train,10,2
caltech,2-39-127-19,2019-02,measured_pilot,M4_history_insufficient,train,188,38
caltech,2-39-127-561,2019-02,measured_pilot,M4_history_insufficient,train,5,1
caltech,2-39-128-18,2019-02,measured_pilot,M4_history_insufficient,train,58,14
caltech,2-39-129-17,2019-02,measured_pilot,M4_history_insufficient,train,183,40
caltech,2-39-130-31,2019-02,measured_pilot,M4_history_insufficient,train,130,26
caltech,2-39-130-564,2019-02,measured_pilot,M4_history_insufficient,train,10,2
caltech,2-39-131-30,2019-02,measured_pilot,M4_history_insufficient,train,306,61
caltech,2-39-131-565,2019-02,measured_pilot,M4_history_insufficient,train,10,2
caltech,2-39-138-29,2019-02,measured_pilot,M4_history_insufficient,train,128,26
caltech,2-39-138-566,2019-02,measured_pilot,M4_history_insufficient,train,10,2
caltech,2-39-139-28,2019-02,measured_pilot,M4_history_insufficient,train,180,36
caltech,2-39-78-360,2019-02,measured_pilot,M4_history_insufficient,train,146,36
caltech,2-39-78-361,2019-02,measured_pilot,M4_history_insufficient,train,150,34
caltech,2-39-78-362,2019-02,measured_pilot,M4_history_insufficient,train,71,15
caltech,2-39-78-363,2019-02,measured_pilot,M4_history_insufficient,train,109,26
caltech,2-39-78-364,2019-02,measured_pilot,M4_history_insufficient,train,85,16
caltech,2-39-78-365,2019-02,measured_pilot,M4_history_insufficient,train,120,26
caltech,2-39-78-366,2019-02,measured_pilot,M4_history_insufficient,train,201,46
caltech,2-39-78-367,2019-02,measured_pilot,M4_history_insufficient,train,98,22
caltech,2-39-79-376,2019-02,measured_pilot,M4_history_insufficient,train,90,18
caltech,2-39-79-377,2019-02,measured_pilot,M4_history_insufficient,train,180,35
caltech,2-39-79-378,2019-02,measured_pilot,M4_history_insufficient,train,126,25
caltech,2-39-79-379,2019-02,measured_pilot,M4_history_insufficient,train,150,30
caltech,2-39-79-380,2019-02,measured_pilot,M4_history_insufficient,train,165,31
caltech,2-39-79-381,2019-02,measured_pilot,M4_history_insufficient,train,100,20
caltech,2-39-79-382,2019-02,measured_pilot,M4_history_insufficient,train,60,12
caltech,2-39-79-383,2019-02,measured_pilot,M4_history_insufficient,train,125,24
caltech,2-39-82-384,2019-02,measured_pilot,M4_history_insufficient,train,5,1
caltech,2-39-83-386,2019-02,measured_pilot,M4_history_insufficient,train,111,23
caltech,2-39-83-387,2019-02,measured_pilot,M4_history_insufficient,train,15,3
caltech,2-39-88-24,2019-02,measured_pilot,M4_history_insufficient,train,120,27
caltech,2-39-88-438,2019-02,measured_pilot,M4_history_insufficient,train,50,10
caltech,2-39-89-25,2019-02,measured_pilot,M4_history_insufficient,train,188,40
caltech,2-39-89-439,2019-02,measured_pilot,M4_history_insufficient,train,65,13
caltech,2-39-90-26,2019-02,measured_pilot,M4_history_insufficient,train,95,19
caltech,2-39-90-440,2019-02,measured_pilot,M4_history_insufficient,train,75,15
caltech,2-39-91-437,2019-02,measured_pilot,M4_history_insufficient,train,157,32
caltech,2-39-91-441,2019-02,measured_pilot,M4_history_insufficient,train,35,7
caltech,2-39-92-436,2019-02,measured_pilot,M4_history_insufficient,train,83,18
caltech,2-39-92-442,2019-02,measured_pilot,M4_history_insufficient,train,120,23
caltech,2-39-95-27,2019-02,measured_pilot,M4_history_insufficient,train,126,25
caltech,2-39-95-444,2019-02,measured_pilot,M4_history_insufficient,train,80,16
caltech,2-6-3-1356,2019-02,measured_pilot,M4_history_insufficient,train,153,30
caltech,2-6-3-1357,2019-02,measured_pilot,M4_history_insufficient,train,115,22
caltech,2-6-3-1358,2019-02,measured_pilot,M4_history_insufficient,train,195,40
caltech,2-6-3-1359,2019-02,measured_pilot,M4_history_insufficient,train,175,33
caltech,2-6-3-1360,2019-02,measured_pilot,M4_history_insufficient,train,95,18
caltech,2-6-3-1361,2019-02,measured_pilot,M4_history_insufficient,train,282,59
caltech,2-6-3-1362,2019-02,measured_pilot,M4_history_insufficient,train,120,23
caltech,2-6-3-1363,2019-02,measured_pilot,M4_history_insufficient,train,159,32
caltech,2-6-3-1364,2019-02,measured_pilot,M4_history_insufficient,train,138,27
caltech,2-6-3-1365,2019-02,measured_pilot,M4_history_insufficient,train,131,27
caltech,2-6-3-1366,2019-02,measured_pilot,M4_history_insufficient,train,122,24
caltech,2-6-3-1367,2019-02,measured_pilot,M4_history_insufficient,train,145,29
caltech,2-6-3-1368,2019-02,measured_pilot,M4_history_insufficient,train,25,4
caltech,2-105-277-1696,2019-03,measured_pilot,M4_history_insufficient,train,10,2
caltech,2-105-277-1697,2019-03,measured_pilot,M4_history_insufficient,train,15,3
caltech,2-105-277-1698,2019-03,measured_pilot,M4_history_insufficient,train,13,3
caltech,2-105-277-1699,2019-03,measured_pilot,M4_history_insufficient,train,10,2
caltech,2-39-123-23,2019-03,measured_pilot,M4_history_insufficient,train,190,40
caltech,2-39-123-557,2019-03,measured_pilot,M4_history_insufficient,train,20,4
caltech,2-39-124-22,2019-03,measured_pilot,M4_history_insufficient,train,100,22
caltech,2-39-124-558,2019-03,measured_pilot,M4_history_insufficient,train,30,6
caltech,2-39-125-21,2019-03,measured_pilot,M4_history_insufficient,train,197,40
caltech,2-39-125-559,2019-03,measured_pilot,M4_history_insufficient,train,5,1
caltech,2-39-126-20,2019-03,measured_pilot,M4_history_insufficient,train,60,12
caltech,2-39-126-560,2019-03,measured_pilot,M4_history_insufficient,train,29,6
caltech,2-39-127-19,2019-03,measured_pilot,M4_history_insufficient,train,183,38
caltech,2-39-128-18,2019-03,measured_pilot,M4_history_insufficient,train,70,12
caltech,2-39-128-562,2019-03,measured_pilot,M4_history_insufficient,train,10,2
caltech,2-39-129-17,2019-03,measured_pilot,M4_history_insufficient,train,219,48
caltech,2-39-130-31,2019-03,measured_pilot,M4_history_insufficient,train,135,26
caltech,2-39-131-30,2019-03,measured_pilot,M4_history_insufficient,train,285,58
caltech,2-39-138-29,2019-03,measured_pilot,M4_history_insufficient,train,95,19
caltech,2-39-138-566,2019-03,measured_pilot,M4_history_insufficient,train,5,1
caltech,2-39-139-28,2019-03,measured_pilot,M4_history_insufficient,train,360,71
caltech,2-39-139-567,2019-03,measured_pilot,M4_history_insufficient,train,5,1
caltech,2-39-78-360,2019-03,measured_pilot,M4_history_insufficient,train,158,39
caltech,2-39-78-361,2019-03,measured_pilot,M4_history_insufficient,train,150,35
caltech,2-39-78-362,2019-03,measured_pilot,M4_history_insufficient,train,26,6
caltech,2-39-78-363,2019-03,measured_pilot,M4_history_insufficient,train,82,17
caltech,2-39-78-364,2019-03,measured_pilot,M4_history_insufficient,train,84,18
caltech,2-39-78-365,2019-03,measured_pilot,M4_history_insufficient,train,126,27
caltech,2-39-78-366,2019-03,measured_pilot,M4_history_insufficient,train,175,39
caltech,2-39-78-367,2019-03,measured_pilot,M4_history_insufficient,train,103,22
caltech,2-39-79-376,2019-03,measured_pilot,M4_history_insufficient,train,130,25
caltech,2-39-79-377,2019-03,measured_pilot,M4_history_insufficient,train,184,37
caltech,2-39-79-378,2019-03,measured_pilot,M4_history_insufficient,train,124,26
caltech,2-39-79-379,2019-03,measured_pilot,M4_history_insufficient,train,160,29
caltech,2-39-79-380,2019-03,measured_pilot,M4_history_insufficient,train,135,25
caltech,2-39-79-381,2019-03,measured_pilot,M4_history_insufficient,train,117,23
caltech,2-39-79-382,2019-03,measured_pilot,M4_history_insufficient,train,79,17
caltech,2-39-79-383,2019-03,measured_pilot,M4_history_insufficient,train,120,24
caltech,2-39-83-386,2019-03,measured_pilot,M4_history_insufficient,train,57,12
caltech,2-39-88-24,2019-03,measured_pilot,M4_history_insufficient,train,85,17
caltech,2-39-88-438,2019-03,measured_pilot,M4_history_insufficient,train,55,11
caltech,2-39-89-25,2019-03,measured_pilot,M4_history_insufficient,train,220,43
caltech,2-39-89-439,2019-03,measured_pilot,M4_history_insufficient,train,45,9
caltech,2-39-90-26,2019-03,measured_pilot,M4_history_insufficient,train,96,20
caltech,2-39-90-440,2019-03,measured_pilot,M4_history_insufficient,train,65,12
caltech,2-39-91-437,2019-03,measured_pilot,M4_history_insufficient,train,143,30
caltech,2-39-91-441,2019-03,measured_pilot,M4_history_insufficient,train,55,10
caltech,2-39-92-436,2019-03,measured_pilot,M4_history_insufficient,train,98,20
caltech,2-39-92-442,2019-03,measured_pilot,M4_history_insufficient,train,92,19
caltech,2-39-95-27,2019-03,measured_pilot,M4_history_insufficient,train,170,35
caltech,2-39-95-444,2019-03,measured_pilot,M4_history_insufficient,train,80,16
caltech,2-6-3-1356,2019-03,measured_pilot,M4_history_insufficient,train,183,37
caltech,2-6-3-1357,2019-03,measured_pilot,M4_history_insufficient,train,181,33
caltech,2-6-3-1358,2019-03,measured_pilot,M4_history_insufficient,train,225,46
caltech,2-6-3-1359,2019-03,measured_pilot,M4_history_insufficient,train,157,29
caltech,2-6-3-1360,2019-03,measured_pilot,M4_history_insufficient,train,124,24
caltech,2-6-3-1361,2019-03,measured_pilot,M4_history_insufficient,train,283,56
caltech,2-6-3-1362,2019-03,measured_pilot,M4_history_insufficient,train,155,30
caltech,2-6-3-1363,2019-03,measured_pilot,M4_history_insufficient,train,222,44
caltech,2-6-3-1364,2019-03,measured_pilot,M4_history_insufficient,train,122,20
caltech,2-6-3-1365,2019-03,measured_pilot,M4_history_insufficient,train,130,25
caltech,2-6-3-1366,2019-03,measured_pilot,M4_history_insufficient,train,111,23
caltech,2-6-3-1367,2019-03,measured_pilot,M4_history_insufficient,train,203,42
caltech,2-6-3-1368,2019-03,measured_pilot,M4_history_insufficient,train,60,11
caltech,2-6-3-1369,2019-03,measured_pilot,M4_history_insufficient,train,28,4
caltech,2-6-3-1623,2019-03,measured_pilot,M4_history_insufficient,train,73,14
caltech,2-6-3-1624,2019-03,measured_pilot,M4_history_insufficient,train,32,15
caltech,2-6-3-1625,2019-03,measured_pilot,M4_history_insufficient,train,74,24
caltech,2-6-3-1626,2019-03,measured_pilot,M4_history_insufficient,train,61,17
caltech,2-6-3-1627,2019-03,measured_pilot,M4_history_insufficient,train,60,19
caltech,2-6-3-1628,2019-03,measured_pilot,M4_history_insufficient,train,57,22
caltech,2-6-3-1629,2019-03,measured_pilot,M4_history_insufficient,train,40,15
caltech,2-6-3-1630,2019-03,measured_pilot,M4_history_insufficient,train,70,26
caltech,2-6-3-1631,2019-03,measured_pilot,M4_history_insufficient,train,81,22
caltech,2-6-3-1632,2019-03,measured_pilot,M4_history_insufficient,train,90,24
caltech,2-105-277-1696,2019-04,measured_pilot,M4_history_insufficient,train,153,32
caltech,2-105-277-1697,2019-04,measured_pilot,M4_history_insufficient,train,163,32
caltech,2-105-277-1698,2019-04,measured_pilot,M4_history_insufficient,train,157,29
caltech,2-105-277-1699,2019-04,measured_pilot,M4_history_insufficient,train,172,35
caltech,2-39-123-23,2019-04,measured_pilot,M4_history_insufficient,train,179,37
caltech,2-39-123-557,2019-04,measured_pilot,M4_history_insufficient,train,10,2
caltech,2-39-124-22,2019-04,measured_pilot,M4_history_insufficient,train,144,31
caltech,2-39-124-558,2019-04,measured_pilot,M4_history_insufficient,train,40,8
caltech,2-39-125-21,2019-04,measured_pilot,M4_history_insufficient,train,134,28
caltech,2-39-125-559,2019-04,measured_pilot,M4_history_insufficient,train,2,1
caltech,2-39-126-20,2019-04,measured_pilot,M4_history_insufficient,train,46,10
caltech,2-39-126-560,2019-04,measured_pilot,M4_history_insufficient,train,25,5
caltech,2-39-127-19,2019-04,measured_pilot,M4_history_insufficient,train,133,27
caltech,2-39-128-18,2019-04,measured_pilot,M4_history_insufficient,train,68,15
caltech,2-39-128-562,2019-04,measured_pilot,M4_history_insufficient,train,5,1
caltech,2-39-129-17,2019-04,measured_pilot,M4_history_insufficient,train,147,30
caltech,2-39-130-31,2019-04,measured_pilot,M4_history_insufficient,train,71,15
caltech,2-39-130-564,2019-04,measured_pilot,M4_history_insufficient,train,15,3
caltech,2-39-131-30,2019-04,measured_pilot,M4_history_insufficient,train,238,49
caltech,2-39-131-565,2019-04,measured_pilot,M4_history_insufficient,train,5,1
caltech,2-39-138-29,2019-04,measured_pilot,M4_history_insufficient,train,131,27
caltech,2-39-138-566,2019-04,measured_pilot,M4_history_insufficient,train,15,3
caltech,2-39-139-28,2019-04,measured_pilot,M4_history_insufficient,train,261,53
caltech,2-39-139-567,2019-04,measured_pilot,M4_history_insufficient,train,25,5
caltech,2-39-78-360,2019-04,measured_pilot,M4_history_insufficient,train,133,33
caltech,2-39-78-361,2019-04,measured_pilot,M4_history_insufficient,train,133,31
caltech,2-39-78-362,2019-04,measured_pilot,M4_history_insufficient,train,86,18
caltech,2-39-78-363,2019-04,measured_pilot,M4_history_insufficient,train,103,22
caltech,2-39-78-364,2019-04,measured_pilot,M4_history_insufficient,train,99,20
caltech,2-39-78-365,2019-04,measured_pilot,M4_history_insufficient,train,162,33
caltech,2-39-78-366,2019-04,measured_pilot,M4_history_insufficient,train,158,34
caltech,2-39-78-367,2019-04,measured_pilot,M4_history_insufficient,train,124,27
caltech,2-39-79-376,2019-04,measured_pilot,M4_history_insufficient,train,132,28
caltech,2-39-79-377,2019-04,measured_pilot,M4_history_insufficient,train,192,40
caltech,2-39-79-378,2019-04,measured_pilot,M4_history_insufficient,train,140,27
caltech,2-39-79-379,2019-04,measured_pilot,M4_history_insufficient,train,180,36
caltech,2-39-79-380,2019-04,measured_pilot,M4_history_insufficient,train,140,27
caltech,2-39-79-381,2019-04,measured_pilot,M4_history_insufficient,train,126,26
caltech,2-39-79-382,2019-04,measured_pilot,M4_history_insufficient,train,100,20
caltech,2-39-79-383,2019-04,measured_pilot,M4_history_insufficient,train,124,26
caltech,2-39-83-386,2019-04,measured_pilot,M4_history_insufficient,train,40,8
caltech,2-39-88-24,2019-04,measured_pilot,M4_history_insufficient,train,208,44
caltech,2-39-88-438,2019-04,measured_pilot,M4_history_insufficient,train,50,10
caltech,2-39-89-25,2019-04,measured_pilot,M4_history_insufficient,train,220,44
caltech,2-39-89-439,2019-04,measured_pilot,M4_history_insufficient,train,80,16
caltech,2-39-90-26,2019-04,measured_pilot,M4_history_insufficient,train,125,26
caltech,2-39-90-440,2019-04,measured_pilot,M4_history_insufficient,train,94,19
caltech,2-39-91-437,2019-04,measured_pilot,M4_history_insufficient,train,98,20
caltech,2-39-91-441,2019-04,measured_pilot,M4_history_insufficient,train,85,17
caltech,2-39-92-436,2019-04,measured_pilot,M4_history_insufficient,train,115,23
caltech,2-39-92-442,2019-04,measured_pilot,M4_history_insufficient,train,95,19
caltech,2-39-95-27,2019-04,measured_pilot,M4_history_insufficient,train,180,36
caltech,2-39-95-444,2019-04,measured_pilot,M4_history_insufficient,train,80,16
caltech,2-6-3-1356,2019-04,measured_pilot,M4_history_insufficient,train,163,36
caltech,2-6-3-1357,2019-04,measured_pilot,M4_history_insufficient,train,137,25
caltech,2-6-3-1358,2019-04,measured_pilot,M4_history_insufficient,train,112,23
caltech,2-6-3-1359,2019-04,measured_pilot,M4_history_insufficient,train,83,16
caltech,2-6-3-1360,2019-04,measured_pilot,M4_history_insufficient,train,130,26
caltech,2-6-3-1361,2019-04,measured_pilot,M4_history_insufficient,train,370,83
caltech,2-6-3-1362,2019-04,measured_pilot,M4_history_insufficient,train,169,34
caltech,2-6-3-1363,2019-04,measured_pilot,M4_history_insufficient,train,172,38
caltech,2-6-3-1364,2019-04,measured_pilot,M4_history_insufficient,train,55,11
caltech,2-6-3-1365,2019-04,measured_pilot,M4_history_insufficient,train,135,27
caltech,2-6-3-1366,2019-04,measured_pilot,M4_history_insufficient,train,133,27
caltech,2-6-3-1367,2019-04,measured_pilot,M4_history_insufficient,train,222,49
caltech,2-6-3-1368,2019-04,measured_pilot,M4_history_insufficient,train,97,20
caltech,2-6-3-1369,2019-04,measured_pilot,M4_history_insufficient,train,90,17
caltech,2-6-3-1623,2019-04,measured_pilot,M4_history_insufficient,train,112,23
caltech,2-6-3-1624,2019-04,measured_pilot,M4_history_insufficient,train,130,28
caltech,2-6-3-1625,2019-04,measured_pilot,M4_history_insufficient,train,108,26
caltech,2-6-3-1626,2019-04,measured_pilot,M4_history_insufficient,train,160,34
caltech,2-6-3-1627,2019-04,measured_pilot,M4_history_insufficient,train,186,39
caltech,2-6-3-1628,2019-04,measured_pilot,M4_history_insufficient,train,153,34
caltech,2-6-3-1629,2019-04,measured_pilot,M4_history_insufficient,train,220,47
caltech,2-6-3-1630,2019-04,measured_pilot,M4_history_insufficient,train,147,33
caltech,2-6-3-1631,2019-04,measured_pilot,M4_history_insufficient,train,263,54
caltech,2-6-3-1632,2019-04,measured_pilot,M4_history_insufficient,train,178,37
caltech,2-105-277-1696,2019-05,measured_pilot,M4_history_insufficient,train,182,38
caltech,2-105-277-1697,2019-05,measured_pilot,M4_history_insufficient,train,180,38
caltech,2-105-277-1698,2019-05,measured_pilot,M4_history_insufficient,train,197,40
caltech,2-105-277-1699,2019-05,measured_pilot,M4_history_insufficient,train,208,44
caltech,2-39-123-23,2019-05,measured_pilot,M4_history_insufficient,train,145,31
caltech,2-39-123-557,2019-05,measured_pilot,M4_history_insufficient,train,10,2
caltech,2-39-124-22,2019-05,measured_pilot,M4_history_insufficient,train,121,25
caltech,2-39-124-558,2019-05,measured_pilot,M4_history_insufficient,train,65,13
caltech,2-39-125-21,2019-05,measured_pilot,M4_history_insufficient,train,95,19
caltech,2-39-125-559,2019-05,measured_pilot,M4_history_insufficient,train,5,1
caltech,2-39-126-20,2019-05,measured_pilot,M4_history_insufficient,train,88,19
caltech,2-39-126-560,2019-05,measured_pilot,M4_history_insufficient,train,15,3
caltech,2-39-127-19,2019-05,measured_pilot,M4_history_insufficient,train,175,37
caltech,2-39-127-561,2019-05,measured_pilot,M4_history_insufficient,train,5,1
caltech,2-39-128-18,2019-05,measured_pilot,M4_history_insufficient,train,72,18
caltech,2-39-128-562,2019-05,measured_pilot,M4_history_insufficient,train,10,2
caltech,2-39-129-17,2019-05,measured_pilot,M4_history_insufficient,train,202,43
caltech,2-39-130-31,2019-05,measured_pilot,M4_history_insufficient,train,102,21
caltech,2-39-131-30,2019-05,measured_pilot,M4_history_insufficient,train,215,43
caltech,2-39-138-29,2019-05,measured_pilot,M4_history_insufficient,train,116,24
caltech,2-39-138-566,2019-05,measured_pilot,M4_history_insufficient,train,5,1
caltech,2-39-139-28,2019-05,measured_pilot,M4_history_insufficient,train,283,58
caltech,2-39-139-567,2019-05,measured_pilot,M4_history_insufficient,train,5,1
caltech,2-39-78-360,2019-05,measured_pilot,M4_history_insufficient,train,125,27
caltech,2-39-78-361,2019-05,measured_pilot,M4_history_insufficient,train,117,25
caltech,2-39-78-362,2019-05,measured_pilot,M4_history_insufficient,train,90,18
caltech,2-39-78-363,2019-05,measured_pilot,M4_history_insufficient,train,125,25
caltech,2-39-78-364,2019-05,measured_pilot,M4_history_insufficient,train,95,19
caltech,2-39-78-365,2019-05,measured_pilot,M4_history_insufficient,train,105,22
caltech,2-39-78-366,2019-05,measured_pilot,M4_history_insufficient,train,146,30
caltech,2-39-78-367,2019-05,measured_pilot,M4_history_insufficient,train,113,26
caltech,2-39-79-376,2019-05,measured_pilot,M4_history_insufficient,train,108,23
caltech,2-39-79-377,2019-05,measured_pilot,M4_history_insufficient,train,136,29
caltech,2-39-79-378,2019-05,measured_pilot,M4_history_insufficient,train,121,25
caltech,2-39-79-379,2019-05,measured_pilot,M4_history_insufficient,train,175,34
caltech,2-39-79-380,2019-05,measured_pilot,M4_history_insufficient,train,111,23
caltech,2-39-79-381,2019-05,measured_pilot,M4_history_insufficient,train,105,21
caltech,2-39-79-382,2019-05,measured_pilot,M4_history_insufficient,train,95,19
caltech,2-39-79-383,2019-05,measured_pilot,M4_history_insufficient,train,135,27
caltech,2-39-82-384,2019-05,measured_pilot,M4_history_insufficient,train,10,2
caltech,2-39-82-385,2019-05,measured_pilot,M4_history_insufficient,train,15,3
caltech,2-39-83-386,2019-05,measured_pilot,M4_history_insufficient,train,40,8
caltech,2-39-88-24,2019-05,measured_pilot,M4_history_insufficient,train,210,42
caltech,2-39-88-438,2019-05,measured_pilot,M4_history_insufficient,train,40,8
caltech,2-39-89-25,2019-05,measured_pilot,M4_history_insufficient,train,165,33
caltech,2-39-89-439,2019-05,measured_pilot,M4_history_insufficient,train,80,16
caltech,2-39-90-26,2019-05,measured_pilot,M4_history_insufficient,train,113,23
caltech,2-39-90-440,2019-05,measured_pilot,M4_history_insufficient,train,98,21
caltech,2-39-91-437,2019-05,measured_pilot,M4_history_insufficient,train,181,38
caltech,2-39-91-441,2019-05,measured_pilot,M4_history_insufficient,train,80,16
caltech,2-39-92-436,2019-05,measured_pilot,M4_history_insufficient,train,125,26
caltech,2-39-92-442,2019-05,measured_pilot,M4_history_insufficient,train,129,26
caltech,2-39-95-27,2019-05,measured_pilot,M4_history_insufficient,train,178,37
caltech,2-39-95-444,2019-05,measured_pilot,M4_history_insufficient,train,50,10
caltech,2-6-3-1356,2019-05,measured_pilot,M4_history_insufficient,train,184,38
caltech,2-6-3-1357,2019-05,measured_pilot,M4_history_insufficient,train,90,18
caltech,2-6-3-1359,2019-05,measured_pilot,M4_history_insufficient,train,172,35
caltech,2-6-3-1360,2019-05,measured_pilot,M4_history_insufficient,train,115,23
caltech,2-6-3-1361,2019-05,measured_pilot,M4_history_insufficient,train,255,51
caltech,2-6-3-1362,2019-05,measured_pilot,M4_history_insufficient,train,221,45
caltech,2-6-3-1363,2019-05,measured_pilot,M4_history_insufficient,train,167,35
caltech,2-6-3-1364,2019-05,measured_pilot,M4_history_insufficient,train,65,13
caltech,2-6-3-1365,2019-05,measured_pilot,M4_history_insufficient,train,125,25
caltech,2-6-3-1366,2019-05,measured_pilot,M4_history_insufficient,train,94,19
caltech,2-6-3-1367,2019-05,measured_pilot,M4_history_insufficient,train,178,36
caltech,2-6-3-1368,2019-05,measured_pilot,M4_history_insufficient,train,130,26
caltech,2-6-3-1369,2019-05,measured_pilot,M4_history_insufficient,train,115,23
caltech,2-6-3-1623,2019-05,measured_pilot,M4_history_insufficient,train,160,34
caltech,2-6-3-1624,2019-05,measured_pilot,M4_history_insufficient,train,167,35
caltech,2-6-3-1625,2019-05,measured_pilot,M4_history_insufficient,train,156,33
caltech,2-6-3-1626,2019-05,measured_pilot,M4_history_insufficient,train,130,27
caltech,2-6-3-1627,2019-05,measured_pilot,M4_history_insufficient,train,190,38
caltech,2-6-3-1628,2019-05,measured_pilot,M4_history_insufficient,train,150,30
caltech,2-6-3-1629,2019-05,measured_pilot,M4_history_insufficient,train,210,42
caltech,2-6-3-1630,2019-05,measured_pilot,M4_history_insufficient,train,157,32
caltech,2-6-3-1631,2019-05,measured_pilot,M4_history_insufficient,train,255,52
caltech,2-6-3-1632,2019-05,measured_pilot,M4_history_insufficient,train,205,42
caltech,2-105-277-1696,2019-06,measured_pilot,M4_history_insufficient,train,175,35
caltech,2-105-277-1697,2019-06,measured_pilot,M4_history_insufficient,train,167,37
caltech,2-105-277-1698,2019-06,measured_pilot,M4_history_insufficient,train,194,41
caltech,2-105-277-1699,2019-06,measured_pilot,M4_history_insufficient,train,204,44
caltech,2-39-123-23,2019-06,measured_pilot,M4_history_insufficient,train,147,31
caltech,2-39-123-557,2019-06,measured_pilot,M4_history_insufficient,train,15,3
caltech,2-39-124-22,2019-06,measured_pilot,M4_history_insufficient,train,140,29
caltech,2-39-124-558,2019-06,measured_pilot,M4_history_insufficient,train,45,9
caltech,2-39-125-21,2019-06,measured_pilot,M4_history_insufficient,train,201,42
caltech,2-39-125-559,2019-06,measured_pilot,M4_history_insufficient,train,10,2
caltech,2-39-126-20,2019-06,measured_pilot,M4_history_insufficient,train,100,20
caltech,2-39-126-560,2019-06,measured_pilot,M4_history_insufficient,train,5,1
caltech,2-39-127-19,2019-06,measured_pilot,M4_history_insufficient,train,100,20
caltech,2-39-128-18,2019-06,measured_pilot,M4_history_insufficient,train,64,15
caltech,2-39-129-17,2019-06,measured_pilot,M4_history_insufficient,train,205,41
caltech,2-39-130-31,2019-06,measured_pilot,M4_history_insufficient,train,90,18
caltech,2-39-130-564,2019-06,measured_pilot,M4_history_insufficient,train,10,2
caltech,2-39-131-30,2019-06,measured_pilot,M4_history_insufficient,train,195,39
caltech,2-39-138-29,2019-06,measured_pilot,M4_history_insufficient,train,116,25
caltech,2-39-138-566,2019-06,measured_pilot,M4_history_insufficient,train,10,2
caltech,2-39-139-28,2019-06,measured_pilot,M4_history_insufficient,train,275,55
caltech,2-39-139-567,2019-06,measured_pilot,M4_history_insufficient,train,10,2
caltech,2-39-78-360,2019-06,measured_pilot,M4_history_insufficient,train,166,39
caltech,2-39-78-361,2019-06,measured_pilot,M4_history_insufficient,train,75,16
caltech,2-39-78-362,2019-06,measured_pilot,M4_history_insufficient,train,92,21
caltech,2-39-78-363,2019-06,measured_pilot,M4_history_insufficient,train,96,20
caltech,2-39-78-364,2019-06,measured_pilot,M4_history_insufficient,train,71,16
caltech,2-39-78-365,2019-06,measured_pilot,M4_history_insufficient,train,117,25
caltech,2-39-78-366,2019-06,measured_pilot,M4_history_insufficient,train,145,32
caltech,2-39-78-367,2019-06,measured_pilot,M4_history_insufficient,train,74,16
caltech,2-39-79-376,2019-06,measured_pilot,M4_history_insufficient,train,100,20
caltech,2-39-79-377,2019-06,measured_pilot,M4_history_insufficient,train,112,23
caltech,2-39-79-378,2019-06,measured_pilot,M4_history_insufficient,train,80,16
caltech,2-39-79-379,2019-06,measured_pilot,M4_history_insufficient,train,144,29
caltech,2-39-79-380,2019-06,measured_pilot,M4_history_insufficient,train,126,25
caltech,2-39-79-381,2019-06,measured_pilot,M4_history_insufficient,train,91,19
caltech,2-39-79-382,2019-06,measured_pilot,M4_history_insufficient,train,83,17
caltech,2-39-79-383,2019-06,measured_pilot,M4_history_insufficient,train,110,22
caltech,2-39-82-384,2019-06,measured_pilot,M4_history_insufficient,train,5,1
caltech,2-39-83-386,2019-06,measured_pilot,M4_history_insufficient,train,12,3
caltech,2-39-88-24,2019-06,measured_pilot,M4_history_insufficient,train,129,26
caltech,2-39-88-438,2019-06,measured_pilot,M4_history_insufficient,train,31,7
caltech,2-39-89-25,2019-06,measured_pilot,M4_history_insufficient,train,216,44
caltech,2-39-89-439,2019-06,measured_pilot,M4_history_insufficient,train,80,16
caltech,2-39-90-26,2019-06,measured_pilot,M4_history_insufficient,train,92,19
caltech,2-39-90-440,2019-06,measured_pilot,M4_history_insufficient,train,75,15
caltech,2-39-91-437,2019-06,measured_pilot,M4_history_insufficient,train,143,29
caltech,2-39-91-441,2019-06,measured_pilot,M4_history_insufficient,train,90,18
caltech,2-39-92-436,2019-06,measured_pilot,M4_history_insufficient,train,113,23
caltech,2-39-92-442,2019-06,measured_pilot,M4_history_insufficient,train,95,20
caltech,2-39-95-27,2019-06,measured_pilot,M4_history_insufficient,train,161,33
caltech,2-39-95-444,2019-06,measured_pilot,M4_history_insufficient,train,56,12
caltech,2-6-3-1356,2019-06,measured_pilot,M4_history_insufficient,train,133,27
caltech,2-6-3-1357,2019-06,measured_pilot,M4_history_insufficient,train,77,17
caltech,2-6-3-1359,2019-06,measured_pilot,M4_history_insufficient,train,75,15
caltech,2-6-3-1360,2019-06,measured_pilot,M4_history_insufficient,train,101,21
caltech,2-6-3-1361,2019-06,measured_pilot,M4_history_insufficient,train,333,68
caltech,2-6-3-1362,2019-06,measured_pilot,M4_history_insufficient,train,121,25
caltech,2-6-3-1363,2019-06,measured_pilot,M4_history_insufficient,train,125,25
caltech,2-6-3-1364,2019-06,measured_pilot,M4_history_insufficient,train,107,23
caltech,2-6-3-1365,2019-06,measured_pilot,M4_history_insufficient,train,144,31
caltech,2-6-3-1366,2019-06,measured_pilot,M4_history_insufficient,train,125,25
caltech,2-6-3-1367,2019-06,measured_pilot,M4_history_insufficient,train,187,38
caltech,2-6-3-1368,2019-06,measured_pilot,M4_history_insufficient,train,137,28
caltech,2-6-3-1369,2019-06,measured_pilot,M4_history_insufficient,train,105,21
caltech,2-6-3-1623,2019-06,measured_pilot,M4_history_insufficient,train,188,40
caltech,2-6-3-1624,2019-06,measured_pilot,M4_history_insufficient,train,146,30
caltech,2-6-3-1625,2019-06,measured_pilot,M4_history_insufficient,train,163,33
caltech,2-6-3-1626,2019-06,measured_pilot,M4_history_insufficient,train,214,44
caltech,2-6-3-1627,2019-06,measured_pilot,M4_history_insufficient,train,199,41
caltech,2-6-3-1628,2019-06,measured_pilot,M4_history_insufficient,train,212,47
caltech,2-6-3-1629,2019-06,measured_pilot,M4_history_insufficient,train,232,50
caltech,2-6-3-1630,2019-06,measured_pilot,M4_history_insufficient,train,239,48
caltech,2-6-3-1631,2019-06,measured_pilot,M4_history_insufficient,train,197,40
caltech,2-6-3-1632,2019-06,measured_pilot,M4_history_insufficient,train,232,47
caltech,2-105-277-1696,2019-07,measured_pilot,M4_history_insufficient,train,233,47
caltech,2-105-277-1697,2019-07,measured_pilot,M4_history_insufficient,train,191,39
caltech,2-105-277-1698,2019-07,measured_pilot,M4_history_insufficient,train,225,45
caltech,2-105-277-1699,2019-07,measured_pilot,M4_history_insufficient,train,205,40
caltech,2-39-123-23,2019-07,measured_pilot,M4_history_insufficient,train,145,31
caltech,2-39-123-557,2019-07,measured_pilot,M4_history_insufficient,train,20,4
caltech,2-39-124-22,2019-07,measured_pilot,M4_history_insufficient,train,145,31
caltech,2-39-124-558,2019-07,measured_pilot,M4_history_insufficient,train,10,2
caltech,2-39-125-21,2019-07,measured_pilot,M4_history_insufficient,train,172,37
caltech,2-39-126-20,2019-07,measured_pilot,M4_history_insufficient,train,80,16
caltech,2-39-127-19,2019-07,measured_pilot,M4_history_insufficient,train,125,25
caltech,2-39-128-18,2019-07,measured_pilot,M4_history_insufficient,train,83,16
caltech,2-39-129-17,2019-07,measured_pilot,M4_history_insufficient,train,121,25
caltech,2-39-130-31,2019-07,measured_pilot,M4_history_insufficient,train,135,28
caltech,2-39-131-30,2019-07,measured_pilot,M4_history_insufficient,train,239,48
caltech,2-39-138-29,2019-07,measured_pilot,M4_history_insufficient,train,160,36
caltech,2-39-139-28,2019-07,measured_pilot,M4_history_insufficient,train,317,65
caltech,2-39-139-567,2019-07,measured_pilot,M4_history_insufficient,train,2,1
caltech,2-39-78-360,2019-07,measured_pilot,M4_history_insufficient,train,99,25
caltech,2-39-78-361,2019-07,measured_pilot,M4_history_insufficient,train,81,20
caltech,2-39-78-362,2019-07,measured_pilot,M4_history_insufficient,train,75,15
caltech,2-39-78-363,2019-07,measured_pilot,M4_history_insufficient,train,121,24
caltech,2-39-78-364,2019-07,measured_pilot,M4_history_insufficient,train,65,13
caltech,2-39-78-365,2019-07,measured_pilot,M4_history_insufficient,train,115,23
caltech,2-39-78-366,2019-07,measured_pilot,M4_history_insufficient,train,99,20
caltech,2-39-78-367,2019-07,measured_pilot,M4_history_insufficient,train,95,22
caltech,2-39-79-376,2019-07,measured_pilot,M4_history_insufficient,train,75,16
caltech,2-39-79-377,2019-07,measured_pilot,M4_history_insufficient,train,125,24
caltech,2-39-79-378,2019-07,measured_pilot,M4_history_insufficient,train,121,24
caltech,2-39-79-379,2019-07,measured_pilot,M4_history_insufficient,train,123,29
caltech,2-39-79-380,2019-07,measured_pilot,M4_history_insufficient,train,116,22
caltech,2-39-79-381,2019-07,measured_pilot,M4_history_insufficient,train,50,10
caltech,2-39-79-382,2019-07,measured_pilot,M4_history_insufficient,train,97,20
caltech,2-39-79-383,2019-07,measured_pilot,M4_history_insufficient,train,120,24
caltech,2-39-83-386,2019-07,measured_pilot,M4_history_insufficient,train,5,1
caltech,2-39-88-24,2019-07,measured_pilot,M4_history_insufficient,train,102,21
caltech,2-39-88-438,2019-07,measured_pilot,M4_history_insufficient,train,15,4
caltech,2-39-89-25,2019-07,measured_pilot,M4_history_insufficient,train,207,42
caltech,2-39-89-439,2019-07,measured_pilot,M4_history_insufficient,train,20,4
caltech,2-39-90-26,2019-07,measured_pilot,M4_history_insufficient,train,105,24
caltech,2-39-90-440,2019-07,measured_pilot,M4_history_insufficient,train,45,9
caltech,2-39-91-437,2019-07,measured_pilot,M4_history_insufficient,train,158,32
caltech,2-39-91-441,2019-07,measured_pilot,M4_history_insufficient,train,70,13
caltech,2-39-92-436,2019-07,measured_pilot,M4_history_insufficient,train,90,18
caltech,2-39-92-442,2019-07,measured_pilot,M4_history_insufficient,train,70,14
caltech,2-39-95-27,2019-07,measured_pilot,M4_history_insufficient,train,130,25
caltech,2-39-95-444,2019-07,measured_pilot,M4_history_insufficient,train,45,9
caltech,2-6-3-1356,2019-07,measured_pilot,M4_history_insufficient,train,86,18
caltech,2-6-3-1357,2019-07,measured_pilot,M4_history_insufficient,train,76,16
caltech,2-6-3-1359,2019-07,measured_pilot,M4_history_insufficient,train,100,20
caltech,2-6-3-1360,2019-07,measured_pilot,M4_history_insufficient,train,65,13
caltech,2-6-3-1361,2019-07,measured_pilot,M4_history_insufficient,train,194,40
caltech,2-6-3-1362,2019-07,measured_pilot,M4_history_insufficient,train,108,24
caltech,2-6-3-1363,2019-07,measured_pilot,M4_history_insufficient,train,82,17
caltech,2-6-3-1364,2019-07,measured_pilot,M4_history_insufficient,train,81,17
caltech,2-6-3-1365,2019-07,measured_pilot,M4_history_insufficient,train,93,21
caltech,2-6-3-1366,2019-07,measured_pilot,M4_history_insufficient,train,105,21
caltech,2-6-3-1367,2019-07,measured_pilot,M4_history_insufficient,train,115,23
caltech,2-6-3-1368,2019-07,measured_pilot,M4_history_insufficient,train,72,15
caltech,2-6-3-1369,2019-07,measured_pilot,M4_history_insufficient,train,112,25
caltech,2-6-3-1623,2019-07,measured_pilot,M4_history_insufficient,train,120,24
caltech,2-6-3-1624,2019-07,measured_pilot,M4_history_insufficient,train,147,32
caltech,2-6-3-1625,2019-07,measured_pilot,M4_history_insufficient,train,143,30
caltech,2-6-3-1626,2019-07,measured_pilot,M4_history_insufficient,train,194,40
caltech,2-6-3-1627,2019-07,measured_pilot,M4_history_insufficient,train,161,32
caltech,2-6-3-1628,2019-07,measured_pilot,M4_history_insufficient,train,176,36
caltech,2-6-3-1629,2019-07,measured_pilot,M4_history_insufficient,train,176,35
caltech,2-6-3-1630,2019-07,measured_pilot,M4_history_insufficient,train,162,35
caltech,2-6-3-1631,2019-07,measured_pilot,M4_history_insufficient,train,89,20
caltech,2-6-3-1632,2019-07,measured_pilot,M4_history_insufficient,train,145,30
caltech,2-105-277-1696,2019-08,measured_pilot,M4_history_insufficient,train,187,38
caltech,2-105-277-1696,2019-08,measured_pilot,M4_history_insufficient,validation,33,7
caltech,2-105-277-1697,2019-08,measured_pilot,M4_history_insufficient,train,197,42
caltech,2-105-277-1697,2019-08,measured_pilot,M4_history_insufficient,validation,55,11
caltech,2-105-277-1698,2019-08,measured_pilot,M4_history_insufficient,train,140,28
caltech,2-105-277-1698,2019-08,measured_pilot,M4_history_insufficient,validation,64,13
caltech,2-105-277-1699,2019-08,measured_pilot,M4_history_insufficient,train,141,29
caltech,2-105-277-1699,2019-08,measured_pilot,M4_history_insufficient,validation,55,11
caltech,2-39-123-23,2019-08,measured_pilot,M4_history_insufficient,train,137,28
caltech,2-39-123-23,2019-08,measured_pilot,M4_history_insufficient,validation,45,9
caltech,2-39-123-557,2019-08,measured_pilot,M4_history_insufficient,train,15,3
caltech,2-39-123-557,2019-08,measured_pilot,M4_history_insufficient,validation,10,2
caltech,2-39-124-22,2019-08,measured_pilot,M4_history_insufficient,train,127,26
caltech,2-39-124-22,2019-08,measured_pilot,M4_history_insufficient,validation,25,5
caltech,2-39-124-558,2019-08,measured_pilot,M4_history_insufficient,train,5,1
caltech,2-39-124-558,2019-08,measured_pilot,M4_history_insufficient,validation,10,2
caltech,2-39-125-21,2019-08,measured_pilot,M4_history_insufficient,train,83,17
caltech,2-39-125-21,2019-08,measured_pilot,M4_history_insufficient,validation,25,5
caltech,2-39-126-20,2019-08,measured_pilot,M4_history_insufficient,train,35,7
caltech,2-39-126-20,2019-08,measured_pilot,M4_history_insufficient,validation,1,1
caltech,2-39-127-19,2019-08,measured_pilot,M4_history_insufficient,train,77,16
caltech,2-39-127-19,2019-08,measured_pilot,M4_history_insufficient,validation,36,8
caltech,2-39-128-18,2019-08,measured_pilot,M4_history_insufficient,train,60,12
caltech,2-39-128-562,2019-08,measured_pilot,M4_history_insufficient,validation,5,1
caltech,2-39-129-17,2019-08,measured_pilot,M4_history_insufficient,train,110,22
caltech,2-39-129-17,2019-08,measured_pilot,M4_history_insufficient,validation,50,10
caltech,2-39-129-563,2019-08,measured_pilot,M4_history_insufficient,train,1,1
caltech,2-39-130-31,2019-08,measured_pilot,M4_history_insufficient,train,62,15
caltech,2-39-130-31,2019-08,measured_pilot,M4_history_insufficient,validation,10,2
caltech,2-39-131-30,2019-08,measured_pilot,M4_history_insufficient,train,168,34
caltech,2-39-131-30,2019-08,measured_pilot,M4_history_insufficient,validation,55,11
caltech,2-39-131-565,2019-08,measured_pilot,M4_history_insufficient,train,5,1
caltech,2-39-138-29,2019-08,measured_pilot,M4_history_insufficient,train,103,21
caltech,2-39-138-29,2019-08,measured_pilot,M4_history_insufficient,validation,43,9
caltech,2-39-138-566,2019-08,measured_pilot,M4_history_insufficient,train,5,1
caltech,2-39-139-28,2019-08,measured_pilot,M4_history_insufficient,train,277,58
caltech,2-39-139-28,2019-08,measured_pilot,M4_history_insufficient,validation,45,9
caltech,2-39-78-360,2019-08,measured_pilot,M4_history_insufficient,train,80,16
caltech,2-39-78-360,2019-08,measured_pilot,M4_history_insufficient,validation,28,8
caltech,2-39-78-361,2019-08,measured_pilot,M4_history_insufficient,train,53,13
caltech,2-39-78-361,2019-08,measured_pilot,M4_history_insufficient,validation,25,5
caltech,2-39-78-362,2019-08,measured_pilot,M4_history_insufficient,train,97,23
caltech,2-39-78-362,2019-08,measured_pilot,M4_history_insufficient,validation,34,11
caltech,2-39-78-363,2019-08,measured_pilot,M4_history_insufficient,train,80,17
caltech,2-39-78-363,2019-08,measured_pilot,M4_history_insufficient,validation,25,5
caltech,2-39-78-364,2019-08,measured_pilot,M4_history_insufficient,train,45,9
caltech,2-39-78-364,2019-08,measured_pilot,M4_history_insufficient,validation,25,5
caltech,2-39-78-365,2019-08,measured_pilot,M4_history_insufficient,train,90,18
caltech,2-39-78-365,2019-08,measured_pilot,M4_history_insufficient,validation,15,3
caltech,2-39-78-366,2019-08,measured_pilot,M4_history_insufficient,train,125,25
caltech,2-39-78-366,2019-08,measured_pilot,M4_history_insufficient,validation,37,8
caltech,2-39-78-367,2019-08,measured_pilot,M4_history_insufficient,train,63,16
caltech,2-39-78-367,2019-08,measured_pilot,M4_history_insufficient,validation,42,9
caltech,2-39-79-376,2019-08,measured_pilot,M4_history_insufficient,train,75,15
caltech,2-39-79-376,2019-08,measured_pilot,M4_history_insufficient,validation,25,5
caltech,2-39-79-377,2019-08,measured_pilot,M4_history_insufficient,train,100,20
caltech,2-39-79-377,2019-08,measured_pilot,M4_history_insufficient,validation,22,5
caltech,2-39-79-378,2019-08,measured_pilot,M4_history_insufficient,train,115,23
caltech,2-39-79-378,2019-08,measured_pilot,M4_history_insufficient,validation,30,6
caltech,2-39-79-379,2019-08,measured_pilot,M4_history_insufficient,train,75,15
caltech,2-39-79-379,2019-08,measured_pilot,M4_history_insufficient,validation,20,4
caltech,2-39-79-380,2019-08,measured_pilot,M4_history_insufficient,train,96,20
caltech,2-39-79-380,2019-08,measured_pilot,M4_history_insufficient,validation,25,5
caltech,2-39-79-381,2019-08,measured_pilot,M4_history_insufficient,train,80,16
caltech,2-39-79-381,2019-08,measured_pilot,M4_history_insufficient,validation,20,4
caltech,2-39-79-382,2019-08,measured_pilot,M4_history_insufficient,train,70,14
caltech,2-39-79-382,2019-08,measured_pilot,M4_history_insufficient,validation,23,5
caltech,2-39-79-383,2019-08,measured_pilot,M4_history_insufficient,train,94,20
caltech,2-39-79-383,2019-08,measured_pilot,M4_history_insufficient,validation,25,5
caltech,2-39-83-386,2019-08,measured_pilot,M4_history_insufficient,train,11,3
caltech,2-39-83-386,2019-08,measured_pilot,M4_history_insufficient,validation,10,2
caltech,2-39-88-24,2019-08,measured_pilot,M4_history_insufficient,train,84,18
caltech,2-39-88-24,2019-08,measured_pilot,M4_history_insufficient,validation,30,6
caltech,2-39-88-438,2019-08,measured_pilot,M4_history_insufficient,train,25,5
caltech,2-39-88-438,2019-08,measured_pilot,M4_history_insufficient,validation,10,2
caltech,2-39-89-25,2019-08,measured_pilot,M4_history_insufficient,train,160,32
caltech,2-39-89-25,2019-08,measured_pilot,M4_history_insufficient,validation,35,7
caltech,2-39-89-439,2019-08,measured_pilot,M4_history_insufficient,train,25,5
caltech,2-39-89-439,2019-08,measured_pilot,M4_history_insufficient,validation,10,2
caltech,2-39-90-26,2019-08,measured_pilot,M4_history_insufficient,train,70,14
caltech,2-39-90-26,2019-08,measured_pilot,M4_history_insufficient,validation,20,4
caltech,2-39-90-440,2019-08,measured_pilot,M4_history_insufficient,train,66,16
caltech,2-39-90-440,2019-08,measured_pilot,M4_history_insufficient,validation,25,5
caltech,2-39-91-437,2019-08,measured_pilot,M4_history_insufficient,train,123,26
caltech,2-39-91-437,2019-08,measured_pilot,M4_history_insufficient,validation,32,7
caltech,2-39-91-441,2019-08,measured_pilot,M4_history_insufficient,train,40,8
caltech,2-39-91-441,2019-08,measured_pilot,M4_history_insufficient,validation,10,2
caltech,2-39-92-436,2019-08,measured_pilot,M4_history_insufficient,train,80,16
caltech,2-39-92-436,2019-08,measured_pilot,M4_history_insufficient,validation,15,3
caltech,2-39-92-442,2019-08,measured_pilot,M4_history_insufficient,train,75,15
caltech,2-39-92-442,2019-08,measured_pilot,M4_history_insufficient,validation,25,5
caltech,2-39-95-27,2019-08,measured_pilot,M4_history_insufficient,train,105,21
caltech,2-39-95-27,2019-08,measured_pilot,M4_history_insufficient,validation,45,9
caltech,2-39-95-444,2019-08,measured_pilot,M4_history_insufficient,train,36,8
caltech,2-39-95-444,2019-08,measured_pilot,M4_history_insufficient,validation,10,2
caltech,2-6-3-1356,2019-08,measured_pilot,M4_history_insufficient,train,151,31
caltech,2-6-3-1356,2019-08,measured_pilot,M4_history_insufficient,validation,5,1
caltech,2-6-3-1357,2019-08,measured_pilot,M4_history_insufficient,train,140,28
caltech,2-6-3-1357,2019-08,measured_pilot,M4_history_insufficient,validation,40,8
caltech,2-6-3-1359,2019-08,measured_pilot,M4_history_insufficient,train,127,26
caltech,2-6-3-1359,2019-08,measured_pilot,M4_history_insufficient,validation,55,11
caltech,2-6-3-1360,2019-08,measured_pilot,M4_history_insufficient,train,95,19
caltech,2-6-3-1360,2019-08,measured_pilot,M4_history_insufficient,validation,35,7
caltech,2-6-3-1361,2019-08,measured_pilot,M4_history_insufficient,train,254,52
caltech,2-6-3-1361,2019-08,measured_pilot,M4_history_insufficient,validation,57,12
caltech,2-6-3-1362,2019-08,measured_pilot,M4_history_insufficient,train,85,17
caltech,2-6-3-1362,2019-08,measured_pilot,M4_history_insufficient,validation,35,7
caltech,2-6-3-1363,2019-08,measured_pilot,M4_history_insufficient,train,126,26
caltech,2-6-3-1363,2019-08,measured_pilot,M4_history_insufficient,validation,30,6
caltech,2-6-3-1364,2019-08,measured_pilot,M4_history_insufficient,train,95,19
caltech,2-6-3-1364,2019-08,measured_pilot,M4_history_insufficient,validation,12,3
caltech,2-6-3-1365,2019-08,measured_pilot,M4_history_insufficient,train,85,17
caltech,2-6-3-1365,2019-08,measured_pilot,M4_history_insufficient,validation,39,9
caltech,2-6-3-1366,2019-08,measured_pilot,M4_history_insufficient,train,144,29
caltech,2-6-3-1366,2019-08,measured_pilot,M4_history_insufficient,validation,35,7
caltech,2-6-3-1367,2019-08,measured_pilot,M4_history_insufficient,train,230,46
caltech,2-6-3-1367,2019-08,measured_pilot,M4_history_insufficient,validation,76,16
caltech,2-6-3-1368,2019-08,measured_pilot,M4_history_insufficient,train,157,34
caltech,2-6-3-1368,2019-08,measured_pilot,M4_history_insufficient,validation,15,3
caltech,2-6-3-1369,2019-08,measured_pilot,M4_history_insufficient,train,112,21
caltech,2-6-3-1369,2019-08,measured_pilot,M4_history_insufficient,validation,30,6
caltech,2-6-3-1623,2019-08,measured_pilot,M4_history_insufficient,train,232,48
caltech,2-6-3-1623,2019-08,measured_pilot,M4_history_insufficient,validation,61,13
caltech,2-6-3-1624,2019-08,measured_pilot,M4_history_insufficient,train,183,37
caltech,2-6-3-1624,2019-08,measured_pilot,M4_history_insufficient,validation,45,9
caltech,2-6-3-1625,2019-08,measured_pilot,M4_history_insufficient,train,168,35
caltech,2-6-3-1625,2019-08,measured_pilot,M4_history_insufficient,validation,50,10
caltech,2-6-3-1626,2019-08,measured_pilot,M4_history_insufficient,train,208,43
caltech,2-6-3-1626,2019-08,measured_pilot,M4_history_insufficient,validation,70,14
caltech,2-6-3-1627,2019-08,measured_pilot,M4_history_insufficient,train,210,42
caltech,2-6-3-1627,2019-08,measured_pilot,M4_history_insufficient,validation,40,8
caltech,2-6-3-1628,2019-08,measured_pilot,M4_history_insufficient,train,256,53
caltech,2-6-3-1628,2019-08,measured_pilot,M4_history_insufficient,validation,40,8
caltech,2-6-3-1629,2019-08,measured_pilot,M4_history_insufficient,train,245,48
caltech,2-6-3-1629,2019-08,measured_pilot,M4_history_insufficient,validation,55,11
caltech,2-6-3-1630,2019-08,measured_pilot,M4_history_insufficient,train,192,40
caltech,2-6-3-1630,2019-08,measured_pilot,M4_history_insufficient,validation,50,10
caltech,2-6-3-1631,2019-08,measured_pilot,M4_history_insufficient,train,165,35
caltech,2-6-3-1631,2019-08,measured_pilot,M4_history_insufficient,validation,40,8
caltech,2-6-3-1632,2019-08,measured_pilot,M4_history_insufficient,train,247,51
caltech,2-6-3-1632,2019-08,measured_pilot,M4_history_insufficient,validation,75,15
caltech,2-105-277-1696,2019-09,measured_pilot,M4_history_insufficient,validation,206,42
caltech,2-105-277-1697,2019-09,measured_pilot,M4_history_insufficient,validation,228,47
caltech,2-105-277-1698,2019-09,measured_pilot,M4_history_insufficient,validation,222,45
caltech,2-105-277-1699,2019-09,measured_pilot,M4_history_insufficient,validation,249,52
caltech,2-39-123-23,2019-09,measured_pilot,M4_history_insufficient,validation,166,36
caltech,2-39-123-557,2019-09,measured_pilot,M4_history_insufficient,validation,23,5
caltech,2-39-124-22,2019-09,measured_pilot,M4_history_insufficient,validation,125,27
caltech,2-39-124-558,2019-09,measured_pilot,M4_history_insufficient,validation,5,1
caltech,2-39-125-21,2019-09,measured_pilot,M4_history_insufficient,validation,87,18
caltech,2-39-126-20,2019-09,measured_pilot,M4_history_insufficient,validation,37,8
caltech,2-39-127-19,2019-09,measured_pilot,M4_history_insufficient,validation,129,26
caltech,2-39-127-561,2019-09,measured_pilot,M4_history_insufficient,validation,5,1
caltech,2-39-128-18,2019-09,measured_pilot,M4_history_insufficient,validation,55,11
caltech,2-39-129-17,2019-09,measured_pilot,M4_history_insufficient,validation,153,31
caltech,2-39-130-31,2019-09,measured_pilot,M4_history_insufficient,validation,90,19
caltech,2-39-131-30,2019-09,measured_pilot,M4_history_insufficient,validation,240,48
caltech,2-39-131-565,2019-09,measured_pilot,M4_history_insufficient,validation,5,1
caltech,2-39-138-29,2019-09,measured_pilot,M4_history_insufficient,validation,128,27
caltech,2-39-138-566,2019-09,measured_pilot,M4_history_insufficient,validation,20,4
caltech,2-39-139-28,2019-09,measured_pilot,M4_history_insufficient,validation,253,51
caltech,2-39-139-567,2019-09,measured_pilot,M4_history_insufficient,validation,5,1
caltech,2-39-78-360,2019-09,measured_pilot,M4_history_insufficient,validation,114,28
caltech,2-39-78-361,2019-09,measured_pilot,M4_history_insufficient,validation,123,28
caltech,2-39-78-362,2019-09,measured_pilot,M4_history_insufficient,validation,113,27
caltech,2-39-78-363,2019-09,measured_pilot,M4_history_insufficient,validation,108,22
caltech,2-39-78-364,2019-09,measured_pilot,M4_history_insufficient,validation,56,12
caltech,2-39-78-365,2019-09,measured_pilot,M4_history_insufficient,validation,112,23
caltech,2-39-78-366,2019-09,measured_pilot,M4_history_insufficient,validation,131,27
caltech,2-39-78-367,2019-09,measured_pilot,M4_history_insufficient,validation,154,37
caltech,2-39-79-376,2019-09,measured_pilot,M4_history_insufficient,validation,90,18
caltech,2-39-79-377,2019-09,measured_pilot,M4_history_insufficient,validation,138,28
caltech,2-39-79-378,2019-09,measured_pilot,M4_history_insufficient,validation,101,21
caltech,2-39-79-379,2019-09,measured_pilot,M4_history_insufficient,validation,107,22
caltech,2-39-79-380,2019-09,measured_pilot,M4_history_insufficient,validation,96,19
caltech,2-39-79-381,2019-09,measured_pilot,M4_history_insufficient,validation,90,18
caltech,2-39-79-382,2019-09,measured_pilot,M4_history_insufficient,validation,70,14
caltech,2-39-79-383,2019-09,measured_pilot,M4_history_insufficient,validation,101,21
caltech,2-39-83-386,2019-09,measured_pilot,M4_history_insufficient,validation,5,1
caltech,2-39-88-24,2019-09,measured_pilot,M4_history_insufficient,validation,126,27
caltech,2-39-88-438,2019-09,measured_pilot,M4_history_insufficient,validation,65,13
caltech,2-39-89-25,2019-09,measured_pilot,M4_history_insufficient,validation,181,37
caltech,2-39-89-439,2019-09,measured_pilot,M4_history_insufficient,validation,18,4
caltech,2-39-90-26,2019-09,measured_pilot,M4_history_insufficient,validation,110,23
caltech,2-39-90-440,2019-09,measured_pilot,M4_history_insufficient,validation,85,17
caltech,2-39-91-437,2019-09,measured_pilot,M4_history_insufficient,validation,151,32
caltech,2-39-91-441,2019-09,measured_pilot,M4_history_insufficient,validation,103,20
caltech,2-39-92-436,2019-09,measured_pilot,M4_history_insufficient,validation,91,19
caltech,2-39-92-442,2019-09,measured_pilot,M4_history_insufficient,validation,119,25
caltech,2-39-95-27,2019-09,measured_pilot,M4_history_insufficient,validation,111,23
caltech,2-39-95-444,2019-09,measured_pilot,M4_history_insufficient,validation,70,14
caltech,2-6-3-1356,2019-09,measured_pilot,M4_history_insufficient,validation,151,31
caltech,2-6-3-1357,2019-09,measured_pilot,M4_history_insufficient,validation,208,43
caltech,2-6-3-1359,2019-09,measured_pilot,M4_history_insufficient,validation,175,34
caltech,2-6-3-1360,2019-09,measured_pilot,M4_history_insufficient,validation,151,31
caltech,2-6-3-1361,2019-09,measured_pilot,M4_history_insufficient,validation,384,78
caltech,2-6-3-1362,2019-09,measured_pilot,M4_history_insufficient,validation,144,30
caltech,2-6-3-1363,2019-09,measured_pilot,M4_history_insufficient,validation,157,32
caltech,2-6-3-1364,2019-09,measured_pilot,M4_history_insufficient,validation,134,27
caltech,2-6-3-1365,2019-09,measured_pilot,M4_history_insufficient,validation,157,31
caltech,2-6-3-1366,2019-09,measured_pilot,M4_history_insufficient,validation,180,36
caltech,2-6-3-1367,2019-09,measured_pilot,M4_history_insufficient,validation,288,58
caltech,2-6-3-1368,2019-09,measured_pilot,M4_history_insufficient,validation,135,27
caltech,2-6-3-1369,2019-09,measured_pilot,M4_history_insufficient,validation,115,23
caltech,2-6-3-1623,2019-09,measured_pilot,M4_history_insufficient,validation,317,67
caltech,2-6-3-1624,2019-09,measured_pilot,M4_history_insufficient,validation,226,47
caltech,2-6-3-1625,2019-09,measured_pilot,M4_history_insufficient,validation,270,57
caltech,2-6-3-1626,2019-09,measured_pilot,M4_history_insufficient,validation,270,54
caltech,2-6-3-1627,2019-09,measured_pilot,M4_history_insufficient,validation,255,52
caltech,2-6-3-1628,2019-09,measured_pilot,M4_history_insufficient,validation,308,64
caltech,2-6-3-1629,2019-09,measured_pilot,M4_history_insufficient,validation,299,61
caltech,2-6-3-1630,2019-09,measured_pilot,M4_history_insufficient,validation,323,66
caltech,2-6-3-1631,2019-09,measured_pilot,M4_history_insufficient,validation,220,46
caltech,2-6-3-1632,2019-09,measured_pilot,M4_history_insufficient,validation,285,59
caltech,2-105-277-1696,2019-10,measured_pilot,M4_history_insufficient,validation,258,55
caltech,2-105-277-1697,2019-10,measured_pilot,M4_history_insufficient,validation,299,62
caltech,2-105-277-1698,2019-10,measured_pilot,M4_history_insufficient,validation,244,50
caltech,2-105-277-1699,2019-10,measured_pilot,M4_history_insufficient,validation,342,70
caltech,2-39-123-23,2019-10,measured_pilot,M4_history_insufficient,validation,197,40
caltech,2-39-123-557,2019-10,measured_pilot,M4_history_insufficient,validation,35,7
caltech,2-39-124-22,2019-10,measured_pilot,M4_history_insufficient,validation,138,28
caltech,2-39-124-558,2019-10,measured_pilot,M4_history_insufficient,validation,5,1
caltech,2-39-125-21,2019-10,measured_pilot,M4_history_insufficient,validation,83,18
caltech,2-39-125-559,2019-10,measured_pilot,M4_history_insufficient,validation,5,1
caltech,2-39-126-20,2019-10,measured_pilot,M4_history_insufficient,validation,55,12
caltech,2-39-126-560,2019-10,measured_pilot,M4_history_insufficient,validation,5,1
caltech,2-39-127-19,2019-10,measured_pilot,M4_history_insufficient,validation,101,21
caltech,2-39-128-18,2019-10,measured_pilot,M4_history_insufficient,validation,74,16
caltech,2-39-128-562,2019-10,measured_pilot,M4_history_insufficient,validation,5,1
caltech,2-39-129-17,2019-10,measured_pilot,M4_history_insufficient,validation,140,28
caltech,2-39-129-563,2019-10,measured_pilot,M4_history_insufficient,validation,5,1
caltech,2-39-130-31,2019-10,measured_pilot,M4_history_insufficient,validation,92,19
caltech,2-39-130-564,2019-10,measured_pilot,M4_history_insufficient,validation,5,1
caltech,2-39-131-30,2019-10,measured_pilot,M4_history_insufficient,validation,215,45
caltech,2-39-131-565,2019-10,measured_pilot,M4_history_insufficient,validation,8,2
caltech,2-39-138-29,2019-10,measured_pilot,M4_history_insufficient,validation,115,23
caltech,2-39-138-566,2019-10,measured_pilot,M4_history_insufficient,validation,10,2
caltech,2-39-139-28,2019-10,measured_pilot,M4_history_insufficient,validation,267,54
caltech,2-39-78-360,2019-10,measured_pilot,M4_history_insufficient,validation,78,17
caltech,2-39-78-361,2019-10,measured_pilot,M4_history_insufficient,validation,126,27
caltech,2-39-78-362,2019-10,measured_pilot,M4_history_insufficient,validation,92,20
caltech,2-39-78-363,2019-10,measured_pilot,M4_history_insufficient,validation,143,32
caltech,2-39-78-364,2019-10,measured_pilot,M4_history_insufficient,validation,130,29
caltech,2-39-78-365,2019-10,measured_pilot,M4_history_insufficient,validation,117,24
caltech,2-39-78-366,2019-10,measured_pilot,M4_history_insufficient,validation,151,31
caltech,2-39-78-367,2019-10,measured_pilot,M4_history_insufficient,validation,168,39
caltech,2-39-79-376,2019-10,measured_pilot,M4_history_insufficient,validation,105,21
caltech,2-39-79-377,2019-10,measured_pilot,M4_history_insufficient,validation,126,26
caltech,2-39-79-378,2019-10,measured_pilot,M4_history_insufficient,validation,85,17
caltech,2-39-79-379,2019-10,measured_pilot,M4_history_insufficient,validation,155,33
caltech,2-39-79-380,2019-10,measured_pilot,M4_history_insufficient,validation,188,39
caltech,2-39-79-381,2019-10,measured_pilot,M4_history_insufficient,validation,55,11
caltech,2-39-79-382,2019-10,measured_pilot,M4_history_insufficient,validation,98,21
caltech,2-39-79-383,2019-10,measured_pilot,M4_history_insufficient,validation,128,28
caltech,2-39-82-384,2019-10,measured_pilot,M4_history_insufficient,validation,5,1
caltech,2-39-83-386,2019-10,measured_pilot,M4_history_insufficient,validation,15,3
caltech,2-39-88-24,2019-10,measured_pilot,M4_history_insufficient,validation,147,30
caltech,2-39-88-438,2019-10,measured_pilot,M4_history_insufficient,validation,81,17
caltech,2-39-89-25,2019-10,measured_pilot,M4_history_insufficient,validation,167,34
caltech,2-39-89-439,2019-10,measured_pilot,M4_history_insufficient,validation,37,8
caltech,2-39-90-26,2019-10,measured_pilot,M4_history_insufficient,validation,155,31
caltech,2-39-90-440,2019-10,measured_pilot,M4_history_insufficient,validation,89,18
caltech,2-39-91-437,2019-10,measured_pilot,M4_history_insufficient,validation,170,34
caltech,2-39-91-441,2019-10,measured_pilot,M4_history_insufficient,validation,111,23
caltech,2-39-92-436,2019-10,measured_pilot,M4_history_insufficient,validation,136,28
caltech,2-39-92-442,2019-10,measured_pilot,M4_history_insufficient,validation,110,23
caltech,2-39-95-27,2019-10,measured_pilot,M4_history_insufficient,validation,155,31
caltech,2-39-95-444,2019-10,measured_pilot,M4_history_insufficient,validation,100,20
caltech,2-6-3-1356,2019-10,measured_pilot,M4_history_insufficient,validation,240,49
caltech,2-6-3-1357,2019-10,measured_pilot,M4_history_insufficient,validation,140,28
caltech,2-6-3-1359,2019-10,measured_pilot,M4_history_insufficient,validation,187,38
caltech,2-6-3-1360,2019-10,measured_pilot,M4_history_insufficient,validation,137,28
caltech,2-6-3-1361,2019-10,measured_pilot,M4_history_insufficient,validation,404,85
caltech,2-6-3-1362,2019-10,measured_pilot,M4_history_insufficient,validation,155,31
caltech,2-6-3-1363,2019-10,measured_pilot,M4_history_insufficient,validation,202,42
caltech,2-6-3-1364,2019-10,measured_pilot,M4_history_insufficient,validation,217,44
caltech,2-6-3-1365,2019-10,measured_pilot,M4_history_insufficient,validation,188,40
caltech,2-6-3-1366,2019-10,measured_pilot,M4_history_insufficient,validation,200,41
caltech,2-6-3-1367,2019-10,measured_pilot,M4_history_insufficient,validation,277,56
caltech,2-6-3-1368,2019-10,measured_pilot,M4_history_insufficient,validation,150,30
caltech,2-6-3-1369,2019-10,measured_pilot,M4_history_insufficient,validation,180,36
caltech,2-6-3-1623,2019-10,measured_pilot,M4_history_insufficient,validation,320,65
caltech,2-6-3-1624,2019-10,measured_pilot,M4_history_insufficient,validation,186,38
caltech,2-6-3-1625,2019-10,measured_pilot,M4_history_insufficient,validation,227,46
caltech,2-6-3-1626,2019-10,measured_pilot,M4_history_insufficient,validation,269,55
caltech,2-6-3-1627,2019-10,measured_pilot,M4_history_insufficient,validation,288,59
caltech,2-6-3-1628,2019-10,measured_pilot,M4_history_insufficient,validation,332,67
caltech,2-6-3-1629,2019-10,measured_pilot,M4_history_insufficient,validation,340,68
caltech,2-6-3-1630,2019-10,measured_pilot,M4_history_insufficient,validation,269,65
caltech,2-6-3-1631,2019-10,measured_pilot,M4_history_insufficient,validation,317,65
caltech,2-6-3-1632,2019-10,measured_pilot,M4_history_insufficient,validation,341,71
caltech,2-105-277-1696,2019-11,measured_pilot,M4_history_insufficient,validation,186,39
caltech,2-105-277-1697,2019-11,measured_pilot,M4_history_insufficient,validation,249,50
caltech,2-105-277-1698,2019-11,measured_pilot,M4_history_insufficient,validation,292,61
caltech,2-105-277-1699,2019-11,measured_pilot,M4_history_insufficient,validation,195,40
caltech,2-39-123-23,2019-11,measured_pilot,M4_history_insufficient,validation,144,30
caltech,2-39-123-557,2019-11,measured_pilot,M4_history_insufficient,validation,15,3
caltech,2-39-124-22,2019-11,measured_pilot,M4_history_insufficient,validation,130,29
caltech,2-39-125-21,2019-11,measured_pilot,M4_history_insufficient,validation,30,6
caltech,2-39-125-559,2019-11,measured_pilot,M4_history_insufficient,validation,10,2
caltech,2-39-126-20,2019-11,measured_pilot,M4_history_insufficient,validation,30,6
caltech,2-39-127-19,2019-11,measured_pilot,M4_history_insufficient,validation,111,23
caltech,2-39-128-18,2019-11,measured_pilot,M4_history_insufficient,validation,25,5
caltech,2-39-129-17,2019-11,measured_pilot,M4_history_insufficient,validation,109,22
caltech,2-39-130-31,2019-11,measured_pilot,M4_history_insufficient,validation,40,8
caltech,2-39-131-30,2019-11,measured_pilot,M4_history_insufficient,validation,200,40
caltech,2-39-131-565,2019-11,measured_pilot,M4_history_insufficient,validation,5,1
caltech,2-39-138-29,2019-11,measured_pilot,M4_history_insufficient,validation,96,20
caltech,2-39-138-566,2019-11,measured_pilot,M4_history_insufficient,validation,10,2
caltech,2-39-139-28,2019-11,measured_pilot,M4_history_insufficient,validation,235,47
caltech,2-39-139-567,2019-11,measured_pilot,M4_history_insufficient,validation,5,1
caltech,2-39-78-360,2019-11,measured_pilot,M4_history_insufficient,validation,138,30
caltech,2-39-78-361,2019-11,measured_pilot,M4_history_insufficient,validation,160,35
caltech,2-39-78-362,2019-11,measured_pilot,M4_history_insufficient,validation,120,36
caltech,2-39-78-363,2019-11,measured_pilot,M4_history_insufficient,validation,89,19
caltech,2-39-78-364,2019-11,measured_pilot,M4_history_insufficient,validation,75,15
caltech,2-39-78-365,2019-11,measured_pilot,M4_history_insufficient,validation,99,21
caltech,2-39-78-366,2019-11,measured_pilot,M4_history_insufficient,validation,105,21
caltech,2-39-78-367,2019-11,measured_pilot,M4_history_insufficient,validation,127,31
caltech,2-39-79-376,2019-11,measured_pilot,M4_history_insufficient,validation,115,23
caltech,2-39-79-377,2019-11,measured_pilot,M4_history_insufficient,validation,110,22
caltech,2-39-79-378,2019-11,measured_pilot,M4_history_insufficient,validation,90,18
caltech,2-39-79-379,2019-11,measured_pilot,M4_history_insufficient,validation,85,17
caltech,2-39-79-380,2019-11,measured_pilot,M4_history_insufficient,validation,120,24
caltech,2-39-79-381,2019-11,measured_pilot,M4_history_insufficient,validation,65,13
caltech,2-39-79-382,2019-11,measured_pilot,M4_history_insufficient,validation,91,19
caltech,2-39-79-383,2019-11,measured_pilot,M4_history_insufficient,validation,83,21
caltech,2-39-83-386,2019-11,measured_pilot,M4_history_insufficient,validation,31,7
caltech,2-39-88-24,2019-11,measured_pilot,M4_history_insufficient,validation,140,28
caltech,2-39-88-438,2019-11,measured_pilot,M4_history_insufficient,validation,30,6
caltech,2-39-89-25,2019-11,measured_pilot,M4_history_insufficient,validation,161,33
caltech,2-39-89-439,2019-11,measured_pilot,M4_history_insufficient,validation,35,7
caltech,2-39-90-26,2019-11,measured_pilot,M4_history_insufficient,validation,146,30
caltech,2-39-90-440,2019-11,measured_pilot,M4_history_insufficient,validation,72,15
caltech,2-39-91-437,2019-11,measured_pilot,M4_history_insufficient,validation,130,26
caltech,2-39-91-441,2019-11,measured_pilot,M4_history_insufficient,validation,85,17
caltech,2-39-92-436,2019-11,measured_pilot,M4_history_insufficient,validation,100,20
caltech,2-39-92-442,2019-11,measured_pilot,M4_history_insufficient,validation,91,22
caltech,2-39-95-27,2019-11,measured_pilot,M4_history_insufficient,validation,139,28
caltech,2-39-95-444,2019-11,measured_pilot,M4_history_insufficient,validation,96,20
caltech,2-6-3-1356,2019-11,measured_pilot,M4_history_insufficient,validation,278,56
caltech,2-6-3-1357,2019-11,measured_pilot,M4_history_insufficient,validation,160,32
caltech,2-6-3-1359,2019-11,measured_pilot,M4_history_insufficient,validation,140,28
caltech,2-6-3-1360,2019-11,measured_pilot,M4_history_insufficient,validation,147,30
caltech,2-6-3-1361,2019-11,measured_pilot,M4_history_insufficient,validation,347,72
caltech,2-6-3-1362,2019-11,measured_pilot,M4_history_insufficient,validation,140,28
caltech,2-6-3-1363,2019-11,measured_pilot,M4_history_insufficient,validation,168,34
caltech,2-6-3-1364,2019-11,measured_pilot,M4_history_insufficient,validation,115,23
caltech,2-6-3-1365,2019-11,measured_pilot,M4_history_insufficient,validation,161,33
caltech,2-6-3-1366,2019-11,measured_pilot,M4_history_insufficient,validation,158,32
caltech,2-6-3-1367,2019-11,measured_pilot,M4_history_insufficient,validation,355,73
caltech,2-6-3-1368,2019-11,measured_pilot,M4_history_insufficient,validation,145,29
caltech,2-6-3-1369,2019-11,measured_pilot,M4_history_insufficient,validation,157,33
caltech,2-6-3-1623,2019-11,measured_pilot,M4_history_insufficient,validation,305,61
caltech,2-6-3-1624,2019-11,measured_pilot,M4_history_insufficient,validation,198,40
caltech,2-6-3-1625,2019-11,measured_pilot,M4_history_insufficient,validation,227,47
caltech,2-6-3-1626,2019-11,measured_pilot,M4_history_insufficient,validation,310,62
caltech,2-6-3-1627,2019-11,measured_pilot,M4_history_insufficient,validation,299,61
caltech,2-6-3-1628,2019-11,measured_pilot,M4_history_insufficient,validation,333,67
caltech,2-6-3-1629,2019-11,measured_pilot,M4_history_insufficient,validation,415,83
caltech,2-6-3-1631,2019-11,measured_pilot,M4_history_insufficient,validation,334,68
caltech,2-6-3-1632,2019-11,measured_pilot,M4_history_insufficient,validation,202,42
caltech,2-105-277-1696,2019-12,measured_pilot,M4_history_insufficient,stress,203,43
caltech,2-105-277-1697,2019-12,measured_pilot,M4_history_insufficient,stress,175,35
caltech,2-105-277-1698,2019-12,measured_pilot,M4_history_insufficient,stress,145,29
caltech,2-105-277-1699,2019-12,measured_pilot,M4_history_insufficient,stress,204,43
caltech,2-137-440-2980,2019-12,measured_pilot,M4_history_insufficient,stress,5,1
caltech,2-137-440-2981,2019-12,measured_pilot,M4_history_insufficient,stress,10,2
caltech,2-137-440-2983,2019-12,measured_pilot,M4_history_insufficient,stress,10,2
caltech,2-137-440-2984,2019-12,measured_pilot,M4_history_insufficient,stress,15,3
caltech,2-137-440-2985,2019-12,measured_pilot,M4_history_insufficient,stress,5,1
caltech,2-137-440-2987,2019-12,measured_pilot,M4_history_insufficient,stress,5,1
caltech,2-137-440-2988,2019-12,measured_pilot,M4_history_insufficient,stress,15,3
caltech,2-137-440-2990,2019-12,measured_pilot,M4_history_insufficient,stress,13,3
caltech,2-137-440-2991,2019-12,measured_pilot,M4_history_insufficient,stress,10,2
caltech,2-137-440-2993,2019-12,measured_pilot,M4_history_insufficient,stress,5,1
caltech,2-137-440-2994,2019-12,measured_pilot,M4_history_insufficient,stress,7,2
caltech,2-137-440-2995,2019-12,measured_pilot,M4_history_insufficient,stress,5,1
caltech,2-137-441-2999,2019-12,measured_pilot,M4_history_insufficient,stress,10,2
caltech,2-137-441-3000,2019-12,measured_pilot,M4_history_insufficient,stress,5,1
caltech,2-137-441-3001,2019-12,measured_pilot,M4_history_insufficient,stress,10,4
caltech,2-137-441-3002,2019-12,measured_pilot,M4_history_insufficient,stress,10,2
caltech,2-137-441-3003,2019-12,measured_pilot,M4_history_insufficient,stress,15,3
caltech,2-137-441-3004,2019-12,measured_pilot,M4_history_insufficient,stress,15,4
caltech,2-137-441-3005,2019-12,measured_pilot,M4_history_insufficient,stress,20,4
caltech,2-137-441-3007,2019-12,measured_pilot,M4_history_insufficient,stress,5,1
caltech,2-137-441-3008,2019-12,measured_pilot,M4_history_insufficient,stress,10,2
caltech,2-137-441-3009,2019-12,measured_pilot,M4_history_insufficient,stress,5,1
caltech,2-137-441-3010,2019-12,measured_pilot,M4_history_insufficient,stress,7,3
caltech,2-137-441-3011,2019-12,measured_pilot,M4_history_insufficient,stress,10,2
caltech,2-137-441-3012,2019-12,measured_pilot,M4_history_insufficient,stress,10,2
caltech,2-137-441-3013,2019-12,measured_pilot,M4_history_insufficient,stress,14,2
caltech,2-137-441-3014,2019-12,measured_pilot,M4_history_insufficient,stress,14,5
caltech,2-137-441-3015,2019-12,measured_pilot,M4_history_insufficient,stress,40,8
caltech,2-137-441-3016,2019-12,measured_pilot,M4_history_insufficient,stress,25,4
caltech,2-137-441-3017,2019-12,measured_pilot,M4_history_insufficient,stress,35,7
caltech,2-137-441-3018,2019-12,measured_pilot,M4_history_insufficient,stress,15,3
caltech,2-137-441-3019,2019-12,measured_pilot,M4_history_insufficient,stress,5,3
caltech,2-137-441-3020,2019-12,measured_pilot,M4_history_insufficient,stress,6,2
caltech,2-137-441-3022,2019-12,measured_pilot,M4_history_insufficient,stress,5,1
caltech,2-137-441-3023,2019-12,measured_pilot,M4_history_insufficient,stress,30,6
caltech,2-39-123-23,2019-12,measured_pilot,M4_history_insufficient,stress,112,23
caltech,2-39-123-557,2019-12,measured_pilot,M4_history_insufficient,stress,5,1
caltech,2-39-124-22,2019-12,measured_pilot,M4_history_insufficient,stress,65,13
caltech,2-39-125-21,2019-12,measured_pilot,M4_history_insufficient,stress,110,23
caltech,2-39-126-20,2019-12,measured_pilot,M4_history_insufficient,stress,58,12
caltech,2-39-126-560,2019-12,measured_pilot,M4_history_insufficient,stress,15,3
caltech,2-39-127-19,2019-12,measured_pilot,M4_history_insufficient,stress,122,26
caltech,2-39-127-561,2019-12,measured_pilot,M4_history_insufficient,stress,5,1
caltech,2-39-128-18,2019-12,measured_pilot,M4_history_insufficient,stress,79,16
caltech,2-39-129-17,2019-12,measured_pilot,M4_history_insufficient,stress,95,19
caltech,2-39-130-31,2019-12,measured_pilot,M4_history_insufficient,stress,80,16
caltech,2-39-131-30,2019-12,measured_pilot,M4_history_insufficient,stress,170,34
caltech,2-39-131-565,2019-12,measured_pilot,M4_history_insufficient,stress,5,1
caltech,2-39-138-29,2019-12,measured_pilot,M4_history_insufficient,stress,166,34
caltech,2-39-139-28,2019-12,measured_pilot,M4_history_insufficient,stress,230,47
caltech,2-39-139-567,2019-12,measured_pilot,M4_history_insufficient,stress,2,1
caltech,2-39-78-360,2019-12,measured_pilot,M4_history_insufficient,stress,72,15
caltech,2-39-78-361,2019-12,measured_pilot,M4_history_insufficient,stress,50,10
caltech,2-39-78-362,2019-12,measured_pilot,M4_history_insufficient,stress,77,17
caltech,2-39-78-363,2019-12,measured_pilot,M4_history_insufficient,stress,75,15
caltech,2-39-78-364,2019-12,measured_pilot,M4_history_insufficient,stress,77,16
caltech,2-39-78-365,2019-12,measured_pilot,M4_history_insufficient,stress,85,17
caltech,2-39-78-366,2019-12,measured_pilot,M4_history_insufficient,stress,111,23
caltech,2-39-78-367,2019-12,measured_pilot,M4_history_insufficient,stress,85,22
caltech,2-39-79-376,2019-12,measured_pilot,M4_history_insufficient,stress,77,16
caltech,2-39-79-377,2019-12,measured_pilot,M4_history_insufficient,stress,95,19
caltech,2-39-79-378,2019-12,measured_pilot,M4_history_insufficient,stress,66,14
caltech,2-39-79-379,2019-12,measured_pilot,M4_history_insufficient,stress,90,18
caltech,2-39-79-380,2019-12,measured_pilot,M4_history_insufficient,stress,95,19
caltech,2-39-79-381,2019-12,measured_pilot,M4_history_insufficient,stress,65,13
caltech,2-39-79-382,2019-12,measured_pilot,M4_history_insufficient,stress,80,16
caltech,2-39-79-383,2019-12,measured_pilot,M4_history_insufficient,stress,58,14
caltech,2-39-83-386,2019-12,measured_pilot,M4_history_insufficient,stress,5,1
caltech,2-39-88-24,2019-12,measured_pilot,M4_history_insufficient,stress,85,17
caltech,2-39-88-438,2019-12,measured_pilot,M4_history_insufficient,stress,20,4
caltech,2-39-89-25,2019-12,measured_pilot,M4_history_insufficient,stress,169,35
caltech,2-39-90-26,2019-12,measured_pilot,M4_history_insufficient,stress,70,14
caltech,2-39-90-440,2019-12,measured_pilot,M4_history_insufficient,stress,57,13
caltech,2-39-91-437,2019-12,measured_pilot,M4_history_insufficient,stress,115,23
caltech,2-39-91-441,2019-12,measured_pilot,M4_history_insufficient,stress,45,9
caltech,2-39-92-436,2019-12,measured_pilot,M4_history_insufficient,stress,73,16
caltech,2-39-92-442,2019-12,measured_pilot,M4_history_insufficient,stress,60,12
caltech,2-39-95-27,2019-12,measured_pilot,M4_history_insufficient,stress,80,16
caltech,2-39-95-444,2019-12,measured_pilot,M4_history_insufficient,stress,41,9
caltech,2-6-3-1356,2019-12,measured_pilot,M4_history_insufficient,stress,191,39
caltech,2-6-3-1357,2019-12,measured_pilot,M4_history_insufficient,stress,170,34
caltech,2-6-3-1360,2019-12,measured_pilot,M4_history_insufficient,stress,78,16
caltech,2-6-3-1361,2019-12,measured_pilot,M4_history_insufficient,stress,260,52
caltech,2-6-3-1362,2019-12,measured_pilot,M4_history_insufficient,stress,140,28
caltech,2-6-3-1364,2019-12,measured_pilot,M4_history_insufficient,stress,106,22
caltech,2-6-3-1365,2019-12,measured_pilot,M4_history_insufficient,stress,131,27
caltech,2-6-3-1367,2019-12,measured_pilot,M4_history_insufficient,stress,80,16
caltech,2-6-3-1368,2019-12,measured_pilot,M4_history_insufficient,stress,135,27
caltech,2-6-3-1369,2019-12,measured_pilot,M4_history_insufficient,stress,126,26
caltech,2-6-3-1623,2019-12,measured_pilot,M4_history_insufficient,stress,286,58
caltech,2-6-3-1624,2019-12,measured_pilot,M4_history_insufficient,stress,180,36
caltech,2-6-3-1625,2019-12,measured_pilot,M4_history_insufficient,stress,194,39
caltech,2-6-3-1626,2019-12,measured_pilot,M4_history_insufficient,stress,215,44
caltech,2-6-3-1627,2019-12,measured_pilot,M4_history_insufficient,stress,220,44
caltech,2-6-3-1628,2019-12,measured_pilot,M4_history_insufficient,stress,238,48
caltech,2-6-3-1629,2019-12,measured_pilot,M4_history_insufficient,stress,327,66
caltech,2-6-3-1631,2019-12,measured_pilot,M4_history_insufficient,stress,248,50
caltech,2-6-3-1632,2019-12,measured_pilot,M4_history_insufficient,stress,245,50
caltech,2-105-277-1696,2020-01,measured_pilot,M4_history_insufficient,validation,199,39
caltech,2-105-277-1697,2020-01,measured_pilot,M4_history_insufficient,validation,204,40
caltech,2-105-277-1698,2020-01,measured_pilot,M4_history_insufficient,validation,168,32
caltech,2-105-277-1699,2020-01,measured_pilot,M4_history_insufficient,validation,199,38
caltech,2-137-440-2980,2020-01,measured_pilot,M4_history_insufficient,validation,10,2
caltech,2-137-440-2981,2020-01,measured_pilot,M4_history_insufficient,validation,5,1
caltech,2-137-440-2982,2020-01,measured_pilot,M4_history_insufficient,validation,10,2
caltech,2-137-440-2984,2020-01,measured_pilot,M4_history_insufficient,validation,25,3
caltech,2-137-440-2985,2020-01,measured_pilot,M4_history_insufficient,validation,10,2
caltech,2-137-440-2988,2020-01,measured_pilot,M4_history_insufficient,validation,10,2
caltech,2-137-440-2989,2020-01,measured_pilot,M4_history_insufficient,validation,15,3
caltech,2-137-440-2990,2020-01,measured_pilot,M4_history_insufficient,validation,5,1
caltech,2-137-440-2991,2020-01,measured_pilot,M4_history_insufficient,validation,115,21
caltech,2-137-440-2993,2020-01,measured_pilot,M4_history_insufficient,validation,15,3
caltech,2-137-440-2994,2020-01,measured_pilot,M4_history_insufficient,validation,5,1
caltech,2-137-440-2995,2020-01,measured_pilot,M4_history_insufficient,validation,15,3
caltech,2-137-440-2996,2020-01,measured_pilot,M4_history_insufficient,validation,15,2
caltech,2-137-441-2997,2020-01,measured_pilot,M4_history_insufficient,validation,5,1
caltech,2-137-441-2998,2020-01,measured_pilot,M4_history_insufficient,validation,5,1
caltech,2-137-441-2999,2020-01,measured_pilot,M4_history_insufficient,validation,25,4
caltech,2-137-441-3001,2020-01,measured_pilot,M4_history_insufficient,validation,5,1
caltech,2-137-441-3002,2020-01,measured_pilot,M4_history_insufficient,validation,38,8
caltech,2-137-441-3004,2020-01,measured_pilot,M4_history_insufficient,validation,26,6
caltech,2-137-441-3005,2020-01,measured_pilot,M4_history_insufficient,validation,10,2
caltech,2-137-441-3006,2020-01,measured_pilot,M4_history_insufficient,validation,11,3
caltech,2-137-441-3007,2020-01,measured_pilot,M4_history_insufficient,validation,80,14
caltech,2-137-441-3008,2020-01,measured_pilot,M4_history_insufficient,validation,20,4
caltech,2-137-441-3009,2020-01,measured_pilot,M4_history_insufficient,validation,20,4
caltech,2-137-441-3010,2020-01,measured_pilot,M4_history_insufficient,validation,31,6
caltech,2-137-441-3011,2020-01,measured_pilot,M4_history_insufficient,validation,25,5
caltech,2-137-441-3012,2020-01,measured_pilot,M4_history_insufficient,validation,48,11
caltech,2-137-441-3013,2020-01,measured_pilot,M4_history_insufficient,validation,45,9
caltech,2-137-441-3014,2020-01,measured_pilot,M4_history_insufficient,validation,17,4
caltech,2-137-441-3015,2020-01,measured_pilot,M4_history_insufficient,validation,52,11
caltech,2-137-441-3016,2020-01,measured_pilot,M4_history_insufficient,validation,30,5
caltech,2-137-441-3017,2020-01,measured_pilot,M4_history_insufficient,validation,20,4
caltech,2-137-441-3018,2020-01,measured_pilot,M4_history_insufficient,validation,55,11
caltech,2-137-441-3020,2020-01,measured_pilot,M4_history_insufficient,validation,10,2
caltech,2-137-441-3022,2020-01,measured_pilot,M4_history_insufficient,validation,10,2
caltech,2-137-441-3023,2020-01,measured_pilot,M4_history_insufficient,validation,15,3
caltech,2-154-492-3386,2020-01,measured_pilot,M4_history_insufficient,validation,5,1
caltech,2-154-492-3390,2020-01,measured_pilot,M4_history_insufficient,validation,5,1
caltech,2-154-492-3391,2020-01,measured_pilot,M4_history_insufficient,validation,5,1
caltech,2-154-492-3392,2020-01,measured_pilot,M4_history_insufficient,validation,10,2
caltech,2-39-123-23,2020-01,measured_pilot,M4_history_insufficient,validation,144,26
caltech,2-39-124-22,2020-01,measured_pilot,M4_history_insufficient,validation,114,20
caltech,2-39-124-558,2020-01,measured_pilot,M4_history_insufficient,validation,25,5
caltech,2-39-125-21,2020-01,measured_pilot,M4_history_insufficient,validation,140,26
caltech,2-39-126-20,2020-01,measured_pilot,M4_history_insufficient,validation,129,23
caltech,2-39-126-560,2020-01,measured_pilot,M4_history_insufficient,validation,20,3
caltech,2-39-127-19,2020-01,measured_pilot,M4_history_insufficient,validation,184,35
caltech,2-39-128-18,2020-01,measured_pilot,M4_history_insufficient,validation,119,27
caltech,2-39-128-562,2020-01,measured_pilot,M4_history_insufficient,validation,15,3
caltech,2-39-129-17,2020-01,measured_pilot,M4_history_insufficient,validation,166,34
caltech,2-39-129-563,2020-01,measured_pilot,M4_history_insufficient,validation,5,1
caltech,2-39-130-31,2020-01,measured_pilot,M4_history_insufficient,validation,129,23
caltech,2-39-131-30,2020-01,measured_pilot,M4_history_insufficient,validation,163,33
caltech,2-39-138-29,2020-01,measured_pilot,M4_history_insufficient,validation,145,29
caltech,2-39-139-28,2020-01,measured_pilot,M4_history_insufficient,validation,235,47
caltech,2-39-78-360,2020-01,measured_pilot,M4_history_insufficient,validation,80,16
caltech,2-39-78-361,2020-01,measured_pilot,M4_history_insufficient,validation,140,28
caltech,2-39-78-362,2020-01,measured_pilot,M4_history_insufficient,validation,75,21
caltech,2-39-78-363,2020-01,measured_pilot,M4_history_insufficient,validation,125,25
caltech,2-39-78-364,2020-01,measured_pilot,M4_history_insufficient,validation,85,16
caltech,2-39-78-365,2020-01,measured_pilot,M4_history_insufficient,validation,111,20
caltech,2-39-78-366,2020-01,measured_pilot,M4_history_insufficient,validation,143,28
caltech,2-39-78-367,2020-01,measured_pilot,M4_history_insufficient,validation,93,24
caltech,2-39-79-376,2020-01,measured_pilot,M4_history_insufficient,validation,104,18
caltech,2-39-79-377,2020-01,measured_pilot,M4_history_insufficient,validation,157,30
caltech,2-39-79-378,2020-01,measured_pilot,M4_history_insufficient,validation,76,13
caltech,2-39-79-379,2020-01,measured_pilot,M4_history_insufficient,validation,109,22
caltech,2-39-79-380,2020-01,measured_pilot,M4_history_insufficient,validation,175,34
caltech,2-39-79-381,2020-01,measured_pilot,M4_history_insufficient,validation,84,14
caltech,2-39-79-382,2020-01,measured_pilot,M4_history_insufficient,validation,95,18
caltech,2-39-79-383,2020-01,measured_pilot,M4_history_insufficient,validation,120,25
caltech,2-39-83-386,2020-01,measured_pilot,M4_history_insufficient,validation,10,2
caltech,2-39-88-24,2020-01,measured_pilot,M4_history_insufficient,validation,109,19
caltech,2-39-88-438,2020-01,measured_pilot,M4_history_insufficient,validation,40,8
caltech,2-39-89-25,2020-01,measured_pilot,M4_history_insufficient,validation,194,35
caltech,2-39-89-439,2020-01,measured_pilot,M4_history_insufficient,validation,25,5
caltech,2-39-90-26,2020-01,measured_pilot,M4_history_insufficient,validation,89,19
caltech,2-39-90-440,2020-01,measured_pilot,M4_history_insufficient,validation,90,17
caltech,2-39-91-437,2020-01,measured_pilot,M4_history_insufficient,validation,158,30
caltech,2-39-91-441,2020-01,measured_pilot,M4_history_insufficient,validation,104,18
caltech,2-39-92-436,2020-01,measured_pilot,M4_history_insufficient,validation,89,16
caltech,2-39-92-442,2020-01,measured_pilot,M4_history_insufficient,validation,84,14
caltech,2-39-95-27,2020-01,measured_pilot,M4_history_insufficient,validation,104,18
caltech,2-39-95-444,2020-01,measured_pilot,M4_history_insufficient,validation,52,11
caltech,2-6-3-1356,2020-01,measured_pilot,M4_history_insufficient,validation,79,16
caltech,2-6-3-1357,2020-01,measured_pilot,M4_history_insufficient,validation,142,28
caltech,2-6-3-1361,2020-01,measured_pilot,M4_history_insufficient,validation,337,71
caltech,2-6-3-1362,2020-01,measured_pilot,M4_history_insufficient,validation,164,32
caltech,2-6-3-1364,2020-01,measured_pilot,M4_history_insufficient,validation,189,34
caltech,2-6-3-1365,2020-01,measured_pilot,M4_history_insufficient,validation,170,33
caltech,2-6-3-1367,2020-01,measured_pilot,M4_history_insufficient,validation,2,2
caltech,2-6-3-1368,2020-01,measured_pilot,M4_history_insufficient,validation,161,32
caltech,2-6-3-1369,2020-01,measured_pilot,M4_history_insufficient,validation,183,37
caltech,2-6-3-1623,2020-01,measured_pilot,M4_history_insufficient,validation,274,52
caltech,2-6-3-1624,2020-01,measured_pilot,M4_history_insufficient,validation,215,40
caltech,2-6-3-1625,2020-01,measured_pilot,M4_history_insufficient,validation,216,40
caltech,2-6-3-1626,2020-01,measured_pilot,M4_history_insufficient,validation,260,51
caltech,2-6-3-1627,2020-01,measured_pilot,M4_history_insufficient,validation,301,58
caltech,2-6-3-1628,2020-01,measured_pilot,M4_history_insufficient,validation,284,55
caltech,2-6-3-1629,2020-01,measured_pilot,M4_history_insufficient,validation,340,67
caltech,2-6-3-1631,2020-01,measured_pilot,M4_history_insufficient,validation,276,53
caltech,2-6-3-1632,2020-01,measured_pilot,M4_history_insufficient,validation,277,55
caltech,2-105-277-1696,2020-02,measured_pilot,M4_history_insufficient,stress,193,37
caltech,2-105-277-1697,2020-02,measured_pilot,M4_history_insufficient,stress,205,38
caltech,2-105-277-1698,2020-02,measured_pilot,M4_history_insufficient,stress,145,27
caltech,2-105-277-1699,2020-02,measured_pilot,M4_history_insufficient,stress,182,35
caltech,2-137-440-2980,2020-02,measured_pilot,M4_history_insufficient,stress,5,1
caltech,2-137-440-2981,2020-02,measured_pilot,M4_history_insufficient,stress,10,2
caltech,2-137-440-2982,2020-02,measured_pilot,M4_history_insufficient,stress,34,4
caltech,2-137-440-2984,2020-02,measured_pilot,M4_history_insufficient,stress,12,3
caltech,2-137-440-2988,2020-02,measured_pilot,M4_history_insufficient,stress,5,1
caltech,2-137-440-2989,2020-02,measured_pilot,M4_history_insufficient,stress,20,4
caltech,2-137-440-2990,2020-02,measured_pilot,M4_history_insufficient,stress,10,2
caltech,2-137-440-2991,2020-02,measured_pilot,M4_history_insufficient,stress,89,16
caltech,2-137-440-2992,2020-02,measured_pilot,M4_history_insufficient,stress,5,1
caltech,2-137-440-2994,2020-02,measured_pilot,M4_history_insufficient,stress,5,1
caltech,2-137-440-2995,2020-02,measured_pilot,M4_history_insufficient,stress,5,1
caltech,2-137-440-2996,2020-02,measured_pilot,M4_history_insufficient,stress,5,1
caltech,2-137-441-2997,2020-02,measured_pilot,M4_history_insufficient,stress,25,5
caltech,2-137-441-2998,2020-02,measured_pilot,M4_history_insufficient,stress,20,4
caltech,2-137-441-2999,2020-02,measured_pilot,M4_history_insufficient,stress,44,3
caltech,2-137-441-3000,2020-02,measured_pilot,M4_history_insufficient,stress,15,3
caltech,2-137-441-3001,2020-02,measured_pilot,M4_history_insufficient,stress,25,5
caltech,2-137-441-3002,2020-02,measured_pilot,M4_history_insufficient,stress,29,5
caltech,2-137-441-3003,2020-02,measured_pilot,M4_history_insufficient,stress,3,1
caltech,2-137-441-3004,2020-02,measured_pilot,M4_history_insufficient,stress,40,8
caltech,2-137-441-3006,2020-02,measured_pilot,M4_history_insufficient,stress,10,2
caltech,2-137-441-3007,2020-02,measured_pilot,M4_history_insufficient,stress,70,12
caltech,2-137-441-3008,2020-02,measured_pilot,M4_history_insufficient,stress,25,5
caltech,2-137-441-3009,2020-02,measured_pilot,M4_history_insufficient,stress,45,7
caltech,2-137-441-3010,2020-02,measured_pilot,M4_history_insufficient,stress,38,8
caltech,2-137-441-3011,2020-02,measured_pilot,M4_history_insufficient,stress,22,6
caltech,2-137-441-3012,2020-02,measured_pilot,M4_history_insufficient,stress,70,12
caltech,2-137-441-3013,2020-02,measured_pilot,M4_history_insufficient,stress,39,10
caltech,2-137-441-3014,2020-02,measured_pilot,M4_history_insufficient,stress,42,6
caltech,2-137-441-3015,2020-02,measured_pilot,M4_history_insufficient,stress,65,13
caltech,2-137-441-3016,2020-02,measured_pilot,M4_history_insufficient,stress,30,6
caltech,2-137-441-3017,2020-02,measured_pilot,M4_history_insufficient,stress,10,2
caltech,2-137-441-3018,2020-02,measured_pilot,M4_history_insufficient,stress,15,3
caltech,2-137-441-3019,2020-02,measured_pilot,M4_history_insufficient,stress,20,4
caltech,2-137-441-3020,2020-02,measured_pilot,M4_history_insufficient,stress,10,2
caltech,2-137-441-3021,2020-02,measured_pilot,M4_history_insufficient,stress,20,4
caltech,2-137-441-3022,2020-02,measured_pilot,M4_history_insufficient,stress,25,3
caltech,2-137-441-3023,2020-02,measured_pilot,M4_history_insufficient,stress,30,7
caltech,2-154-492-3385,2020-02,measured_pilot,M4_history_insufficient,stress,34,6
caltech,2-154-492-3386,2020-02,measured_pilot,M4_history_insufficient,stress,124,26
caltech,2-154-492-3387,2020-02,measured_pilot,M4_history_insufficient,stress,13,4
caltech,2-154-492-3388,2020-02,measured_pilot,M4_history_insufficient,stress,45,9
caltech,2-154-492-3389,2020-02,measured_pilot,M4_history_insufficient,stress,20,4
caltech,2-154-492-3390,2020-02,measured_pilot,M4_history_insufficient,stress,50,10
caltech,2-154-492-3391,2020-02,measured_pilot,M4_history_insufficient,stress,15,4
caltech,2-154-492-3392,2020-02,measured_pilot,M4_history_insufficient,stress,5,1
caltech,2-39-123-23,2020-02,measured_pilot,M4_history_insufficient,stress,115,23
caltech,2-39-123-557,2020-02,measured_pilot,M4_history_insufficient,stress,20,4
caltech,2-39-124-22,2020-02,measured_pilot,M4_history_insufficient,stress,95,19
caltech,2-39-124-558,2020-02,measured_pilot,M4_history_insufficient,stress,10,2
caltech,2-39-125-21,2020-02,measured_pilot,M4_history_insufficient,stress,109,23
caltech,2-39-126-20,2020-02,measured_pilot,M4_history_insufficient,stress,88,18
caltech,2-39-126-560,2020-02,measured_pilot,M4_history_insufficient,stress,10,2
caltech,2-39-127-19,2020-02,measured_pilot,M4_history_insufficient,stress,153,31
caltech,2-39-128-18,2020-02,measured_pilot,M4_history_insufficient,stress,30,6
caltech,2-39-128-562,2020-02,measured_pilot,M4_history_insufficient,stress,20,4
caltech,2-39-129-17,2020-02,measured_pilot,M4_history_insufficient,stress,77,16
caltech,2-39-130-31,2020-02,measured_pilot,M4_history_insufficient,stress,77,14
caltech,2-39-130-564,2020-02,measured_pilot,M4_history_insufficient,stress,10,2
caltech,2-39-131-30,2020-02,measured_pilot,M4_history_insufficient,stress,123,25
caltech,2-39-138-29,2020-02,measured_pilot,M4_history_insufficient,stress,67,14
caltech,2-39-139-28,2020-02,measured_pilot,M4_history_insufficient,stress,184,37
caltech,2-39-78-360,2020-02,measured_pilot,M4_history_insufficient,stress,104,25
caltech,2-39-78-361,2020-02,measured_pilot,M4_history_insufficient,stress,65,15
caltech,2-39-78-362,2020-02,measured_pilot,M4_history_insufficient,stress,68,15
caltech,2-39-78-363,2020-02,measured_pilot,M4_history_insufficient,stress,85,17
caltech,2-39-78-364,2020-02,measured_pilot,M4_history_insufficient,stress,43,10
caltech,2-39-78-365,2020-02,measured_pilot,M4_history_insufficient,stress,114,23
caltech,2-39-78-366,2020-02,measured_pilot,M4_history_insufficient,stress,105,21
caltech,2-39-78-367,2020-02,measured_pilot,M4_history_insufficient,stress,121,28
caltech,2-39-79-376,2020-02,measured_pilot,M4_history_insufficient,stress,91,19
caltech,2-39-79-377,2020-02,measured_pilot,M4_history_insufficient,stress,100,20
caltech,2-39-79-378,2020-02,measured_pilot,M4_history_insufficient,stress,55,11
caltech,2-39-79-379,2020-02,measured_pilot,M4_history_insufficient,stress,65,13
caltech,2-39-79-380,2020-02,measured_pilot,M4_history_insufficient,stress,120,24
caltech,2-39-79-381,2020-02,measured_pilot,M4_history_insufficient,stress,55,11
caltech,2-39-79-382,2020-02,measured_pilot,M4_history_insufficient,stress,115,23
caltech,2-39-79-383,2020-02,measured_pilot,M4_history_insufficient,stress,96,15
caltech,2-39-83-386,2020-02,measured_pilot,M4_history_insufficient,stress,8,2
caltech,2-39-83-387,2020-02,measured_pilot,M4_history_insufficient,stress,7,2
caltech,2-39-88-24,2020-02,measured_pilot,M4_history_insufficient,stress,97,20
caltech,2-39-88-438,2020-02,measured_pilot,M4_history_insufficient,stress,40,8
caltech,2-39-89-25,2020-02,measured_pilot,M4_history_insufficient,stress,115,23
caltech,2-39-89-439,2020-02,measured_pilot,M4_history_insufficient,stress,25,5
caltech,2-39-90-26,2020-02,measured_pilot,M4_history_insufficient,stress,82,18
caltech,2-39-90-440,2020-02,measured_pilot,M4_history_insufficient,stress,55,11
caltech,2-39-91-437,2020-02,measured_pilot,M4_history_insufficient,stress,99,22
caltech,2-39-91-441,2020-02,measured_pilot,M4_history_insufficient,stress,56,12
caltech,2-39-92-436,2020-02,measured_pilot,M4_history_insufficient,stress,80,16
caltech,2-39-92-442,2020-02,measured_pilot,M4_history_insufficient,stress,83,20
caltech,2-39-95-27,2020-02,measured_pilot,M4_history_insufficient,stress,87,18
caltech,2-39-95-444,2020-02,measured_pilot,M4_history_insufficient,stress,61,15
caltech,2-6-3-1357,2020-02,measured_pilot,M4_history_insufficient,stress,182,33
caltech,2-6-3-1361,2020-02,measured_pilot,M4_history_insufficient,stress,247,52
caltech,2-6-3-1362,2020-02,measured_pilot,M4_history_insufficient,stress,115,23
caltech,2-6-3-1364,2020-02,measured_pilot,M4_history_insufficient,stress,103,19
caltech,2-6-3-1365,2020-02,measured_pilot,M4_history_insufficient,stress,115,20
caltech,2-6-3-1367,2020-02,measured_pilot,M4_history_insufficient,stress,4,2
caltech,2-6-3-1368,2020-02,measured_pilot,M4_history_insufficient,stress,117,20
caltech,2-6-3-1369,2020-02,measured_pilot,M4_history_insufficient,stress,125,22
caltech,2-6-3-1623,2020-02,measured_pilot,M4_history_insufficient,stress,311,59
caltech,2-6-3-1624,2020-02,measured_pilot,M4_history_insufficient,stress,194,38
caltech,2-6-3-1625,2020-02,measured_pilot,M4_history_insufficient,stress,289,56
caltech,2-6-3-1626,2020-02,measured_pilot,M4_history_insufficient,stress,268,52
caltech,2-6-3-1627,2020-02,measured_pilot,M4_history_insufficient,stress,262,49
caltech,2-6-3-1628,2020-02,measured_pilot,M4_history_insufficient,stress,272,51
caltech,2-6-3-1629,2020-02,measured_pilot,M4_history_insufficient,stress,274,54
caltech,2-6-3-1631,2020-02,measured_pilot,M4_history_insufficient,stress,261,49
caltech,2-6-3-1632,2020-02,measured_pilot,M4_history_insufficient,stress,212,42
caltech,2-105-277-1696,2020-03,measured_pilot,M4_history_insufficient,validation,169,34
caltech,2-105-277-1697,2020-03,measured_pilot,M4_history_insufficient,validation,131,26
caltech,2-105-277-1698,2020-03,measured_pilot,M4_history_insufficient,validation,95,18
caltech,2-105-277-1699,2020-03,measured_pilot,M4_history_insufficient,validation,95,18
caltech,2-137-440-2980,2020-03,measured_pilot,M4_history_insufficient,validation,10,2
caltech,2-137-440-2981,2020-03,measured_pilot,M4_history_insufficient,validation,5,1
caltech,2-137-440-2982,2020-03,measured_pilot,M4_history_insufficient,validation,20,4
caltech,2-137-440-2983,2020-03,measured_pilot,M4_history_insufficient,validation,5,1
caltech,2-137-440-2985,2020-03,measured_pilot,M4_history_insufficient,validation,5,1
caltech,2-137-440-2986,2020-03,measured_pilot,M4_history_insufficient,validation,65,13
caltech,2-137-440-2989,2020-03,measured_pilot,M4_history_insufficient,stress,2,1
caltech,2-137-440-2991,2020-03,measured_pilot,M4_history_insufficient,validation,20,4
caltech,2-137-440-2992,2020-03,measured_pilot,M4_history_insufficient,validation,5,1
caltech,2-137-440-2994,2020-03,measured_pilot,M4_history_insufficient,validation,15,3
caltech,2-137-440-2995,2020-03,measured_pilot,M4_history_insufficient,validation,20,4
caltech,2-137-440-2996,2020-03,measured_pilot,M4_history_insufficient,validation,30,6
caltech,2-137-441-2997,2020-03,measured_pilot,M4_history_insufficient,validation,5,1
caltech,2-137-441-2998,2020-03,measured_pilot,M4_history_insufficient,validation,20,4
caltech,2-137-441-3001,2020-03,measured_pilot,M4_history_insufficient,validation,10,2
caltech,2-137-441-3002,2020-03,measured_pilot,M4_history_insufficient,validation,10,2
caltech,2-137-441-3003,2020-03,measured_pilot,M4_history_insufficient,validation,5,1
caltech,2-137-441-3004,2020-03,measured_pilot,M4_history_insufficient,validation,37,8
caltech,2-137-441-3006,2020-03,measured_pilot,M4_history_insufficient,validation,22,5
caltech,2-137-441-3007,2020-03,measured_pilot,M4_history_insufficient,validation,10,2
caltech,2-137-441-3009,2020-03,measured_pilot,M4_history_insufficient,validation,12,3
caltech,2-137-441-3010,2020-03,measured_pilot,M4_history_insufficient,validation,22,5
caltech,2-137-441-3011,2020-03,measured_pilot,M4_history_insufficient,validation,25,5
caltech,2-137-441-3012,2020-03,measured_pilot,M4_history_insufficient,validation,16,4
caltech,2-137-441-3013,2020-03,measured_pilot,M4_history_insufficient,validation,35,7
caltech,2-137-441-3014,2020-03,measured_pilot,M4_history_insufficient,validation,20,4
caltech,2-137-441-3015,2020-03,measured_pilot,M4_history_insufficient,validation,15,3
caltech,2-137-441-3016,2020-03,measured_pilot,M4_history_insufficient,stress,5,1
caltech,2-137-441-3016,2020-03,measured_pilot,M4_history_insufficient,validation,10,2
caltech,2-137-441-3017,2020-03,measured_pilot,M4_history_insufficient,validation,17,4
caltech,2-137-441-3018,2020-03,measured_pilot,M4_history_insufficient,validation,20,4
caltech,2-137-441-3021,2020-03,measured_pilot,M4_history_insufficient,validation,5,1
caltech,2-137-441-3023,2020-03,measured_pilot,M4_history_insufficient,validation,5,1
caltech,2-154-492-3385,2020-03,measured_pilot,M4_history_insufficient,validation,10,2
caltech,2-154-492-3386,2020-03,measured_pilot,M4_history_insufficient,validation,70,14
caltech,2-154-492-3387,2020-03,measured_pilot,M4_history_insufficient,validation,5,1
caltech,2-154-492-3388,2020-03,measured_pilot,M4_history_insufficient,validation,50,10
caltech,2-154-492-3389,2020-03,measured_pilot,M4_history_insufficient,validation,15,3
caltech,2-154-492-3390,2020-03,measured_pilot,M4_history_insufficient,validation,40,8
caltech,2-154-492-3391,2020-03,measured_pilot,M4_history_insufficient,validation,5,1
caltech,2-154-492-3392,2020-03,measured_pilot,M4_history_insufficient,validation,12,3
caltech,2-39-123-23,2020-03,measured_pilot,M4_history_insufficient,validation,86,20
caltech,2-39-123-557,2020-03,measured_pilot,M4_history_insufficient,validation,15,3
caltech,2-39-124-22,2020-03,measured_pilot,M4_history_insufficient,validation,52,11
caltech,2-39-125-21,2020-03,measured_pilot,M4_history_insufficient,validation,67,14
caltech,2-39-126-20,2020-03,measured_pilot,M4_history_insufficient,validation,35,7
caltech,2-39-126-560,2020-03,measured_pilot,M4_history_insufficient,validation,10,2
caltech,2-39-127-19,2020-03,measured_pilot,M4_history_insufficient,validation,94,21
caltech,2-39-128-18,2020-03,measured_pilot,M4_history_insufficient,validation,37,8
caltech,2-39-129-17,2020-03,measured_pilot,M4_history_insufficient,validation,47,10
caltech,2-39-130-31,2020-03,measured_pilot,M4_history_insufficient,validation,36,8
caltech,2-39-131-30,2020-03,measured_pilot,M4_history_insufficient,validation,67,14
caltech,2-39-138-29,2020-03,measured_pilot,M4_history_insufficient,validation,35,7
caltech,2-39-139-28,2020-03,measured_pilot,M4_history_insufficient,validation,150,30
caltech,2-39-78-360,2020-03,measured_pilot,M4_history_insufficient,validation,60,14
caltech,2-39-78-361,2020-03,measured_pilot,M4_history_insufficient,validation,12,4
caltech,2-39-78-362,2020-03,measured_pilot,M4_history_insufficient,validation,27,7
caltech,2-39-78-363,2020-03,measured_pilot,M4_history_insufficient,validation,57,13
caltech,2-39-78-364,2020-03,measured_pilot,M4_history_insufficient,validation,37,9
caltech,2-39-78-365,2020-03,measured_pilot,M4_history_insufficient,validation,45,9
caltech,2-39-78-366,2020-03,measured_pilot,M4_history_insufficient,validation,147,44
caltech,2-39-78-367,2020-03,measured_pilot,M4_history_insufficient,validation,17,4
caltech,2-39-79-376,2020-03,measured_pilot,M4_history_insufficient,validation,35,7
caltech,2-39-79-377,2020-03,measured_pilot,M4_history_insufficient,validation,39,8
caltech,2-39-79-378,2020-03,measured_pilot,M4_history_insufficient,validation,20,4
caltech,2-39-79-379,2020-03,measured_pilot,M4_history_insufficient,validation,48,10
caltech,2-39-79-380,2020-03,measured_pilot,M4_history_insufficient,validation,80,16
caltech,2-39-79-381,2020-03,measured_pilot,M4_history_insufficient,validation,35,7
caltech,2-39-79-382,2020-03,measured_pilot,M4_history_insufficient,validation,67,14
caltech,2-39-79-383,2020-03,measured_pilot,M4_history_insufficient,validation,66,13
caltech,2-39-83-386,2020-03,measured_pilot,M4_history_insufficient,validation,5,1
caltech,2-39-83-387,2020-03,measured_pilot,M4_history_insufficient,validation,5,1
caltech,2-39-88-24,2020-03,measured_pilot,M4_history_insufficient,validation,50,12
caltech,2-39-88-438,2020-03,measured_pilot,M4_history_insufficient,validation,15,3
caltech,2-39-89-25,2020-03,measured_pilot,M4_history_insufficient,validation,60,12
caltech,2-39-89-439,2020-03,measured_pilot,M4_history_insufficient,validation,10,2
caltech,2-39-90-26,2020-03,measured_pilot,M4_history_insufficient,validation,35,7
caltech,2-39-90-440,2020-03,measured_pilot,M4_history_insufficient,validation,50,10
caltech,2-39-91-437,2020-03,measured_pilot,M4_history_insufficient,validation,79,17
caltech,2-39-91-441,2020-03,measured_pilot,M4_history_insufficient,validation,35,7
caltech,2-39-92-436,2020-03,measured_pilot,M4_history_insufficient,validation,40,8
caltech,2-39-92-442,2020-03,measured_pilot,M4_history_insufficient,validation,10,2
caltech,2-39-95-27,2020-03,measured_pilot,M4_history_insufficient,validation,50,10
caltech,2-39-95-444,2020-03,measured_pilot,M4_history_insufficient,validation,38,14
caltech,2-6-3-1357,2020-03,measured_pilot,M4_history_insufficient,validation,120,24
caltech,2-6-3-1360,2020-03,measured_pilot,M4_history_insufficient,validation,75,15
caltech,2-6-3-1361,2020-03,measured_pilot,M4_history_insufficient,validation,181,38
caltech,2-6-3-1362,2020-03,measured_pilot,M4_history_insufficient,validation,75,15
caltech,2-6-3-1363,2020-03,measured_pilot,M4_history_insufficient,validation,140,29
caltech,2-6-3-1364,2020-03,measured_pilot,M4_history_insufficient,validation,75,15
caltech,2-6-3-1365,2020-03,measured_pilot,M4_history_insufficient,validation,105,21
caltech,2-6-3-1368,2020-03,measured_pilot,M4_history_insufficient,validation,105,21
caltech,2-6-3-1369,2020-03,measured_pilot,M4_history_insufficient,validation,60,12
caltech,2-6-3-1623,2020-03,measured_pilot,M4_history_insufficient,validation,228,47
caltech,2-6-3-1624,2020-03,measured_pilot,M4_history_insufficient,validation,142,29
caltech,2-6-3-1625,2020-03,measured_pilot,M4_history_insufficient,validation,162,34
caltech,2-6-3-1626,2020-03,measured_pilot,M4_history_insufficient,validation,179,38
caltech,2-6-3-1627,2020-03,measured_pilot,M4_history_insufficient,validation,216,44
caltech,2-6-3-1628,2020-03,measured_pilot,M4_history_insufficient,validation,216,43
caltech,2-6-3-1629,2020-03,measured_pilot,M4_history_insufficient,validation,180,37
caltech,2-6-3-1631,2020-03,measured_pilot,M4_history_insufficient,validation,195,39
caltech,2-6-3-1632,2020-03,measured_pilot,M4_history_insufficient,validation,227,46
caltech,2-105-277-1696,2020-04,measured_pilot,M4_history_insufficient,stress,50,10
caltech,2-105-277-1697,2020-04,measured_pilot,M4_history_insufficient,stress,30,6
caltech,2-105-277-1698,2020-04,measured_pilot,M4_history_insufficient,stress,50,10
caltech,2-105-277-1699,2020-04,measured_pilot,M4_history_insufficient,stress,5,1
caltech,2-137-440-2980,2020-04,measured_pilot,M4_history_insufficient,stress,10,2
caltech,2-137-440-2981,2020-04,measured_pilot,M4_history_insufficient,stress,5,1
caltech,2-137-440-2982,2020-04,measured_pilot,M4_history_insufficient,stress,5,1
caltech,2-137-440-2984,2020-04,measured_pilot,M4_history_insufficient,stress,10,2
caltech,2-137-440-2985,2020-04,measured_pilot,M4_history_insufficient,stress,10,2
caltech,2-137-440-2986,2020-04,measured_pilot,M4_history_insufficient,stress,10,2
caltech,2-137-440-2991,2020-04,measured_pilot,M4_history_insufficient,stress,95,19
caltech,2-137-440-2992,2020-04,measured_pilot,M4_history_insufficient,stress,20,4
caltech,2-137-440-2993,2020-04,measured_pilot,M4_history_insufficient,stress,5,1
caltech,2-137-440-2995,2020-04,measured_pilot,M4_history_insufficient,stress,15,3
caltech,2-137-440-2996,2020-04,measured_pilot,M4_history_insufficient,stress,5,1
caltech,2-137-441-3000,2020-04,measured_pilot,M4_history_insufficient,stress,15,3
caltech,2-137-441-3001,2020-04,measured_pilot,M4_history_insufficient,stress,5,1
caltech,2-137-441-3003,2020-04,measured_pilot,M4_history_insufficient,stress,5,1
caltech,2-137-441-3006,2020-04,measured_pilot,M4_history_insufficient,stress,5,1
caltech,2-137-441-3014,2020-04,measured_pilot,M4_history_insufficient,stress,25,5
caltech,2-137-441-3015,2020-04,measured_pilot,M4_history_insufficient,stress,5,1
caltech,2-137-441-3020,2020-04,measured_pilot,M4_history_insufficient,stress,10,2
caltech,2-137-441-3021,2020-04,measured_pilot,M4_history_insufficient,stress,5,1
caltech,2-137-441-3022,2020-04,measured_pilot,M4_history_insufficient,stress,5,1
caltech,2-137-521-3843,2020-04,measured_pilot,M4_history_insufficient,stress,255,55
caltech,2-137-521-3844,2020-04,measured_pilot,M4_history_insufficient,stress,111,26
caltech,2-137-521-3845,2020-04,measured_pilot,M4_history_insufficient,stress,267,55
caltech,2-154-492-3386,2020-04,measured_pilot,M4_history_insufficient,stress,30,6
caltech,2-154-492-3388,2020-04,measured_pilot,M4_history_insufficient,stress,10,2
caltech,2-154-492-3390,2020-04,measured_pilot,M4_history_insufficient,stress,5,1
caltech,2-39-123-23,2020-04,measured_pilot,M4_history_insufficient,stress,5,1
caltech,2-39-126-20,2020-04,measured_pilot,M4_history_insufficient,stress,15,3
caltech,2-39-126-560,2020-04,measured_pilot,M4_history_insufficient,stress,6,2
caltech,2-39-127-561,2020-04,measured_pilot,M4_history_insufficient,stress,1,1
caltech,2-39-129-17,2020-04,measured_pilot,M4_history_insufficient,stress,10,2
caltech,2-39-130-31,2020-04,measured_pilot,M4_history_insufficient,stress,5,1
caltech,2-39-131-30,2020-04,measured_pilot,M4_history_insufficient,stress,10,2
caltech,2-39-138-566,2020-04,measured_pilot,M4_history_insufficient,stress,5,1
caltech,2-39-139-28,2020-04,measured_pilot,M4_history_insufficient,stress,17,4
caltech,2-39-78-366,2020-04,measured_pilot,M4_history_insufficient,stress,5,1
caltech,2-39-79-377,2020-04,measured_pilot,M4_history_insufficient,stress,5,1
caltech,2-39-79-378,2020-04,measured_pilot,M4_history_insufficient,stress,5,1
caltech,2-39-79-379,2020-04,measured_pilot,M4_history_insufficient,stress,5,1
caltech,2-39-83-386,2020-04,measured_pilot,M4_history_insufficient,stress,6,2
caltech,2-39-88-24,2020-04,measured_pilot,M4_history_insufficient,stress,5,1
caltech,2-39-89-25,2020-04,measured_pilot,M4_history_insufficient,stress,15,3
caltech,2-39-95-27,2020-04,measured_pilot,M4_history_insufficient,stress,10,2
caltech,2-6-3-1360,2020-04,measured_pilot,M4_history_insufficient,stress,30,6
caltech,2-6-3-1361,2020-04,measured_pilot,M4_history_insufficient,stress,161,33
caltech,2-6-3-1362,2020-04,measured_pilot,M4_history_insufficient,stress,44,10
caltech,2-6-3-1363,2020-04,measured_pilot,M4_history_insufficient,stress,60,12
caltech,2-6-3-1364,2020-04,measured_pilot,M4_history_insufficient,stress,12,3
caltech,2-6-3-1365,2020-04,measured_pilot,M4_history_insufficient,stress,25,5
caltech,2-6-3-1368,2020-04,measured_pilot,M4_history_insufficient,stress,25,5
caltech,2-6-3-1369,2020-04,measured_pilot,M4_history_insufficient,stress,20,4
caltech,2-6-3-1623,2020-04,measured_pilot,M4_history_insufficient,stress,90,18
caltech,2-6-3-1624,2020-04,measured_pilot,M4_history_insufficient,stress,45,9
caltech,2-6-3-1625,2020-04,measured_pilot,M4_history_insufficient,stress,75,15
caltech,2-6-3-1626,2020-04,measured_pilot,M4_history_insufficient,stress,20,4
caltech,2-6-3-1627,2020-04,measured_pilot,M4_history_insufficient,stress,62,13
caltech,2-6-3-1628,2020-04,measured_pilot,M4_history_insufficient,stress,45,9
caltech,2-6-3-1629,2020-04,measured_pilot,M4_history_insufficient,stress,108,22
caltech,2-6-3-1631,2020-04,measured_pilot,M4_history_insufficient,stress,73,15
caltech,2-6-3-1632,2020-04,measured_pilot,M4_history_insufficient,stress,165,33
caltech,2-105-277-1696,2020-05,measured_pilot,M4_history_insufficient,test,45,9
caltech,2-105-277-1696,2020-05,measured_pilot,M4_history_insufficient,validation,20,4
caltech,2-105-277-1697,2020-05,measured_pilot,M4_history_insufficient,test,46,10
caltech,2-105-277-1697,2020-05,measured_pilot,M4_history_insufficient,validation,10,2
caltech,2-105-277-1698,2020-05,measured_pilot,M4_history_insufficient,test,30,6
caltech,2-105-277-1698,2020-05,measured_pilot,M4_history_insufficient,validation,17,4
caltech,2-105-277-1699,2020-05,measured_pilot,M4_history_insufficient,test,15,3
caltech,2-105-277-1699,2020-05,measured_pilot,M4_history_insufficient,validation,5,1
caltech,2-137-440-2983,2020-05,measured_pilot,M4_history_insufficient,test,10,2
caltech,2-137-440-2984,2020-05,measured_pilot,M4_history_insufficient,test,5,1
caltech,2-137-440-2985,2020-05,measured_pilot,M4_history_insufficient,test,20,4
caltech,2-137-440-2986,2020-05,measured_pilot,M4_history_insufficient,test,35,7
caltech,2-137-440-2986,2020-05,measured_pilot,M4_history_insufficient,validation,10,2
caltech,2-137-440-2987,2020-05,measured_pilot,M4_history_insufficient,test,23,6
caltech,2-137-440-2987,2020-05,measured_pilot,M4_history_insufficient,validation,5,1
caltech,2-137-440-2988,2020-05,measured_pilot,M4_history_insufficient,test,20,4
caltech,2-137-440-2989,2020-05,measured_pilot,M4_history_insufficient,test,25,5
caltech,2-137-440-2989,2020-05,measured_pilot,M4_history_insufficient,validation,10,2
caltech,2-137-440-2990,2020-05,measured_pilot,M4_history_insufficient,test,10,2
caltech,2-137-440-2990,2020-05,measured_pilot,M4_history_insufficient,validation,5,1
caltech,2-137-440-2991,2020-05,measured_pilot,M4_history_insufficient,test,50,10
caltech,2-137-440-2991,2020-05,measured_pilot,M4_history_insufficient,validation,36,8
caltech,2-137-440-2994,2020-05,measured_pilot,M4_history_insufficient,test,5,1
caltech,2-137-440-3985,2020-05,measured_pilot,M4_history_insufficient,test,19,5
caltech,2-137-440-3989,2020-05,measured_pilot,M4_history_insufficient,test,24,6
caltech,2-137-440-3991,2020-05,measured_pilot,M4_history_insufficient,test,8,4
caltech,2-137-440-3993,2020-05,measured_pilot,M4_history_insufficient,test,6,4
caltech,2-137-441-2999,2020-05,measured_pilot,M4_history_insufficient,test,10,2
caltech,2-137-441-2999,2020-05,measured_pilot,M4_history_insufficient,validation,5,1
caltech,2-137-441-3000,2020-05,measured_pilot,M4_history_insufficient,test,25,7
caltech,2-137-441-3002,2020-05,measured_pilot,M4_history_insufficient,test,8,2
caltech,2-137-441-3002,2020-05,measured_pilot,M4_history_insufficient,validation,5,1
caltech,2-137-441-3003,2020-05,measured_pilot,M4_history_insufficient,test,34,7
caltech,2-137-441-3004,2020-05,measured_pilot,M4_history_insufficient,test,5,1
caltech,2-137-441-3005,2020-05,measured_pilot,M4_history_insufficient,test,9,3
caltech,2-137-441-3005,2020-05,measured_pilot,M4_history_insufficient,validation,5,1
caltech,2-137-441-3006,2020-05,measured_pilot,M4_history_insufficient,test,5,1
caltech,2-137-441-3008,2020-05,measured_pilot,M4_history_insufficient,test,10,2
caltech,2-137-441-3009,2020-05,measured_pilot,M4_history_insufficient,test,5,1
caltech,2-137-441-3011,2020-05,measured_pilot,M4_history_insufficient,test,15,3
caltech,2-137-441-3012,2020-05,measured_pilot,M4_history_insufficient,test,5,1
caltech,2-137-441-3014,2020-05,measured_pilot,M4_history_insufficient,test,32,7
caltech,2-137-441-3014,2020-05,measured_pilot,M4_history_insufficient,validation,5,1
caltech,2-137-441-3015,2020-05,measured_pilot,M4_history_insufficient,test,25,5
caltech,2-137-441-3015,2020-05,measured_pilot,M4_history_insufficient,validation,5,1
caltech,2-137-441-3019,2020-05,measured_pilot,M4_history_insufficient,test,5,1
caltech,2-137-441-3020,2020-05,measured_pilot,M4_history_insufficient,test,5,1
caltech,2-137-441-3021,2020-05,measured_pilot,M4_history_insufficient,test,5,1
caltech,2-137-441-3021,2020-05,measured_pilot,M4_history_insufficient,validation,5,1
caltech,2-137-441-3022,2020-05,measured_pilot,M4_history_insufficient,test,5,1
caltech,2-137-521-3843,2020-05,measured_pilot,M4_history_insufficient,test,151,69
caltech,2-137-521-3843,2020-05,measured_pilot,M4_history_insufficient,validation,15,3
caltech,2-137-521-3844,2020-05,measured_pilot,M4_history_insufficient,test,153,32
caltech,2-137-521-3844,2020-05,measured_pilot,M4_history_insufficient,validation,61,13
caltech,2-137-521-3845,2020-05,measured_pilot,M4_history_insufficient,test,372,76
caltech,2-137-521-3845,2020-05,measured_pilot,M4_history_insufficient,validation,110,22
caltech,2-154-492-3386,2020-05,measured_pilot,M4_history_insufficient,test,5,1
caltech,2-154-492-3386,2020-05,measured_pilot,M4_history_insufficient,validation,5,1
caltech,2-154-492-3388,2020-05,measured_pilot,M4_history_insufficient,test,5,1
caltech,2-154-492-3391,2020-05,measured_pilot,M4_history_insufficient,validation,10,2
caltech,2-39-127-19,2020-05,measured_pilot,M4_history_insufficient,test,5,1
caltech,2-39-129-17,2020-05,measured_pilot,M4_history_insufficient,validation,5,1
caltech,2-39-130-31,2020-05,measured_pilot,M4_history_insufficient,validation,5,1
caltech,2-39-131-30,2020-05,measured_pilot,M4_history_insufficient,test,10,2
caltech,2-39-139-28,2020-05,measured_pilot,M4_history_insufficient,test,24,5
caltech,2-39-139-28,2020-05,measured_pilot,M4_history_insufficient,validation,5,1
caltech,2-39-89-25,2020-05,measured_pilot,M4_history_insufficient,test,7,2
caltech,2-39-90-440,2020-05,measured_pilot,M4_history_insufficient,test,2,1
caltech,2-39-95-27,2020-05,measured_pilot,M4_history_insufficient,test,5,1
caltech,2-6-3-1357,2020-05,measured_pilot,M4_history_insufficient,test,10,2
caltech,2-6-3-1357,2020-05,measured_pilot,M4_history_insufficient,validation,15,4
caltech,2-6-3-1360,2020-05,measured_pilot,M4_history_insufficient,validation,10,2
caltech,2-6-3-1361,2020-05,measured_pilot,M4_history_insufficient,test,81,17
caltech,2-6-3-1361,2020-05,measured_pilot,M4_history_insufficient,validation,50,10
caltech,2-6-3-1362,2020-05,measured_pilot,M4_history_insufficient,test,10,2
caltech,2-6-3-1362,2020-05,measured_pilot,M4_history_insufficient,validation,5,1
caltech,2-6-3-1363,2020-05,measured_pilot,M4_history_insufficient,test,15,3
caltech,2-6-3-1363,2020-05,measured_pilot,M4_history_insufficient,validation,10,2
caltech,2-6-3-1364,2020-05,measured_pilot,M4_history_insufficient,validation,6,2
caltech,2-6-3-1365,2020-05,measured_pilot,M4_history_insufficient,test,5,1
caltech,2-6-3-1365,2020-05,measured_pilot,M4_history_insufficient,validation,15,3
caltech,2-6-3-1368,2020-05,measured_pilot,M4_history_insufficient,test,30,6
caltech,2-6-3-1368,2020-05,measured_pilot,M4_history_insufficient,validation,10,2
caltech,2-6-3-1369,2020-05,measured_pilot,M4_history_insufficient,test,20,4
caltech,2-6-3-1369,2020-05,measured_pilot,M4_history_insufficient,validation,25,5
caltech,2-6-3-1623,2020-05,measured_pilot,M4_history_insufficient,test,88,18
caltech,2-6-3-1623,2020-05,measured_pilot,M4_history_insufficient,validation,60,12
caltech,2-6-3-1624,2020-05,measured_pilot,M4_history_insufficient,test,48,11
caltech,2-6-3-1624,2020-05,measured_pilot,M4_history_insufficient,validation,25,5
caltech,2-6-3-1625,2020-05,measured_pilot,M4_history_insufficient,test,39,9
caltech,2-6-3-1625,2020-05,measured_pilot,M4_history_insufficient,validation,10,2
caltech,2-6-3-1626,2020-05,measured_pilot,M4_history_insufficient,test,35,7
caltech,2-6-3-1626,2020-05,measured_pilot,M4_history_insufficient,validation,15,3
caltech,2-6-3-1627,2020-05,measured_pilot,M4_history_insufficient,test,35,7
caltech,2-6-3-1627,2020-05,measured_pilot,M4_history_insufficient,validation,30,6
caltech,2-6-3-1628,2020-05,measured_pilot,M4_history_insufficient,test,70,14
caltech,2-6-3-1628,2020-05,measured_pilot,M4_history_insufficient,validation,15,3
caltech,2-6-3-1629,2020-05,measured_pilot,M4_history_insufficient,test,77,16
caltech,2-6-3-1629,2020-05,measured_pilot,M4_history_insufficient,validation,30,6
caltech,2-6-3-1631,2020-05,measured_pilot,M4_history_insufficient,test,58,12
caltech,2-6-3-1631,2020-05,measured_pilot,M4_history_insufficient,validation,25,5
caltech,2-6-3-1632,2020-05,measured_pilot,M4_history_insufficient,test,113,24
caltech,2-6-3-1632,2020-05,measured_pilot,M4_history_insufficient,validation,60,12
caltech,2-105-277-1696,2020-06,measured_pilot,M4_history_insufficient,test,132,27
caltech,2-105-277-1697,2020-06,measured_pilot,M4_history_insufficient,test,113,24
caltech,2-105-277-1698,2020-06,measured_pilot,M4_history_insufficient,test,113,23
caltech,2-105-277-1699,2020-06,measured_pilot,M4_history_insufficient,test,75,15
caltech,2-137-440-2980,2020-06,measured_pilot,M4_history_insufficient,test,10,2
caltech,2-137-440-2982,2020-06,measured_pilot,M4_history_insufficient,test,31,7
caltech,2-137-440-2983,2020-06,measured_pilot,M4_history_insufficient,test,15,3
caltech,2-137-440-2984,2020-06,measured_pilot,M4_history_insufficient,test,30,6
caltech,2-137-440-2985,2020-06,measured_pilot,M4_history_insufficient,test,15,3
caltech,2-137-440-2986,2020-06,measured_pilot,M4_history_insufficient,test,27,6
caltech,2-137-440-2987,2020-06,measured_pilot,M4_history_insufficient,test,5,1
caltech,2-137-440-2988,2020-06,measured_pilot,M4_history_insufficient,test,56,11
caltech,2-137-440-2989,2020-06,measured_pilot,M4_history_insufficient,test,38,8
caltech,2-137-440-2990,2020-06,measured_pilot,M4_history_insufficient,test,15,3
caltech,2-137-440-2991,2020-06,measured_pilot,M4_history_insufficient,test,61,12
caltech,2-137-440-2992,2020-06,measured_pilot,M4_history_insufficient,test,20,4
caltech,2-137-440-2993,2020-06,measured_pilot,M4_history_insufficient,test,15,3
caltech,2-137-440-2994,2020-06,measured_pilot,M4_history_insufficient,test,5,1
caltech,2-137-440-2995,2020-06,measured_pilot,M4_history_insufficient,test,10,2
caltech,2-137-440-2996,2020-06,measured_pilot,M4_history_insufficient,test,25,5
caltech,2-137-440-3985,2020-06,measured_pilot,M4_history_insufficient,test,106,37
caltech,2-137-440-3989,2020-06,measured_pilot,M4_history_insufficient,test,28,9
caltech,2-137-440-3991,2020-06,measured_pilot,M4_history_insufficient,test,32,22
caltech,2-137-440-3993,2020-06,measured_pilot,M4_history_insufficient,test,30,15
caltech,2-137-441-2997,2020-06,measured_pilot,M4_history_insufficient,test,10,2
caltech,2-137-441-2998,2020-06,measured_pilot,M4_history_insufficient,test,10,2
caltech,2-137-441-2999,2020-06,measured_pilot,M4_history_insufficient,test,33,8
caltech,2-137-441-3000,2020-06,measured_pilot,M4_history_insufficient,test,40,8
caltech,2-137-441-3001,2020-06,measured_pilot,M4_history_insufficient,test,30,6
caltech,2-137-441-3002,2020-06,measured_pilot,M4_history_insufficient,test,15,3
caltech,2-137-441-3003,2020-06,measured_pilot,M4_history_insufficient,test,32,7
caltech,2-137-441-3004,2020-06,measured_pilot,M4_history_insufficient,test,39,9
caltech,2-137-441-3005,2020-06,measured_pilot,M4_history_insufficient,test,10,2
caltech,2-137-441-3006,2020-06,measured_pilot,M4_history_insufficient,test,49,10
caltech,2-137-441-3008,2020-06,measured_pilot,M4_history_insufficient,test,20,4
caltech,2-137-441-3009,2020-06,measured_pilot,M4_history_insufficient,test,20,4
caltech,2-137-441-3010,2020-06,measured_pilot,M4_history_insufficient,test,5,1
caltech,2-137-441-3011,2020-06,measured_pilot,M4_history_insufficient,test,15,3
caltech,2-137-441-3012,2020-06,measured_pilot,M4_history_insufficient,test,10,2
caltech,2-137-441-3013,2020-06,measured_pilot,M4_history_insufficient,test,15,3
caltech,2-137-441-3014,2020-06,measured_pilot,M4_history_insufficient,test,36,11
caltech,2-137-441-3015,2020-06,measured_pilot,M4_history_insufficient,test,25,5
caltech,2-137-441-3016,2020-06,measured_pilot,M4_history_insufficient,test,30,6
caltech,2-137-441-3017,2020-06,measured_pilot,M4_history_insufficient,test,30,6
caltech,2-137-441-3018,2020-06,measured_pilot,M4_history_insufficient,test,40,8
caltech,2-137-441-3019,2020-06,measured_pilot,M4_history_insufficient,test,25,5
caltech,2-137-441-3020,2020-06,measured_pilot,M4_history_insufficient,test,15,3
caltech,2-137-441-3021,2020-06,measured_pilot,M4_history_insufficient,test,25,5
caltech,2-137-441-3022,2020-06,measured_pilot,M4_history_insufficient,test,30,6
caltech,2-137-441-3023,2020-06,measured_pilot,M4_history_insufficient,test,21,4
caltech,2-137-521-3843,2020-06,measured_pilot,M4_history_insufficient,test,193,42
caltech,2-137-521-3844,2020-06,measured_pilot,M4_history_insufficient,test,260,52
caltech,2-137-521-3845,2020-06,measured_pilot,M4_history_insufficient,test,479,103
caltech,2-154-492-3386,2020-06,measured_pilot,M4_history_insufficient,test,15,3
caltech,2-154-492-3388,2020-06,measured_pilot,M4_history_insufficient,test,5,3
caltech,2-154-492-3389,2020-06,measured_pilot,M4_history_insufficient,test,5,1
caltech,2-154-492-3390,2020-06,measured_pilot,M4_history_insufficient,test,10,2
caltech,2-154-492-3391,2020-06,measured_pilot,M4_history_insufficient,test,5,1
caltech,2-39-124-22,2020-06,measured_pilot,M4_history_insufficient,test,5,1
caltech,2-39-125-21,2020-06,measured_pilot,M4_history_insufficient,test,20,4
caltech,2-39-126-20,2020-06,measured_pilot,M4_history_insufficient,test,5,1
caltech,2-39-127-19,2020-06,measured_pilot,M4_history_insufficient,test,10,2
caltech,2-39-129-17,2020-06,measured_pilot,M4_history_insufficient,test,20,4
caltech,2-39-130-31,2020-06,measured_pilot,M4_history_insufficient,test,14,4
caltech,2-39-131-30,2020-06,measured_pilot,M4_history_insufficient,test,18,4
caltech,2-39-138-29,2020-06,measured_pilot,M4_history_insufficient,test,15,3
caltech,2-39-139-28,2020-06,measured_pilot,M4_history_insufficient,test,25,5
caltech,2-39-78-365,2020-06,measured_pilot,M4_history_insufficient,test,5,1
caltech,2-39-79-377,2020-06,measured_pilot,M4_history_insufficient,test,5,1
caltech,2-39-79-380,2020-06,measured_pilot,M4_history_insufficient,test,5,1
caltech,2-39-79-382,2020-06,measured_pilot,M4_history_insufficient,test,10,2
caltech,2-39-83-386,2020-06,measured_pilot,M4_history_insufficient,test,1,1
caltech,2-39-83-387,2020-06,measured_pilot,M4_history_insufficient,test,2,1
caltech,2-39-89-25,2020-06,measured_pilot,M4_history_insufficient,test,20,4
caltech,2-39-89-439,2020-06,measured_pilot,M4_history_insufficient,test,5,1
caltech,2-39-91-441,2020-06,measured_pilot,M4_history_insufficient,test,5,1
caltech,2-39-92-436,2020-06,measured_pilot,M4_history_insufficient,test,5,1
caltech,2-6-3-1357,2020-06,measured_pilot,M4_history_insufficient,test,70,14
caltech,2-6-3-1360,2020-06,measured_pilot,M4_history_insufficient,test,20,4
caltech,2-6-3-1361,2020-06,measured_pilot,M4_history_insufficient,test,123,25
caltech,2-6-3-1362,2020-06,measured_pilot,M4_history_insufficient,test,52,11
caltech,2-6-3-1363,2020-06,measured_pilot,M4_history_insufficient,test,36,8
caltech,2-6-3-1364,2020-06,measured_pilot,M4_history_insufficient,test,52,11
caltech,2-6-3-1365,2020-06,measured_pilot,M4_history_insufficient,test,35,7
caltech,2-6-3-1368,2020-06,measured_pilot,M4_history_insufficient,test,20,4
caltech,2-6-3-1369,2020-06,measured_pilot,M4_history_insufficient,test,40,8
caltech,2-6-3-1623,2020-06,measured_pilot,M4_history_insufficient,test,170,36
caltech,2-6-3-1624,2020-06,measured_pilot,M4_history_insufficient,test,90,18
caltech,2-6-3-1625,2020-06,measured_pilot,M4_history_insufficient,test,26,6
caltech,2-6-3-1626,2020-06,measured_pilot,M4_history_insufficient,test,70,14
caltech,2-6-3-1627,2020-06,measured_pilot,M4_history_insufficient,test,83,17
caltech,2-6-3-1628,2020-06,measured_pilot,M4_history_insufficient,test,86,18
caltech,2-6-3-1629,2020-06,measured_pilot,M4_history_insufficient,test,157,32
caltech,2-6-3-1631,2020-06,measured_pilot,M4_history_insufficient,test,139,29
caltech,2-6-3-1632,2020-06,measured_pilot,M4_history_insufficient,test,167,35
caltech,2-105-277-1696,2020-07,measured_pilot,M4_history_insufficient,test,176,37
caltech,2-105-277-1697,2020-07,measured_pilot,M4_history_insufficient,test,85,17
caltech,2-105-277-1698,2020-07,measured_pilot,M4_history_insufficient,test,107,22
caltech,2-105-277-1699,2020-07,measured_pilot,M4_history_insufficient,test,172,35
caltech,2-137-440-2980,2020-07,measured_pilot,M4_history_insufficient,test,10,2
caltech,2-137-440-2981,2020-07,measured_pilot,M4_history_insufficient,test,15,3
caltech,2-137-440-2982,2020-07,measured_pilot,M4_history_insufficient,test,15,3
caltech,2-137-440-2983,2020-07,measured_pilot,M4_history_insufficient,test,5,1
caltech,2-137-440-2984,2020-07,measured_pilot,M4_history_insufficient,test,25,5
caltech,2-137-440-2985,2020-07,measured_pilot,M4_history_insufficient,test,20,4
caltech,2-137-440-2986,2020-07,measured_pilot,M4_history_insufficient,test,15,3
caltech,2-137-440-2988,2020-07,measured_pilot,M4_history_insufficient,test,35,7
caltech,2-137-440-2989,2020-07,measured_pilot,M4_history_insufficient,test,20,4
caltech,2-137-440-2990,2020-07,measured_pilot,M4_history_insufficient,test,11,3
caltech,2-137-440-2991,2020-07,measured_pilot,M4_history_insufficient,test,15,3
caltech,2-137-440-2993,2020-07,measured_pilot,M4_history_insufficient,test,100,20
caltech,2-137-440-2994,2020-07,measured_pilot,M4_history_insufficient,test,53,13
caltech,2-137-440-2995,2020-07,measured_pilot,M4_history_insufficient,test,15,3
caltech,2-137-440-2996,2020-07,measured_pilot,M4_history_insufficient,test,17,4
caltech,2-137-440-3971,2020-07,measured_pilot,M4_history_insufficient,test,19,14
caltech,2-137-440-3985,2020-07,measured_pilot,M4_history_insufficient,test,174,53
caltech,2-137-440-3986,2020-07,measured_pilot,M4_history_insufficient,test,19,13
caltech,2-137-440-3987,2020-07,measured_pilot,M4_history_insufficient,test,46,17
caltech,2-137-440-3988,2020-07,measured_pilot,M4_history_insufficient,test,25,13
caltech,2-137-440-3989,2020-07,measured_pilot,M4_history_insufficient,test,125,39
caltech,2-137-440-3990,2020-07,measured_pilot,M4_history_insufficient,test,32,14
caltech,2-137-440-3991,2020-07,measured_pilot,M4_history_insufficient,test,94,34
caltech,2-137-440-3992,2020-07,measured_pilot,M4_history_insufficient,test,15,11
caltech,2-137-440-3993,2020-07,measured_pilot,M4_history_insufficient,test,122,40
caltech,2-137-441-2999,2020-07,measured_pilot,M4_history_insufficient,test,39,7
caltech,2-137-441-3000,2020-07,measured_pilot,M4_history_insufficient,test,21,5
caltech,2-137-441-3001,2020-07,measured_pilot,M4_history_insufficient,test,15,3
caltech,2-137-441-3002,2020-07,measured_pilot,M4_history_insufficient,test,25,5
caltech,2-137-441-3003,2020-07,measured_pilot,M4_history_insufficient,test,30,6
caltech,2-137-441-3004,2020-07,measured_pilot,M4_history_insufficient,test,25,5
caltech,2-137-441-3005,2020-07,measured_pilot,M4_history_insufficient,test,16,4
caltech,2-137-441-3006,2020-07,measured_pilot,M4_history_insufficient,test,31,7
caltech,2-137-441-3008,2020-07,measured_pilot,M4_history_insufficient,test,35,7
caltech,2-137-441-3009,2020-07,measured_pilot,M4_history_insufficient,test,33,8
caltech,2-137-441-3010,2020-07,measured_pilot,M4_history_insufficient,test,10,2
caltech,2-137-441-3012,2020-07,measured_pilot,M4_history_insufficient,test,10,2
caltech,2-137-441-3013,2020-07,measured_pilot,M4_history_insufficient,test,25,5
caltech,2-137-441-3014,2020-07,measured_pilot,M4_history_insufficient,test,28,7
caltech,2-137-441-3015,2020-07,measured_pilot,M4_history_insufficient,test,30,6
caltech,2-137-441-3016,2020-07,measured_pilot,M4_history_insufficient,test,19,4
caltech,2-137-441-3017,2020-07,measured_pilot,M4_history_insufficient,test,30,6
caltech,2-137-441-3018,2020-07,measured_pilot,M4_history_insufficient,test,31,7
caltech,2-137-441-3019,2020-07,measured_pilot,M4_history_insufficient,test,25,5
caltech,2-137-441-3020,2020-07,measured_pilot,M4_history_insufficient,test,35,7
caltech,2-137-441-3021,2020-07,measured_pilot,M4_history_insufficient,test,25,5
caltech,2-137-441-3022,2020-07,measured_pilot,M4_history_insufficient,test,20,4
caltech,2-137-441-3023,2020-07,measured_pilot,M4_history_insufficient,test,30,6
caltech,2-137-521-3843,2020-07,measured_pilot,M4_history_insufficient,test,526,111
caltech,2-137-521-3844,2020-07,measured_pilot,M4_history_insufficient,test,355,71
caltech,2-137-521-3845,2020-07,measured_pilot,M4_history_insufficient,test,665,133
caltech,2-154-492-3386,2020-07,measured_pilot,M4_history_insufficient,test,20,4
caltech,2-154-492-3388,2020-07,measured_pilot,M4_history_insufficient,test,4,1
caltech,2-154-492-3390,2020-07,measured_pilot,M4_history_insufficient,test,11,3
caltech,2-154-492-3391,2020-07,measured_pilot,M4_history_insufficient,test,5,1
caltech,2-39-125-21,2020-07,measured_pilot,M4_history_insufficient,test,34,7
caltech,2-39-130-31,2020-07,measured_pilot,M4_history_insufficient,test,15,3
caltech,2-39-131-30,2020-07,measured_pilot,M4_history_insufficient,test,15,3
caltech,2-39-138-29,2020-07,measured_pilot,M4_history_insufficient,test,10,2
caltech,2-39-139-28,2020-07,measured_pilot,M4_history_insufficient,test,5,1
caltech,2-39-78-361,2020-07,measured_pilot,M4_history_insufficient,test,5,1
caltech,2-39-79-377,2020-07,measured_pilot,M4_history_insufficient,test,5,1
caltech,2-39-79-379,2020-07,measured_pilot,M4_history_insufficient,test,16,4
caltech,2-39-79-380,2020-07,measured_pilot,M4_history_insufficient,test,20,4
caltech,2-39-79-381,2020-07,measured_pilot,M4_history_insufficient,test,5,1
caltech,2-39-79-382,2020-07,measured_pilot,M4_history_insufficient,test,5,1
caltech,2-39-89-25,2020-07,measured_pilot,M4_history_insufficient,test,5,1
caltech,2-39-91-437,2020-07,measured_pilot,M4_history_insufficient,test,20,4
caltech,2-39-91-441,2020-07,measured_pilot,M4_history_insufficient,test,25,3
caltech,2-39-95-27,2020-07,measured_pilot,M4_history_insufficient,test,5,1
caltech,2-6-3-1357,2020-07,measured_pilot,M4_history_insufficient,test,30,6
caltech,2-6-3-1360,2020-07,measured_pilot,M4_history_insufficient,test,22,5
caltech,2-6-3-1361,2020-07,measured_pilot,M4_history_insufficient,test,152,28
caltech,2-6-3-1362,2020-07,measured_pilot,M4_history_insufficient,test,56,11
caltech,2-6-3-1363,2020-07,measured_pilot,M4_history_insufficient,test,113,19
caltech,2-6-3-1364,2020-07,measured_pilot,M4_history_insufficient,test,57,12
caltech,2-6-3-1365,2020-07,measured_pilot,M4_history_insufficient,test,30,6
caltech,2-6-3-1368,2020-07,measured_pilot,M4_history_insufficient,test,55,8
caltech,2-6-3-1369,2020-07,measured_pilot,M4_history_insufficient,test,38,7
caltech,2-6-3-1623,2020-07,measured_pilot,M4_history_insufficient,test,139,30
caltech,2-6-3-1624,2020-07,measured_pilot,M4_history_insufficient,test,180,39
caltech,2-6-3-1625,2020-07,measured_pilot,M4_history_insufficient,test,59,13
caltech,2-6-3-1626,2020-07,measured_pilot,M4_history_insufficient,test,114,25
caltech,2-6-3-1627,2020-07,measured_pilot,M4_history_insufficient,test,95,17
caltech,2-6-3-1628,2020-07,measured_pilot,M4_history_insufficient,test,164,32
caltech,2-6-3-1629,2020-07,measured_pilot,M4_history_insufficient,test,220,42
caltech,2-6-3-1631,2020-07,measured_pilot,M4_history_insufficient,test,143,30
caltech,2-6-3-1632,2020-07,measured_pilot,M4_history_insufficient,test,283,58
caltech,2-105-277-1696,2020-08,measured_pilot,M4_history_insufficient,test,166,34
caltech,2-105-277-1697,2020-08,measured_pilot,M4_history_insufficient,test,94,20
caltech,2-105-277-1698,2020-08,measured_pilot,M4_history_insufficient,test,115,23
caltech,2-105-277-1699,2020-08,measured_pilot,M4_history_insufficient,test,155,33
caltech,2-137-440-2980,2020-08,measured_pilot,M4_history_insufficient,test,10,2
caltech,2-137-440-2981,2020-08,measured_pilot,M4_history_insufficient,test,15,3
caltech,2-137-440-2982,2020-08,measured_pilot,M4_history_insufficient,test,10,2
caltech,2-137-440-2983,2020-08,measured_pilot,M4_history_insufficient,test,5,1
caltech,2-137-440-2984,2020-08,measured_pilot,M4_history_insufficient,test,40,8
caltech,2-137-440-2986,2020-08,measured_pilot,M4_history_insufficient,test,15,3
caltech,2-137-440-2988,2020-08,measured_pilot,M4_history_insufficient,test,32,7
caltech,2-137-440-2989,2020-08,measured_pilot,M4_history_insufficient,test,5,1
caltech,2-137-440-2990,2020-08,measured_pilot,M4_history_insufficient,test,10,1
caltech,2-137-440-2991,2020-08,measured_pilot,M4_history_insufficient,test,40,8
caltech,2-137-440-2992,2020-08,measured_pilot,M4_history_insufficient,test,5,1
caltech,2-137-440-2993,2020-08,measured_pilot,M4_history_insufficient,test,85,17
caltech,2-137-440-2994,2020-08,measured_pilot,M4_history_insufficient,test,15,3
caltech,2-137-440-2995,2020-08,measured_pilot,M4_history_insufficient,test,25,5
caltech,2-137-440-2996,2020-08,measured_pilot,M4_history_insufficient,test,25,5
caltech,2-137-440-3971,2020-08,measured_pilot,M4_history_insufficient,test,19,19
caltech,2-137-440-3985,2020-08,measured_pilot,M4_history_insufficient,test,112,41
caltech,2-137-440-3986,2020-08,measured_pilot,M4_history_insufficient,test,77,33
caltech,2-137-440-3987,2020-08,measured_pilot,M4_history_insufficient,test,75,36
caltech,2-137-440-3988,2020-08,measured_pilot,M4_history_insufficient,test,90,34
caltech,2-137-440-3989,2020-08,measured_pilot,M4_history_insufficient,test,61,31
caltech,2-137-440-3990,2020-08,measured_pilot,M4_history_insufficient,test,52,25
caltech,2-137-440-3991,2020-08,measured_pilot,M4_history_insufficient,test,80,32
caltech,2-137-440-3992,2020-08,measured_pilot,M4_history_insufficient,test,80,29
caltech,2-137-440-3993,2020-08,measured_pilot,M4_history_insufficient,test,84,31
caltech,2-137-441-2997,2020-08,measured_pilot,M4_history_insufficient,test,10,2
caltech,2-137-441-2999,2020-08,measured_pilot,M4_history_insufficient,test,10,2
caltech,2-137-441-3000,2020-08,measured_pilot,M4_history_insufficient,test,13,4
caltech,2-137-441-3002,2020-08,measured_pilot,M4_history_insufficient,test,15,3
caltech,2-137-441-3003,2020-08,measured_pilot,M4_history_insufficient,test,25,7
caltech,2-137-441-3004,2020-08,measured_pilot,M4_history_insufficient,test,79,17
caltech,2-137-441-3005,2020-08,measured_pilot,M4_history_insufficient,test,31,7
caltech,2-137-441-3006,2020-08,measured_pilot,M4_history_insufficient,test,41,9
caltech,2-137-441-3007,2020-08,measured_pilot,M4_history_insufficient,test,5,1
caltech,2-137-441-3008,2020-08,measured_pilot,M4_history_insufficient,test,11,3
caltech,2-137-441-3009,2020-08,measured_pilot,M4_history_insufficient,test,5,1
caltech,2-137-441-3010,2020-08,measured_pilot,M4_history_insufficient,test,5,1
caltech,2-137-441-3011,2020-08,measured_pilot,M4_history_insufficient,test,10,2
caltech,2-137-441-3012,2020-08,measured_pilot,M4_history_insufficient,test,5,1
caltech,2-137-441-3013,2020-08,measured_pilot,M4_history_insufficient,test,5,1
caltech,2-137-441-3014,2020-08,measured_pilot,M4_history_insufficient,test,15,3
caltech,2-137-441-3015,2020-08,measured_pilot,M4_history_insufficient,test,11,3
caltech,2-137-441-3016,2020-08,measured_pilot,M4_history_insufficient,test,45,9
caltech,2-137-441-3017,2020-08,measured_pilot,M4_history_insufficient,test,16,4
caltech,2-137-441-3018,2020-08,measured_pilot,M4_history_insufficient,test,20,4
caltech,2-137-441-3019,2020-08,measured_pilot,M4_history_insufficient,test,5,1
caltech,2-137-441-3020,2020-08,measured_pilot,M4_history_insufficient,test,20,4
caltech,2-137-441-3021,2020-08,measured_pilot,M4_history_insufficient,test,10,2
caltech,2-137-441-3022,2020-08,measured_pilot,M4_history_insufficient,test,35,7
caltech,2-137-441-3023,2020-08,measured_pilot,M4_history_insufficient,test,10,2
caltech,2-137-521-3842,2020-08,measured_pilot,M4_history_insufficient,test,15,3
caltech,2-137-521-3843,2020-08,measured_pilot,M4_history_insufficient,test,320,80
caltech,2-137-521-3844,2020-08,measured_pilot,M4_history_insufficient,test,464,96
caltech,2-137-521-3845,2020-08,measured_pilot,M4_history_insufficient,test,683,206
caltech,2-154-492-3386,2020-08,measured_pilot,M4_history_insufficient,test,35,7
caltech,2-154-492-3388,2020-08,measured_pilot,M4_history_insufficient,test,3,2
caltech,2-154-492-3389,2020-08,measured_pilot,M4_history_insufficient,test,5,1
caltech,2-154-492-3390,2020-08,measured_pilot,M4_history_insufficient,test,20,4
caltech,2-154-492-3391,2020-08,measured_pilot,M4_history_insufficient,test,5,1
caltech,2-39-124-22,2020-08,measured_pilot,M4_history_insufficient,test,5,1
caltech,2-39-125-21,2020-08,measured_pilot,M4_history_insufficient,test,50,10
caltech,2-39-127-19,2020-08,measured_pilot,M4_history_insufficient,test,30,6
caltech,2-39-128-18,2020-08,measured_pilot,M4_history_insufficient,test,30,5
caltech,2-39-129-17,2020-08,measured_pilot,M4_history_insufficient,test,22,5
caltech,2-39-130-31,2020-08,measured_pilot,M4_history_insufficient,test,18,4
caltech,2-39-131-30,2020-08,measured_pilot,M4_history_insufficient,test,60,12
caltech,2-39-138-29,2020-08,measured_pilot,M4_history_insufficient,test,5,1
caltech,2-39-139-28,2020-08,measured_pilot,M4_history_insufficient,test,35,7
caltech,2-39-78-360,2020-08,measured_pilot,M4_history_insufficient,test,2,1
caltech,2-39-78-361,2020-08,measured_pilot,M4_history_insufficient,test,5,1
caltech,2-39-78-362,2020-08,measured_pilot,M4_history_insufficient,test,2,1
caltech,2-39-79-377,2020-08,measured_pilot,M4_history_insufficient,test,18,4
caltech,2-39-79-378,2020-08,measured_pilot,M4_history_insufficient,test,5,1
caltech,2-39-79-379,2020-08,measured_pilot,M4_history_insufficient,test,5,1
caltech,2-39-79-380,2020-08,measured_pilot,M4_history_insufficient,test,35,7
caltech,2-39-83-386,2020-08,measured_pilot,M4_history_insufficient,test,30,6
caltech,2-39-89-25,2020-08,measured_pilot,M4_history_insufficient,test,5,1
caltech,2-39-91-437,2020-08,measured_pilot,M4_history_insufficient,test,25,5
caltech,2-39-95-27,2020-08,measured_pilot,M4_history_insufficient,test,5,1
caltech,2-6-3-1356,2020-08,measured_pilot,M4_history_insufficient,test,10,2
caltech,2-6-3-1357,2020-08,measured_pilot,M4_history_insufficient,test,26,6
caltech,2-6-3-1360,2020-08,measured_pilot,M4_history_insufficient,test,55,9
caltech,2-6-3-1361,2020-08,measured_pilot,M4_history_insufficient,test,93,20
caltech,2-6-3-1362,2020-08,measured_pilot,M4_history_insufficient,test,82,19
caltech,2-6-3-1363,2020-08,measured_pilot,M4_history_insufficient,test,57,12
caltech,2-6-3-1364,2020-08,measured_pilot,M4_history_insufficient,test,67,15
caltech,2-6-3-1365,2020-08,measured_pilot,M4_history_insufficient,test,48,10
caltech,2-6-3-1366,2020-08,measured_pilot,M4_history_insufficient,test,15,3
caltech,2-6-3-1368,2020-08,measured_pilot,M4_history_insufficient,test,94,15
caltech,2-6-3-1369,2020-08,measured_pilot,M4_history_insufficient,test,73,10
caltech,2-6-3-1623,2020-08,measured_pilot,M4_history_insufficient,test,105,22
caltech,2-6-3-1624,2020-08,measured_pilot,M4_history_insufficient,test,59,13
caltech,2-6-3-1625,2020-08,measured_pilot,M4_history_insufficient,test,49,12
caltech,2-6-3-1626,2020-08,measured_pilot,M4_history_insufficient,test,98,18
caltech,2-6-3-1627,2020-08,measured_pilot,M4_history_insufficient,test,126,25
caltech,2-6-3-1628,2020-08,measured_pilot,M4_history_insufficient,test,165,35
caltech,2-6-3-1629,2020-08,measured_pilot,M4_history_insufficient,test,148,28
caltech,2-6-3-1631,2020-08,measured_pilot,M4_history_insufficient,test,202,33
caltech,2-6-3-1632,2020-08,measured_pilot,M4_history_insufficient,test,246,48
caltech,2-6-3-4515,2020-08,measured_pilot,M4_history_insufficient,test,76,18
caltech,2-105-277-1696,2020-09,measured_pilot,M4_history_insufficient,test,160,32
caltech,2-105-277-1697,2020-09,measured_pilot,M4_history_insufficient,test,135,27
caltech,2-105-277-1698,2020-09,measured_pilot,M4_history_insufficient,test,76,16
caltech,2-105-277-1699,2020-09,measured_pilot,M4_history_insufficient,test,195,39
caltech,2-137-440-2980,2020-09,measured_pilot,M4_history_insufficient,test,50,10
caltech,2-137-440-2981,2020-09,measured_pilot,M4_history_insufficient,test,10,2
caltech,2-137-440-2982,2020-09,measured_pilot,M4_history_insufficient,test,10,2
caltech,2-137-440-2983,2020-09,measured_pilot,M4_history_insufficient,test,22,5
caltech,2-137-440-2984,2020-09,measured_pilot,M4_history_insufficient,test,49,10
caltech,2-137-440-2986,2020-09,measured_pilot,M4_history_insufficient,test,83,26
caltech,2-137-440-2987,2020-09,measured_pilot,M4_history_insufficient,test,8,2
caltech,2-137-440-2988,2020-09,measured_pilot,M4_history_insufficient,test,50,10
caltech,2-137-440-2989,2020-09,measured_pilot,M4_history_insufficient,test,20,4
caltech,2-137-440-2990,2020-09,measured_pilot,M4_history_insufficient,test,50,10
caltech,2-137-440-2991,2020-09,measured_pilot,M4_history_insufficient,test,15,3
caltech,2-137-440-2993,2020-09,measured_pilot,M4_history_insufficient,test,60,12
caltech,2-137-440-2994,2020-09,measured_pilot,M4_history_insufficient,test,10,2
caltech,2-137-440-2995,2020-09,measured_pilot,M4_history_insufficient,test,25,5
caltech,2-137-440-2996,2020-09,measured_pilot,M4_history_insufficient,test,5,1
caltech,2-137-440-3985,2020-09,measured_pilot,M4_history_insufficient,test,137,43
caltech,2-137-440-3986,2020-09,measured_pilot,M4_history_insufficient,test,70,33
caltech,2-137-440-3987,2020-09,measured_pilot,M4_history_insufficient,test,156,58
caltech,2-137-440-3988,2020-09,measured_pilot,M4_history_insufficient,test,117,44
caltech,2-137-440-3989,2020-09,measured_pilot,M4_history_insufficient,test,127,46
caltech,2-137-440-3990,2020-09,measured_pilot,M4_history_insufficient,test,86,38
caltech,2-137-440-3991,2020-09,measured_pilot,M4_history_insufficient,test,81,33
caltech,2-137-440-3992,2020-09,measured_pilot,M4_history_insufficient,test,83,34
caltech,2-137-440-3993,2020-09,measured_pilot,M4_history_insufficient,test,104,42
caltech,2-137-441-2997,2020-09,measured_pilot,M4_history_insufficient,test,5,1
caltech,2-137-441-2998,2020-09,measured_pilot,M4_history_insufficient,test,5,1
caltech,2-137-441-2999,2020-09,measured_pilot,M4_history_insufficient,test,15,3
caltech,2-137-441-3000,2020-09,measured_pilot,M4_history_insufficient,test,15,3
caltech,2-137-441-3001,2020-09,measured_pilot,M4_history_insufficient,test,5,1
caltech,2-137-441-3002,2020-09,measured_pilot,M4_history_insufficient,test,42,10
caltech,2-137-441-3003,2020-09,measured_pilot,M4_history_insufficient,test,85,20
caltech,2-137-441-3004,2020-09,measured_pilot,M4_history_insufficient,test,70,16
caltech,2-137-441-3005,2020-09,measured_pilot,M4_history_insufficient,test,60,15
caltech,2-137-441-3006,2020-09,measured_pilot,M4_history_insufficient,test,35,12
caltech,2-137-441-3008,2020-09,measured_pilot,M4_history_insufficient,test,43,10
caltech,2-137-441-3009,2020-09,measured_pilot,M4_history_insufficient,test,25,5
caltech,2-137-441-3010,2020-09,measured_pilot,M4_history_insufficient,test,5,1
caltech,2-137-441-3011,2020-09,measured_pilot,M4_history_insufficient,test,20,4
caltech,2-137-441-3012,2020-09,measured_pilot,M4_history_insufficient,test,8,3
caltech,2-137-441-3014,2020-09,measured_pilot,M4_history_insufficient,test,92,22
caltech,2-137-441-3015,2020-09,measured_pilot,M4_history_insufficient,test,82,18
caltech,2-137-441-3016,2020-09,measured_pilot,M4_history_insufficient,test,25,5
caltech,2-137-441-3017,2020-09,measured_pilot,M4_history_insufficient,test,15,4
caltech,2-137-441-3018,2020-09,measured_pilot,M4_history_insufficient,test,5,1
caltech,2-137-441-3019,2020-09,measured_pilot,M4_history_insufficient,test,16,4
caltech,2-137-441-3020,2020-09,measured_pilot,M4_history_insufficient,test,5,1
caltech,2-137-441-3021,2020-09,measured_pilot,M4_history_insufficient,test,5,1
caltech,2-137-441-3022,2020-09,measured_pilot,M4_history_insufficient,test,5,1
caltech,2-137-441-3023,2020-09,measured_pilot,M4_history_insufficient,test,15,3
caltech,2-137-521-3842,2020-09,measured_pilot,M4_history_insufficient,test,175,46
caltech,2-137-521-3843,2020-09,measured_pilot,M4_history_insufficient,test,420,128
caltech,2-137-521-3844,2020-09,measured_pilot,M4_history_insufficient,test,412,97
caltech,2-137-521-3845,2020-09,measured_pilot,M4_history_insufficient,test,869,182
caltech,2-154-492-3385,2020-09,measured_pilot,M4_history_insufficient,test,45,9
caltech,2-154-492-3386,2020-09,measured_pilot,M4_history_insufficient,test,30,6
caltech,2-154-492-3388,2020-09,measured_pilot,M4_history_insufficient,test,12,4
caltech,2-154-492-3389,2020-09,measured_pilot,M4_history_insufficient,test,5,1
caltech,2-154-492-3390,2020-09,measured_pilot,M4_history_insufficient,test,20,4
caltech,2-154-492-3391,2020-09,measured_pilot,M4_history_insufficient,test,5,1
caltech,2-39-125-21,2020-09,measured_pilot,M4_history_insufficient,test,45,9
caltech,2-39-127-19,2020-09,measured_pilot,M4_history_insufficient,test,10,2
caltech,2-39-128-18,2020-09,measured_pilot,M4_history_insufficient,test,5,1
caltech,2-39-129-17,2020-09,measured_pilot,M4_history_insufficient,test,25,5
caltech,2-39-130-31,2020-09,measured_pilot,M4_history_insufficient,test,5,1
caltech,2-39-131-30,2020-09,measured_pilot,M4_history_insufficient,test,26,6
caltech,2-39-138-29,2020-09,measured_pilot,M4_history_insufficient,test,15,4
caltech,2-39-78-360,2020-09,measured_pilot,M4_history_insufficient,test,8,2
caltech,2-39-78-362,2020-09,measured_pilot,M4_history_insufficient,test,6,2
caltech,2-39-78-363,2020-09,measured_pilot,M4_history_insufficient,test,10,2
caltech,2-39-78-364,2020-09,measured_pilot,M4_history_insufficient,test,10,2
caltech,2-39-78-365,2020-09,measured_pilot,M4_history_insufficient,test,70,14
caltech,2-39-78-366,2020-09,measured_pilot,M4_history_insufficient,test,27,7
caltech,2-39-78-367,2020-09,measured_pilot,M4_history_insufficient,test,10,2
caltech,2-39-79-376,2020-09,measured_pilot,M4_history_insufficient,test,15,3
caltech,2-39-79-377,2020-09,measured_pilot,M4_history_insufficient,test,12,3
caltech,2-39-79-378,2020-09,measured_pilot,M4_history_insufficient,test,14,3
caltech,2-39-79-379,2020-09,measured_pilot,M4_history_insufficient,test,5,1
caltech,2-39-79-380,2020-09,measured_pilot,M4_history_insufficient,test,35,7
caltech,2-39-79-381,2020-09,measured_pilot,M4_history_insufficient,test,10,2
caltech,2-39-79-383,2020-09,measured_pilot,M4_history_insufficient,test,6,2
caltech,2-39-81-4550,2020-09,measured_pilot,M4_history_insufficient,test,175,44
caltech,2-39-83-386,2020-09,measured_pilot,M4_history_insufficient,test,15,3
caltech,2-39-88-24,2020-09,measured_pilot,M4_history_insufficient,test,1,1
caltech,2-39-89-25,2020-09,measured_pilot,M4_history_insufficient,test,10,2
caltech,2-39-90-26,2020-09,measured_pilot,M4_history_insufficient,test,15,3
caltech,2-39-91-437,2020-09,measured_pilot,M4_history_insufficient,test,10,2
caltech,2-39-92-442,2020-09,measured_pilot,M4_history_insufficient,test,5,1
caltech,2-6-3-1356,2020-09,measured_pilot,M4_history_insufficient,test,52,17
caltech,2-6-3-1357,2020-09,measured_pilot,M4_history_insufficient,test,54,15
caltech,2-6-3-1360,2020-09,measured_pilot,M4_history_insufficient,test,40,11
caltech,2-6-3-1361,2020-09,measured_pilot,M4_history_insufficient,test,150,32
caltech,2-6-3-1362,2020-09,measured_pilot,M4_history_insufficient,test,114,29
caltech,2-6-3-1363,2020-09,measured_pilot,M4_history_insufficient,test,52,18
caltech,2-6-3-1364,2020-09,measured_pilot,M4_history_insufficient,test,103,22
caltech,2-6-3-1365,2020-09,measured_pilot,M4_history_insufficient,test,67,16
caltech,2-6-3-1366,2020-09,measured_pilot,M4_history_insufficient,test,29,8
caltech,2-6-3-1368,2020-09,measured_pilot,M4_history_insufficient,test,60,21
caltech,2-6-3-1369,2020-09,measured_pilot,M4_history_insufficient,test,46,12
caltech,2-6-3-1624,2020-09,measured_pilot,M4_history_insufficient,test,141,50
caltech,2-6-3-1625,2020-09,measured_pilot,M4_history_insufficient,test,175,52
caltech,2-6-3-1626,2020-09,measured_pilot,M4_history_insufficient,test,91,43
caltech,2-6-3-1627,2020-09,measured_pilot,M4_history_insufficient,test,133,47
caltech,2-6-3-1628,2020-09,measured_pilot,M4_history_insufficient,test,132,38
caltech,2-6-3-1629,2020-09,measured_pilot,M4_history_insufficient,test,161,52
caltech,2-6-3-1630,2020-09,measured_pilot,M4_history_insufficient,test,73,31
caltech,2-6-3-1631,2020-09,measured_pilot,M4_history_insufficient,test,110,45
caltech,2-6-3-1632,2020-09,measured_pilot,M4_history_insufficient,test,178,59
caltech,2-6-3-4515,2020-09,measured_pilot,M4_history_insufficient,test,294,84
caltech,2-6-65-4549,2020-09,measured_pilot,M4_history_insufficient,test,559,128
caltech,2-105-277-1696,2020-10,measured_pilot,M4_history_insufficient,test,157,32
caltech,2-105-277-1697,2020-10,measured_pilot,M4_history_insufficient,test,180,36
caltech,2-105-277-1698,2020-10,measured_pilot,M4_history_insufficient,test,186,38
caltech,2-105-277-1699,2020-10,measured_pilot,M4_history_insufficient,test,223,45
caltech,2-137-440-2980,2020-10,measured_pilot,M4_history_insufficient,test,15,3
caltech,2-137-440-2981,2020-10,measured_pilot,M4_history_insufficient,test,7,2
caltech,2-137-440-2983,2020-10,measured_pilot,M4_history_insufficient,test,21,6
caltech,2-137-440-2984,2020-10,measured_pilot,M4_history_insufficient,test,40,8
caltech,2-137-440-2985,2020-10,measured_pilot,M4_history_insufficient,test,5,1
caltech,2-137-440-2986,2020-10,measured_pilot,M4_history_insufficient,test,15,3
caltech,2-137-440-2988,2020-10,measured_pilot,M4_history_insufficient,test,45,10
caltech,2-137-440-2989,2020-10,measured_pilot,M4_history_insufficient,test,75,15
caltech,2-137-440-2990,2020-10,measured_pilot,M4_history_insufficient,test,35,7
caltech,2-137-440-2991,2020-10,measured_pilot,M4_history_insufficient,test,10,2
caltech,2-137-440-2992,2020-10,measured_pilot,M4_history_insufficient,test,15,3
caltech,2-137-440-2993,2020-10,measured_pilot,M4_history_insufficient,test,65,13
caltech,2-137-440-2994,2020-10,measured_pilot,M4_history_insufficient,test,5,1
caltech,2-137-440-2995,2020-10,measured_pilot,M4_history_insufficient,test,31,9
caltech,2-137-440-2996,2020-10,measured_pilot,M4_history_insufficient,test,5,1
caltech,2-137-440-3985,2020-10,measured_pilot,M4_history_insufficient,test,117,38
caltech,2-137-440-3986,2020-10,measured_pilot,M4_history_insufficient,test,61,32
caltech,2-137-440-3987,2020-10,measured_pilot,M4_history_insufficient,test,100,39
caltech,2-137-440-3988,2020-10,measured_pilot,M4_history_insufficient,test,74,31
caltech,2-137-440-3989,2020-10,measured_pilot,M4_history_insufficient,test,109,41
caltech,2-137-440-3990,2020-10,measured_pilot,M4_history_insufficient,test,66,31
caltech,2-137-440-3991,2020-10,measured_pilot,M4_history_insufficient,test,124,46
caltech,2-137-440-3992,2020-10,measured_pilot,M4_history_insufficient,test,95,36
caltech,2-137-440-3993,2020-10,measured_pilot,M4_history_insufficient,test,133,46
caltech,2-137-441-2999,2020-10,measured_pilot,M4_history_insufficient,test,10,2
caltech,2-137-441-3000,2020-10,measured_pilot,M4_history_insufficient,test,17,4
caltech,2-137-441-3002,2020-10,measured_pilot,M4_history_insufficient,test,10,2
caltech,2-137-441-3003,2020-10,measured_pilot,M4_history_insufficient,test,70,14
caltech,2-137-441-3004,2020-10,measured_pilot,M4_history_insufficient,test,70,15
caltech,2-137-441-3005,2020-10,measured_pilot,M4_history_insufficient,test,16,4
caltech,2-137-441-3006,2020-10,measured_pilot,M4_history_insufficient,test,38,7
caltech,2-137-441-3008,2020-10,measured_pilot,M4_history_insufficient,test,21,5
caltech,2-137-441-3009,2020-10,measured_pilot,M4_history_insufficient,test,15,3
caltech,2-137-441-3011,2020-10,measured_pilot,M4_history_insufficient,test,2,1
caltech,2-137-441-3014,2020-10,measured_pilot,M4_history_insufficient,test,61,13
caltech,2-137-441-3015,2020-10,measured_pilot,M4_history_insufficient,test,58,12
caltech,2-137-441-3016,2020-10,measured_pilot,M4_history_insufficient,test,10,2
caltech,2-137-441-3017,2020-10,measured_pilot,M4_history_insufficient,test,20,4
caltech,2-137-441-3018,2020-10,measured_pilot,M4_history_insufficient,test,5,1
caltech,2-137-441-3020,2020-10,measured_pilot,M4_history_insufficient,test,5,1
caltech,2-137-441-3021,2020-10,measured_pilot,M4_history_insufficient,test,20,4
caltech,2-137-441-3022,2020-10,measured_pilot,M4_history_insufficient,test,10,2
caltech,2-137-441-3023,2020-10,measured_pilot,M4_history_insufficient,test,20,4
caltech,2-137-521-3842,2020-10,measured_pilot,M4_history_insufficient,test,376,81
caltech,2-137-521-3843,2020-10,measured_pilot,M4_history_insufficient,test,364,76
caltech,2-137-521-3844,2020-10,measured_pilot,M4_history_insufficient,test,324,83
caltech,2-137-521-3845,2020-10,measured_pilot,M4_history_insufficient,test,829,180
caltech,2-154-492-3385,2020-10,measured_pilot,M4_history_insufficient,test,85,17
caltech,2-154-492-3386,2020-10,measured_pilot,M4_history_insufficient,test,26,6
caltech,2-154-492-3389,2020-10,measured_pilot,M4_history_insufficient,test,5,1
caltech,2-154-492-3390,2020-10,measured_pilot,M4_history_insufficient,test,10,2
caltech,2-154-492-3391,2020-10,measured_pilot,M4_history_insufficient,test,5,1
caltech,2-39-125-21,2020-10,measured_pilot,M4_history_insufficient,test,40,8
caltech,2-39-127-19,2020-10,measured_pilot,M4_history_insufficient,test,15,2
caltech,2-39-129-17,2020-10,measured_pilot,M4_history_insufficient,test,15,2
caltech,2-39-130-31,2020-10,measured_pilot,M4_history_insufficient,test,10,2
caltech,2-39-131-30,2020-10,measured_pilot,M4_history_insufficient,test,5,1
caltech,2-39-138-29,2020-10,measured_pilot,M4_history_insufficient,test,5,1
caltech,2-39-139-28,2020-10,measured_pilot,M4_history_insufficient,test,5,1
caltech,2-39-78-360,2020-10,measured_pilot,M4_history_insufficient,test,4,1
caltech,2-39-78-363,2020-10,measured_pilot,M4_history_insufficient,test,6,2
caltech,2-39-78-365,2020-10,measured_pilot,M4_history_insufficient,test,45,8
caltech,2-39-78-366,2020-10,measured_pilot,M4_history_insufficient,test,5,1
caltech,2-39-79-379,2020-10,measured_pilot,M4_history_insufficient,test,20,4
caltech,2-39-79-380,2020-10,measured_pilot,M4_history_insufficient,test,10,2
caltech,2-39-79-381,2020-10,measured_pilot,M4_history_insufficient,test,15,3
caltech,2-39-81-4550,2020-10,measured_pilot,M4_history_insufficient,test,435,100
caltech,2-39-88-24,2020-10,measured_pilot,M4_history_insufficient,test,5,1
caltech,2-39-89-25,2020-10,measured_pilot,M4_history_insufficient,test,10,2
caltech,2-39-91-437,2020-10,measured_pilot,M4_history_insufficient,test,5,1
caltech,2-6-3-1356,2020-10,measured_pilot,M4_history_insufficient,test,65,13
caltech,2-6-3-1357,2020-10,measured_pilot,M4_history_insufficient,test,35,7
caltech,2-6-3-1358,2020-10,measured_pilot,M4_history_insufficient,test,8,2
caltech,2-6-3-1359,2020-10,measured_pilot,M4_history_insufficient,test,60,12
caltech,2-6-3-1360,2020-10,measured_pilot,M4_history_insufficient,test,45,9
caltech,2-6-3-1361,2020-10,measured_pilot,M4_history_insufficient,test,156,30
caltech,2-6-3-1362,2020-10,measured_pilot,M4_history_insufficient,test,116,23
caltech,2-6-3-1363,2020-10,measured_pilot,M4_history_insufficient,test,82,16
caltech,2-6-3-1364,2020-10,measured_pilot,M4_history_insufficient,test,126,25
caltech,2-6-3-1365,2020-10,measured_pilot,M4_history_insufficient,test,30,7
caltech,2-6-3-1366,2020-10,measured_pilot,M4_history_insufficient,test,28,6
caltech,2-6-3-1368,2020-10,measured_pilot,M4_history_insufficient,test,47,9
caltech,2-6-3-1369,2020-10,measured_pilot,M4_history_insufficient,test,33,7
caltech,2-6-3-1624,2020-10,measured_pilot,M4_history_insufficient,test,117,44
caltech,2-6-3-1625,2020-10,measured_pilot,M4_history_insufficient,test,178,60
caltech,2-6-3-1626,2020-10,measured_pilot,M4_history_insufficient,test,116,43
caltech,2-6-3-1627,2020-10,measured_pilot,M4_history_insufficient,test,223,66
caltech,2-6-3-1628,2020-10,measured_pilot,M4_history_insufficient,test,133,39
caltech,2-6-3-1629,2020-10,measured_pilot,M4_history_insufficient,test,184,59
caltech,2-6-3-1630,2020-10,measured_pilot,M4_history_insufficient,test,133,45
caltech,2-6-3-1631,2020-10,measured_pilot,M4_history_insufficient,test,237,66
caltech,2-6-3-1632,2020-10,measured_pilot,M4_history_insufficient,test,69,37
caltech,2-6-3-4515,2020-10,measured_pilot,M4_history_insufficient,test,181,57
caltech,2-6-65-4549,2020-10,measured_pilot,M4_history_insufficient,test,307,69
caltech,2-105-277-1696,2020-11,measured_pilot,M4_history_insufficient,test,165,33
caltech,2-105-277-1697,2020-11,measured_pilot,M4_history_insufficient,test,130,26
caltech,2-105-277-1698,2020-11,measured_pilot,M4_history_insufficient,test,153,31
caltech,2-105-277-1699,2020-11,measured_pilot,M4_history_insufficient,test,75,15
caltech,2-137-440-2981,2020-11,measured_pilot,M4_history_insufficient,test,10,2
caltech,2-137-440-2982,2020-11,measured_pilot,M4_history_insufficient,test,10,2
caltech,2-137-440-2983,2020-11,measured_pilot,M4_history_insufficient,test,5,1
caltech,2-137-440-2984,2020-11,measured_pilot,M4_history_insufficient,test,20,4
caltech,2-137-440-2986,2020-11,measured_pilot,M4_history_insufficient,test,5,1
caltech,2-137-440-2987,2020-11,measured_pilot,M4_history_insufficient,test,5,1
caltech,2-137-440-2988,2020-11,measured_pilot,M4_history_insufficient,test,5,1
caltech,2-137-440-2989,2020-11,measured_pilot,M4_history_insufficient,test,55,10
caltech,2-137-440-2990,2020-11,measured_pilot,M4_history_insufficient,test,55,11
caltech,2-137-440-2992,2020-11,measured_pilot,M4_history_insufficient,test,20,4
caltech,2-137-440-2993,2020-11,measured_pilot,M4_history_insufficient,test,40,8
caltech,2-137-440-2994,2020-11,measured_pilot,M4_history_insufficient,test,30,6
caltech,2-137-440-2995,2020-11,measured_pilot,M4_history_insufficient,test,25,5
caltech,2-137-440-2996,2020-11,measured_pilot,M4_history_insufficient,test,5,1
caltech,2-137-440-3985,2020-11,measured_pilot,M4_history_insufficient,test,91,27
caltech,2-137-440-3986,2020-11,measured_pilot,M4_history_insufficient,test,46,26
caltech,2-137-440-3987,2020-11,measured_pilot,M4_history_insufficient,test,100,30
caltech,2-137-440-3988,2020-11,measured_pilot,M4_history_insufficient,test,60,26
caltech,2-137-440-3989,2020-11,measured_pilot,M4_history_insufficient,test,162,47
caltech,2-137-440-3990,2020-11,measured_pilot,M4_history_insufficient,test,29,17
caltech,2-137-440-3991,2020-11,measured_pilot,M4_history_insufficient,test,124,34
caltech,2-137-440-3992,2020-11,measured_pilot,M4_history_insufficient,test,94,36
caltech,2-137-440-3993,2020-11,measured_pilot,M4_history_insufficient,test,149,49
caltech,2-137-441-2997,2020-11,measured_pilot,M4_history_insufficient,test,5,1
caltech,2-137-441-2999,2020-11,measured_pilot,M4_history_insufficient,test,5,1
caltech,2-137-441-3000,2020-11,measured_pilot,M4_history_insufficient,test,20,4
caltech,2-137-441-3001,2020-11,measured_pilot,M4_history_insufficient,test,14,4
caltech,2-137-441-3002,2020-11,measured_pilot,M4_history_insufficient,test,17,3
caltech,2-137-441-3003,2020-11,measured_pilot,M4_history_insufficient,test,73,15
caltech,2-137-441-3004,2020-11,measured_pilot,M4_history_insufficient,test,80,16
caltech,2-137-441-3005,2020-11,measured_pilot,M4_history_insufficient,test,26,6
caltech,2-137-441-3006,2020-11,measured_pilot,M4_history_insufficient,test,45,8
caltech,2-137-441-3007,2020-11,measured_pilot,M4_history_insufficient,test,15,3
caltech,2-137-441-3009,2020-11,measured_pilot,M4_history_insufficient,test,15,3
caltech,2-137-441-3014,2020-11,measured_pilot,M4_history_insufficient,test,51,11
caltech,2-137-441-3015,2020-11,measured_pilot,M4_history_insufficient,test,71,16
caltech,2-137-441-3016,2020-11,measured_pilot,M4_history_insufficient,test,11,4
caltech,2-137-441-3017,2020-11,measured_pilot,M4_history_insufficient,test,20,4
caltech,2-137-441-3018,2020-11,measured_pilot,M4_history_insufficient,test,15,3
caltech,2-137-441-3019,2020-11,measured_pilot,M4_history_insufficient,test,10,2
caltech,2-137-441-3020,2020-11,measured_pilot,M4_history_insufficient,test,1,1
caltech,2-137-441-3021,2020-11,measured_pilot,M4_history_insufficient,test,2,1
caltech,2-137-441-3022,2020-11,measured_pilot,M4_history_insufficient,test,11,3
caltech,2-137-441-3023,2020-11,measured_pilot,M4_history_insufficient,test,22,5
caltech,2-137-521-3842,2020-11,measured_pilot,M4_history_insufficient,test,584,131
caltech,2-137-521-3843,2020-11,measured_pilot,M4_history_insufficient,test,725,178
caltech,2-137-521-3844,2020-11,measured_pilot,M4_history_insufficient,test,512,168
caltech,2-137-521-3845,2020-11,measured_pilot,M4_history_insufficient,test,252,65
caltech,2-154-492-3385,2020-11,measured_pilot,M4_history_insufficient,test,35,7
caltech,2-154-492-3386,2020-11,measured_pilot,M4_history_insufficient,test,20,4
caltech,2-154-492-3390,2020-11,measured_pilot,M4_history_insufficient,test,15,3
caltech,2-154-492-3391,2020-11,measured_pilot,M4_history_insufficient,test,10,2
caltech,2-39-125-21,2020-11,measured_pilot,M4_history_insufficient,test,60,12
caltech,2-39-127-19,2020-11,measured_pilot,M4_history_insufficient,test,5,1
caltech,2-39-128-18,2020-11,measured_pilot,M4_history_insufficient,test,14,3
caltech,2-39-129-17,2020-11,measured_pilot,M4_history_insufficient,test,10,2
caltech,2-39-130-31,2020-11,measured_pilot,M4_history_insufficient,test,10,2
caltech,2-39-131-30,2020-11,measured_pilot,M4_history_insufficient,test,38,8
caltech,2-39-138-29,2020-11,measured_pilot,M4_history_insufficient,test,30,6
caltech,2-39-139-28,2020-11,measured_pilot,M4_history_insufficient,test,60,12
caltech,2-39-78-360,2020-11,measured_pilot,M4_history_insufficient,test,5,1
caltech,2-39-78-365,2020-11,measured_pilot,M4_history_insufficient,test,90,18
caltech,2-39-78-367,2020-11,measured_pilot,M4_history_insufficient,test,5,1
caltech,2-39-79-377,2020-11,measured_pilot,M4_history_insufficient,test,5,1
caltech,2-39-79-379,2020-11,measured_pilot,M4_history_insufficient,test,40,8
caltech,2-39-79-380,2020-11,measured_pilot,M4_history_insufficient,test,35,7
caltech,2-39-79-382,2020-11,measured_pilot,M4_history_insufficient,test,5,1
caltech,2-39-81-4550,2020-11,measured_pilot,M4_history_insufficient,test,459,114
caltech,2-39-83-386,2020-11,measured_pilot,M4_history_insufficient,test,25,5
caltech,2-39-89-25,2020-11,measured_pilot,M4_history_insufficient,test,20,4
caltech,2-39-90-26,2020-11,measured_pilot,M4_history_insufficient,test,5,1
caltech,2-39-91-437,2020-11,measured_pilot,M4_history_insufficient,test,5,1
caltech,2-39-95-27,2020-11,measured_pilot,M4_history_insufficient,test,10,2
caltech,2-6-3-1356,2020-11,measured_pilot,M4_history_insufficient,test,47,15
caltech,2-6-3-1357,2020-11,measured_pilot,M4_history_insufficient,test,22,5
caltech,2-6-3-1358,2020-11,measured_pilot,M4_history_insufficient,test,37,8
caltech,2-6-3-1359,2020-11,measured_pilot,M4_history_insufficient,test,107,21
caltech,2-6-3-1360,2020-11,measured_pilot,M4_history_insufficient,test,20,4
caltech,2-6-3-1361,2020-11,measured_pilot,M4_history_insufficient,test,152,31
caltech,2-6-3-1362,2020-11,measured_pilot,M4_history_insufficient,test,64,13
caltech,2-6-3-1363,2020-11,measured_pilot,M4_history_insufficient,test,120,30
caltech,2-6-3-1364,2020-11,measured_pilot,M4_history_insufficient,test,97,20
caltech,2-6-3-1365,2020-11,measured_pilot,M4_history_insufficient,test,31,7
caltech,2-6-3-1366,2020-11,measured_pilot,M4_history_insufficient,test,48,10
caltech,2-6-3-1368,2020-11,measured_pilot,M4_history_insufficient,test,16,3
caltech,2-6-3-1369,2020-11,measured_pilot,M4_history_insufficient,test,13,4
caltech,2-6-3-1624,2020-11,measured_pilot,M4_history_insufficient,test,84,34
caltech,2-6-3-1625,2020-11,measured_pilot,M4_history_insufficient,test,135,48
caltech,2-6-3-1626,2020-11,measured_pilot,M4_history_insufficient,test,68,31
caltech,2-6-3-1627,2020-11,measured_pilot,M4_history_insufficient,test,121,45
caltech,2-6-3-1628,2020-11,measured_pilot,M4_history_insufficient,test,123,34
caltech,2-6-3-1629,2020-11,measured_pilot,M4_history_insufficient,test,257,68
caltech,2-6-3-1630,2020-11,measured_pilot,M4_history_insufficient,test,117,43
caltech,2-6-3-1631,2020-11,measured_pilot,M4_history_insufficient,test,218,60
caltech,2-6-3-1632,2020-11,measured_pilot,M4_history_insufficient,test,133,45
caltech,2-6-3-4515,2020-11,measured_pilot,M4_history_insufficient,test,132,41
caltech,2-6-65-4549,2020-11,measured_pilot,M4_history_insufficient,test,887,203
caltech,2-105-277-1696,2020-12,measured_pilot,M4_history_insufficient,stress,5,1
caltech,2-105-277-1697,2020-12,measured_pilot,M4_history_insufficient,stress,5,1
caltech,2-105-277-1698,2020-12,measured_pilot,M4_history_insufficient,stress,10,2
caltech,2-105-277-1699,2020-12,measured_pilot,M4_history_insufficient,stress,15,3
caltech,2-137-440-2995,2020-12,measured_pilot,M4_history_insufficient,stress,5,1
caltech,2-137-440-3985,2020-12,measured_pilot,M4_history_insufficient,stress,5,3
caltech,2-137-440-3986,2020-12,measured_pilot,M4_history_insufficient,stress,42,10
caltech,2-137-440-3988,2020-12,measured_pilot,M4_history_insufficient,stress,5,1
caltech,2-137-440-3989,2020-12,measured_pilot,M4_history_insufficient,stress,6,3
caltech,2-137-440-3990,2020-12,measured_pilot,M4_history_insufficient,stress,12,4
caltech,2-137-440-3991,2020-12,measured_pilot,M4_history_insufficient,stress,41,9
caltech,2-137-440-3993,2020-12,measured_pilot,M4_history_insufficient,stress,2,2
caltech,2-137-441-3004,2020-12,measured_pilot,M4_history_insufficient,stress,10,2
caltech,2-137-441-3005,2020-12,measured_pilot,M4_history_insufficient,stress,15,3
caltech,2-137-441-3006,2020-12,measured_pilot,M4_history_insufficient,stress,10,2
caltech,2-137-441-3009,2020-12,measured_pilot,M4_history_insufficient,stress,5,1
caltech,2-137-441-3011,2020-12,measured_pilot,M4_history_insufficient,stress,5,1
caltech,2-137-441-3016,2020-12,measured_pilot,M4_history_insufficient,stress,5,1
caltech,2-137-521-3842,2020-12,measured_pilot,M4_history_insufficient,stress,48,11
caltech,2-137-521-3844,2020-12,measured_pilot,M4_history_insufficient,stress,7,2
caltech,2-154-492-3386,2020-12,measured_pilot,M4_history_insufficient,stress,5,1
caltech,2-154-492-3388,2020-12,measured_pilot,M4_history_insufficient,stress,5,1
caltech,2-39-125-21,2020-12,measured_pilot,M4_history_insufficient,stress,5,1
caltech,2-39-127-19,2020-12,measured_pilot,M4_history_insufficient,stress,5,1
caltech,2-39-128-18,2020-12,measured_pilot,M4_history_insufficient,stress,5,1
caltech,2-39-129-17,2020-12,measured_pilot,M4_history_insufficient,stress,10,2
caltech,2-39-131-30,2020-12,measured_pilot,M4_history_insufficient,stress,5,1
caltech,2-39-139-28,2020-12,measured_pilot,M4_history_insufficient,stress,10,2
caltech,2-39-78-365,2020-12,measured_pilot,M4_history_insufficient,stress,5,1
caltech,2-39-79-380,2020-12,measured_pilot,M4_history_insufficient,stress,5,1
caltech,2-39-81-4550,2020-12,measured_pilot,M4_history_insufficient,stress,56,12
caltech,2-39-89-25,2020-12,measured_pilot,M4_history_insufficient,stress,3,1
caltech,2-6-3-1356,2020-12,measured_pilot,M4_history_insufficient,stress,8,3
caltech,2-6-3-1357,2020-12,measured_pilot,M4_history_insufficient,stress,10,3
caltech,2-6-3-1358,2020-12,measured_pilot,M4_history_insufficient,stress,10,4
caltech,2-6-3-1359,2020-12,measured_pilot,M4_history_insufficient,stress,10,2
caltech,2-6-3-1361,2020-12,measured_pilot,M4_history_insufficient,stress,5,1
caltech,2-6-3-1362,2020-12,measured_pilot,M4_history_insufficient,stress,6,3
caltech,2-6-3-1363,2020-12,measured_pilot,M4_history_insufficient,stress,5,1
caltech,2-6-3-1365,2020-12,measured_pilot,M4_history_insufficient,stress,1,1
caltech,2-6-3-1369,2020-12,measured_pilot,M4_history_insufficient,stress,6,2
caltech,2-6-3-1624,2020-12,measured_pilot,M4_history_insufficient,stress,2,2
caltech,2-6-3-1625,2020-12,measured_pilot,M4_history_insufficient,stress,12,4
caltech,2-6-3-1626,2020-12,measured_pilot,M4_history_insufficient,stress,2,2
caltech,2-6-3-1627,2020-12,measured_pilot,M4_history_insufficient,stress,8,3
caltech,2-6-3-1628,2020-12,measured_pilot,M4_history_insufficient,stress,17,5
caltech,2-6-3-1629,2020-12,measured_pilot,M4_history_insufficient,stress,22,6
caltech,2-6-3-1630,2020-12,measured_pilot,M4_history_insufficient,stress,11,3
caltech,2-6-3-1631,2020-12,measured_pilot,M4_history_insufficient,stress,23,6
caltech,2-6-3-1632,2020-12,measured_pilot,M4_history_insufficient,stress,1,1
caltech,2-6-3-4515,2020-12,measured_pilot,M4_history_insufficient,stress,6,2
caltech,2-6-65-4549,2020-12,measured_pilot,M4_history_insufficient,stress,45,10
jpl,1-1-178-817,2018-10,current_only,M3_current_only,train,12014,34
jpl,1-1-178-823,2018-10,current_only,M3_current_only,train,13301,38
jpl,1-1-178-824,2018-10,current_only,M3_current_only,train,10644,30
jpl,1-1-178-828,2018-10,current_only,M3_current_only,train,11158,27
jpl,1-1-179-777,2018-10,current_only,M3_current_only,train,8243,21
jpl,1-1-179-779,2018-10,current_only,M3_current_only,train,8210,23
jpl,1-1-179-781,2018-10,current_only,M3_current_only,train,10066,19
jpl,1-1-179-783,2018-10,current_only,M3_current_only,train,8740,19
jpl,1-1-179-787,2018-10,current_only,M3_current_only,train,8978,20
jpl,1-1-179-788,2018-10,current_only,M3_current_only,train,8059,19
jpl,1-1-179-790,2018-10,current_only,M3_current_only,train,8272,24
jpl,1-1-179-791,2018-10,current_only,M3_current_only,train,8408,19
jpl,1-1-179-794,2018-10,current_only,M3_current_only,train,8403,20
jpl,1-1-179-796,2018-10,current_only,M3_current_only,train,8218,19
jpl,1-1-179-797,2018-10,current_only,M3_current_only,train,8647,19
jpl,1-1-179-798,2018-10,current_only,M3_current_only,train,9166,21
jpl,1-1-179-799,2018-10,current_only,M3_current_only,train,10197,22
jpl,1-1-179-800,2018-10,current_only,M3_current_only,train,10319,20
jpl,1-1-179-801,2018-10,current_only,M3_current_only,train,10239,16
jpl,1-1-179-809,2018-10,current_only,M3_current_only,train,9280,22
jpl,1-1-179-810,2018-10,current_only,M3_current_only,train,9815,25
jpl,1-1-179-813,2018-10,current_only,M3_current_only,train,8189,19
jpl,1-1-179-815,2018-10,current_only,M3_current_only,train,8191,20
jpl,1-1-191-778,2018-10,current_only,M3_current_only,train,8097,20
jpl,1-1-191-780,2018-10,current_only,M3_current_only,train,8392,19
jpl,1-1-191-782,2018-10,current_only,M3_current_only,train,8239,18
jpl,1-1-191-784,2018-10,current_only,M3_current_only,train,7782,17
jpl,1-1-191-785,2018-10,current_only,M3_current_only,train,8677,18
jpl,1-1-191-786,2018-10,current_only,M3_current_only,train,7508,19
jpl,1-1-191-789,2018-10,current_only,M3_current_only,train,9939,18
jpl,1-1-191-792,2018-10,current_only,M3_current_only,train,8120,16
jpl,1-1-191-793,2018-10,current_only,M3_current_only,train,8123,15
jpl,1-1-191-795,2018-10,current_only,M3_current_only,train,8663,21
jpl,1-1-191-802,2018-10,current_only,M3_current_only,train,9136,22
jpl,1-1-191-803,2018-10,current_only,M3_current_only,train,7739,18
jpl,1-1-191-804,2018-10,current_only,M3_current_only,train,8521,16
jpl,1-1-191-805,2018-10,current_only,M3_current_only,train,7489,18
jpl,1-1-191-806,2018-10,current_only,M3_current_only,train,7774,19
jpl,1-1-191-807,2018-10,current_only,M3_current_only,train,8557,21
jpl,1-1-191-808,2018-10,current_only,M3_current_only,train,7411,19
jpl,1-1-191-811,2018-10,current_only,M3_current_only,train,8005,19
jpl,1-1-191-812,2018-10,current_only,M3_current_only,train,7782,18
jpl,1-1-193-816,2018-10,current_only,M3_current_only,train,10653,30
jpl,1-1-193-819,2018-10,current_only,M3_current_only,train,11919,35
jpl,1-1-193-820,2018-10,current_only,M3_current_only,train,11072,42
jpl,1-1-193-825,2018-10,current_only,M3_current_only,train,10098,28
jpl,1-1-193-827,2018-10,current_only,M3_current_only,train,12019,34
jpl,1-1-193-829,2018-10,current_only,M3_current_only,train,10908,28
jpl,1-1-194-818,2018-10,current_only,M3_current_only,train,10177,21
jpl,1-1-194-821,2018-10,current_only,M3_current_only,train,12294,37
jpl,1-1-194-822,2018-10,current_only,M3_current_only,train,10455,25
jpl,1-1-194-826,2018-10,current_only,M3_current_only,train,10180,24
jpl,1-1-178-817,2018-11,current_only,M3_current_only,train,10904,27
jpl,1-1-178-823,2018-11,current_only,M3_current_only,train,16759,45
jpl,1-1-178-824,2018-11,current_only,M3_current_only,train,12619,30
jpl,1-1-178-828,2018-11,current_only,M3_current_only,train,14489,37
jpl,1-1-179-777,2018-11,current_only,M3_current_only,train,9517,24
jpl,1-1-179-779,2018-11,current_only,M3_current_only,train,9835,21
jpl,1-1-179-781,2018-11,current_only,M3_current_only,train,9204,25
jpl,1-1-179-783,2018-11,current_only,M3_current_only,train,9691,23
jpl,1-1-179-787,2018-11,current_only,M3_current_only,train,9300,23
jpl,1-1-179-788,2018-11,current_only,M3_current_only,train,9773,24
jpl,1-1-179-790,2018-11,current_only,M3_current_only,train,9437,22
jpl,1-1-179-791,2018-11,current_only,M3_current_only,train,9487,23
jpl,1-1-179-794,2018-11,current_only,M3_current_only,train,9347,20
jpl,1-1-179-796,2018-11,current_only,M3_current_only,train,10168,25
jpl,1-1-179-797,2018-11,current_only,M3_current_only,train,10574,23
jpl,1-1-179-798,2018-11,current_only,M3_current_only,train,9563,23
jpl,1-1-179-799,2018-11,current_only,M3_current_only,train,10071,22
jpl,1-1-179-800,2018-11,current_only,M3_current_only,train,9300,24
jpl,1-1-179-801,2018-11,current_only,M3_current_only,train,9354,25
jpl,1-1-179-809,2018-11,current_only,M3_current_only,train,9516,20
jpl,1-1-179-810,2018-11,current_only,M3_current_only,train,11298,25
jpl,1-1-179-813,2018-11,current_only,M3_current_only,train,10144,25
jpl,1-1-179-815,2018-11,current_only,M3_current_only,train,10083,22
jpl,1-1-191-778,2018-11,current_only,M3_current_only,train,10426,22
jpl,1-1-191-780,2018-11,current_only,M3_current_only,train,8993,21
jpl,1-1-191-782,2018-11,current_only,M3_current_only,train,9832,19
jpl,1-1-191-784,2018-11,current_only,M3_current_only,train,9412,23
jpl,1-1-191-785,2018-11,current_only,M3_current_only,train,11055,21
jpl,1-1-191-786,2018-11,current_only,M3_current_only,train,8625,23
jpl,1-1-191-789,2018-11,current_only,M3_current_only,train,11330,18
jpl,1-1-191-792,2018-11,current_only,M3_current_only,train,8766,19
jpl,1-1-191-793,2018-11,current_only,M3_current_only,train,9209,22
jpl,1-1-191-795,2018-11,current_only,M3_current_only,train,9251,18
jpl,1-1-191-802,2018-11,current_only,M3_current_only,train,10129,20
jpl,1-1-191-803,2018-11,current_only,M3_current_only,train,9156,18
jpl,1-1-191-804,2018-11,current_only,M3_current_only,train,8770,21
jpl,1-1-191-805,2018-11,current_only,M3_current_only,train,8727,22
jpl,1-1-191-806,2018-11,current_only,M3_current_only,train,7978,22
jpl,1-1-191-807,2018-11,current_only,M3_current_only,train,10352,21
jpl,1-1-191-808,2018-11,current_only,M3_current_only,train,8509,25
jpl,1-1-191-811,2018-11,current_only,M3_current_only,train,9984,23
jpl,1-1-191-812,2018-11,current_only,M3_current_only,train,9574,21
jpl,1-1-193-816,2018-11,current_only,M3_current_only,train,12079,30
jpl,1-1-193-819,2018-11,current_only,M3_current_only,train,13513,35
jpl,1-1-193-820,2018-11,current_only,M3_current_only,train,12956,37
jpl,1-1-193-825,2018-11,current_only,M3_current_only,train,11465,29
jpl,1-1-193-827,2018-11,current_only,M3_current_only,train,12312,34
jpl,1-1-193-829,2018-11,current_only,M3_current_only,train,10695,33
jpl,1-1-194-818,2018-11,current_only,M3_current_only,train,11867,26
jpl,1-1-194-821,2018-11,current_only,M3_current_only,train,13094,38
jpl,1-1-194-822,2018-11,current_only,M3_current_only,train,11730,31
jpl,1-1-194-826,2018-11,current_only,M3_current_only,train,13710,35
jpl,1-1-178-817,2018-12,current_only,M3_current_only,train,10340,24
jpl,1-1-178-823,2018-12,current_only,M3_current_only,train,15427,48
jpl,1-1-178-824,2018-12,current_only,M3_current_only,train,10825,26
jpl,1-1-178-828,2018-12,current_only,M3_current_only,train,13211,37
jpl,1-1-179-777,2018-12,current_only,M3_current_only,train,7671,19
jpl,1-1-179-779,2018-12,current_only,M3_current_only,train,8280,21
jpl,1-1-179-781,2018-12,current_only,M3_current_only,train,8240,19
jpl,1-1-179-783,2018-12,current_only,M3_current_only,train,7669,19
jpl,1-1-179-787,2018-12,current_only,M3_current_only,train,7649,21
jpl,1-1-179-788,2018-12,current_only,M3_current_only,train,7371,18
jpl,1-1-179-790,2018-12,current_only,M3_current_only,train,6798,16
jpl,1-1-179-791,2018-12,current_only,M3_current_only,train,7457,18
jpl,1-1-179-794,2018-12,current_only,M3_current_only,train,7573,19
jpl,1-1-179-796,2018-12,current_only,M3_current_only,train,6867,15
jpl,1-1-179-797,2018-12,current_only,M3_current_only,train,8827,18
jpl,1-1-179-798,2018-12,current_only,M3_current_only,train,9125,21
jpl,1-1-179-799,2018-12,current_only,M3_current_only,train,7898,19
jpl,1-1-179-800,2018-12,current_only,M3_current_only,train,8644,23
jpl,1-1-179-801,2018-12,current_only,M3_current_only,train,7679,19
jpl,1-1-179-809,2018-12,current_only,M3_current_only,train,9037,19
jpl,1-1-179-810,2018-12,current_only,M3_current_only,train,8755,23
jpl,1-1-179-813,2018-12,current_only,M3_current_only,train,8114,21
jpl,1-1-179-815,2018-12,current_only,M3_current_only,train,7673,15
jpl,1-1-191-778,2018-12,current_only,M3_current_only,train,6615,18
jpl,1-1-191-780,2018-12,current_only,M3_current_only,train,7407,14
jpl,1-1-191-782,2018-12,current_only,M3_current_only,train,8414,18
jpl,1-1-191-784,2018-12,current_only,M3_current_only,train,7143,16
jpl,1-1-191-785,2018-12,current_only,M3_current_only,train,8749,16
jpl,1-1-191-786,2018-12,current_only,M3_current_only,train,6722,15
jpl,1-1-191-789,2018-12,current_only,M3_current_only,train,10868,19
jpl,1-1-191-792,2018-12,current_only,M3_current_only,train,6550,16
jpl,1-1-191-793,2018-12,current_only,M3_current_only,train,6840,18
jpl,1-1-191-795,2018-12,current_only,M3_current_only,train,8940,18
jpl,1-1-191-802,2018-12,current_only,M3_current_only,train,7403,15
jpl,1-1-191-803,2018-12,current_only,M3_current_only,train,7300,16
jpl,1-1-191-804,2018-12,current_only,M3_current_only,train,7050,17
jpl,1-1-191-805,2018-12,current_only,M3_current_only,train,7318,15
jpl,1-1-191-806,2018-12,current_only,M3_current_only,train,6462,18
jpl,1-1-191-807,2018-12,current_only,M3_current_only,train,7115,15
jpl,1-1-191-808,2018-12,current_only,M3_current_only,train,7085,20
jpl,1-1-191-811,2018-12,current_only,M3_current_only,train,6819,14
jpl,1-1-191-812,2018-12,current_only,M3_current_only,train,8196,16
jpl,1-1-193-816,2018-12,current_only,M3_current_only,train,9239,23
jpl,1-1-193-819,2018-12,current_only,M3_current_only,train,11631,31
jpl,1-1-193-820,2018-12,current_only,M3_current_only,train,11301,30
jpl,1-1-193-825,2018-12,current_only,M3_current_only,train,9924,25
jpl,1-1-193-827,2018-12,current_only,M3_current_only,train,11565,35
jpl,1-1-193-829,2018-12,current_only,M3_current_only,train,10936,31
jpl,1-1-194-818,2018-12,current_only,M3_current_only,train,9273,28
jpl,1-1-194-821,2018-12,current_only,M3_current_only,train,10836,35
jpl,1-1-194-822,2018-12,current_only,M3_current_only,train,9660,27
jpl,1-1-194-826,2018-12,current_only,M3_current_only,train,9742,22
jpl,1-1-178-817,2019-01,current_only,M3_current_only,train,13660,32
jpl,1-1-178-823,2019-01,current_only,M3_current_only,train,16804,47
jpl,1-1-178-824,2019-01,current_only,M3_current_only,train,12215,27
jpl,1-1-178-828,2019-01,current_only,M3_current_only,train,14037,40
jpl,1-1-179-777,2019-01,current_only,M3_current_only,train,11476,22
jpl,1-1-179-779,2019-01,current_only,M3_current_only,train,10263,22
jpl,1-1-179-781,2019-01,current_only,M3_current_only,train,11358,21
jpl,1-1-179-783,2019-01,current_only,M3_current_only,train,10251,21
jpl,1-1-179-787,2019-01,current_only,M3_current_only,train,10772,20
jpl,1-1-179-788,2019-01,current_only,M3_current_only,train,11232,21
jpl,1-1-179-790,2019-01,current_only,M3_current_only,train,9894,23
jpl,1-1-179-791,2019-01,current_only,M3_current_only,train,12718,22
jpl,1-1-179-794,2019-01,current_only,M3_current_only,train,11415,25
jpl,1-1-179-796,2019-01,current_only,M3_current_only,train,10993,24
jpl,1-1-179-797,2019-01,current_only,M3_current_only,train,11517,25
jpl,1-1-179-798,2019-01,current_only,M3_current_only,train,11453,24
jpl,1-1-179-799,2019-01,current_only,M3_current_only,train,12151,29
jpl,1-1-179-800,2019-01,current_only,M3_current_only,train,11936,25
jpl,1-1-179-801,2019-01,current_only,M3_current_only,train,10803,24
jpl,1-1-179-809,2019-01,current_only,M3_current_only,train,11335,22
jpl,1-1-179-810,2019-01,current_only,M3_current_only,train,11604,27
jpl,1-1-179-813,2019-01,current_only,M3_current_only,train,10328,24
jpl,1-1-179-815,2019-01,current_only,M3_current_only,train,11209,25
jpl,1-1-191-778,2019-01,current_only,M3_current_only,train,10593,21
jpl,1-1-191-780,2019-01,current_only,M3_current_only,train,10666,24
jpl,1-1-191-782,2019-01,current_only,M3_current_only,train,10976,23
jpl,1-1-191-784,2019-01,current_only,M3_current_only,train,9505,19
jpl,1-1-191-785,2019-01,current_only,M3_current_only,train,10380,20
jpl,1-1-191-786,2019-01,current_only,M3_current_only,train,9811,23
jpl,1-1-191-789,2019-01,current_only,M3_current_only,train,13117,21
jpl,1-1-191-792,2019-01,current_only,M3_current_only,train,11120,21
jpl,1-1-191-793,2019-01,current_only,M3_current_only,train,10022,20
jpl,1-1-191-795,2019-01,current_only,M3_current_only,train,9614,21
jpl,1-1-191-802,2019-01,current_only,M3_current_only,train,11721,20
jpl,1-1-191-803,2019-01,current_only,M3_current_only,train,9926,21
jpl,1-1-191-804,2019-01,current_only,M3_current_only,train,10068,23
jpl,1-1-191-805,2019-01,current_only,M3_current_only,train,10421,21
jpl,1-1-191-806,2019-01,current_only,M3_current_only,train,9353,19
jpl,1-1-191-807,2019-01,current_only,M3_current_only,train,10762,23
jpl,1-1-191-808,2019-01,current_only,M3_current_only,train,10777,27
jpl,1-1-191-811,2019-01,current_only,M3_current_only,train,9821,24
jpl,1-1-191-812,2019-01,current_only,M3_current_only,train,9766,18
jpl,1-1-193-816,2019-01,current_only,M3_current_only,train,13030,29
jpl,1-1-193-819,2019-01,current_only,M3_current_only,train,13637,38
jpl,1-1-193-820,2019-01,current_only,M3_current_only,train,12503,33
jpl,1-1-193-825,2019-01,current_only,M3_current_only,train,12533,31
jpl,1-1-193-827,2019-01,current_only,M3_current_only,train,13481,33
jpl,1-1-193-829,2019-01,current_only,M3_current_only,train,12957,46
jpl,1-1-194-818,2019-01,current_only,M3_current_only,train,14626,40
jpl,1-1-194-821,2019-01,current_only,M3_current_only,train,15274,43
jpl,1-1-194-822,2019-01,current_only,M3_current_only,train,13938,36
jpl,1-1-194-826,2019-01,current_only,M3_current_only,train,14401,34
jpl,1-1-178-817,2019-02,current_only,M3_current_only,train,11557,31
jpl,1-1-178-823,2019-02,current_only,M3_current_only,train,14930,47
jpl,1-1-178-824,2019-02,current_only,M3_current_only,train,10848,28
jpl,1-1-178-828,2019-02,current_only,M3_current_only,train,14282,42
jpl,1-1-179-777,2019-02,current_only,M3_current_only,train,10705,23
jpl,1-1-179-779,2019-02,current_only,M3_current_only,train,9527,22
jpl,1-1-179-781,2019-02,current_only,M3_current_only,train,10162,23
jpl,1-1-179-783,2019-02,current_only,M3_current_only,train,9295,24
jpl,1-1-179-787,2019-02,current_only,M3_current_only,train,9647,23
jpl,1-1-179-788,2019-02,current_only,M3_current_only,train,9831,21
jpl,1-1-179-790,2019-02,current_only,M3_current_only,train,9069,25
jpl,1-1-179-791,2019-02,current_only,M3_current_only,train,10115,19
jpl,1-1-179-794,2019-02,current_only,M3_current_only,train,9244,25
jpl,1-1-179-796,2019-02,current_only,M3_current_only,train,9981,21
jpl,1-1-179-797,2019-02,current_only,M3_current_only,train,10142,19
jpl,1-1-179-798,2019-02,current_only,M3_current_only,train,10148,27
jpl,1-1-179-799,2019-02,current_only,M3_current_only,train,9880,25
jpl,1-1-179-800,2019-02,current_only,M3_current_only,train,12143,33
jpl,1-1-179-801,2019-02,current_only,M3_current_only,train,9275,22
jpl,1-1-179-809,2019-02,current_only,M3_current_only,train,10225,21
jpl,1-1-179-810,2019-02,current_only,M3_current_only,train,10456,24
jpl,1-1-179-813,2019-02,current_only,M3_current_only,train,9706,21
jpl,1-1-179-815,2019-02,current_only,M3_current_only,train,10663,26
jpl,1-1-191-778,2019-02,current_only,M3_current_only,train,8765,26
jpl,1-1-191-780,2019-02,current_only,M3_current_only,train,9353,20
jpl,1-1-191-782,2019-02,current_only,M3_current_only,train,9706,21
jpl,1-1-191-784,2019-02,current_only,M3_current_only,train,9034,19
jpl,1-1-191-785,2019-02,current_only,M3_current_only,train,9802,18
jpl,1-1-191-786,2019-02,current_only,M3_current_only,train,9480,20
jpl,1-1-191-789,2019-02,current_only,M3_current_only,train,11650,20
jpl,1-1-191-792,2019-02,current_only,M3_current_only,train,9766,19
jpl,1-1-191-793,2019-02,current_only,M3_current_only,train,9623,22
jpl,1-1-191-795,2019-02,current_only,M3_current_only,train,9452,22
jpl,1-1-191-802,2019-02,current_only,M3_current_only,train,10516,19
jpl,1-1-191-803,2019-02,current_only,M3_current_only,train,9202,21
jpl,1-1-191-804,2019-02,current_only,M3_current_only,train,9281,24
jpl,1-1-191-805,2019-02,current_only,M3_current_only,train,9983,22
jpl,1-1-191-806,2019-02,current_only,M3_current_only,train,9563,22
jpl,1-1-191-807,2019-02,current_only,M3_current_only,train,9634,19
jpl,1-1-191-808,2019-02,current_only,M3_current_only,train,9851,23
jpl,1-1-191-811,2019-02,current_only,M3_current_only,train,9288,21
jpl,1-1-191-812,2019-02,current_only,M3_current_only,train,10123,20
jpl,1-1-193-816,2019-02,current_only,M3_current_only,train,10780,28
jpl,1-1-193-819,2019-02,current_only,M3_current_only,train,13004,42
jpl,1-1-193-820,2019-02,current_only,M3_current_only,train,12027,34
jpl,1-1-193-825,2019-02,current_only,M3_current_only,train,11770,33
jpl,1-1-193-827,2019-02,current_only,M3_current_only,train,11994,34
jpl,1-1-193-829,2019-02,current_only,M3_current_only,train,11426,38
jpl,1-1-194-818,2019-02,current_only,M3_current_only,train,11922,34
jpl,1-1-194-821,2019-02,current_only,M3_current_only,train,12832,41
jpl,1-1-194-822,2019-02,current_only,M3_current_only,train,11887,30
jpl,1-1-194-826,2019-02,current_only,M3_current_only,train,12884,28
jpl,1-1-178-817,2019-03,current_only,M3_current_only,train,13513,31
jpl,1-1-178-823,2019-03,current_only,M3_current_only,train,17850,52
jpl,1-1-178-824,2019-03,current_only,M3_current_only,train,12493,32
jpl,1-1-178-828,2019-03,current_only,M3_current_only,train,15702,45
jpl,1-1-179-777,2019-03,current_only,M3_current_only,train,11711,24
jpl,1-1-179-779,2019-03,current_only,M3_current_only,train,11058,24
jpl,1-1-179-781,2019-03,current_only,M3_current_only,train,12509,30
jpl,1-1-179-783,2019-03,current_only,M3_current_only,train,11271,26
jpl,1-1-179-787,2019-03,current_only,M3_current_only,train,11092,27
jpl,1-1-179-788,2019-03,current_only,M3_current_only,train,10804,23
jpl,1-1-179-790,2019-03,current_only,M3_current_only,train,10229,21
jpl,1-1-179-791,2019-03,current_only,M3_current_only,train,10565,26
jpl,1-1-179-794,2019-03,current_only,M3_current_only,train,9843,21
jpl,1-1-179-796,2019-03,current_only,M3_current_only,train,10648,26
jpl,1-1-179-797,2019-03,current_only,M3_current_only,train,11613,22
jpl,1-1-179-798,2019-03,current_only,M3_current_only,train,11289,23
jpl,1-1-179-799,2019-03,current_only,M3_current_only,train,12015,25
jpl,1-1-179-800,2019-03,current_only,M3_current_only,train,11501,32
jpl,1-1-179-801,2019-03,current_only,M3_current_only,train,10226,22
jpl,1-1-179-809,2019-03,current_only,M3_current_only,train,11530,25
jpl,1-1-179-810,2019-03,current_only,M3_current_only,train,12375,25
jpl,1-1-179-813,2019-03,current_only,M3_current_only,train,9188,22
jpl,1-1-179-815,2019-03,current_only,M3_current_only,train,11038,26
jpl,1-1-191-778,2019-03,current_only,M3_current_only,train,10662,23
jpl,1-1-191-780,2019-03,current_only,M3_current_only,train,10297,21
jpl,1-1-191-782,2019-03,current_only,M3_current_only,train,10219,20
jpl,1-1-191-784,2019-03,current_only,M3_current_only,train,8851,20
jpl,1-1-191-785,2019-03,current_only,M3_current_only,train,10284,19
jpl,1-1-191-786,2019-03,current_only,M3_current_only,train,10128,21
jpl,1-1-191-789,2019-03,current_only,M3_current_only,train,11782,20
jpl,1-1-191-792,2019-03,current_only,M3_current_only,train,10119,19
jpl,1-1-191-793,2019-03,current_only,M3_current_only,train,9830,26
jpl,1-1-191-795,2019-03,current_only,M3_current_only,train,10706,25
jpl,1-1-191-802,2019-03,current_only,M3_current_only,train,10870,19
jpl,1-1-191-803,2019-03,current_only,M3_current_only,train,8994,20
jpl,1-1-191-804,2019-03,current_only,M3_current_only,train,9374,24
jpl,1-1-191-805,2019-03,current_only,M3_current_only,train,11028,19
jpl,1-1-191-806,2019-03,current_only,M3_current_only,train,9979,27
jpl,1-1-191-807,2019-03,current_only,M3_current_only,train,10118,24
jpl,1-1-191-808,2019-03,current_only,M3_current_only,train,10078,31
jpl,1-1-191-811,2019-03,current_only,M3_current_only,train,9870,24
jpl,1-1-191-812,2019-03,current_only,M3_current_only,train,10311,20
jpl,1-1-193-816,2019-03,current_only,M3_current_only,train,13185,38
jpl,1-1-193-819,2019-03,current_only,M3_current_only,train,14171,40
jpl,1-1-193-820,2019-03,current_only,M3_current_only,train,14363,44
jpl,1-1-193-825,2019-03,current_only,M3_current_only,train,13381,42
jpl,1-1-193-827,2019-03,current_only,M3_current_only,train,14016,39
jpl,1-1-193-829,2019-03,current_only,M3_current_only,train,14369,38
jpl,1-1-194-818,2019-03,current_only,M3_current_only,train,13461,44
jpl,1-1-194-821,2019-03,current_only,M3_current_only,train,15341,42
jpl,1-1-194-822,2019-03,current_only,M3_current_only,train,14253,35
jpl,1-1-194-826,2019-03,current_only,M3_current_only,train,16154,34
jpl,1-1-178-817,2019-04,current_only,M3_current_only,train,13763,35
jpl,1-1-178-823,2019-04,current_only,M3_current_only,train,16827,53
jpl,1-1-178-824,2019-04,current_only,M3_current_only,train,13902,34
jpl,1-1-178-828,2019-04,current_only,M3_current_only,train,16047,49
jpl,1-1-179-777,2019-04,current_only,M3_current_only,train,11909,29
jpl,1-1-179-779,2019-04,current_only,M3_current_only,train,11391,25
jpl,1-1-179-781,2019-04,current_only,M3_current_only,train,12435,23
jpl,1-1-179-783,2019-04,current_only,M3_current_only,train,10971,21
jpl,1-1-179-787,2019-04,current_only,M3_current_only,train,11354,28
jpl,1-1-179-788,2019-04,current_only,M3_current_only,train,10671,22
jpl,1-1-179-790,2019-04,current_only,M3_current_only,train,10937,23
jpl,1-1-179-791,2019-04,current_only,M3_current_only,train,12317,34
jpl,1-1-179-794,2019-04,current_only,M3_current_only,train,12244,26
jpl,1-1-179-796,2019-04,current_only,M3_current_only,train,11352,24
jpl,1-1-179-797,2019-04,current_only,M3_current_only,train,12125,22
jpl,1-1-179-798,2019-04,current_only,M3_current_only,train,11513,24
jpl,1-1-179-799,2019-04,current_only,M3_current_only,train,11295,29
jpl,1-1-179-800,2019-04,current_only,M3_current_only,train,11763,24
jpl,1-1-179-801,2019-04,current_only,M3_current_only,train,11323,23
jpl,1-1-179-809,2019-04,current_only,M3_current_only,train,11608,24
jpl,1-1-179-810,2019-04,current_only,M3_current_only,train,12739,24
jpl,1-1-179-813,2019-04,current_only,M3_current_only,train,10670,28
jpl,1-1-179-815,2019-04,current_only,M3_current_only,train,11768,30
jpl,1-1-191-778,2019-04,current_only,M3_current_only,train,10705,32
jpl,1-1-191-780,2019-04,current_only,M3_current_only,train,11459,24
jpl,1-1-191-782,2019-04,current_only,M3_current_only,train,10670,24
jpl,1-1-191-784,2019-04,current_only,M3_current_only,train,10971,23
jpl,1-1-191-785,2019-04,current_only,M3_current_only,train,11721,20
jpl,1-1-191-786,2019-04,current_only,M3_current_only,train,10641,23
jpl,1-1-191-789,2019-04,current_only,M3_current_only,train,12756,29
jpl,1-1-191-792,2019-04,current_only,M3_current_only,train,12922,27
jpl,1-1-191-793,2019-04,current_only,M3_current_only,train,11128,21
jpl,1-1-191-795,2019-04,current_only,M3_current_only,train,11336,26
jpl,1-1-191-802,2019-04,current_only,M3_current_only,train,11153,26
jpl,1-1-191-803,2019-04,current_only,M3_current_only,train,11711,22
jpl,1-1-191-804,2019-04,current_only,M3_current_only,train,11859,27
jpl,1-1-191-805,2019-04,current_only,M3_current_only,train,12120,20
jpl,1-1-191-806,2019-04,current_only,M3_current_only,train,10845,28
jpl,1-1-191-807,2019-04,current_only,M3_current_only,train,10893,23
jpl,1-1-191-808,2019-04,current_only,M3_current_only,train,11577,21
jpl,1-1-191-811,2019-04,current_only,M3_current_only,train,10796,26
jpl,1-1-191-812,2019-04,current_only,M3_current_only,train,11517,23
jpl,1-1-193-816,2019-04,current_only,M3_current_only,train,14091,38
jpl,1-1-193-819,2019-04,current_only,M3_current_only,train,15094,51
jpl,1-1-193-820,2019-04,current_only,M3_current_only,train,14339,41
jpl,1-1-193-825,2019-04,current_only,M3_current_only,train,13095,42
jpl,1-1-193-827,2019-04,current_only,M3_current_only,train,14544,43
jpl,1-1-193-829,2019-04,current_only,M3_current_only,train,13859,36
jpl,1-1-194-818,2019-04,current_only,M3_current_only,train,13799,32
jpl,1-1-194-821,2019-04,current_only,M3_current_only,train,13708,45
jpl,1-1-194-822,2019-04,current_only,M3_current_only,train,14510,40
jpl,1-1-194-826,2019-04,current_only,M3_current_only,train,15067,33
jpl,1-1-178-817,2019-05,current_only,M3_current_only,train,15242,50
jpl,1-1-178-823,2019-05,current_only,M3_current_only,train,20527,68
jpl,1-1-178-824,2019-05,current_only,M3_current_only,train,15604,43
jpl,1-1-178-828,2019-05,current_only,M3_current_only,train,18069,52
jpl,1-1-179-777,2019-05,current_only,M3_current_only,train,11713,26
jpl,1-1-179-779,2019-05,current_only,M3_current_only,train,11581,25
jpl,1-1-179-781,2019-05,current_only,M3_current_only,train,11596,27
jpl,1-1-179-783,2019-05,current_only,M3_current_only,train,13208,26
jpl,1-1-179-787,2019-05,current_only,M3_current_only,train,12374,31
jpl,1-1-179-788,2019-05,current_only,M3_current_only,train,12019,24
jpl,1-1-179-790,2019-05,current_only,M3_current_only,train,11570,20
jpl,1-1-179-791,2019-05,current_only,M3_current_only,train,12428,33
jpl,1-1-179-794,2019-05,current_only,M3_current_only,train,12032,29
jpl,1-1-179-796,2019-05,current_only,M3_current_only,train,12275,32
jpl,1-1-179-797,2019-05,current_only,M3_current_only,train,11928,26
jpl,1-1-179-798,2019-05,current_only,M3_current_only,train,12118,28
jpl,1-1-179-799,2019-05,current_only,M3_current_only,train,13098,36
jpl,1-1-179-800,2019-05,current_only,M3_current_only,train,12366,28
jpl,1-1-179-801,2019-05,current_only,M3_current_only,train,11301,22
jpl,1-1-179-809,2019-05,current_only,M3_current_only,train,12713,24
jpl,1-1-179-810,2019-05,current_only,M3_current_only,train,13313,34
jpl,1-1-179-813,2019-05,current_only,M3_current_only,train,11167,27
jpl,1-1-179-815,2019-05,current_only,M3_current_only,train,13451,35
jpl,1-1-191-778,2019-05,current_only,M3_current_only,train,10515,24
jpl,1-1-191-780,2019-05,current_only,M3_current_only,train,11622,25
jpl,1-1-191-782,2019-05,current_only,M3_current_only,train,12278,27
jpl,1-1-191-784,2019-05,current_only,M3_current_only,train,11657,24
jpl,1-1-191-785,2019-05,current_only,M3_current_only,train,11485,22
jpl,1-1-191-786,2019-05,current_only,M3_current_only,train,11292,25
jpl,1-1-191-789,2019-05,current_only,M3_current_only,train,13216,27
jpl,1-1-191-792,2019-05,current_only,M3_current_only,train,11264,32
jpl,1-1-191-793,2019-05,current_only,M3_current_only,train,11745,27
jpl,1-1-191-795,2019-05,current_only,M3_current_only,train,10607,27
jpl,1-1-191-802,2019-05,current_only,M3_current_only,train,12021,27
jpl,1-1-191-803,2019-05,current_only,M3_current_only,train,11621,24
jpl,1-1-191-804,2019-05,current_only,M3_current_only,train,11080,28
jpl,1-1-191-805,2019-05,current_only,M3_current_only,train,11437,23
jpl,1-1-191-806,2019-05,current_only,M3_current_only,train,11337,24
jpl,1-1-191-807,2019-05,current_only,M3_current_only,train,10901,28
jpl,1-1-191-808,2019-05,current_only,M3_current_only,train,12240,23
jpl,1-1-191-811,2019-05,current_only,M3_current_only,train,12286,27
jpl,1-1-191-812,2019-05,current_only,M3_current_only,train,12854,21
jpl,1-1-193-816,2019-05,current_only,M3_current_only,train,15300,48
jpl,1-1-193-819,2019-05,current_only,M3_current_only,train,15704,53
jpl,1-1-193-820,2019-05,current_only,M3_current_only,train,14702,43
jpl,1-1-193-825,2019-05,current_only,M3_current_only,train,14880,50
jpl,1-1-193-827,2019-05,current_only,M3_current_only,train,15902,43
jpl,1-1-193-829,2019-05,current_only,M3_current_only,train,16495,46
jpl,1-1-194-818,2019-05,current_only,M3_current_only,train,14578,36
jpl,1-1-194-821,2019-05,current_only,M3_current_only,train,17147,48
jpl,1-1-194-822,2019-05,current_only,M3_current_only,train,17169,47
jpl,1-1-194-826,2019-05,current_only,M3_current_only,train,17049,36
jpl,1-1-178-817,2019-06,current_only,M3_current_only,train,12660,36
jpl,1-1-178-823,2019-06,current_only,M3_current_only,train,19172,60
jpl,1-1-178-824,2019-06,current_only,M3_current_only,train,12647,32
jpl,1-1-178-828,2019-06,current_only,M3_current_only,train,13332,43
jpl,1-1-179-777,2019-06,current_only,M3_current_only,train,10301,24
jpl,1-1-179-779,2019-06,current_only,M3_current_only,train,10149,23
jpl,1-1-179-781,2019-06,current_only,M3_current_only,train,11406,26
jpl,1-1-179-783,2019-06,current_only,M3_current_only,train,11107,25
jpl,1-1-179-787,2019-06,current_only,M3_current_only,train,11078,24
jpl,1-1-179-788,2019-06,current_only,M3_current_only,train,11597,24
jpl,1-1-179-790,2019-06,current_only,M3_current_only,train,9900,19
jpl,1-1-179-791,2019-06,current_only,M3_current_only,train,10999,23
jpl,1-1-179-794,2019-06,current_only,M3_current_only,train,11186,25
jpl,1-1-179-796,2019-06,current_only,M3_current_only,train,10423,22
jpl,1-1-179-797,2019-06,current_only,M3_current_only,train,9383,18
jpl,1-1-179-798,2019-06,current_only,M3_current_only,train,10084,23
jpl,1-1-179-799,2019-06,current_only,M3_current_only,train,11420,28
jpl,1-1-179-800,2019-06,current_only,M3_current_only,train,10484,24
jpl,1-1-179-801,2019-06,current_only,M3_current_only,train,10531,20
jpl,1-1-179-809,2019-06,current_only,M3_current_only,train,10505,21
jpl,1-1-179-810,2019-06,current_only,M3_current_only,train,11587,28
jpl,1-1-179-813,2019-06,current_only,M3_current_only,train,10909,23
jpl,1-1-179-815,2019-06,current_only,M3_current_only,train,11351,27
jpl,1-1-191-778,2019-06,current_only,M3_current_only,train,10557,27
jpl,1-1-191-780,2019-06,current_only,M3_current_only,train,10572,21
jpl,1-1-191-782,2019-06,current_only,M3_current_only,train,9625,27
jpl,1-1-191-784,2019-06,current_only,M3_current_only,train,10072,19
jpl,1-1-191-785,2019-06,current_only,M3_current_only,train,11048,24
jpl,1-1-191-786,2019-06,current_only,M3_current_only,train,10566,20
jpl,1-1-191-789,2019-06,current_only,M3_current_only,train,11033,22
jpl,1-1-191-792,2019-06,current_only,M3_current_only,train,9679,23
jpl,1-1-191-793,2019-06,current_only,M3_current_only,train,9845,21
jpl,1-1-191-795,2019-06,current_only,M3_current_only,train,9633,20
jpl,1-1-191-802,2019-06,current_only,M3_current_only,train,9917,23
jpl,1-1-191-803,2019-06,current_only,M3_current_only,train,10505,20
jpl,1-1-191-804,2019-06,current_only,M3_current_only,train,10350,27
jpl,1-1-191-805,2019-06,current_only,M3_current_only,train,10054,23
jpl,1-1-191-806,2019-06,current_only,M3_current_only,train,10379,30
jpl,1-1-191-807,2019-06,current_only,M3_current_only,train,10482,25
jpl,1-1-191-808,2019-06,current_only,M3_current_only,train,10289,19
jpl,1-1-191-811,2019-06,current_only,M3_current_only,train,10140,21
jpl,1-1-191-812,2019-06,current_only,M3_current_only,train,9829,18
jpl,1-1-193-816,2019-06,current_only,M3_current_only,train,13168,34
jpl,1-1-193-819,2019-06,current_only,M3_current_only,train,14926,47
jpl,1-1-193-820,2019-06,current_only,M3_current_only,train,15016,37
jpl,1-1-193-825,2019-06,current_only,M3_current_only,train,13457,32
jpl,1-1-193-827,2019-06,current_only,M3_current_only,train,13828,41
jpl,1-1-193-829,2019-06,current_only,M3_current_only,train,13374,32
jpl,1-1-194-818,2019-06,current_only,M3_current_only,train,12440,29
jpl,1-1-194-821,2019-06,current_only,M3_current_only,train,15964,32
jpl,1-1-194-822,2019-06,current_only,M3_current_only,train,14711,40
jpl,1-1-194-826,2019-06,current_only,M3_current_only,train,13878,34
jpl,1-1-178-817,2019-07,current_only,M3_current_only,train,14967,44
jpl,1-1-178-823,2019-07,current_only,M3_current_only,train,17218,51
jpl,1-1-178-824,2019-07,current_only,M3_current_only,train,14493,40
jpl,1-1-178-828,2019-07,current_only,M3_current_only,train,15392,50
jpl,1-1-179-777,2019-07,current_only,M3_current_only,train,10756,26
jpl,1-1-179-779,2019-07,current_only,M3_current_only,train,10175,20
jpl,1-1-179-781,2019-07,current_only,M3_current_only,train,10889,25
jpl,1-1-179-783,2019-07,current_only,M3_current_only,train,11033,28
jpl,1-1-179-787,2019-07,current_only,M3_current_only,train,11160,23
jpl,1-1-179-788,2019-07,current_only,M3_current_only,train,11334,24
jpl,1-1-179-790,2019-07,current_only,M3_current_only,train,10878,21
jpl,1-1-179-791,2019-07,current_only,M3_current_only,train,10370,20
jpl,1-1-179-794,2019-07,current_only,M3_current_only,train,11297,22
jpl,1-1-179-796,2019-07,current_only,M3_current_only,train,11214,26
jpl,1-1-179-797,2019-07,current_only,M3_current_only,train,10312,21
jpl,1-1-179-798,2019-07,current_only,M3_current_only,train,11594,24
jpl,1-1-179-799,2019-07,current_only,M3_current_only,train,11946,26
jpl,1-1-179-800,2019-07,current_only,M3_current_only,train,10884,24
jpl,1-1-179-801,2019-07,current_only,M3_current_only,train,11522,25
jpl,1-1-179-809,2019-07,current_only,M3_current_only,train,10666,25
jpl,1-1-179-810,2019-07,current_only,M3_current_only,train,11213,23
jpl,1-1-179-813,2019-07,current_only,M3_current_only,train,10853,26
jpl,1-1-179-815,2019-07,current_only,M3_current_only,train,11516,24
jpl,1-1-191-778,2019-07,current_only,M3_current_only,train,10495,26
jpl,1-1-191-780,2019-07,current_only,M3_current_only,train,10889,26
jpl,1-1-191-782,2019-07,current_only,M3_current_only,train,10960,22
jpl,1-1-191-784,2019-07,current_only,M3_current_only,train,10154,23
jpl,1-1-191-785,2019-07,current_only,M3_current_only,train,11213,20
jpl,1-1-191-786,2019-07,current_only,M3_current_only,train,10535,26
jpl,1-1-191-789,2019-07,current_only,M3_current_only,train,11538,23
jpl,1-1-191-792,2019-07,current_only,M3_current_only,train,10342,28
jpl,1-1-191-793,2019-07,current_only,M3_current_only,train,10334,27
jpl,1-1-191-795,2019-07,current_only,M3_current_only,train,10816,28
jpl,1-1-191-802,2019-07,current_only,M3_current_only,train,11051,20
jpl,1-1-191-803,2019-07,current_only,M3_current_only,train,10759,23
jpl,1-1-191-804,2019-07,current_only,M3_current_only,train,11111,28
jpl,1-1-191-805,2019-07,current_only,M3_current_only,train,10364,30
jpl,1-1-191-806,2019-07,current_only,M3_current_only,train,10986,24
jpl,1-1-191-807,2019-07,current_only,M3_current_only,train,10639,23
jpl,1-1-191-808,2019-07,current_only,M3_current_only,train,10337,22
jpl,1-1-191-811,2019-07,current_only,M3_current_only,train,10404,27
jpl,1-1-191-812,2019-07,current_only,M3_current_only,train,11559,21
jpl,1-1-193-816,2019-07,current_only,M3_current_only,train,13555,34
jpl,1-1-193-819,2019-07,current_only,M3_current_only,train,15453,50
jpl,1-1-193-820,2019-07,current_only,M3_current_only,train,13578,38
jpl,1-1-193-825,2019-07,current_only,M3_current_only,train,15020,41
jpl,1-1-193-827,2019-07,current_only,M3_current_only,train,15170,40
jpl,1-1-193-829,2019-07,current_only,M3_current_only,train,13929,31
jpl,1-1-194-818,2019-07,current_only,M3_current_only,train,14136,33
jpl,1-1-194-821,2019-07,current_only,M3_current_only,train,13522,38
jpl,1-1-194-822,2019-07,current_only,M3_current_only,train,14186,41
jpl,1-1-194-826,2019-07,current_only,M3_current_only,train,15646,32
jpl,1-1-178-817,2019-08,current_only,M3_current_only,train,14975,42
jpl,1-1-178-817,2019-08,current_only,M3_current_only,validation,21,1
jpl,1-1-178-823,2019-08,current_only,M3_current_only,train,20517,68
jpl,1-1-178-823,2019-08,current_only,M3_current_only,validation,113,1
jpl,1-1-178-824,2019-08,current_only,M3_current_only,train,14414,45
jpl,1-1-178-824,2019-08,current_only,M3_current_only,validation,109,1
jpl,1-1-178-828,2019-08,current_only,M3_current_only,train,15826,58
jpl,1-1-179-777,2019-08,current_only,M3_current_only,train,12690,26
jpl,1-1-179-779,2019-08,current_only,M3_current_only,train,11015,23
jpl,1-1-179-781,2019-08,current_only,M3_current_only,train,11995,26
jpl,1-1-179-783,2019-08,current_only,M3_current_only,train,12361,26
jpl,1-1-179-783,2019-08,current_only,M3_current_only,validation,498,1
jpl,1-1-179-787,2019-08,current_only,M3_current_only,train,11614,24
jpl,1-1-179-788,2019-08,current_only,M3_current_only,train,11163,22
jpl,1-1-179-790,2019-08,current_only,M3_current_only,train,10715,19
jpl,1-1-179-791,2019-08,current_only,M3_current_only,train,10861,24
jpl,1-1-179-791,2019-08,current_only,M3_current_only,validation,87,1
jpl,1-1-179-794,2019-08,current_only,M3_current_only,train,11647,23
jpl,1-1-179-796,2019-08,current_only,M3_current_only,train,10652,21
jpl,1-1-179-797,2019-08,current_only,M3_current_only,train,11310,20
jpl,1-1-179-798,2019-08,current_only,M3_current_only,train,11551,24
jpl,1-1-179-799,2019-08,current_only,M3_current_only,train,11880,29
jpl,1-1-179-800,2019-08,current_only,M3_current_only,train,11323,25
jpl,1-1-179-801,2019-08,current_only,M3_current_only,train,11488,24
jpl,1-1-179-801,2019-08,current_only,M3_current_only,validation,445,1
jpl,1-1-179-809,2019-08,current_only,M3_current_only,train,11561,22
jpl,1-1-179-810,2019-08,current_only,M3_current_only,train,12165,24
jpl,1-1-179-813,2019-08,current_only,M3_current_only,train,11053,26
jpl,1-1-179-813,2019-08,current_only,M3_current_only,validation,160,1
jpl,1-1-179-815,2019-08,current_only,M3_current_only,train,12702,28
jpl,1-1-191-778,2019-08,current_only,M3_current_only,train,11051,23
jpl,1-1-191-780,2019-08,current_only,M3_current_only,train,10505,21
jpl,1-1-191-782,2019-08,current_only,M3_current_only,train,10501,30
jpl,1-1-191-784,2019-08,current_only,M3_current_only,train,10654,21
jpl,1-1-191-785,2019-08,current_only,M3_current_only,train,11081,19
jpl,1-1-191-785,2019-08,current_only,M3_current_only,validation,55,1
jpl,1-1-191-786,2019-08,current_only,M3_current_only,train,10838,23
jpl,1-1-191-789,2019-08,current_only,M3_current_only,train,11461,25
jpl,1-1-191-789,2019-08,current_only,M3_current_only,validation,320,1
jpl,1-1-191-792,2019-08,current_only,M3_current_only,train,11002,23
jpl,1-1-191-793,2019-08,current_only,M3_current_only,train,10811,25
jpl,1-1-191-795,2019-08,current_only,M3_current_only,train,10877,25
jpl,1-1-191-802,2019-08,current_only,M3_current_only,train,10758,22
jpl,1-1-191-803,2019-08,current_only,M3_current_only,train,11447,28
jpl,1-1-191-804,2019-08,current_only,M3_current_only,train,10327,26
jpl,1-1-191-805,2019-08,current_only,M3_current_only,train,10652,24
jpl,1-1-191-806,2019-08,current_only,M3_current_only,train,10657,23
jpl,1-1-191-807,2019-08,current_only,M3_current_only,train,11106,27
jpl,1-1-191-808,2019-08,current_only,M3_current_only,train,10823,23
jpl,1-1-191-811,2019-08,current_only,M3_current_only,train,11164,26
jpl,1-1-191-812,2019-08,current_only,M3_current_only,train,11020,25
jpl,1-1-193-816,2019-08,current_only,M3_current_only,train,14303,43
jpl,1-1-193-816,2019-08,current_only,M3_current_only,validation,505,1
jpl,1-1-193-819,2019-08,current_only,M3_current_only,train,15891,47
jpl,1-1-193-819,2019-08,current_only,M3_current_only,validation,366,1
jpl,1-1-193-820,2019-08,current_only,M3_current_only,train,13662,40
jpl,1-1-193-820,2019-08,current_only,M3_current_only,validation,632,1
jpl,1-1-193-825,2019-08,current_only,M3_current_only,train,14489,36
jpl,1-1-193-827,2019-08,current_only,M3_current_only,train,13713,40
jpl,1-1-193-827,2019-08,current_only,M3_current_only,validation,620,1
jpl,1-1-193-829,2019-08,current_only,M3_current_only,train,13041,38
jpl,1-1-193-829,2019-08,current_only,M3_current_only,validation,348,1
jpl,1-1-194-818,2019-08,current_only,M3_current_only,train,13229,32
jpl,1-1-194-818,2019-08,current_only,M3_current_only,validation,618,2
jpl,1-1-194-821,2019-08,current_only,M3_current_only,train,13835,43
jpl,1-1-194-821,2019-08,current_only,M3_current_only,validation,284,2
jpl,1-1-194-822,2019-08,current_only,M3_current_only,train,14713,36
jpl,1-1-194-826,2019-08,current_only,M3_current_only,train,13861,31
jpl,1-1-194-826,2019-08,current_only,M3_current_only,validation,285,1
jpl,1-1-178-817,2019-09,current_only,M3_current_only,validation,13920,35
jpl,1-1-178-823,2019-09,current_only,M3_current_only,validation,18296,60
jpl,1-1-178-824,2019-09,current_only,M3_current_only,validation,12946,42
jpl,1-1-178-828,2019-09,current_only,M3_current_only,validation,14980,41
jpl,1-1-179-777,2019-09,current_only,M3_current_only,validation,11420,27
jpl,1-1-179-779,2019-09,current_only,M3_current_only,validation,10136,22
jpl,1-1-179-781,2019-09,current_only,M3_current_only,validation,9618,24
jpl,1-1-179-783,2019-09,current_only,M3_current_only,validation,11306,31
jpl,1-1-179-787,2019-09,current_only,M3_current_only,validation,10456,23
jpl,1-1-179-788,2019-09,current_only,M3_current_only,validation,10376,21
jpl,1-1-179-790,2019-09,current_only,M3_current_only,validation,10560,25
jpl,1-1-179-791,2019-09,current_only,M3_current_only,validation,10229,23
jpl,1-1-179-794,2019-09,current_only,M3_current_only,validation,10676,23
jpl,1-1-179-796,2019-09,current_only,M3_current_only,validation,10549,21
jpl,1-1-179-797,2019-09,current_only,M3_current_only,validation,11257,20
jpl,1-1-179-798,2019-09,current_only,M3_current_only,validation,10531,24
jpl,1-1-179-799,2019-09,current_only,M3_current_only,validation,11001,24
jpl,1-1-179-800,2019-09,current_only,M3_current_only,validation,9780,22
jpl,1-1-179-801,2019-09,current_only,M3_current_only,validation,9830,21
jpl,1-1-179-809,2019-09,current_only,M3_current_only,validation,9884,19
jpl,1-1-179-810,2019-09,current_only,M3_current_only,validation,11739,31
jpl,1-1-179-813,2019-09,current_only,M3_current_only,validation,9570,18
jpl,1-1-179-815,2019-09,current_only,M3_current_only,validation,10528,24
jpl,1-1-191-778,2019-09,current_only,M3_current_only,validation,9263,25
jpl,1-1-191-780,2019-09,current_only,M3_current_only,validation,9722,22
jpl,1-1-191-782,2019-09,current_only,M3_current_only,validation,10215,23
jpl,1-1-191-784,2019-09,current_only,M3_current_only,validation,9769,21
jpl,1-1-191-785,2019-09,current_only,M3_current_only,validation,10454,19
jpl,1-1-191-786,2019-09,current_only,M3_current_only,validation,9668,19
jpl,1-1-191-789,2019-09,current_only,M3_current_only,validation,11833,25
jpl,1-1-191-792,2019-09,current_only,M3_current_only,validation,9947,21
jpl,1-1-191-793,2019-09,current_only,M3_current_only,validation,10392,22
jpl,1-1-191-795,2019-09,current_only,M3_current_only,validation,10563,25
jpl,1-1-191-802,2019-09,current_only,M3_current_only,validation,10264,20
jpl,1-1-191-803,2019-09,current_only,M3_current_only,validation,10413,23
jpl,1-1-191-804,2019-09,current_only,M3_current_only,validation,10061,26
jpl,1-1-191-805,2019-09,current_only,M3_current_only,validation,10022,20
jpl,1-1-191-806,2019-09,current_only,M3_current_only,validation,9918,20
jpl,1-1-191-807,2019-09,current_only,M3_current_only,validation,10097,19
jpl,1-1-191-808,2019-09,current_only,M3_current_only,validation,10687,23
jpl,1-1-191-811,2019-09,current_only,M3_current_only,validation,10285,20
jpl,1-1-191-812,2019-09,current_only,M3_current_only,validation,9875,21
jpl,1-1-193-816,2019-09,current_only,M3_current_only,validation,13183,38
jpl,1-1-193-819,2019-09,current_only,M3_current_only,validation,15704,48
jpl,1-1-193-820,2019-09,current_only,M3_current_only,validation,13586,40
jpl,1-1-193-825,2019-09,current_only,M3_current_only,validation,12988,34
jpl,1-1-193-827,2019-09,current_only,M3_current_only,validation,13422,42
jpl,1-1-193-829,2019-09,current_only,M3_current_only,validation,12296,33
jpl,1-1-194-818,2019-09,current_only,M3_current_only,validation,11336,37
jpl,1-1-194-821,2019-09,current_only,M3_current_only,validation,13471,43
jpl,1-1-194-822,2019-09,current_only,M3_current_only,validation,13899,35
jpl,1-1-194-826,2019-09,current_only,M3_current_only,validation,13080,34
jpl,1-1-178-817,2019-10,current_only,M3_current_only,validation,16782,40
jpl,1-1-178-823,2019-10,current_only,M3_current_only,validation,20551,65
jpl,1-1-178-824,2019-10,current_only,M3_current_only,validation,15622,47
jpl,1-1-178-828,2019-10,current_only,M3_current_only,validation,17130,50
jpl,1-1-179-777,2019-10,current_only,M3_current_only,validation,12774,29
jpl,1-1-179-779,2019-10,current_only,M3_current_only,validation,11784,24
jpl,1-1-179-781,2019-10,current_only,M3_current_only,validation,12876,29
jpl,1-1-179-783,2019-10,current_only,M3_current_only,validation,12509,27
jpl,1-1-179-787,2019-10,current_only,M3_current_only,validation,12512,29
jpl,1-1-179-788,2019-10,current_only,M3_current_only,validation,12579,25
jpl,1-1-179-790,2019-10,current_only,M3_current_only,validation,11742,27
jpl,1-1-179-791,2019-10,current_only,M3_current_only,validation,12644,34
jpl,1-1-179-794,2019-10,current_only,M3_current_only,validation,12673,25
jpl,1-1-179-796,2019-10,current_only,M3_current_only,validation,11893,22
jpl,1-1-179-797,2019-10,current_only,M3_current_only,validation,12902,27
jpl,1-1-179-798,2019-10,current_only,M3_current_only,validation,13025,30
jpl,1-1-179-799,2019-10,current_only,M3_current_only,validation,13003,27
jpl,1-1-179-800,2019-10,current_only,M3_current_only,validation,13572,38
jpl,1-1-179-801,2019-10,current_only,M3_current_only,validation,12448,25
jpl,1-1-179-809,2019-10,current_only,M3_current_only,validation,12910,34
jpl,1-1-179-810,2019-10,current_only,M3_current_only,validation,12920,32
jpl,1-1-179-813,2019-10,current_only,M3_current_only,validation,12237,25
jpl,1-1-179-815,2019-10,current_only,M3_current_only,validation,11893,25
jpl,1-1-191-778,2019-10,current_only,M3_current_only,validation,11441,24
jpl,1-1-191-780,2019-10,current_only,M3_current_only,validation,11748,25
jpl,1-1-191-782,2019-10,current_only,M3_current_only,validation,11636,27
jpl,1-1-191-784,2019-10,current_only,M3_current_only,validation,11327,29
jpl,1-1-191-785,2019-10,current_only,M3_current_only,validation,12400,23
jpl,1-1-191-786,2019-10,current_only,M3_current_only,validation,11187,26
jpl,1-1-191-789,2019-10,current_only,M3_current_only,validation,13775,26
jpl,1-1-191-792,2019-10,current_only,M3_current_only,validation,11483,26
jpl,1-1-191-793,2019-10,current_only,M3_current_only,validation,11688,27
jpl,1-1-191-795,2019-10,current_only,M3_current_only,validation,12115,32
jpl,1-1-191-802,2019-10,current_only,M3_current_only,validation,12442,26
jpl,1-1-191-803,2019-10,current_only,M3_current_only,validation,11679,26
jpl,1-1-191-804,2019-10,current_only,M3_current_only,validation,12344,25
jpl,1-1-191-805,2019-10,current_only,M3_current_only,validation,11857,29
jpl,1-1-191-806,2019-10,current_only,M3_current_only,validation,11605,26
jpl,1-1-191-807,2019-10,current_only,M3_current_only,validation,11760,26
jpl,1-1-191-808,2019-10,current_only,M3_current_only,validation,10605,20
jpl,1-1-191-811,2019-10,current_only,M3_current_only,validation,12146,24
jpl,1-1-191-812,2019-10,current_only,M3_current_only,validation,11446,24
jpl,1-1-193-816,2019-10,current_only,M3_current_only,validation,15418,43
jpl,1-1-193-819,2019-10,current_only,M3_current_only,validation,18942,58
jpl,1-1-193-820,2019-10,current_only,M3_current_only,validation,15686,45
jpl,1-1-193-825,2019-10,current_only,M3_current_only,validation,15965,52
jpl,1-1-193-827,2019-10,current_only,M3_current_only,validation,16735,52
jpl,1-1-193-829,2019-10,current_only,M3_current_only,validation,15587,42
jpl,1-1-194-818,2019-10,current_only,M3_current_only,validation,12635,37
jpl,1-1-194-821,2019-10,current_only,M3_current_only,validation,19551,55
jpl,1-1-194-822,2019-10,current_only,M3_current_only,validation,16658,43
jpl,1-1-194-826,2019-10,current_only,M3_current_only,validation,15581,40
jpl,1-1-178-817,2019-11,current_only,M3_current_only,validation,14972,39
jpl,1-1-178-823,2019-11,current_only,M3_current_only,validation,17946,60
jpl,1-1-178-824,2019-11,current_only,M3_current_only,validation,11240,37
jpl,1-1-178-828,2019-11,current_only,M3_current_only,validation,12975,33
jpl,1-1-179-777,2019-11,current_only,M3_current_only,validation,9378,25
jpl,1-1-179-779,2019-11,current_only,M3_current_only,validation,8774,20
jpl,1-1-179-781,2019-11,current_only,M3_current_only,validation,10341,23
jpl,1-1-179-783,2019-11,current_only,M3_current_only,validation,9343,24
jpl,1-1-179-787,2019-11,current_only,M3_current_only,validation,10087,28
jpl,1-1-179-788,2019-11,current_only,M3_current_only,validation,9503,23
jpl,1-1-179-790,2019-11,current_only,M3_current_only,validation,9266,25
jpl,1-1-179-791,2019-11,current_only,M3_current_only,validation,9855,25
jpl,1-1-179-794,2019-11,current_only,M3_current_only,validation,9502,22
jpl,1-1-179-796,2019-11,current_only,M3_current_only,validation,9567,24
jpl,1-1-179-797,2019-11,current_only,M3_current_only,validation,9273,23
jpl,1-1-179-798,2019-11,current_only,M3_current_only,validation,9276,23
jpl,1-1-179-799,2019-11,current_only,M3_current_only,validation,10102,25
jpl,1-1-179-800,2019-11,current_only,M3_current_only,validation,10161,27
jpl,1-1-179-801,2019-11,current_only,M3_current_only,validation,8758,24
jpl,1-1-179-809,2019-11,current_only,M3_current_only,validation,10743,27
jpl,1-1-179-810,2019-11,current_only,M3_current_only,validation,10401,25
jpl,1-1-179-813,2019-11,current_only,M3_current_only,validation,9231,20
jpl,1-1-179-815,2019-11,current_only,M3_current_only,validation,10066,25
jpl,1-1-191-778,2019-11,current_only,M3_current_only,validation,8735,26
jpl,1-1-191-780,2019-11,current_only,M3_current_only,validation,8821,20
jpl,1-1-191-782,2019-11,current_only,M3_current_only,validation,8950,23
jpl,1-1-191-784,2019-11,current_only,M3_current_only,validation,8224,19
jpl,1-1-191-785,2019-11,current_only,M3_current_only,validation,8955,17
jpl,1-1-191-786,2019-11,current_only,M3_current_only,validation,8305,21
jpl,1-1-191-789,2019-11,current_only,M3_current_only,validation,8973,19
jpl,1-1-191-792,2019-11,current_only,M3_current_only,validation,8837,20
jpl,1-1-191-793,2019-11,current_only,M3_current_only,validation,8781,19
jpl,1-1-191-795,2019-11,current_only,M3_current_only,validation,9063,26
jpl,1-1-191-802,2019-11,current_only,M3_current_only,validation,8759,20
jpl,1-1-191-803,2019-11,current_only,M3_current_only,validation,9377,24
jpl,1-1-191-804,2019-11,current_only,M3_current_only,validation,9818,18
jpl,1-1-191-805,2019-11,current_only,M3_current_only,validation,8685,20
jpl,1-1-191-806,2019-11,current_only,M3_current_only,validation,9014,20
jpl,1-1-191-807,2019-11,current_only,M3_current_only,validation,8565,26
jpl,1-1-191-808,2019-11,current_only,M3_current_only,validation,8798,17
jpl,1-1-191-811,2019-11,current_only,M3_current_only,validation,8546,21
jpl,1-1-191-812,2019-11,current_only,M3_current_only,validation,8924,21
jpl,1-1-193-816,2019-11,current_only,M3_current_only,validation,11388,28
jpl,1-1-193-819,2019-11,current_only,M3_current_only,validation,12473,42
jpl,1-1-193-820,2019-11,current_only,M3_current_only,validation,11044,31
jpl,1-1-193-825,2019-11,current_only,M3_current_only,validation,12471,36
jpl,1-1-193-827,2019-11,current_only,M3_current_only,validation,11853,35
jpl,1-1-193-829,2019-11,current_only,M3_current_only,validation,11871,31
jpl,1-1-194-818,2019-11,current_only,M3_current_only,validation,10958,29
jpl,1-1-194-821,2019-11,current_only,M3_current_only,validation,15403,43
jpl,1-1-194-822,2019-11,current_only,M3_current_only,validation,12497,34
jpl,1-1-194-826,2019-11,current_only,M3_current_only,validation,14011,40
jpl,1-1-178-817,2019-12,current_only,M3_current_only,stress,9513,23
jpl,1-1-178-823,2019-12,current_only,M3_current_only,stress,11520,39
jpl,1-1-178-824,2019-12,current_only,M3_current_only,stress,10095,28
jpl,1-1-178-828,2019-12,current_only,M3_current_only,stress,10334,36
jpl,1-1-179-777,2019-12,current_only,M3_current_only,stress,8068,23
jpl,1-1-179-779,2019-12,current_only,M3_current_only,stress,7131,17
jpl,1-1-179-781,2019-12,current_only,M3_current_only,stress,7583,19
jpl,1-1-179-783,2019-12,current_only,M3_current_only,stress,8190,24
jpl,1-1-179-787,2019-12,current_only,M3_current_only,stress,7449,19
jpl,1-1-179-788,2019-12,current_only,M3_current_only,stress,7659,18
jpl,1-1-179-790,2019-12,current_only,M3_current_only,stress,7223,21
jpl,1-1-179-791,2019-12,current_only,M3_current_only,stress,7620,19
jpl,1-1-179-794,2019-12,current_only,M3_current_only,stress,7346,17
jpl,1-1-179-796,2019-12,current_only,M3_current_only,stress,7860,18
jpl,1-1-179-797,2019-12,current_only,M3_current_only,stress,7772,20
jpl,1-1-179-798,2019-12,current_only,M3_current_only,stress,7340,22
jpl,1-1-179-799,2019-12,current_only,M3_current_only,stress,8144,18
jpl,1-1-179-800,2019-12,current_only,M3_current_only,stress,8664,25
jpl,1-1-179-801,2019-12,current_only,M3_current_only,stress,7853,19
jpl,1-1-179-809,2019-12,current_only,M3_current_only,stress,7583,17
jpl,1-1-179-810,2019-12,current_only,M3_current_only,stress,7981,24
jpl,1-1-179-813,2019-12,current_only,M3_current_only,stress,7651,23
jpl,1-1-179-815,2019-12,current_only,M3_current_only,stress,8313,21
jpl,1-1-191-778,2019-12,current_only,M3_current_only,stress,6981,16
jpl,1-1-191-780,2019-12,current_only,M3_current_only,stress,7107,17
jpl,1-1-191-782,2019-12,current_only,M3_current_only,stress,6995,20
jpl,1-1-191-784,2019-12,current_only,M3_current_only,stress,6252,16
jpl,1-1-191-785,2019-12,current_only,M3_current_only,stress,7417,15
jpl,1-1-191-786,2019-12,current_only,M3_current_only,stress,6677,14
jpl,1-1-191-789,2019-12,current_only,M3_current_only,stress,8150,22
jpl,1-1-191-792,2019-12,current_only,M3_current_only,stress,6283,14
jpl,1-1-191-793,2019-12,current_only,M3_current_only,stress,5725,13
jpl,1-1-191-795,2019-12,current_only,M3_current_only,stress,7467,20
jpl,1-1-191-802,2019-12,current_only,M3_current_only,stress,6744,13
jpl,1-1-191-803,2019-12,current_only,M3_current_only,stress,7265,20
jpl,1-1-191-804,2019-12,current_only,M3_current_only,stress,8762,15
jpl,1-1-191-805,2019-12,current_only,M3_current_only,stress,6319,15
jpl,1-1-191-806,2019-12,current_only,M3_current_only,stress,7040,16
jpl,1-1-191-807,2019-12,current_only,M3_current_only,stress,6948,15
jpl,1-1-191-808,2019-12,current_only,M3_current_only,stress,6816,18
jpl,1-1-191-811,2019-12,current_only,M3_current_only,stress,6399,16
jpl,1-1-191-812,2019-12,current_only,M3_current_only,stress,7296,16
jpl,1-1-193-816,2019-12,current_only,M3_current_only,stress,9501,29
jpl,1-1-193-819,2019-12,current_only,M3_current_only,stress,9557,32
jpl,1-1-193-820,2019-12,current_only,M3_current_only,stress,9931,34
jpl,1-1-193-825,2019-12,current_only,M3_current_only,stress,9746,28
jpl,1-1-193-827,2019-12,current_only,M3_current_only,stress,11141,24
jpl,1-1-193-829,2019-12,current_only,M3_current_only,stress,7891,26
jpl,1-1-194-818,2019-12,current_only,M3_current_only,stress,8384,23
jpl,1-1-194-821,2019-12,current_only,M3_current_only,stress,9518,29
jpl,1-1-194-822,2019-12,current_only,M3_current_only,stress,8521,24
jpl,1-1-194-826,2019-12,current_only,M3_current_only,stress,9234,26
jpl,1-1-178-817,2020-01,current_only,M3_current_only,test,7506,17
jpl,1-1-178-817,2020-01,current_only,M3_current_only,validation,5822,13
jpl,1-1-178-823,2020-01,current_only,M3_current_only,test,10848,40
jpl,1-1-178-823,2020-01,current_only,M3_current_only,validation,7614,26
jpl,1-1-178-824,2020-01,current_only,M3_current_only,test,8113,21
jpl,1-1-178-824,2020-01,current_only,M3_current_only,validation,5250,12
jpl,1-1-178-828,2020-01,current_only,M3_current_only,test,9693,34
jpl,1-1-178-828,2020-01,current_only,M3_current_only,validation,5564,18
jpl,1-1-179-777,2020-01,current_only,M3_current_only,test,7225,17
jpl,1-1-179-777,2020-01,current_only,M3_current_only,validation,4240,9
jpl,1-1-179-779,2020-01,current_only,M3_current_only,test,6444,14
jpl,1-1-179-779,2020-01,current_only,M3_current_only,validation,3885,8
jpl,1-1-179-781,2020-01,current_only,M3_current_only,test,7703,16
jpl,1-1-179-781,2020-01,current_only,M3_current_only,validation,4329,12
jpl,1-1-179-783,2020-01,current_only,M3_current_only,test,7625,15
jpl,1-1-179-783,2020-01,current_only,M3_current_only,validation,3965,10
jpl,1-1-179-787,2020-01,current_only,M3_current_only,test,6963,15
jpl,1-1-179-787,2020-01,current_only,M3_current_only,validation,3960,10
jpl,1-1-179-788,2020-01,current_only,M3_current_only,test,6941,16
jpl,1-1-179-788,2020-01,current_only,M3_current_only,validation,5018,11
jpl,1-1-179-790,2020-01,current_only,M3_current_only,test,6343,13
jpl,1-1-179-790,2020-01,current_only,M3_current_only,validation,4464,13
jpl,1-1-179-791,2020-01,current_only,M3_current_only,test,6416,14
jpl,1-1-179-791,2020-01,current_only,M3_current_only,validation,5066,14
jpl,1-1-179-794,2020-01,current_only,M3_current_only,test,7245,22
jpl,1-1-179-794,2020-01,current_only,M3_current_only,validation,4924,11
jpl,1-1-179-796,2020-01,current_only,M3_current_only,test,6379,11
jpl,1-1-179-796,2020-01,current_only,M3_current_only,validation,4881,10
jpl,1-1-179-797,2020-01,current_only,M3_current_only,test,6697,14
jpl,1-1-179-797,2020-01,current_only,M3_current_only,validation,4006,9
jpl,1-1-179-798,2020-01,current_only,M3_current_only,stress,9,1
jpl,1-1-179-798,2020-01,current_only,M3_current_only,test,7633,19
jpl,1-1-179-798,2020-01,current_only,M3_current_only,validation,4065,9
jpl,1-1-179-799,2020-01,current_only,M3_current_only,test,7809,20
jpl,1-1-179-799,2020-01,current_only,M3_current_only,validation,5515,12
jpl,1-1-179-800,2020-01,current_only,M3_current_only,test,7458,17
jpl,1-1-179-800,2020-01,current_only,M3_current_only,validation,3848,8
jpl,1-1-179-801,2020-01,current_only,M3_current_only,test,6558,13
jpl,1-1-179-801,2020-01,current_only,M3_current_only,validation,4136,11
jpl,1-1-179-809,2020-01,current_only,M3_current_only,test,7405,17
jpl,1-1-179-809,2020-01,current_only,M3_current_only,validation,3963,10
jpl,1-1-179-810,2020-01,current_only,M3_current_only,test,8538,19
jpl,1-1-179-810,2020-01,current_only,M3_current_only,validation,4330,12
jpl,1-1-179-813,2020-01,current_only,M3_current_only,test,5054,13
jpl,1-1-179-813,2020-01,current_only,M3_current_only,validation,5038,9
jpl,1-1-179-815,2020-01,current_only,M3_current_only,test,8202,18
jpl,1-1-179-815,2020-01,current_only,M3_current_only,validation,4082,9
jpl,1-1-191-778,2020-01,current_only,M3_current_only,test,6317,14
jpl,1-1-191-778,2020-01,current_only,M3_current_only,validation,3904,9
jpl,1-1-191-780,2020-01,current_only,M3_current_only,test,5822,15
jpl,1-1-191-780,2020-01,current_only,M3_current_only,validation,3254,10
jpl,1-1-191-782,2020-01,current_only,M3_current_only,test,6535,15
jpl,1-1-191-782,2020-01,current_only,M3_current_only,validation,3706,9
jpl,1-1-191-784,2020-01,current_only,M3_current_only,test,5995,13
jpl,1-1-191-784,2020-01,current_only,M3_current_only,validation,3480,6
jpl,1-1-191-785,2020-01,current_only,M3_current_only,test,6601,12
jpl,1-1-191-785,2020-01,current_only,M3_current_only,validation,4296,7
jpl,1-1-191-786,2020-01,current_only,M3_current_only,test,5880,11
jpl,1-1-191-786,2020-01,current_only,M3_current_only,validation,3662,8
jpl,1-1-191-789,2020-01,current_only,M3_current_only,test,6044,12
jpl,1-1-191-789,2020-01,current_only,M3_current_only,validation,4049,8
jpl,1-1-191-792,2020-01,current_only,M3_current_only,test,6116,14
jpl,1-1-191-792,2020-01,current_only,M3_current_only,validation,3750,7
jpl,1-1-191-793,2020-01,current_only,M3_current_only,test,6255,14
jpl,1-1-191-793,2020-01,current_only,M3_current_only,validation,3399,6
jpl,1-1-191-795,2020-01,current_only,M3_current_only,test,6677,16
jpl,1-1-191-795,2020-01,current_only,M3_current_only,validation,3881,8
jpl,1-1-191-802,2020-01,current_only,M3_current_only,test,6329,12
jpl,1-1-191-802,2020-01,current_only,M3_current_only,validation,3725,8
jpl,1-1-191-803,2020-01,current_only,M3_current_only,test,5993,15
jpl,1-1-191-803,2020-01,current_only,M3_current_only,validation,3982,9
jpl,1-1-191-804,2020-01,current_only,M3_current_only,test,6029,10
jpl,1-1-191-804,2020-01,current_only,M3_current_only,validation,4799,9
jpl,1-1-191-805,2020-01,current_only,M3_current_only,test,5951,13
jpl,1-1-191-805,2020-01,current_only,M3_current_only,validation,3562,7
jpl,1-1-191-806,2020-01,current_only,M3_current_only,test,6360,14
jpl,1-1-191-806,2020-01,current_only,M3_current_only,validation,3856,9
jpl,1-1-191-807,2020-01,current_only,M3_current_only,stress,6,1
jpl,1-1-191-807,2020-01,current_only,M3_current_only,test,6207,17
jpl,1-1-191-807,2020-01,current_only,M3_current_only,validation,3916,8
jpl,1-1-191-808,2020-01,current_only,M3_current_only,test,6696,12
jpl,1-1-191-808,2020-01,current_only,M3_current_only,validation,3953,7
jpl,1-1-191-811,2020-01,current_only,M3_current_only,test,6324,15
jpl,1-1-191-811,2020-01,current_only,M3_current_only,validation,3616,7
jpl,1-1-191-812,2020-01,current_only,M3_current_only,test,5943,11
jpl,1-1-191-812,2020-01,current_only,M3_current_only,validation,3448,8
jpl,1-1-193-816,2020-01,current_only,M3_current_only,stress,9,1
jpl,1-1-193-816,2020-01,current_only,M3_current_only,test,6922,20
jpl,1-1-193-816,2020-01,current_only,M3_current_only,validation,5392,11
jpl,1-1-193-819,2020-01,current_only,M3_current_only,test,9850,32
jpl,1-1-193-819,2020-01,current_only,M3_current_only,validation,8364,24
jpl,1-1-193-820,2020-01,current_only,M3_current_only,test,7586,22
jpl,1-1-193-820,2020-01,current_only,M3_current_only,validation,5427,14
jpl,1-1-193-825,2020-01,current_only,M3_current_only,stress,128,1
jpl,1-1-193-825,2020-01,current_only,M3_current_only,test,8363,19
jpl,1-1-193-825,2020-01,current_only,M3_current_only,validation,5937,14
jpl,1-1-193-827,2020-01,current_only,M3_current_only,test,7807,23
jpl,1-1-193-827,2020-01,current_only,M3_current_only,validation,5372,14
jpl,1-1-193-829,2020-01,current_only,M3_current_only,test,7789,20
jpl,1-1-193-829,2020-01,current_only,M3_current_only,validation,5354,14
jpl,1-1-194-818,2020-01,current_only,M3_current_only,test,7151,20
jpl,1-1-194-818,2020-01,current_only,M3_current_only,validation,5621,13
jpl,1-1-194-821,2020-01,current_only,M3_current_only,stress,174,1
jpl,1-1-194-821,2020-01,current_only,M3_current_only,test,9843,33
jpl,1-1-194-821,2020-01,current_only,M3_current_only,validation,7528,22
jpl,1-1-194-822,2020-01,current_only,M3_current_only,stress,202,1
jpl,1-1-194-822,2020-01,current_only,M3_current_only,test,7726,22
jpl,1-1-194-822,2020-01,current_only,M3_current_only,validation,5962,12
jpl,1-1-194-826,2020-01,current_only,M3_current_only,test,7857,24
jpl,1-1-194-826,2020-01,current_only,M3_current_only,validation,6249,15
jpl,1-1-178-817,2020-02,current_only,M3_current_only,stress,14365,30
jpl,1-1-178-823,2020-02,current_only,M3_current_only,stress,17363,57
jpl,1-1-178-823,2020-02,current_only,M3_current_only,test,54,1
jpl,1-1-178-824,2020-02,current_only,M3_current_only,stress,11128,30
jpl,1-1-178-828,2020-02,current_only,M3_current_only,stress,13764,44
jpl,1-1-178-828,2020-02,current_only,M3_current_only,test,186,1
jpl,1-1-179-777,2020-02,current_only,M3_current_only,stress,10005,21
jpl,1-1-179-777,2020-02,current_only,M3_current_only,test,30,1
jpl,1-1-179-779,2020-02,current_only,M3_current_only,stress,10109,23
jpl,1-1-179-781,2020-02,current_only,M3_current_only,stress,11216,25
jpl,1-1-179-781,2020-02,current_only,M3_current_only,test,90,1
jpl,1-1-179-783,2020-02,current_only,M3_current_only,stress,10685,23
jpl,1-1-179-783,2020-02,current_only,M3_current_only,test,63,1
jpl,1-1-179-787,2020-02,current_only,M3_current_only,stress,9289,17
jpl,1-1-179-787,2020-02,current_only,M3_current_only,test,80,1
jpl,1-1-179-788,2020-02,current_only,M3_current_only,stress,10026,24
jpl,1-1-179-788,2020-02,current_only,M3_current_only,test,100,1
jpl,1-1-179-790,2020-02,current_only,M3_current_only,stress,9726,18
jpl,1-1-179-791,2020-02,current_only,M3_current_only,stress,10270,21
jpl,1-1-179-794,2020-02,current_only,M3_current_only,stress,11010,28
jpl,1-1-179-794,2020-02,current_only,M3_current_only,test,92,1
jpl,1-1-179-796,2020-02,current_only,M3_current_only,stress,10137,26
jpl,1-1-179-797,2020-02,current_only,M3_current_only,stress,10863,21
jpl,1-1-179-798,2020-02,current_only,M3_current_only,stress,9888,31
jpl,1-1-179-798,2020-02,current_only,M3_current_only,test,71,1
jpl,1-1-179-799,2020-02,current_only,M3_current_only,stress,10398,27
jpl,1-1-179-800,2020-02,current_only,M3_current_only,stress,11446,31
jpl,1-1-179-801,2020-02,current_only,M3_current_only,stress,10451,21
jpl,1-1-179-809,2020-02,current_only,M3_current_only,stress,10800,28
jpl,1-1-179-809,2020-02,current_only,M3_current_only,test,57,1
jpl,1-1-179-810,2020-02,current_only,M3_current_only,stress,11096,26
jpl,1-1-179-813,2020-02,current_only,M3_current_only,stress,9791,21
jpl,1-1-179-815,2020-02,current_only,M3_current_only,stress,11687,28
jpl,1-1-191-778,2020-02,current_only,M3_current_only,stress,9996,20
jpl,1-1-191-780,2020-02,current_only,M3_current_only,stress,9031,24
jpl,1-1-191-782,2020-02,current_only,M3_current_only,stress,9250,22
jpl,1-1-191-784,2020-02,current_only,M3_current_only,stress,9255,17
jpl,1-1-191-785,2020-02,current_only,M3_current_only,stress,10886,19
jpl,1-1-191-786,2020-02,current_only,M3_current_only,stress,10177,27
jpl,1-1-191-789,2020-02,current_only,M3_current_only,stress,10593,23
jpl,1-1-191-792,2020-02,current_only,M3_current_only,stress,9669,21
jpl,1-1-191-793,2020-02,current_only,M3_current_only,stress,8929,23
jpl,1-1-191-795,2020-02,current_only,M3_current_only,stress,10046,22
jpl,1-1-191-802,2020-02,current_only,M3_current_only,stress,9670,21
jpl,1-1-191-803,2020-02,current_only,M3_current_only,stress,10365,22
jpl,1-1-191-804,2020-02,current_only,M3_current_only,stress,10153,19
jpl,1-1-191-805,2020-02,current_only,M3_current_only,stress,9760,19
jpl,1-1-191-806,2020-02,current_only,M3_current_only,stress,9382,26
jpl,1-1-191-807,2020-02,current_only,M3_current_only,stress,9769,22
jpl,1-1-191-808,2020-02,current_only,M3_current_only,stress,9609,20
jpl,1-1-191-811,2020-02,current_only,M3_current_only,stress,9690,19
jpl,1-1-191-812,2020-02,current_only,M3_current_only,stress,9840,19
jpl,1-1-193-816,2020-02,current_only,M3_current_only,stress,11351,28
jpl,1-1-193-819,2020-02,current_only,M3_current_only,stress,15338,47
jpl,1-1-193-819,2020-02,current_only,M3_current_only,test,55,1
jpl,1-1-193-820,2020-02,current_only,M3_current_only,stress,13636,39
jpl,1-1-193-825,2020-02,current_only,M3_current_only,stress,13398,33
jpl,1-1-193-825,2020-02,current_only,M3_current_only,test,14,1
jpl,1-1-193-827,2020-02,current_only,M3_current_only,stress,12343,36
jpl,1-1-193-829,2020-02,current_only,M3_current_only,stress,13139,39
jpl,1-1-194-818,2020-02,current_only,M3_current_only,stress,13010,36
jpl,1-1-194-818,2020-02,current_only,M3_current_only,test,267,1
jpl,1-1-194-821,2020-02,current_only,M3_current_only,stress,17093,54
jpl,1-1-194-822,2020-02,current_only,M3_current_only,stress,12135,33
jpl,1-1-194-826,2020-02,current_only,M3_current_only,stress,13466,37
jpl,1-1-194-826,2020-02,current_only,M3_current_only,test,58,1
jpl,1-1-178-817,2020-03,current_only,M3_current_only,test,11726,23
jpl,1-1-178-823,2020-03,current_only,M3_current_only,stress,34,1
jpl,1-1-178-823,2020-03,current_only,M3_current_only,test,10427,33
jpl,1-1-178-824,2020-03,current_only,M3_current_only,test,11696,28
jpl,1-1-178-828,2020-03,current_only,M3_current_only,stress,8,1
jpl,1-1-178-828,2020-03,current_only,M3_current_only,test,10127,35
jpl,1-1-179-777,2020-03,current_only,M3_current_only,test,6138,13
jpl,1-1-179-779,2020-03,current_only,M3_current_only,test,5396,12
jpl,1-1-179-781,2020-03,current_only,M3_current_only,test,6095,13
jpl,1-1-179-783,2020-03,current_only,M3_current_only,test,5174,11
jpl,1-1-179-787,2020-03,current_only,M3_current_only,test,4724,11
jpl,1-1-179-788,2020-03,current_only,M3_current_only,test,5201,11
jpl,1-1-179-790,2020-03,current_only,M3_current_only,test,5192,11
jpl,1-1-179-791,2020-03,current_only,M3_current_only,test,4894,11
jpl,1-1-179-794,2020-03,current_only,M3_current_only,test,6651,13
jpl,1-1-179-796,2020-03,current_only,M3_current_only,test,5839,13
jpl,1-1-179-797,2020-03,current_only,M3_current_only,test,5850,12
jpl,1-1-179-798,2020-03,current_only,M3_current_only,test,4801,10
jpl,1-1-179-799,2020-03,current_only,M3_current_only,test,6956,16
jpl,1-1-179-800,2020-03,current_only,M3_current_only,test,7395,19
jpl,1-1-179-801,2020-03,current_only,M3_current_only,test,4808,10
jpl,1-1-179-809,2020-03,current_only,M3_current_only,test,5848,14
jpl,1-1-179-810,2020-03,current_only,M3_current_only,test,7130,14
jpl,1-1-179-813,2020-03,current_only,M3_current_only,test,4659,11
jpl,1-1-179-815,2020-03,current_only,M3_current_only,test,6631,16
jpl,1-1-191-778,2020-03,current_only,M3_current_only,test,4858,9
jpl,1-1-191-780,2020-03,current_only,M3_current_only,test,4906,9
jpl,1-1-191-782,2020-03,current_only,M3_current_only,test,5364,14
jpl,1-1-191-784,2020-03,current_only,M3_current_only,test,5021,14
jpl,1-1-191-785,2020-03,current_only,M3_current_only,test,5104,12
jpl,1-1-191-786,2020-03,current_only,M3_current_only,test,4371,10
jpl,1-1-191-789,2020-03,current_only,M3_current_only,test,5456,14
jpl,1-1-191-792,2020-03,current_only,M3_current_only,test,4598,9
jpl,1-1-191-793,2020-03,current_only,M3_current_only,test,5018,14
jpl,1-1-191-795,2020-03,current_only,M3_current_only,test,5312,14
jpl,1-1-191-802,2020-03,current_only,M3_current_only,test,5075,11
jpl,1-1-191-803,2020-03,current_only,M3_current_only,test,5640,12
jpl,1-1-191-804,2020-03,current_only,M3_current_only,test,4539,10
jpl,1-1-191-805,2020-03,current_only,M3_current_only,test,4562,12
jpl,1-1-191-806,2020-03,current_only,M3_current_only,test,4504,10
jpl,1-1-191-807,2020-03,current_only,M3_current_only,test,4554,12
jpl,1-1-191-808,2020-03,current_only,M3_current_only,test,4639,12
jpl,1-1-191-811,2020-03,current_only,M3_current_only,test,4588,11
jpl,1-1-191-812,2020-03,current_only,M3_current_only,test,5005,11
jpl,1-1-193-816,2020-03,current_only,M3_current_only,test,7651,16
jpl,1-1-193-819,2020-03,current_only,M3_current_only,test,10151,31
jpl,1-1-193-820,2020-03,current_only,M3_current_only,test,13013,32
jpl,1-1-193-825,2020-03,current_only,M3_current_only,test,9512,20
jpl,1-1-193-827,2020-03,current_only,M3_current_only,test,13539,34
jpl,1-1-193-829,2020-03,current_only,M3_current_only,test,7942,18
jpl,1-1-194-818,2020-03,current_only,M3_current_only,stress,62,1
jpl,1-1-194-818,2020-03,current_only,M3_current_only,test,9500,22
jpl,1-1-194-821,2020-03,current_only,M3_current_only,test,13495,34
jpl,1-1-194-822,2020-03,current_only,M3_current_only,test,10212,26
jpl,1-1-194-826,2020-03,current_only,M3_current_only,test,9272,22
jpl,1-1-178-817,2020-04,current_only,M3_current_only,stress,239,1
jpl,1-1-178-824,2020-04,current_only,M3_current_only,stress,1907,4
jpl,1-1-178-828,2020-04,current_only,M3_current_only,stress,1075,9
jpl,1-1-179-777,2020-04,current_only,M3_current_only,stress,182,1
jpl,1-1-179-781,2020-04,current_only,M3_current_only,test,122,1
jpl,1-1-179-800,2020-04,current_only,M3_current_only,stress,122,2
jpl,1-1-179-815,2020-04,current_only,M3_current_only,stress,703,2
jpl,1-1-193-816,2020-04,current_only,M3_current_only,stress,984,3
jpl,1-1-193-819,2020-04,current_only,M3_current_only,stress,1249,3
jpl,1-1-193-820,2020-04,current_only,M3_current_only,stress,724,2
jpl,1-1-193-827,2020-04,current_only,M3_current_only,stress,2387,6
jpl,1-1-194-818,2020-04,current_only,M3_current_only,stress,284,2
jpl,1-1-194-821,2020-04,current_only,M3_current_only,stress,432,2
jpl,1-1-194-821,2020-04,current_only,M3_current_only,test,56,1
jpl,1-1-194-822,2020-04,current_only,M3_current_only,stress,1467,3
jpl,1-1-194-826,2020-04,current_only,M3_current_only,stress,216,1
jpl,1-1-178-817,2020-05,current_only,M3_current_only,test,9316,19
jpl,1-1-178-823,2020-05,current_only,M3_current_only,test,5885,20
jpl,1-1-178-824,2020-05,current_only,M3_current_only,test,8434,20
jpl,1-1-178-828,2020-05,current_only,M3_current_only,test,7161,22
jpl,1-1-179-777,2020-05,current_only,M3_current_only,test,1739,5
jpl,1-1-179-781,2020-05,current_only,M3_current_only,test,547,2
jpl,1-1-179-787,2020-05,current_only,M3_current_only,test,3366,11
jpl,1-1-179-788,2020-05,current_only,M3_current_only,test,192,1
jpl,1-1-179-791,2020-05,current_only,M3_current_only,test,1747,5
jpl,1-1-179-797,2020-05,current_only,M3_current_only,test,371,1
jpl,1-1-179-798,2020-05,current_only,M3_current_only,test,250,1
jpl,1-1-179-799,2020-05,current_only,M3_current_only,test,1177,4
jpl,1-1-179-810,2020-05,current_only,M3_current_only,test,203,1
jpl,1-1-179-813,2020-05,current_only,M3_current_only,test,214,1
jpl,1-1-179-815,2020-05,current_only,M3_current_only,test,1807,4
jpl,1-1-193-816,2020-05,current_only,M3_current_only,test,6645,17
jpl,1-1-193-819,2020-05,current_only,M3_current_only,test,4545,12
jpl,1-1-193-820,2020-05,current_only,M3_current_only,test,4726,12
jpl,1-1-193-825,2020-05,current_only,M3_current_only,test,6402,16
jpl,1-1-193-827,2020-05,current_only,M3_current_only,test,6202,14
jpl,1-1-193-829,2020-05,current_only,M3_current_only,test,4906,14
jpl,1-1-194-818,2020-05,current_only,M3_current_only,test,2259,9
jpl,1-1-194-821,2020-05,current_only,M3_current_only,test,7091,18
jpl,1-1-194-822,2020-05,current_only,M3_current_only,test,4510,11
jpl,1-1-194-826,2020-05,current_only,M3_current_only,test,3679,11
jpl,1-1-178-817,2020-06,current_only,M3_current_only,test,3542,14
jpl,1-1-178-823,2020-06,current_only,M3_current_only,test,3977,14
jpl,1-1-178-824,2020-06,current_only,M3_current_only,test,3179,7
jpl,1-1-178-828,2020-06,current_only,M3_current_only,test,5207,20
jpl,1-1-179-777,2020-06,current_only,M3_current_only,test,2856,7
jpl,1-1-179-781,2020-06,current_only,M3_current_only,test,777,3
jpl,1-1-179-787,2020-06,current_only,M3_current_only,test,1295,6
jpl,1-1-179-788,2020-06,current_only,M3_current_only,test,365,2
jpl,1-1-179-791,2020-06,current_only,M3_current_only,test,558,3
jpl,1-1-179-794,2020-06,current_only,M3_current_only,test,214,1
jpl,1-1-179-799,2020-06,current_only,M3_current_only,test,2263,5
jpl,1-1-179-809,2020-06,current_only,M3_current_only,test,747,3
jpl,1-1-179-810,2020-06,current_only,M3_current_only,test,203,1
jpl,1-1-179-813,2020-06,current_only,M3_current_only,test,714,2
jpl,1-1-179-815,2020-06,current_only,M3_current_only,test,863,2
jpl,1-1-191-804,2020-06,current_only,M3_current_only,test,106,2
jpl,1-1-193-816,2020-06,current_only,M3_current_only,test,3958,11
jpl,1-1-193-819,2020-06,current_only,M3_current_only,test,4820,13
jpl,1-1-193-820,2020-06,current_only,M3_current_only,test,4909,13
jpl,1-1-193-825,2020-06,current_only,M3_current_only,test,4603,16
jpl,1-1-193-827,2020-06,current_only,M3_current_only,test,6061,14
jpl,1-1-193-829,2020-06,current_only,M3_current_only,test,2490,8
jpl,1-1-194-818,2020-06,current_only,M3_current_only,test,4666,14
jpl,1-1-194-821,2020-06,current_only,M3_current_only,test,6120,12
jpl,1-1-194-822,2020-06,current_only,M3_current_only,test,3646,14
jpl,1-1-194-826,2020-06,current_only,M3_current_only,test,5361,17
jpl,1-1-178-817,2018-10,current_only,M4_history_insufficient,train,175,34
jpl,1-1-178-823,2018-10,current_only,M4_history_insufficient,train,190,38
jpl,1-1-178-824,2018-10,current_only,M4_history_insufficient,train,154,30
jpl,1-1-178-828,2018-10,current_only,M4_history_insufficient,train,139,27
jpl,1-1-179-777,2018-10,current_only,M4_history_insufficient,train,106,21
jpl,1-1-179-779,2018-10,current_only,M4_history_insufficient,train,116,23
jpl,1-1-179-781,2018-10,current_only,M4_history_insufficient,train,100,19
jpl,1-1-179-783,2018-10,current_only,M4_history_insufficient,train,100,19
jpl,1-1-179-787,2018-10,current_only,M4_history_insufficient,train,105,20
jpl,1-1-179-788,2018-10,current_only,M4_history_insufficient,train,95,19
jpl,1-1-179-790,2018-10,current_only,M4_history_insufficient,train,125,24
jpl,1-1-179-791,2018-10,current_only,M4_history_insufficient,train,95,19
jpl,1-1-179-794,2018-10,current_only,M4_history_insufficient,train,100,20
jpl,1-1-179-796,2018-10,current_only,M4_history_insufficient,train,95,19
jpl,1-1-179-797,2018-10,current_only,M4_history_insufficient,train,95,19
jpl,1-1-179-798,2018-10,current_only,M4_history_insufficient,train,110,21
jpl,1-1-179-799,2018-10,current_only,M4_history_insufficient,train,110,22
jpl,1-1-179-800,2018-10,current_only,M4_history_insufficient,train,100,20
jpl,1-1-179-801,2018-10,current_only,M4_history_insufficient,train,80,16
jpl,1-1-179-809,2018-10,current_only,M4_history_insufficient,train,112,22
jpl,1-1-179-810,2018-10,current_only,M4_history_insufficient,train,125,25
jpl,1-1-179-813,2018-10,current_only,M4_history_insufficient,train,95,19
jpl,1-1-179-815,2018-10,current_only,M4_history_insufficient,train,100,20
jpl,1-1-191-778,2018-10,current_only,M4_history_insufficient,train,105,20
jpl,1-1-191-780,2018-10,current_only,M4_history_insufficient,train,95,19
jpl,1-1-191-782,2018-10,current_only,M4_history_insufficient,train,95,18
jpl,1-1-191-784,2018-10,current_only,M4_history_insufficient,train,89,17
jpl,1-1-191-785,2018-10,current_only,M4_history_insufficient,train,90,18
jpl,1-1-191-786,2018-10,current_only,M4_history_insufficient,train,95,19
jpl,1-1-191-789,2018-10,current_only,M4_history_insufficient,train,90,18
jpl,1-1-191-792,2018-10,current_only,M4_history_insufficient,train,80,16
jpl,1-1-191-793,2018-10,current_only,M4_history_insufficient,train,75,15
jpl,1-1-191-795,2018-10,current_only,M4_history_insufficient,train,105,21
jpl,1-1-191-802,2018-10,current_only,M4_history_insufficient,train,113,22
jpl,1-1-191-803,2018-10,current_only,M4_history_insufficient,train,90,18
jpl,1-1-191-804,2018-10,current_only,M4_history_insufficient,train,80,16
jpl,1-1-191-805,2018-10,current_only,M4_history_insufficient,train,90,18
jpl,1-1-191-806,2018-10,current_only,M4_history_insufficient,train,95,19
jpl,1-1-191-807,2018-10,current_only,M4_history_insufficient,train,105,21
jpl,1-1-191-808,2018-10,current_only,M4_history_insufficient,train,95,19
jpl,1-1-191-811,2018-10,current_only,M4_history_insufficient,train,95,19
jpl,1-1-191-812,2018-10,current_only,M4_history_insufficient,train,91,18
jpl,1-1-193-816,2018-10,current_only,M4_history_insufficient,train,155,30
jpl,1-1-193-819,2018-10,current_only,M4_history_insufficient,train,175,35
jpl,1-1-193-820,2018-10,current_only,M4_history_insufficient,train,215,42
jpl,1-1-193-825,2018-10,current_only,M4_history_insufficient,train,140,28
jpl,1-1-193-827,2018-10,current_only,M4_history_insufficient,train,175,34
jpl,1-1-193-829,2018-10,current_only,M4_history_insufficient,train,145,28
jpl,1-1-194-818,2018-10,current_only,M4_history_insufficient,train,105,21
jpl,1-1-194-821,2018-10,current_only,M4_history_insufficient,train,185,37
jpl,1-1-194-822,2018-10,current_only,M4_history_insufficient,train,125,25
jpl,1-1-194-826,2018-10,current_only,M4_history_insufficient,train,120,24
jpl,1-1-178-817,2018-11,current_only,M4_history_insufficient,train,140,27
jpl,1-1-178-823,2018-11,current_only,M4_history_insufficient,train,225,44
jpl,1-1-178-824,2018-11,current_only,M4_history_insufficient,train,155,30
jpl,1-1-178-828,2018-11,current_only,M4_history_insufficient,train,190,37
jpl,1-1-179-777,2018-11,current_only,M4_history_insufficient,train,120,23
jpl,1-1-179-779,2018-11,current_only,M4_history_insufficient,train,105,20
jpl,1-1-179-781,2018-11,current_only,M4_history_insufficient,train,130,25
jpl,1-1-179-783,2018-11,current_only,M4_history_insufficient,train,120,23
jpl,1-1-179-787,2018-11,current_only,M4_history_insufficient,train,110,22
jpl,1-1-179-788,2018-11,current_only,M4_history_insufficient,train,125,24
jpl,1-1-179-790,2018-11,current_only,M4_history_insufficient,train,115,22
jpl,1-1-179-791,2018-11,current_only,M4_history_insufficient,train,115,22
jpl,1-1-179-794,2018-11,current_only,M4_history_insufficient,train,105,20
jpl,1-1-179-796,2018-11,current_only,M4_history_insufficient,train,125,24
jpl,1-1-179-797,2018-11,current_only,M4_history_insufficient,train,115,22
jpl,1-1-179-798,2018-11,current_only,M4_history_insufficient,train,120,23
jpl,1-1-179-799,2018-11,current_only,M4_history_insufficient,train,115,22
jpl,1-1-179-800,2018-11,current_only,M4_history_insufficient,train,125,24
jpl,1-1-179-801,2018-11,current_only,M4_history_insufficient,train,130,25
jpl,1-1-179-809,2018-11,current_only,M4_history_insufficient,train,95,19
jpl,1-1-179-810,2018-11,current_only,M4_history_insufficient,train,130,25
jpl,1-1-179-813,2018-11,current_only,M4_history_insufficient,train,120,24
jpl,1-1-179-815,2018-11,current_only,M4_history_insufficient,train,110,22
jpl,1-1-191-778,2018-11,current_only,M4_history_insufficient,train,105,21
jpl,1-1-191-780,2018-11,current_only,M4_history_insufficient,train,100,20
jpl,1-1-191-782,2018-11,current_only,M4_history_insufficient,train,100,19
jpl,1-1-191-784,2018-11,current_only,M4_history_insufficient,train,115,22
jpl,1-1-191-785,2018-11,current_only,M4_history_insufficient,train,110,21
jpl,1-1-191-786,2018-11,current_only,M4_history_insufficient,train,115,22
jpl,1-1-191-789,2018-11,current_only,M4_history_insufficient,train,95,18
jpl,1-1-191-792,2018-11,current_only,M4_history_insufficient,train,95,18
jpl,1-1-191-793,2018-11,current_only,M4_history_insufficient,train,115,22
jpl,1-1-191-795,2018-11,current_only,M4_history_insufficient,train,90,17
jpl,1-1-191-802,2018-11,current_only,M4_history_insufficient,train,105,20
jpl,1-1-191-803,2018-11,current_only,M4_history_insufficient,train,95,18
jpl,1-1-191-804,2018-11,current_only,M4_history_insufficient,train,105,21
jpl,1-1-191-805,2018-11,current_only,M4_history_insufficient,train,110,21
jpl,1-1-191-806,2018-11,current_only,M4_history_insufficient,train,110,21
jpl,1-1-191-807,2018-11,current_only,M4_history_insufficient,train,105,20
jpl,1-1-191-808,2018-11,current_only,M4_history_insufficient,train,125,24
jpl,1-1-191-811,2018-11,current_only,M4_history_insufficient,train,120,23
jpl,1-1-191-812,2018-11,current_only,M4_history_insufficient,train,105,20
jpl,1-1-193-816,2018-11,current_only,M4_history_insufficient,train,155,30
jpl,1-1-193-819,2018-11,current_only,M4_history_insufficient,train,180,35
jpl,1-1-193-820,2018-11,current_only,M4_history_insufficient,train,180,36
jpl,1-1-193-825,2018-11,current_only,M4_history_insufficient,train,145,28
jpl,1-1-193-827,2018-11,current_only,M4_history_insufficient,train,170,33
jpl,1-1-193-829,2018-11,current_only,M4_history_insufficient,train,165,32
jpl,1-1-194-818,2018-11,current_only,M4_history_insufficient,train,130,25
jpl,1-1-194-821,2018-11,current_only,M4_history_insufficient,train,190,38
jpl,1-1-194-822,2018-11,current_only,M4_history_insufficient,train,160,31
jpl,1-1-194-826,2018-11,current_only,M4_history_insufficient,train,175,34
jpl,1-1-178-817,2018-12,current_only,M4_history_insufficient,train,115,23
jpl,1-1-178-823,2018-12,current_only,M4_history_insufficient,train,235,47
jpl,1-1-178-824,2018-12,current_only,M4_history_insufficient,train,125,25
jpl,1-1-178-828,2018-12,current_only,M4_history_insufficient,train,180,36
jpl,1-1-179-777,2018-12,current_only,M4_history_insufficient,train,90,18
jpl,1-1-179-779,2018-12,current_only,M4_history_insufficient,train,100,20
jpl,1-1-179-781,2018-12,current_only,M4_history_insufficient,train,90,18
jpl,1-1-179-783,2018-12,current_only,M4_history_insufficient,train,95,19
jpl,1-1-179-787,2018-12,current_only,M4_history_insufficient,train,105,21
jpl,1-1-179-788,2018-12,current_only,M4_history_insufficient,train,85,17
jpl,1-1-179-790,2018-12,current_only,M4_history_insufficient,train,75,15
jpl,1-1-179-791,2018-12,current_only,M4_history_insufficient,train,85,17
jpl,1-1-179-794,2018-12,current_only,M4_history_insufficient,train,90,18
jpl,1-1-179-796,2018-12,current_only,M4_history_insufficient,train,75,15
jpl,1-1-179-797,2018-12,current_only,M4_history_insufficient,train,90,18
jpl,1-1-179-798,2018-12,current_only,M4_history_insufficient,train,100,20
jpl,1-1-179-799,2018-12,current_only,M4_history_insufficient,train,90,18
jpl,1-1-179-800,2018-12,current_only,M4_history_insufficient,train,110,22
jpl,1-1-179-801,2018-12,current_only,M4_history_insufficient,train,90,18
jpl,1-1-179-809,2018-12,current_only,M4_history_insufficient,train,90,18
jpl,1-1-179-810,2018-12,current_only,M4_history_insufficient,train,110,22
jpl,1-1-179-813,2018-12,current_only,M4_history_insufficient,train,100,20
jpl,1-1-179-815,2018-12,current_only,M4_history_insufficient,train,70,14
jpl,1-1-191-778,2018-12,current_only,M4_history_insufficient,train,85,17
jpl,1-1-191-780,2018-12,current_only,M4_history_insufficient,train,65,13
jpl,1-1-191-782,2018-12,current_only,M4_history_insufficient,train,85,17
jpl,1-1-191-784,2018-12,current_only,M4_history_insufficient,train,75,15
jpl,1-1-191-785,2018-12,current_only,M4_history_insufficient,train,75,15
jpl,1-1-191-786,2018-12,current_only,M4_history_insufficient,train,70,14
jpl,1-1-191-789,2018-12,current_only,M4_history_insufficient,train,90,18
jpl,1-1-191-792,2018-12,current_only,M4_history_insufficient,train,75,15
jpl,1-1-191-793,2018-12,current_only,M4_history_insufficient,train,90,18
jpl,1-1-191-795,2018-12,current_only,M4_history_insufficient,train,85,17
jpl,1-1-191-802,2018-12,current_only,M4_history_insufficient,train,70,14
jpl,1-1-191-803,2018-12,current_only,M4_history_insufficient,train,75,15
jpl,1-1-191-804,2018-12,current_only,M4_history_insufficient,train,80,16
jpl,1-1-191-805,2018-12,current_only,M4_history_insufficient,train,70,14
jpl,1-1-191-806,2018-12,current_only,M4_history_insufficient,train,85,17
jpl,1-1-191-807,2018-12,current_only,M4_history_insufficient,train,70,14
jpl,1-1-191-808,2018-12,current_only,M4_history_insufficient,train,95,19
jpl,1-1-191-811,2018-12,current_only,M4_history_insufficient,train,65,13
jpl,1-1-191-812,2018-12,current_only,M4_history_insufficient,train,75,15
jpl,1-1-193-816,2018-12,current_only,M4_history_insufficient,train,110,22
jpl,1-1-193-819,2018-12,current_only,M4_history_insufficient,train,155,31
jpl,1-1-193-820,2018-12,current_only,M4_history_insufficient,train,145,29
jpl,1-1-193-825,2018-12,current_only,M4_history_insufficient,train,120,24
jpl,1-1-193-827,2018-12,current_only,M4_history_insufficient,train,170,34
jpl,1-1-193-829,2018-12,current_only,M4_history_insufficient,train,150,30
jpl,1-1-194-818,2018-12,current_only,M4_history_insufficient,train,135,27
jpl,1-1-194-821,2018-12,current_only,M4_history_insufficient,train,170,34
jpl,1-1-194-822,2018-12,current_only,M4_history_insufficient,train,135,27
jpl,1-1-194-826,2018-12,current_only,M4_history_insufficient,train,105,21
jpl,1-1-178-817,2019-01,current_only,M4_history_insufficient,train,160,32
jpl,1-1-178-823,2019-01,current_only,M4_history_insufficient,train,235,47
jpl,1-1-178-824,2019-01,current_only,M4_history_insufficient,train,135,27
jpl,1-1-178-828,2019-01,current_only,M4_history_insufficient,train,200,40
jpl,1-1-179-777,2019-01,current_only,M4_history_insufficient,train,110,22
jpl,1-1-179-779,2019-01,current_only,M4_history_insufficient,train,110,22
jpl,1-1-179-781,2019-01,current_only,M4_history_insufficient,train,105,21
jpl,1-1-179-783,2019-01,current_only,M4_history_insufficient,train,105,21
jpl,1-1-179-787,2019-01,current_only,M4_history_insufficient,train,100,20
jpl,1-1-179-788,2019-01,current_only,M4_history_insufficient,train,105,21
jpl,1-1-179-790,2019-01,current_only,M4_history_insufficient,train,115,23
jpl,1-1-179-791,2019-01,current_only,M4_history_insufficient,train,110,22
jpl,1-1-179-794,2019-01,current_only,M4_history_insufficient,train,125,25
jpl,1-1-179-796,2019-01,current_only,M4_history_insufficient,train,120,24
jpl,1-1-179-797,2019-01,current_only,M4_history_insufficient,train,125,25
jpl,1-1-179-798,2019-01,current_only,M4_history_insufficient,train,120,24
jpl,1-1-179-799,2019-01,current_only,M4_history_insufficient,train,145,29
jpl,1-1-179-800,2019-01,current_only,M4_history_insufficient,train,125,25
jpl,1-1-179-801,2019-01,current_only,M4_history_insufficient,train,120,24
jpl,1-1-179-809,2019-01,current_only,M4_history_insufficient,train,110,22
jpl,1-1-179-810,2019-01,current_only,M4_history_insufficient,train,135,27
jpl,1-1-179-813,2019-01,current_only,M4_history_insufficient,train,120,24
jpl,1-1-179-815,2019-01,current_only,M4_history_insufficient,train,125,25
jpl,1-1-191-778,2019-01,current_only,M4_history_insufficient,train,105,21
jpl,1-1-191-780,2019-01,current_only,M4_history_insufficient,train,120,24
jpl,1-1-191-782,2019-01,current_only,M4_history_insufficient,train,115,23
jpl,1-1-191-784,2019-01,current_only,M4_history_insufficient,train,95,19
jpl,1-1-191-785,2019-01,current_only,M4_history_insufficient,train,100,20
jpl,1-1-191-786,2019-01,current_only,M4_history_insufficient,train,115,23
jpl,1-1-191-789,2019-01,current_only,M4_history_insufficient,train,105,21
jpl,1-1-191-792,2019-01,current_only,M4_history_insufficient,train,105,21
jpl,1-1-191-793,2019-01,current_only,M4_history_insufficient,train,100,20
jpl,1-1-191-795,2019-01,current_only,M4_history_insufficient,train,105,21
jpl,1-1-191-802,2019-01,current_only,M4_history_insufficient,train,100,20
jpl,1-1-191-803,2019-01,current_only,M4_history_insufficient,train,105,21
jpl,1-1-191-804,2019-01,current_only,M4_history_insufficient,train,115,23
jpl,1-1-191-805,2019-01,current_only,M4_history_insufficient,train,105,21
jpl,1-1-191-806,2019-01,current_only,M4_history_insufficient,train,95,19
jpl,1-1-191-807,2019-01,current_only,M4_history_insufficient,train,115,23
jpl,1-1-191-808,2019-01,current_only,M4_history_insufficient,train,135,27
jpl,1-1-191-811,2019-01,current_only,M4_history_insufficient,train,120,24
jpl,1-1-191-812,2019-01,current_only,M4_history_insufficient,train,90,18
jpl,1-1-193-816,2019-01,current_only,M4_history_insufficient,train,145,29
jpl,1-1-193-819,2019-01,current_only,M4_history_insufficient,train,190,38
jpl,1-1-193-820,2019-01,current_only,M4_history_insufficient,train,165,33
jpl,1-1-193-825,2019-01,current_only,M4_history_insufficient,train,155,31
jpl,1-1-193-827,2019-01,current_only,M4_history_insufficient,train,165,33
jpl,1-1-193-829,2019-01,current_only,M4_history_insufficient,train,230,46
jpl,1-1-194-818,2019-01,current_only,M4_history_insufficient,train,200,40
jpl,1-1-194-821,2019-01,current_only,M4_history_insufficient,train,215,43
jpl,1-1-194-822,2019-01,current_only,M4_history_insufficient,train,180,36
jpl,1-1-194-826,2019-01,current_only,M4_history_insufficient,train,170,34
jpl,1-1-178-817,2019-02,current_only,M4_history_insufficient,train,165,30
jpl,1-1-178-823,2019-02,current_only,M4_history_insufficient,train,250,47
jpl,1-1-178-824,2019-02,current_only,M4_history_insufficient,train,150,27
jpl,1-1-178-828,2019-02,current_only,M4_history_insufficient,train,220,41
jpl,1-1-179-777,2019-02,current_only,M4_history_insufficient,train,120,22
jpl,1-1-179-779,2019-02,current_only,M4_history_insufficient,train,120,21
jpl,1-1-179-781,2019-02,current_only,M4_history_insufficient,train,125,22
jpl,1-1-179-783,2019-02,current_only,M4_history_insufficient,train,130,23
jpl,1-1-179-787,2019-02,current_only,M4_history_insufficient,train,130,23
jpl,1-1-179-788,2019-02,current_only,M4_history_insufficient,train,115,20
jpl,1-1-179-790,2019-02,current_only,M4_history_insufficient,train,135,24
jpl,1-1-179-791,2019-02,current_only,M4_history_insufficient,train,105,18
jpl,1-1-179-794,2019-02,current_only,M4_history_insufficient,train,130,24
jpl,1-1-179-796,2019-02,current_only,M4_history_insufficient,train,115,20
jpl,1-1-179-797,2019-02,current_only,M4_history_insufficient,train,100,18
jpl,1-1-179-798,2019-02,current_only,M4_history_insufficient,train,145,26
jpl,1-1-179-799,2019-02,current_only,M4_history_insufficient,train,135,24
jpl,1-1-179-800,2019-02,current_only,M4_history_insufficient,train,170,32
jpl,1-1-179-801,2019-02,current_only,M4_history_insufficient,train,120,21
jpl,1-1-179-809,2019-02,current_only,M4_history_insufficient,train,110,20
jpl,1-1-179-810,2019-02,current_only,M4_history_insufficient,train,130,23
jpl,1-1-179-813,2019-02,current_only,M4_history_insufficient,train,120,21
jpl,1-1-179-815,2019-02,current_only,M4_history_insufficient,train,140,25
jpl,1-1-191-778,2019-02,current_only,M4_history_insufficient,train,135,25
jpl,1-1-191-780,2019-02,current_only,M4_history_insufficient,train,110,19
jpl,1-1-191-782,2019-02,current_only,M4_history_insufficient,train,110,20
jpl,1-1-191-784,2019-02,current_only,M4_history_insufficient,train,101,18
jpl,1-1-191-785,2019-02,current_only,M4_history_insufficient,train,100,17
jpl,1-1-191-786,2019-02,current_only,M4_history_insufficient,train,110,19
jpl,1-1-191-789,2019-02,current_only,M4_history_insufficient,train,110,19
jpl,1-1-191-792,2019-02,current_only,M4_history_insufficient,train,105,18
jpl,1-1-191-793,2019-02,current_only,M4_history_insufficient,train,119,21
jpl,1-1-191-795,2019-02,current_only,M4_history_insufficient,train,120,21
jpl,1-1-191-802,2019-02,current_only,M4_history_insufficient,train,105,18
jpl,1-1-191-803,2019-02,current_only,M4_history_insufficient,train,110,20
jpl,1-1-191-804,2019-02,current_only,M4_history_insufficient,train,130,23
jpl,1-1-191-805,2019-02,current_only,M4_history_insufficient,train,120,21
jpl,1-1-191-806,2019-02,current_only,M4_history_insufficient,train,115,21
jpl,1-1-191-807,2019-02,current_only,M4_history_insufficient,train,105,18
jpl,1-1-191-808,2019-02,current_only,M4_history_insufficient,train,120,22
jpl,1-1-191-811,2019-02,current_only,M4_history_insufficient,train,120,21
jpl,1-1-191-812,2019-02,current_only,M4_history_insufficient,train,110,19
jpl,1-1-193-816,2019-02,current_only,M4_history_insufficient,train,150,27
jpl,1-1-193-819,2019-02,current_only,M4_history_insufficient,train,215,41
jpl,1-1-193-820,2019-02,current_only,M4_history_insufficient,train,175,33
jpl,1-1-193-825,2019-02,current_only,M4_history_insufficient,train,170,32
jpl,1-1-193-827,2019-02,current_only,M4_history_insufficient,train,185,34
jpl,1-1-193-829,2019-02,current_only,M4_history_insufficient,train,190,37
jpl,1-1-194-818,2019-02,current_only,M4_history_insufficient,train,180,33
jpl,1-1-194-821,2019-02,current_only,M4_history_insufficient,train,225,41
jpl,1-1-194-822,2019-02,current_only,M4_history_insufficient,train,157,29
jpl,1-1-194-826,2019-02,current_only,M4_history_insufficient,train,150,27
jpl,1-1-178-817,2019-03,current_only,M4_history_insufficient,train,150,30
jpl,1-1-178-823,2019-03,current_only,M4_history_insufficient,train,255,51
jpl,1-1-178-824,2019-03,current_only,M4_history_insufficient,train,155,31
jpl,1-1-178-828,2019-03,current_only,M4_history_insufficient,train,225,44
jpl,1-1-179-777,2019-03,current_only,M4_history_insufficient,train,115,23
jpl,1-1-179-779,2019-03,current_only,M4_history_insufficient,train,115,23
jpl,1-1-179-781,2019-03,current_only,M4_history_insufficient,train,145,29
jpl,1-1-179-783,2019-03,current_only,M4_history_insufficient,train,125,25
jpl,1-1-179-787,2019-03,current_only,M4_history_insufficient,train,130,26
jpl,1-1-179-788,2019-03,current_only,M4_history_insufficient,train,110,22
jpl,1-1-179-790,2019-03,current_only,M4_history_insufficient,train,100,20
jpl,1-1-179-791,2019-03,current_only,M4_history_insufficient,train,125,25
jpl,1-1-179-794,2019-03,current_only,M4_history_insufficient,train,100,20
jpl,1-1-179-796,2019-03,current_only,M4_history_insufficient,train,125,25
jpl,1-1-179-797,2019-03,current_only,M4_history_insufficient,train,105,21
jpl,1-1-179-798,2019-03,current_only,M4_history_insufficient,train,110,22
jpl,1-1-179-799,2019-03,current_only,M4_history_insufficient,train,120,24
jpl,1-1-179-800,2019-03,current_only,M4_history_insufficient,train,155,31
jpl,1-1-179-801,2019-03,current_only,M4_history_insufficient,train,105,21
jpl,1-1-179-809,2019-03,current_only,M4_history_insufficient,train,120,24
jpl,1-1-179-810,2019-03,current_only,M4_history_insufficient,train,120,24
jpl,1-1-179-813,2019-03,current_only,M4_history_insufficient,train,105,21
jpl,1-1-179-815,2019-03,current_only,M4_history_insufficient,train,125,25
jpl,1-1-191-778,2019-03,current_only,M4_history_insufficient,train,110,22
jpl,1-1-191-780,2019-03,current_only,M4_history_insufficient,train,100,20
jpl,1-1-191-782,2019-03,current_only,M4_history_insufficient,train,95,19
jpl,1-1-191-784,2019-03,current_only,M4_history_insufficient,train,95,19
jpl,1-1-191-785,2019-03,current_only,M4_history_insufficient,train,90,18
jpl,1-1-191-786,2019-03,current_only,M4_history_insufficient,train,105,21
jpl,1-1-191-789,2019-03,current_only,M4_history_insufficient,train,100,20
jpl,1-1-191-792,2019-03,current_only,M4_history_insufficient,train,90,18
jpl,1-1-191-793,2019-03,current_only,M4_history_insufficient,train,125,25
jpl,1-1-191-795,2019-03,current_only,M4_history_insufficient,train,120,24
jpl,1-1-191-802,2019-03,current_only,M4_history_insufficient,train,90,18
jpl,1-1-191-803,2019-03,current_only,M4_history_insufficient,train,95,19
jpl,1-1-191-804,2019-03,current_only,M4_history_insufficient,train,115,23
jpl,1-1-191-805,2019-03,current_only,M4_history_insufficient,train,90,18
jpl,1-1-191-806,2019-03,current_only,M4_history_insufficient,train,130,26
jpl,1-1-191-807,2019-03,current_only,M4_history_insufficient,train,115,23
jpl,1-1-191-808,2019-03,current_only,M4_history_insufficient,train,150,30
jpl,1-1-191-811,2019-03,current_only,M4_history_insufficient,train,115,23
jpl,1-1-191-812,2019-03,current_only,M4_history_insufficient,train,95,19
jpl,1-1-193-816,2019-03,current_only,M4_history_insufficient,train,185,37
jpl,1-1-193-819,2019-03,current_only,M4_history_insufficient,train,195,39
jpl,1-1-193-820,2019-03,current_only,M4_history_insufficient,train,215,43
jpl,1-1-193-825,2019-03,current_only,M4_history_insufficient,train,205,41
jpl,1-1-193-827,2019-03,current_only,M4_history_insufficient,train,190,38
jpl,1-1-193-829,2019-03,current_only,M4_history_insufficient,train,185,37
jpl,1-1-194-818,2019-03,current_only,M4_history_insufficient,train,215,43
jpl,1-1-194-821,2019-03,current_only,M4_history_insufficient,train,205,41
jpl,1-1-194-822,2019-03,current_only,M4_history_insufficient,train,170,34
jpl,1-1-194-826,2019-03,current_only,M4_history_insufficient,train,170,34
jpl,1-1-178-817,2019-04,current_only,M4_history_insufficient,train,180,35
jpl,1-1-178-823,2019-04,current_only,M4_history_insufficient,train,275,53
jpl,1-1-178-824,2019-04,current_only,M4_history_insufficient,train,175,34
jpl,1-1-178-828,2019-04,current_only,M4_history_insufficient,train,250,49
jpl,1-1-179-777,2019-04,current_only,M4_history_insufficient,train,150,29
jpl,1-1-179-779,2019-04,current_only,M4_history_insufficient,train,125,24
jpl,1-1-179-781,2019-04,current_only,M4_history_insufficient,train,120,23
jpl,1-1-179-783,2019-04,current_only,M4_history_insufficient,train,105,21
jpl,1-1-179-787,2019-04,current_only,M4_history_insufficient,train,145,28
jpl,1-1-179-788,2019-04,current_only,M4_history_insufficient,train,115,22
jpl,1-1-179-790,2019-04,current_only,M4_history_insufficient,train,120,23
jpl,1-1-179-791,2019-04,current_only,M4_history_insufficient,train,175,34
jpl,1-1-179-794,2019-04,current_only,M4_history_insufficient,train,135,26
jpl,1-1-179-796,2019-04,current_only,M4_history_insufficient,train,125,24
jpl,1-1-179-797,2019-04,current_only,M4_history_insufficient,train,115,22
jpl,1-1-179-798,2019-04,current_only,M4_history_insufficient,train,125,24
jpl,1-1-179-799,2019-04,current_only,M4_history_insufficient,train,150,29
jpl,1-1-179-800,2019-04,current_only,M4_history_insufficient,train,125,24
jpl,1-1-179-801,2019-04,current_only,M4_history_insufficient,train,120,23
jpl,1-1-179-809,2019-04,current_only,M4_history_insufficient,train,125,24
jpl,1-1-179-810,2019-04,current_only,M4_history_insufficient,train,125,24
jpl,1-1-179-813,2019-04,current_only,M4_history_insufficient,train,145,28
jpl,1-1-179-815,2019-04,current_only,M4_history_insufficient,train,155,30
jpl,1-1-191-778,2019-04,current_only,M4_history_insufficient,train,165,32
jpl,1-1-191-780,2019-04,current_only,M4_history_insufficient,train,125,24
jpl,1-1-191-782,2019-04,current_only,M4_history_insufficient,train,125,24
jpl,1-1-191-784,2019-04,current_only,M4_history_insufficient,train,125,23
jpl,1-1-191-785,2019-04,current_only,M4_history_insufficient,train,105,20
jpl,1-1-191-786,2019-04,current_only,M4_history_insufficient,train,120,23
jpl,1-1-191-789,2019-04,current_only,M4_history_insufficient,train,150,29
jpl,1-1-191-792,2019-04,current_only,M4_history_insufficient,train,140,27
jpl,1-1-191-793,2019-04,current_only,M4_history_insufficient,train,110,21
jpl,1-1-191-795,2019-04,current_only,M4_history_insufficient,train,135,26
jpl,1-1-191-802,2019-04,current_only,M4_history_insufficient,train,135,26
jpl,1-1-191-803,2019-04,current_only,M4_history_insufficient,train,115,22
jpl,1-1-191-804,2019-04,current_only,M4_history_insufficient,train,140,27
jpl,1-1-191-805,2019-04,current_only,M4_history_insufficient,train,105,20
jpl,1-1-191-806,2019-04,current_only,M4_history_insufficient,train,145,28
jpl,1-1-191-807,2019-04,current_only,M4_history_insufficient,train,120,23
jpl,1-1-191-808,2019-04,current_only,M4_history_insufficient,train,110,21
jpl,1-1-191-811,2019-04,current_only,M4_history_insufficient,train,135,26
jpl,1-1-191-812,2019-04,current_only,M4_history_insufficient,train,120,23
jpl,1-1-193-816,2019-04,current_only,M4_history_insufficient,train,195,38
jpl,1-1-193-819,2019-04,current_only,M4_history_insufficient,train,266,51
jpl,1-1-193-820,2019-04,current_only,M4_history_insufficient,train,210,41
jpl,1-1-193-825,2019-04,current_only,M4_history_insufficient,train,215,42
jpl,1-1-193-827,2019-04,current_only,M4_history_insufficient,train,220,43
jpl,1-1-193-829,2019-04,current_only,M4_history_insufficient,train,185,36
jpl,1-1-194-818,2019-04,current_only,M4_history_insufficient,train,160,31
jpl,1-1-194-821,2019-04,current_only,M4_history_insufficient,train,230,45
jpl,1-1-194-822,2019-04,current_only,M4_history_insufficient,train,205,40
jpl,1-1-194-826,2019-04,current_only,M4_history_insufficient,train,170,33
jpl,1-1-178-817,2019-05,current_only,M4_history_insufficient,train,245,49
jpl,1-1-178-823,2019-05,current_only,M4_history_insufficient,train,335,67
jpl,1-1-178-824,2019-05,current_only,M4_history_insufficient,train,210,42
jpl,1-1-178-828,2019-05,current_only,M4_history_insufficient,train,255,51
jpl,1-1-179-777,2019-05,current_only,M4_history_insufficient,train,130,26
jpl,1-1-179-779,2019-05,current_only,M4_history_insufficient,train,120,24
jpl,1-1-179-781,2019-05,current_only,M4_history_insufficient,train,135,27
jpl,1-1-179-783,2019-05,current_only,M4_history_insufficient,train,125,25
jpl,1-1-179-787,2019-05,current_only,M4_history_insufficient,train,150,30
jpl,1-1-179-788,2019-05,current_only,M4_history_insufficient,train,115,23
jpl,1-1-179-790,2019-05,current_only,M4_history_insufficient,train,100,20
jpl,1-1-179-791,2019-05,current_only,M4_history_insufficient,train,160,32
jpl,1-1-179-794,2019-05,current_only,M4_history_insufficient,train,145,29
jpl,1-1-179-796,2019-05,current_only,M4_history_insufficient,train,155,31
jpl,1-1-179-797,2019-05,current_only,M4_history_insufficient,train,125,25
jpl,1-1-179-798,2019-05,current_only,M4_history_insufficient,train,140,28
jpl,1-1-179-799,2019-05,current_only,M4_history_insufficient,train,175,35
jpl,1-1-179-800,2019-05,current_only,M4_history_insufficient,train,135,27
jpl,1-1-179-801,2019-05,current_only,M4_history_insufficient,train,105,21
jpl,1-1-179-809,2019-05,current_only,M4_history_insufficient,train,120,24
jpl,1-1-179-810,2019-05,current_only,M4_history_insufficient,train,165,33
jpl,1-1-179-813,2019-05,current_only,M4_history_insufficient,train,135,27
jpl,1-1-179-815,2019-05,current_only,M4_history_insufficient,train,170,34
jpl,1-1-191-778,2019-05,current_only,M4_history_insufficient,train,115,23
jpl,1-1-191-780,2019-05,current_only,M4_history_insufficient,train,120,24
jpl,1-1-191-782,2019-05,current_only,M4_history_insufficient,train,130,26
jpl,1-1-191-784,2019-05,current_only,M4_history_insufficient,train,120,24
jpl,1-1-191-785,2019-05,current_only,M4_history_insufficient,train,110,22
jpl,1-1-191-786,2019-05,current_only,M4_history_insufficient,train,120,24
jpl,1-1-191-789,2019-05,current_only,M4_history_insufficient,train,130,26
jpl,1-1-191-792,2019-05,current_only,M4_history_insufficient,train,160,32
jpl,1-1-191-793,2019-05,current_only,M4_history_insufficient,train,130,26
jpl,1-1-191-795,2019-05,current_only,M4_history_insufficient,train,135,27
jpl,1-1-191-802,2019-05,current_only,M4_history_insufficient,train,135,27
jpl,1-1-191-803,2019-05,current_only,M4_history_insufficient,train,120,24
jpl,1-1-191-804,2019-05,current_only,M4_history_insufficient,train,135,27
jpl,1-1-191-805,2019-05,current_only,M4_history_insufficient,train,110,22
jpl,1-1-191-806,2019-05,current_only,M4_history_insufficient,train,120,24
jpl,1-1-191-807,2019-05,current_only,M4_history_insufficient,train,135,27
jpl,1-1-191-808,2019-05,current_only,M4_history_insufficient,train,110,22
jpl,1-1-191-811,2019-05,current_only,M4_history_insufficient,train,130,26
jpl,1-1-191-812,2019-05,current_only,M4_history_insufficient,train,100,20
jpl,1-1-193-816,2019-05,current_only,M4_history_insufficient,train,235,47
jpl,1-1-193-819,2019-05,current_only,M4_history_insufficient,train,260,52
jpl,1-1-193-820,2019-05,current_only,M4_history_insufficient,train,210,42
jpl,1-1-193-825,2019-05,current_only,M4_history_insufficient,train,245,49
jpl,1-1-193-827,2019-05,current_only,M4_history_insufficient,train,210,42
jpl,1-1-193-829,2019-05,current_only,M4_history_insufficient,train,225,45
jpl,1-1-194-818,2019-05,current_only,M4_history_insufficient,train,175,35
jpl,1-1-194-821,2019-05,current_only,M4_history_insufficient,train,235,47
jpl,1-1-194-822,2019-05,current_only,M4_history_insufficient,train,235,47
jpl,1-1-194-826,2019-05,current_only,M4_history_insufficient,train,180,36
jpl,1-1-178-817,2019-06,current_only,M4_history_insufficient,train,200,36
jpl,1-1-178-823,2019-06,current_only,M4_history_insufficient,train,349,60
jpl,1-1-178-824,2019-06,current_only,M4_history_insufficient,train,160,31
jpl,1-1-178-828,2019-06,current_only,M4_history_insufficient,train,240,42
jpl,1-1-179-777,2019-06,current_only,M4_history_insufficient,train,135,24
jpl,1-1-179-779,2019-06,current_only,M4_history_insufficient,train,125,22
jpl,1-1-179-781,2019-06,current_only,M4_history_insufficient,train,135,26
jpl,1-1-179-783,2019-06,current_only,M4_history_insufficient,train,140,25
jpl,1-1-179-787,2019-06,current_only,M4_history_insufficient,train,140,24
jpl,1-1-179-788,2019-06,current_only,M4_history_insufficient,train,135,23
jpl,1-1-179-790,2019-06,current_only,M4_history_insufficient,train,110,19
jpl,1-1-179-791,2019-06,current_only,M4_history_insufficient,train,130,23
jpl,1-1-179-794,2019-06,current_only,M4_history_insufficient,train,140,25
jpl,1-1-179-796,2019-06,current_only,M4_history_insufficient,train,125,22
jpl,1-1-179-797,2019-06,current_only,M4_history_insufficient,train,105,18
jpl,1-1-179-798,2019-06,current_only,M4_history_insufficient,train,123,23
jpl,1-1-179-799,2019-06,current_only,M4_history_insufficient,train,155,27
jpl,1-1-179-800,2019-06,current_only,M4_history_insufficient,train,130,23
jpl,1-1-179-801,2019-06,current_only,M4_history_insufficient,train,110,19
jpl,1-1-179-809,2019-06,current_only,M4_history_insufficient,train,115,21
jpl,1-1-179-810,2019-06,current_only,M4_history_insufficient,train,150,27
jpl,1-1-179-813,2019-06,current_only,M4_history_insufficient,train,125,23
jpl,1-1-179-815,2019-06,current_only,M4_history_insufficient,train,145,26
jpl,1-1-191-778,2019-06,current_only,M4_history_insufficient,train,140,26
jpl,1-1-191-780,2019-06,current_only,M4_history_insufficient,train,115,21
jpl,1-1-191-782,2019-06,current_only,M4_history_insufficient,train,145,27
jpl,1-1-191-784,2019-06,current_only,M4_history_insufficient,train,105,19
jpl,1-1-191-785,2019-06,current_only,M4_history_insufficient,train,135,23
jpl,1-1-191-786,2019-06,current_only,M4_history_insufficient,train,103,20
jpl,1-1-191-789,2019-06,current_only,M4_history_insufficient,train,130,22
jpl,1-1-191-792,2019-06,current_only,M4_history_insufficient,train,124,23
jpl,1-1-191-793,2019-06,current_only,M4_history_insufficient,train,110,20
jpl,1-1-191-795,2019-06,current_only,M4_history_insufficient,train,110,20
jpl,1-1-191-802,2019-06,current_only,M4_history_insufficient,train,129,23
jpl,1-1-191-803,2019-06,current_only,M4_history_insufficient,train,108,20
jpl,1-1-191-804,2019-06,current_only,M4_history_insufficient,train,137,26
jpl,1-1-191-805,2019-06,current_only,M4_history_insufficient,train,115,22
jpl,1-1-191-806,2019-06,current_only,M4_history_insufficient,train,145,29
jpl,1-1-191-807,2019-06,current_only,M4_history_insufficient,train,135,25
jpl,1-1-191-808,2019-06,current_only,M4_history_insufficient,train,105,19
jpl,1-1-191-811,2019-06,current_only,M4_history_insufficient,train,114,21
jpl,1-1-191-812,2019-06,current_only,M4_history_insufficient,train,100,18
jpl,1-1-193-816,2019-06,current_only,M4_history_insufficient,train,190,34
jpl,1-1-193-819,2019-06,current_only,M4_history_insufficient,train,250,46
jpl,1-1-193-820,2019-06,current_only,M4_history_insufficient,train,200,36
jpl,1-1-193-825,2019-06,current_only,M4_history_insufficient,train,181,31
jpl,1-1-193-827,2019-06,current_only,M4_history_insufficient,train,220,40
jpl,1-1-193-829,2019-06,current_only,M4_history_insufficient,train,180,32
jpl,1-1-194-818,2019-06,current_only,M4_history_insufficient,train,160,29
jpl,1-1-194-821,2019-06,current_only,M4_history_insufficient,train,180,32
jpl,1-1-194-822,2019-06,current_only,M4_history_insufficient,train,220,40
jpl,1-1-194-826,2019-06,current_only,M4_history_insufficient,train,185,33
jpl,1-1-178-817,2019-07,current_only,M4_history_insufficient,train,244,45
jpl,1-1-178-823,2019-07,current_only,M4_history_insufficient,train,274,50
jpl,1-1-178-824,2019-07,current_only,M4_history_insufficient,train,219,40
jpl,1-1-178-828,2019-07,current_only,M4_history_insufficient,train,274,50
jpl,1-1-179-777,2019-07,current_only,M4_history_insufficient,train,148,26
jpl,1-1-179-779,2019-07,current_only,M4_history_insufficient,train,114,20
jpl,1-1-179-781,2019-07,current_only,M4_history_insufficient,train,144,25
jpl,1-1-179-783,2019-07,current_only,M4_history_insufficient,train,161,28
jpl,1-1-179-787,2019-07,current_only,M4_history_insufficient,train,134,23
jpl,1-1-179-788,2019-07,current_only,M4_history_insufficient,train,139,24
jpl,1-1-179-790,2019-07,current_only,M4_history_insufficient,train,120,21
jpl,1-1-179-791,2019-07,current_only,M4_history_insufficient,train,119,20
jpl,1-1-179-794,2019-07,current_only,M4_history_insufficient,train,129,22
jpl,1-1-179-796,2019-07,current_only,M4_history_insufficient,train,147,26
jpl,1-1-179-797,2019-07,current_only,M4_history_insufficient,train,115,21
jpl,1-1-179-798,2019-07,current_only,M4_history_insufficient,train,138,24
jpl,1-1-179-799,2019-07,current_only,M4_history_insufficient,train,144,26
jpl,1-1-179-800,2019-07,current_only,M4_history_insufficient,train,134,24
jpl,1-1-179-801,2019-07,current_only,M4_history_insufficient,train,136,25
jpl,1-1-179-809,2019-07,current_only,M4_history_insufficient,train,144,25
jpl,1-1-179-810,2019-07,current_only,M4_history_insufficient,train,139,23
jpl,1-1-179-813,2019-07,current_only,M4_history_insufficient,train,159,26
jpl,1-1-179-815,2019-07,current_only,M4_history_insufficient,train,139,24
jpl,1-1-191-778,2019-07,current_only,M4_history_insufficient,train,144,26
jpl,1-1-191-780,2019-07,current_only,M4_history_insufficient,train,144,26
jpl,1-1-191-782,2019-07,current_only,M4_history_insufficient,train,120,22
jpl,1-1-191-784,2019-07,current_only,M4_history_insufficient,train,125,23
jpl,1-1-191-785,2019-07,current_only,M4_history_insufficient,train,110,20
jpl,1-1-191-786,2019-07,current_only,M4_history_insufficient,train,143,26
jpl,1-1-191-789,2019-07,current_only,M4_history_insufficient,train,134,23
jpl,1-1-191-792,2019-07,current_only,M4_history_insufficient,train,154,28
jpl,1-1-191-793,2019-07,current_only,M4_history_insufficient,train,145,27
jpl,1-1-191-795,2019-07,current_only,M4_history_insufficient,train,150,28
jpl,1-1-191-802,2019-07,current_only,M4_history_insufficient,train,119,20
jpl,1-1-191-803,2019-07,current_only,M4_history_insufficient,train,125,23
jpl,1-1-191-804,2019-07,current_only,M4_history_insufficient,train,150,28
jpl,1-1-191-805,2019-07,current_only,M4_history_insufficient,train,160,30
jpl,1-1-191-806,2019-07,current_only,M4_history_insufficient,train,134,24
jpl,1-1-191-807,2019-07,current_only,M4_history_insufficient,train,125,23
jpl,1-1-191-808,2019-07,current_only,M4_history_insufficient,train,124,22
jpl,1-1-191-811,2019-07,current_only,M4_history_insufficient,train,145,27
jpl,1-1-191-812,2019-07,current_only,M4_history_insufficient,train,124,21
jpl,1-1-193-816,2019-07,current_only,M4_history_insufficient,train,199,35
jpl,1-1-193-819,2019-07,current_only,M4_history_insufficient,train,269,50
jpl,1-1-193-820,2019-07,current_only,M4_history_insufficient,train,214,38
jpl,1-1-193-825,2019-07,current_only,M4_history_insufficient,train,229,41
jpl,1-1-193-827,2019-07,current_only,M4_history_insufficient,train,224,40
jpl,1-1-193-829,2019-07,current_only,M4_history_insufficient,train,169,31
jpl,1-1-194-818,2019-07,current_only,M4_history_insufficient,train,189,34
jpl,1-1-194-821,2019-07,current_only,M4_history_insufficient,train,209,38
jpl,1-1-194-822,2019-07,current_only,M4_history_insufficient,train,229,41
jpl,1-1-194-826,2019-07,current_only,M4_history_insufficient,train,179,32
jpl,1-1-178-817,2019-08,current_only,M4_history_insufficient,train,220,42
jpl,1-1-178-817,2019-08,current_only,M4_history_insufficient,validation,5,1
jpl,1-1-178-823,2019-08,current_only,M4_history_insufficient,train,345,67
jpl,1-1-178-823,2019-08,current_only,M4_history_insufficient,validation,5,1
jpl,1-1-178-824,2019-08,current_only,M4_history_insufficient,train,230,44
jpl,1-1-178-824,2019-08,current_only,M4_history_insufficient,validation,5,1
jpl,1-1-178-828,2019-08,current_only,M4_history_insufficient,train,295,57
jpl,1-1-179-777,2019-08,current_only,M4_history_insufficient,train,140,26
jpl,1-1-179-779,2019-08,current_only,M4_history_insufficient,train,120,22
jpl,1-1-179-781,2019-08,current_only,M4_history_insufficient,train,140,26
jpl,1-1-179-783,2019-08,current_only,M4_history_insufficient,train,140,26
jpl,1-1-179-783,2019-08,current_only,M4_history_insufficient,validation,5,1
jpl,1-1-179-787,2019-08,current_only,M4_history_insufficient,train,130,24
jpl,1-1-179-788,2019-08,current_only,M4_history_insufficient,train,120,22
jpl,1-1-179-790,2019-08,current_only,M4_history_insufficient,train,105,19
jpl,1-1-179-791,2019-08,current_only,M4_history_insufficient,train,125,23
jpl,1-1-179-791,2019-08,current_only,M4_history_insufficient,validation,5,1
jpl,1-1-179-794,2019-08,current_only,M4_history_insufficient,train,125,23
jpl,1-1-179-796,2019-08,current_only,M4_history_insufficient,train,115,21
jpl,1-1-179-797,2019-08,current_only,M4_history_insufficient,train,105,19
jpl,1-1-179-798,2019-08,current_only,M4_history_insufficient,train,130,24
jpl,1-1-179-799,2019-08,current_only,M4_history_insufficient,train,155,29
jpl,1-1-179-800,2019-08,current_only,M4_history_insufficient,train,130,24
jpl,1-1-179-801,2019-08,current_only,M4_history_insufficient,train,125,23
jpl,1-1-179-801,2019-08,current_only,M4_history_insufficient,validation,5,1
jpl,1-1-179-809,2019-08,current_only,M4_history_insufficient,train,120,22
jpl,1-1-179-810,2019-08,current_only,M4_history_insufficient,train,125,23
jpl,1-1-179-813,2019-08,current_only,M4_history_insufficient,train,140,26
jpl,1-1-179-813,2019-08,current_only,M4_history_insufficient,validation,5,1
jpl,1-1-179-815,2019-08,current_only,M4_history_insufficient,train,145,27
jpl,1-1-191-778,2019-08,current_only,M4_history_insufficient,train,120,22
jpl,1-1-191-780,2019-08,current_only,M4_history_insufficient,train,110,20
jpl,1-1-191-782,2019-08,current_only,M4_history_insufficient,train,155,29
jpl,1-1-191-784,2019-08,current_only,M4_history_insufficient,train,110,20
jpl,1-1-191-785,2019-08,current_only,M4_history_insufficient,train,105,19
jpl,1-1-191-785,2019-08,current_only,M4_history_insufficient,validation,5,1
jpl,1-1-191-786,2019-08,current_only,M4_history_insufficient,train,125,23
jpl,1-1-191-789,2019-08,current_only,M4_history_insufficient,train,135,25
jpl,1-1-191-789,2019-08,current_only,M4_history_insufficient,validation,5,1
jpl,1-1-191-792,2019-08,current_only,M4_history_insufficient,train,123,22
jpl,1-1-191-793,2019-08,current_only,M4_history_insufficient,train,130,24
jpl,1-1-191-795,2019-08,current_only,M4_history_insufficient,train,135,25
jpl,1-1-191-802,2019-08,current_only,M4_history_insufficient,train,120,22
jpl,1-1-191-803,2019-08,current_only,M4_history_insufficient,train,150,28
jpl,1-1-191-804,2019-08,current_only,M4_history_insufficient,train,140,26
jpl,1-1-191-805,2019-08,current_only,M4_history_insufficient,train,125,23
jpl,1-1-191-806,2019-08,current_only,M4_history_insufficient,train,125,23
jpl,1-1-191-807,2019-08,current_only,M4_history_insufficient,train,140,26
jpl,1-1-191-808,2019-08,current_only,M4_history_insufficient,train,125,23
jpl,1-1-191-811,2019-08,current_only,M4_history_insufficient,train,135,25
jpl,1-1-191-812,2019-08,current_only,M4_history_insufficient,train,135,25
jpl,1-1-193-816,2019-08,current_only,M4_history_insufficient,train,220,42
jpl,1-1-193-816,2019-08,current_only,M4_history_insufficient,validation,5,1
jpl,1-1-193-819,2019-08,current_only,M4_history_insufficient,train,240,46
jpl,1-1-193-819,2019-08,current_only,M4_history_insufficient,validation,5,1
jpl,1-1-193-820,2019-08,current_only,M4_history_insufficient,train,210,40
jpl,1-1-193-820,2019-08,current_only,M4_history_insufficient,validation,5,1
jpl,1-1-193-825,2019-08,current_only,M4_history_insufficient,train,190,36
jpl,1-1-193-827,2019-08,current_only,M4_history_insufficient,train,205,39
jpl,1-1-193-827,2019-08,current_only,M4_history_insufficient,validation,5,1
jpl,1-1-193-829,2019-08,current_only,M4_history_insufficient,train,200,38
jpl,1-1-193-829,2019-08,current_only,M4_history_insufficient,validation,5,1
jpl,1-1-194-818,2019-08,current_only,M4_history_insufficient,train,170,32
jpl,1-1-194-818,2019-08,current_only,M4_history_insufficient,validation,10,2
jpl,1-1-194-821,2019-08,current_only,M4_history_insufficient,train,225,43
jpl,1-1-194-821,2019-08,current_only,M4_history_insufficient,validation,10,2
jpl,1-1-194-822,2019-08,current_only,M4_history_insufficient,train,190,36
jpl,1-1-194-826,2019-08,current_only,M4_history_insufficient,train,165,31
jpl,1-1-194-826,2019-08,current_only,M4_history_insufficient,validation,5,1
jpl,1-1-178-817,2019-09,current_only,M4_history_insufficient,validation,200,35
jpl,1-1-178-823,2019-09,current_only,M4_history_insufficient,validation,329,60
jpl,1-1-178-824,2019-09,current_only,M4_history_insufficient,validation,235,42
jpl,1-1-178-828,2019-09,current_only,M4_history_insufficient,validation,230,41
jpl,1-1-179-777,2019-09,current_only,M4_history_insufficient,validation,160,27
jpl,1-1-179-779,2019-09,current_only,M4_history_insufficient,validation,135,22
jpl,1-1-179-781,2019-09,current_only,M4_history_insufficient,validation,145,24
jpl,1-1-179-783,2019-09,current_only,M4_history_insufficient,validation,180,31
jpl,1-1-179-787,2019-09,current_only,M4_history_insufficient,validation,140,23
jpl,1-1-179-788,2019-09,current_only,M4_history_insufficient,validation,130,21
jpl,1-1-179-790,2019-09,current_only,M4_history_insufficient,validation,150,25
jpl,1-1-179-791,2019-09,current_only,M4_history_insufficient,validation,140,23
jpl,1-1-179-794,2019-09,current_only,M4_history_insufficient,validation,140,23
jpl,1-1-179-796,2019-09,current_only,M4_history_insufficient,validation,130,21
jpl,1-1-179-797,2019-09,current_only,M4_history_insufficient,validation,125,20
jpl,1-1-179-798,2019-09,current_only,M4_history_insufficient,validation,145,24
jpl,1-1-179-799,2019-09,current_only,M4_history_insufficient,validation,145,24
jpl,1-1-179-800,2019-09,current_only,M4_history_insufficient,validation,135,22
jpl,1-1-179-801,2019-09,current_only,M4_history_insufficient,validation,130,21
jpl,1-1-179-809,2019-09,current_only,M4_history_insufficient,validation,120,19
jpl,1-1-179-810,2019-09,current_only,M4_history_insufficient,validation,180,31
jpl,1-1-179-813,2019-09,current_only,M4_history_insufficient,validation,95,18
jpl,1-1-179-815,2019-09,current_only,M4_history_insufficient,validation,125,24
jpl,1-1-191-778,2019-09,current_only,M4_history_insufficient,validation,150,25
jpl,1-1-191-780,2019-09,current_only,M4_history_insufficient,validation,135,22
jpl,1-1-191-782,2019-09,current_only,M4_history_insufficient,validation,140,23
jpl,1-1-191-784,2019-09,current_only,M4_history_insufficient,validation,130,21
jpl,1-1-191-785,2019-09,current_only,M4_history_insufficient,validation,120,19
jpl,1-1-191-786,2019-09,current_only,M4_history_insufficient,validation,116,19
jpl,1-1-191-789,2019-09,current_only,M4_history_insufficient,validation,150,25
jpl,1-1-191-792,2019-09,current_only,M4_history_insufficient,validation,130,21
jpl,1-1-191-793,2019-09,current_only,M4_history_insufficient,validation,135,22
jpl,1-1-191-795,2019-09,current_only,M4_history_insufficient,validation,150,25
jpl,1-1-191-802,2019-09,current_only,M4_history_insufficient,validation,125,20
jpl,1-1-191-803,2019-09,current_only,M4_history_insufficient,validation,140,23
jpl,1-1-191-804,2019-09,current_only,M4_history_insufficient,validation,155,26
jpl,1-1-191-805,2019-09,current_only,M4_history_insufficient,validation,125,20
jpl,1-1-191-806,2019-09,current_only,M4_history_insufficient,validation,105,20
jpl,1-1-191-807,2019-09,current_only,M4_history_insufficient,validation,120,19
jpl,1-1-191-808,2019-09,current_only,M4_history_insufficient,validation,140,23
jpl,1-1-191-811,2019-09,current_only,M4_history_insufficient,validation,125,20
jpl,1-1-191-812,2019-09,current_only,M4_history_insufficient,validation,130,21
jpl,1-1-193-816,2019-09,current_only,M4_history_insufficient,validation,215,38
jpl,1-1-193-819,2019-09,current_only,M4_history_insufficient,validation,265,48
jpl,1-1-193-820,2019-09,current_only,M4_history_insufficient,validation,225,40
jpl,1-1-193-825,2019-09,current_only,M4_history_insufficient,validation,195,34
jpl,1-1-193-827,2019-09,current_only,M4_history_insufficient,validation,235,42
jpl,1-1-193-829,2019-09,current_only,M4_history_insufficient,validation,190,33
jpl,1-1-194-818,2019-09,current_only,M4_history_insufficient,validation,210,37
jpl,1-1-194-821,2019-09,current_only,M4_history_insufficient,validation,240,43
jpl,1-1-194-822,2019-09,current_only,M4_history_insufficient,validation,200,35
jpl,1-1-194-826,2019-09,current_only,M4_history_insufficient,validation,195,34
jpl,1-1-178-817,2019-10,current_only,M4_history_insufficient,validation,210,40
jpl,1-1-178-823,2019-10,current_only,M4_history_insufficient,validation,330,64
jpl,1-1-178-824,2019-10,current_only,M4_history_insufficient,validation,240,46
jpl,1-1-178-828,2019-10,current_only,M4_history_insufficient,validation,260,50
jpl,1-1-179-777,2019-10,current_only,M4_history_insufficient,validation,150,28
jpl,1-1-179-779,2019-10,current_only,M4_history_insufficient,validation,125,23
jpl,1-1-179-781,2019-10,current_only,M4_history_insufficient,validation,155,29
jpl,1-1-179-783,2019-10,current_only,M4_history_insufficient,validation,145,27
jpl,1-1-179-787,2019-10,current_only,M4_history_insufficient,validation,155,29
jpl,1-1-179-788,2019-10,current_only,M4_history_insufficient,validation,135,25
jpl,1-1-179-790,2019-10,current_only,M4_history_insufficient,validation,145,27
jpl,1-1-179-791,2019-10,current_only,M4_history_insufficient,validation,180,34
jpl,1-1-179-794,2019-10,current_only,M4_history_insufficient,validation,135,25
jpl,1-1-179-796,2019-10,current_only,M4_history_insufficient,validation,120,22
jpl,1-1-179-797,2019-10,current_only,M4_history_insufficient,validation,140,26
jpl,1-1-179-798,2019-10,current_only,M4_history_insufficient,validation,160,30
jpl,1-1-179-799,2019-10,current_only,M4_history_insufficient,validation,140,26
jpl,1-1-179-800,2019-10,current_only,M4_history_insufficient,validation,200,38
jpl,1-1-179-801,2019-10,current_only,M4_history_insufficient,validation,135,25
jpl,1-1-179-809,2019-10,current_only,M4_history_insufficient,validation,180,34
jpl,1-1-179-810,2019-10,current_only,M4_history_insufficient,validation,170,32
jpl,1-1-179-813,2019-10,current_only,M4_history_insufficient,validation,134,25
jpl,1-1-179-815,2019-10,current_only,M4_history_insufficient,validation,135,25
jpl,1-1-191-778,2019-10,current_only,M4_history_insufficient,validation,120,23
jpl,1-1-191-780,2019-10,current_only,M4_history_insufficient,validation,130,24
jpl,1-1-191-782,2019-10,current_only,M4_history_insufficient,validation,145,27
jpl,1-1-191-784,2019-10,current_only,M4_history_insufficient,validation,150,28
jpl,1-1-191-785,2019-10,current_only,M4_history_insufficient,validation,125,23
jpl,1-1-191-786,2019-10,current_only,M4_history_insufficient,validation,140,26
jpl,1-1-191-789,2019-10,current_only,M4_history_insufficient,validation,140,26
jpl,1-1-191-792,2019-10,current_only,M4_history_insufficient,validation,140,26
jpl,1-1-191-793,2019-10,current_only,M4_history_insufficient,validation,142,27
jpl,1-1-191-795,2019-10,current_only,M4_history_insufficient,validation,165,31
jpl,1-1-191-802,2019-10,current_only,M4_history_insufficient,validation,135,25
jpl,1-1-191-803,2019-10,current_only,M4_history_insufficient,validation,135,25
jpl,1-1-191-804,2019-10,current_only,M4_history_insufficient,validation,135,25
jpl,1-1-191-805,2019-10,current_only,M4_history_insufficient,validation,150,28
jpl,1-1-191-806,2019-10,current_only,M4_history_insufficient,validation,130,25
jpl,1-1-191-807,2019-10,current_only,M4_history_insufficient,validation,135,26
jpl,1-1-191-808,2019-10,current_only,M4_history_insufficient,validation,100,19
jpl,1-1-191-811,2019-10,current_only,M4_history_insufficient,validation,125,23
jpl,1-1-191-812,2019-10,current_only,M4_history_insufficient,validation,125,23
jpl,1-1-193-816,2019-10,current_only,M4_history_insufficient,validation,220,42
jpl,1-1-193-819,2019-10,current_only,M4_history_insufficient,validation,300,57
jpl,1-1-193-820,2019-10,current_only,M4_history_insufficient,validation,235,45
jpl,1-1-193-825,2019-10,current_only,M4_history_insufficient,validation,265,51
jpl,1-1-193-827,2019-10,current_only,M4_history_insufficient,validation,265,51
jpl,1-1-193-829,2019-10,current_only,M4_history_insufficient,validation,220,42
jpl,1-1-194-818,2019-10,current_only,M4_history_insufficient,validation,195,37
jpl,1-1-194-821,2019-10,current_only,M4_history_insufficient,validation,280,54
jpl,1-1-194-822,2019-10,current_only,M4_history_insufficient,validation,220,42
jpl,1-1-194-826,2019-10,current_only,M4_history_insufficient,validation,210,40
jpl,1-1-178-817,2019-11,current_only,M4_history_insufficient,validation,210,38
jpl,1-1-178-823,2019-11,current_only,M4_history_insufficient,validation,320,60
jpl,1-1-178-824,2019-11,current_only,M4_history_insufficient,validation,200,36
jpl,1-1-178-828,2019-11,current_only,M4_history_insufficient,validation,185,33
jpl,1-1-179-777,2019-11,current_only,M4_history_insufficient,validation,140,24
jpl,1-1-179-779,2019-11,current_only,M4_history_insufficient,validation,120,20
jpl,1-1-179-781,2019-11,current_only,M4_history_insufficient,validation,130,22
jpl,1-1-179-783,2019-11,current_only,M4_history_insufficient,validation,135,24
jpl,1-1-179-787,2019-11,current_only,M4_history_insufficient,validation,164,29
jpl,1-1-179-788,2019-11,current_only,M4_history_insufficient,validation,130,22
jpl,1-1-179-790,2019-11,current_only,M4_history_insufficient,validation,140,25
jpl,1-1-179-791,2019-11,current_only,M4_history_insufficient,validation,135,24
jpl,1-1-179-794,2019-11,current_only,M4_history_insufficient,validation,130,22
jpl,1-1-179-796,2019-11,current_only,M4_history_insufficient,validation,140,24
jpl,1-1-179-797,2019-11,current_only,M4_history_insufficient,validation,130,22
jpl,1-1-179-798,2019-11,current_only,M4_history_insufficient,validation,135,23
jpl,1-1-179-799,2019-11,current_only,M4_history_insufficient,validation,145,25
jpl,1-1-179-800,2019-11,current_only,M4_history_insufficient,validation,150,26
jpl,1-1-179-801,2019-11,current_only,M4_history_insufficient,validation,135,23
jpl,1-1-179-809,2019-11,current_only,M4_history_insufficient,validation,145,26
jpl,1-1-179-810,2019-11,current_only,M4_history_insufficient,validation,145,25
jpl,1-1-179-813,2019-11,current_only,M4_history_insufficient,validation,120,20
jpl,1-1-179-815,2019-11,current_only,M4_history_insufficient,validation,140,24
jpl,1-1-191-778,2019-11,current_only,M4_history_insufficient,validation,145,25
jpl,1-1-191-780,2019-11,current_only,M4_history_insufficient,validation,115,19
jpl,1-1-191-782,2019-11,current_only,M4_history_insufficient,validation,135,23
jpl,1-1-191-784,2019-11,current_only,M4_history_insufficient,validation,110,19
jpl,1-1-191-785,2019-11,current_only,M4_history_insufficient,validation,105,17
jpl,1-1-191-786,2019-11,current_only,M4_history_insufficient,validation,125,21
jpl,1-1-191-789,2019-11,current_only,M4_history_insufficient,validation,115,19
jpl,1-1-191-792,2019-11,current_only,M4_history_insufficient,validation,120,20
jpl,1-1-191-793,2019-11,current_only,M4_history_insufficient,validation,115,19
jpl,1-1-191-795,2019-11,current_only,M4_history_insufficient,validation,140,25
jpl,1-1-191-802,2019-11,current_only,M4_history_insufficient,validation,120,20
jpl,1-1-191-803,2019-11,current_only,M4_history_insufficient,validation,135,23
jpl,1-1-191-804,2019-11,current_only,M4_history_insufficient,validation,105,17
jpl,1-1-191-805,2019-11,current_only,M4_history_insufficient,validation,115,19
jpl,1-1-191-806,2019-11,current_only,M4_history_insufficient,validation,114,19
jpl,1-1-191-807,2019-11,current_only,M4_history_insufficient,validation,145,26
jpl,1-1-191-808,2019-11,current_only,M4_history_insufficient,validation,105,17
jpl,1-1-191-811,2019-11,current_only,M4_history_insufficient,validation,120,21
jpl,1-1-191-812,2019-11,current_only,M4_history_insufficient,validation,120,20
jpl,1-1-193-816,2019-11,current_only,M4_history_insufficient,validation,155,27
jpl,1-1-193-819,2019-11,current_only,M4_history_insufficient,validation,230,42
jpl,1-1-193-820,2019-11,current_only,M4_history_insufficient,validation,165,30
jpl,1-1-193-825,2019-11,current_only,M4_history_insufficient,validation,195,35
jpl,1-1-193-827,2019-11,current_only,M4_history_insufficient,validation,185,34
jpl,1-1-193-829,2019-11,current_only,M4_history_insufficient,validation,175,31
jpl,1-1-194-818,2019-11,current_only,M4_history_insufficient,validation,160,28
jpl,1-1-194-821,2019-11,current_only,M4_history_insufficient,validation,235,43
jpl,1-1-194-822,2019-11,current_only,M4_history_insufficient,validation,185,33
jpl,1-1-194-826,2019-11,current_only,M4_history_insufficient,validation,210,39
jpl,1-1-178-817,2019-12,current_only,M4_history_insufficient,stress,121,23
jpl,1-1-178-823,2019-12,current_only,M4_history_insufficient,stress,195,39
jpl,1-1-178-824,2019-12,current_only,M4_history_insufficient,stress,145,28
jpl,1-1-178-828,2019-12,current_only,M4_history_insufficient,stress,190,36
jpl,1-1-179-777,2019-12,current_only,M4_history_insufficient,stress,125,23
jpl,1-1-179-779,2019-12,current_only,M4_history_insufficient,stress,95,17
jpl,1-1-179-781,2019-12,current_only,M4_history_insufficient,stress,105,19
jpl,1-1-179-783,2019-12,current_only,M4_history_insufficient,stress,128,24
jpl,1-1-179-787,2019-12,current_only,M4_history_insufficient,stress,100,19
jpl,1-1-179-788,2019-12,current_only,M4_history_insufficient,stress,95,18
jpl,1-1-179-790,2019-12,current_only,M4_history_insufficient,stress,110,21
jpl,1-1-179-791,2019-12,current_only,M4_history_insufficient,stress,105,19
jpl,1-1-179-794,2019-12,current_only,M4_history_insufficient,stress,90,17
jpl,1-1-179-796,2019-12,current_only,M4_history_insufficient,stress,100,18
jpl,1-1-179-797,2019-12,current_only,M4_history_insufficient,stress,105,20
jpl,1-1-179-798,2019-12,current_only,M4_history_insufficient,stress,120,22
jpl,1-1-179-799,2019-12,current_only,M4_history_insufficient,stress,90,18
jpl,1-1-179-800,2019-12,current_only,M4_history_insufficient,stress,130,25
jpl,1-1-179-801,2019-12,current_only,M4_history_insufficient,stress,105,19
jpl,1-1-179-809,2019-12,current_only,M4_history_insufficient,stress,100,18
jpl,1-1-179-810,2019-12,current_only,M4_history_insufficient,stress,130,24
jpl,1-1-179-813,2019-12,current_only,M4_history_insufficient,stress,125,23
jpl,1-1-179-815,2019-12,current_only,M4_history_insufficient,stress,115,21
jpl,1-1-191-778,2019-12,current_only,M4_history_insufficient,stress,90,16
jpl,1-1-191-780,2019-12,current_only,M4_history_insufficient,stress,95,17
jpl,1-1-191-782,2019-12,current_only,M4_history_insufficient,stress,105,20
jpl,1-1-191-784,2019-12,current_only,M4_history_insufficient,stress,90,16
jpl,1-1-191-785,2019-12,current_only,M4_history_insufficient,stress,85,15
jpl,1-1-191-786,2019-12,current_only,M4_history_insufficient,stress,80,14
jpl,1-1-191-789,2019-12,current_only,M4_history_insufficient,stress,110,22
jpl,1-1-191-792,2019-12,current_only,M4_history_insufficient,stress,80,14
jpl,1-1-191-793,2019-12,current_only,M4_history_insufficient,stress,75,13
jpl,1-1-191-795,2019-12,current_only,M4_history_insufficient,stress,110,20
jpl,1-1-191-802,2019-12,current_only,M4_history_insufficient,stress,75,13
jpl,1-1-191-803,2019-12,current_only,M4_history_insufficient,stress,110,20
jpl,1-1-191-804,2019-12,current_only,M4_history_insufficient,stress,85,15
jpl,1-1-191-805,2019-12,current_only,M4_history_insufficient,stress,82,15
jpl,1-1-191-806,2019-12,current_only,M4_history_insufficient,stress,90,16
jpl,1-1-191-807,2019-12,current_only,M4_history_insufficient,stress,85,15
jpl,1-1-191-808,2019-12,current_only,M4_history_insufficient,stress,100,18
jpl,1-1-191-811,2019-12,current_only,M4_history_insufficient,stress,90,16
jpl,1-1-191-812,2019-12,current_only,M4_history_insufficient,stress,85,16
jpl,1-1-193-816,2019-12,current_only,M4_history_insufficient,stress,155,29
jpl,1-1-193-819,2019-12,current_only,M4_history_insufficient,stress,170,32
jpl,1-1-193-820,2019-12,current_only,M4_history_insufficient,stress,175,34
jpl,1-1-193-825,2019-12,current_only,M4_history_insufficient,stress,145,28
jpl,1-1-193-827,2019-12,current_only,M4_history_insufficient,stress,130,24
jpl,1-1-193-829,2019-12,current_only,M4_history_insufficient,stress,135,26
jpl,1-1-194-818,2019-12,current_only,M4_history_insufficient,stress,125,23
jpl,1-1-194-821,2019-12,current_only,M4_history_insufficient,stress,155,29
jpl,1-1-194-822,2019-12,current_only,M4_history_insufficient,stress,125,24
jpl,1-1-194-826,2019-12,current_only,M4_history_insufficient,stress,136,26
jpl,1-1-178-817,2020-01,current_only,M4_history_insufficient,test,85,17
jpl,1-1-178-817,2020-01,current_only,M4_history_insufficient,validation,65,13
jpl,1-1-178-823,2020-01,current_only,M4_history_insufficient,test,200,40
jpl,1-1-178-823,2020-01,current_only,M4_history_insufficient,validation,130,26
jpl,1-1-178-824,2020-01,current_only,M4_history_insufficient,test,105,21
jpl,1-1-178-824,2020-01,current_only,M4_history_insufficient,validation,60,12
jpl,1-1-178-828,2020-01,current_only,M4_history_insufficient,test,170,34
jpl,1-1-178-828,2020-01,current_only,M4_history_insufficient,validation,90,18
jpl,1-1-179-777,2020-01,current_only,M4_history_insufficient,test,85,17
jpl,1-1-179-777,2020-01,current_only,M4_history_insufficient,validation,45,9
jpl,1-1-179-779,2020-01,current_only,M4_history_insufficient,test,70,14
jpl,1-1-179-779,2020-01,current_only,M4_history_insufficient,validation,40,8
jpl,1-1-179-781,2020-01,current_only,M4_history_insufficient,test,80,16
jpl,1-1-179-781,2020-01,current_only,M4_history_insufficient,validation,60,12
jpl,1-1-179-783,2020-01,current_only,M4_history_insufficient,test,75,15
jpl,1-1-179-783,2020-01,current_only,M4_history_insufficient,validation,50,10
jpl,1-1-179-787,2020-01,current_only,M4_history_insufficient,test,75,15
jpl,1-1-179-787,2020-01,current_only,M4_history_insufficient,validation,50,10
jpl,1-1-179-788,2020-01,current_only,M4_history_insufficient,test,80,16
jpl,1-1-179-788,2020-01,current_only,M4_history_insufficient,validation,55,11
jpl,1-1-179-790,2020-01,current_only,M4_history_insufficient,test,65,13
jpl,1-1-179-790,2020-01,current_only,M4_history_insufficient,validation,65,13
jpl,1-1-179-791,2020-01,current_only,M4_history_insufficient,test,70,14
jpl,1-1-179-791,2020-01,current_only,M4_history_insufficient,validation,70,14
jpl,1-1-179-794,2020-01,current_only,M4_history_insufficient,test,110,22
jpl,1-1-179-794,2020-01,current_only,M4_history_insufficient,validation,55,11
jpl,1-1-179-796,2020-01,current_only,M4_history_insufficient,test,55,11
jpl,1-1-179-796,2020-01,current_only,M4_history_insufficient,validation,50,10
jpl,1-1-179-797,2020-01,current_only,M4_history_insufficient,test,70,14
jpl,1-1-179-797,2020-01,current_only,M4_history_insufficient,validation,45,9
jpl,1-1-179-798,2020-01,current_only,M4_history_insufficient,test,95,19
jpl,1-1-179-798,2020-01,current_only,M4_history_insufficient,validation,45,9
jpl,1-1-179-799,2020-01,current_only,M4_history_insufficient,test,100,20
jpl,1-1-179-799,2020-01,current_only,M4_history_insufficient,validation,60,12
jpl,1-1-179-800,2020-01,current_only,M4_history_insufficient,test,85,17
jpl,1-1-179-800,2020-01,current_only,M4_history_insufficient,validation,40,8
jpl,1-1-179-801,2020-01,current_only,M4_history_insufficient,test,65,13
jpl,1-1-179-801,2020-01,current_only,M4_history_insufficient,validation,55,11
jpl,1-1-179-809,2020-01,current_only,M4_history_insufficient,test,85,17
jpl,1-1-179-809,2020-01,current_only,M4_history_insufficient,validation,50,10
jpl,1-1-179-810,2020-01,current_only,M4_history_insufficient,test,95,19
jpl,1-1-179-810,2020-01,current_only,M4_history_insufficient,validation,60,12
jpl,1-1-179-813,2020-01,current_only,M4_history_insufficient,test,65,13
jpl,1-1-179-813,2020-01,current_only,M4_history_insufficient,validation,45,9
jpl,1-1-179-815,2020-01,current_only,M4_history_insufficient,test,90,18
jpl,1-1-179-815,2020-01,current_only,M4_history_insufficient,validation,45,9
jpl,1-1-191-778,2020-01,current_only,M4_history_insufficient,test,70,14
jpl,1-1-191-778,2020-01,current_only,M4_history_insufficient,validation,45,9
jpl,1-1-191-780,2020-01,current_only,M4_history_insufficient,test,75,15
jpl,1-1-191-780,2020-01,current_only,M4_history_insufficient,validation,50,10
jpl,1-1-191-782,2020-01,current_only,M4_history_insufficient,test,75,15
jpl,1-1-191-782,2020-01,current_only,M4_history_insufficient,validation,45,9
jpl,1-1-191-784,2020-01,current_only,M4_history_insufficient,test,65,13
jpl,1-1-191-784,2020-01,current_only,M4_history_insufficient,validation,30,6
jpl,1-1-191-785,2020-01,current_only,M4_history_insufficient,test,60,12
jpl,1-1-191-785,2020-01,current_only,M4_history_insufficient,validation,35,7
jpl,1-1-191-786,2020-01,current_only,M4_history_insufficient,test,55,11
jpl,1-1-191-786,2020-01,current_only,M4_history_insufficient,validation,40,8
jpl,1-1-191-789,2020-01,current_only,M4_history_insufficient,test,60,12
jpl,1-1-191-789,2020-01,current_only,M4_history_insufficient,validation,40,8
jpl,1-1-191-792,2020-01,current_only,M4_history_insufficient,test,70,14
jpl,1-1-191-792,2020-01,current_only,M4_history_insufficient,validation,35,7
jpl,1-1-191-793,2020-01,current_only,M4_history_insufficient,test,70,14
jpl,1-1-191-793,2020-01,current_only,M4_history_insufficient,validation,30,6
jpl,1-1-191-795,2020-01,current_only,M4_history_insufficient,test,80,16
jpl,1-1-191-795,2020-01,current_only,M4_history_insufficient,validation,40,8
jpl,1-1-191-802,2020-01,current_only,M4_history_insufficient,test,60,12
jpl,1-1-191-802,2020-01,current_only,M4_history_insufficient,validation,40,8
jpl,1-1-191-803,2020-01,current_only,M4_history_insufficient,test,75,15
jpl,1-1-191-803,2020-01,current_only,M4_history_insufficient,validation,45,9
jpl,1-1-191-804,2020-01,current_only,M4_history_insufficient,test,50,10
jpl,1-1-191-804,2020-01,current_only,M4_history_insufficient,validation,45,9
jpl,1-1-191-805,2020-01,current_only,M4_history_insufficient,test,65,13
jpl,1-1-191-805,2020-01,current_only,M4_history_insufficient,validation,35,7
jpl,1-1-191-806,2020-01,current_only,M4_history_insufficient,test,70,14
jpl,1-1-191-806,2020-01,current_only,M4_history_insufficient,validation,45,9
jpl,1-1-191-807,2020-01,current_only,M4_history_insufficient,test,85,17
jpl,1-1-191-807,2020-01,current_only,M4_history_insufficient,validation,40,8
jpl,1-1-191-808,2020-01,current_only,M4_history_insufficient,test,60,12
jpl,1-1-191-808,2020-01,current_only,M4_history_insufficient,validation,35,7
jpl,1-1-191-811,2020-01,current_only,M4_history_insufficient,test,75,15
jpl,1-1-191-811,2020-01,current_only,M4_history_insufficient,validation,35,7
jpl,1-1-191-812,2020-01,current_only,M4_history_insufficient,test,55,11
jpl,1-1-191-812,2020-01,current_only,M4_history_insufficient,validation,40,8
jpl,1-1-193-816,2020-01,current_only,M4_history_insufficient,test,100,20
jpl,1-1-193-816,2020-01,current_only,M4_history_insufficient,validation,55,11
jpl,1-1-193-819,2020-01,current_only,M4_history_insufficient,test,160,32
jpl,1-1-193-819,2020-01,current_only,M4_history_insufficient,validation,120,24
jpl,1-1-193-820,2020-01,current_only,M4_history_insufficient,test,110,22
jpl,1-1-193-820,2020-01,current_only,M4_history_insufficient,validation,70,14
jpl,1-1-193-825,2020-01,current_only,M4_history_insufficient,test,95,19
jpl,1-1-193-825,2020-01,current_only,M4_history_insufficient,validation,70,14
jpl,1-1-193-827,2020-01,current_only,M4_history_insufficient,test,115,23
jpl,1-1-193-827,2020-01,current_only,M4_history_insufficient,validation,70,14
jpl,1-1-193-829,2020-01,current_only,M4_history_insufficient,test,100,20
jpl,1-1-193-829,2020-01,current_only,M4_history_insufficient,validation,70,14
jpl,1-1-194-818,2020-01,current_only,M4_history_insufficient,test,100,20
jpl,1-1-194-818,2020-01,current_only,M4_history_insufficient,validation,65,13
jpl,1-1-194-821,2020-01,current_only,M4_history_insufficient,test,165,33
jpl,1-1-194-821,2020-01,current_only,M4_history_insufficient,validation,110,22
jpl,1-1-194-822,2020-01,current_only,M4_history_insufficient,test,110,22
jpl,1-1-194-822,2020-01,current_only,M4_history_insufficient,validation,60,12
jpl,1-1-194-826,2020-01,current_only,M4_history_insufficient,test,120,24
jpl,1-1-194-826,2020-01,current_only,M4_history_insufficient,validation,75,15
jpl,1-1-178-817,2020-02,current_only,M4_history_insufficient,stress,150,30
jpl,1-1-178-823,2020-02,current_only,M4_history_insufficient,stress,285,57
jpl,1-1-178-824,2020-02,current_only,M4_history_insufficient,stress,150,30
jpl,1-1-178-828,2020-02,current_only,M4_history_insufficient,stress,220,44
jpl,1-1-179-777,2020-02,current_only,M4_history_insufficient,stress,105,21
jpl,1-1-179-779,2020-02,current_only,M4_history_insufficient,stress,115,23
jpl,1-1-179-781,2020-02,current_only,M4_history_insufficient,stress,125,25
jpl,1-1-179-783,2020-02,current_only,M4_history_insufficient,stress,115,23
jpl,1-1-179-787,2020-02,current_only,M4_history_insufficient,stress,85,17
jpl,1-1-179-788,2020-02,current_only,M4_history_insufficient,stress,120,24
jpl,1-1-179-790,2020-02,current_only,M4_history_insufficient,stress,90,18
jpl,1-1-179-791,2020-02,current_only,M4_history_insufficient,stress,105,21
jpl,1-1-179-794,2020-02,current_only,M4_history_insufficient,stress,140,28
jpl,1-1-179-796,2020-02,current_only,M4_history_insufficient,stress,130,26
jpl,1-1-179-797,2020-02,current_only,M4_history_insufficient,stress,105,21
jpl,1-1-179-798,2020-02,current_only,M4_history_insufficient,stress,155,31
jpl,1-1-179-799,2020-02,current_only,M4_history_insufficient,stress,135,27
jpl,1-1-179-800,2020-02,current_only,M4_history_insufficient,stress,155,31
jpl,1-1-179-801,2020-02,current_only,M4_history_insufficient,stress,105,21
jpl,1-1-179-809,2020-02,current_only,M4_history_insufficient,stress,140,28
jpl,1-1-179-810,2020-02,current_only,M4_history_insufficient,stress,130,26
jpl,1-1-179-813,2020-02,current_only,M4_history_insufficient,stress,105,21
jpl,1-1-179-815,2020-02,current_only,M4_history_insufficient,stress,140,28
jpl,1-1-191-778,2020-02,current_only,M4_history_insufficient,stress,100,20
jpl,1-1-191-780,2020-02,current_only,M4_history_insufficient,stress,120,24
jpl,1-1-191-782,2020-02,current_only,M4_history_insufficient,stress,110,22
jpl,1-1-191-784,2020-02,current_only,M4_history_insufficient,stress,85,17
jpl,1-1-191-785,2020-02,current_only,M4_history_insufficient,stress,95,19
jpl,1-1-191-786,2020-02,current_only,M4_history_insufficient,stress,135,27
jpl,1-1-191-789,2020-02,current_only,M4_history_insufficient,stress,115,23
jpl,1-1-191-792,2020-02,current_only,M4_history_insufficient,stress,105,21
jpl,1-1-191-793,2020-02,current_only,M4_history_insufficient,stress,115,23
jpl,1-1-191-795,2020-02,current_only,M4_history_insufficient,stress,110,22
jpl,1-1-191-802,2020-02,current_only,M4_history_insufficient,stress,105,21
jpl,1-1-191-803,2020-02,current_only,M4_history_insufficient,stress,110,22
jpl,1-1-191-804,2020-02,current_only,M4_history_insufficient,stress,95,19
jpl,1-1-191-805,2020-02,current_only,M4_history_insufficient,stress,95,19
jpl,1-1-191-806,2020-02,current_only,M4_history_insufficient,stress,130,26
jpl,1-1-191-807,2020-02,current_only,M4_history_insufficient,stress,110,22
jpl,1-1-191-808,2020-02,current_only,M4_history_insufficient,stress,100,20
jpl,1-1-191-811,2020-02,current_only,M4_history_insufficient,stress,95,19
jpl,1-1-191-812,2020-02,current_only,M4_history_insufficient,stress,95,19
jpl,1-1-193-816,2020-02,current_only,M4_history_insufficient,stress,140,28
jpl,1-1-193-819,2020-02,current_only,M4_history_insufficient,stress,235,47
jpl,1-1-193-820,2020-02,current_only,M4_history_insufficient,stress,195,39
jpl,1-1-193-825,2020-02,current_only,M4_history_insufficient,stress,165,33
jpl,1-1-193-827,2020-02,current_only,M4_history_insufficient,stress,180,36
jpl,1-1-193-829,2020-02,current_only,M4_history_insufficient,stress,195,39
jpl,1-1-194-818,2020-02,current_only,M4_history_insufficient,stress,180,36
jpl,1-1-194-821,2020-02,current_only,M4_history_insufficient,stress,270,54
jpl,1-1-194-822,2020-02,current_only,M4_history_insufficient,stress,165,33
jpl,1-1-194-826,2020-02,current_only,M4_history_insufficient,stress,185,37
jpl,1-1-178-817,2020-03,current_only,M4_history_insufficient,test,115,23
jpl,1-1-178-823,2020-03,current_only,M4_history_insufficient,test,165,33
jpl,1-1-178-824,2020-03,current_only,M4_history_insufficient,test,140,28
jpl,1-1-178-828,2020-03,current_only,M4_history_insufficient,test,175,35
jpl,1-1-179-777,2020-03,current_only,M4_history_insufficient,test,65,13
jpl,1-1-179-779,2020-03,current_only,M4_history_insufficient,test,60,12
jpl,1-1-179-781,2020-03,current_only,M4_history_insufficient,test,65,13
jpl,1-1-179-783,2020-03,current_only,M4_history_insufficient,test,55,11
jpl,1-1-179-787,2020-03,current_only,M4_history_insufficient,test,55,11
jpl,1-1-179-788,2020-03,current_only,M4_history_insufficient,test,55,11
jpl,1-1-179-790,2020-03,current_only,M4_history_insufficient,test,55,11
jpl,1-1-179-791,2020-03,current_only,M4_history_insufficient,test,55,11
jpl,1-1-179-794,2020-03,current_only,M4_history_insufficient,test,65,13
jpl,1-1-179-796,2020-03,current_only,M4_history_insufficient,test,65,13
jpl,1-1-179-797,2020-03,current_only,M4_history_insufficient,test,60,12
jpl,1-1-179-798,2020-03,current_only,M4_history_insufficient,test,50,10
jpl,1-1-179-799,2020-03,current_only,M4_history_insufficient,test,80,16
jpl,1-1-179-800,2020-03,current_only,M4_history_insufficient,test,95,19
jpl,1-1-179-801,2020-03,current_only,M4_history_insufficient,test,50,10
jpl,1-1-179-809,2020-03,current_only,M4_history_insufficient,test,70,14
jpl,1-1-179-810,2020-03,current_only,M4_history_insufficient,test,70,14
jpl,1-1-179-813,2020-03,current_only,M4_history_insufficient,test,55,11
jpl,1-1-179-815,2020-03,current_only,M4_history_insufficient,test,80,16
jpl,1-1-191-778,2020-03,current_only,M4_history_insufficient,test,45,9
jpl,1-1-191-780,2020-03,current_only,M4_history_insufficient,test,45,9
jpl,1-1-191-782,2020-03,current_only,M4_history_insufficient,test,70,14
jpl,1-1-191-784,2020-03,current_only,M4_history_insufficient,test,70,14
jpl,1-1-191-785,2020-03,current_only,M4_history_insufficient,test,60,12
jpl,1-1-191-786,2020-03,current_only,M4_history_insufficient,test,50,10
jpl,1-1-191-789,2020-03,current_only,M4_history_insufficient,test,70,14
jpl,1-1-191-792,2020-03,current_only,M4_history_insufficient,test,45,9
jpl,1-1-191-793,2020-03,current_only,M4_history_insufficient,test,70,14
jpl,1-1-191-795,2020-03,current_only,M4_history_insufficient,test,70,14
jpl,1-1-191-802,2020-03,current_only,M4_history_insufficient,test,55,11
jpl,1-1-191-803,2020-03,current_only,M4_history_insufficient,test,60,12
jpl,1-1-191-804,2020-03,current_only,M4_history_insufficient,test,50,10
jpl,1-1-191-805,2020-03,current_only,M4_history_insufficient,test,60,12
jpl,1-1-191-806,2020-03,current_only,M4_history_insufficient,test,50,10
jpl,1-1-191-807,2020-03,current_only,M4_history_insufficient,test,60,12
jpl,1-1-191-808,2020-03,current_only,M4_history_insufficient,test,60,12
jpl,1-1-191-811,2020-03,current_only,M4_history_insufficient,test,55,11
jpl,1-1-191-812,2020-03,current_only,M4_history_insufficient,test,55,11
jpl,1-1-193-816,2020-03,current_only,M4_history_insufficient,test,80,16
jpl,1-1-193-819,2020-03,current_only,M4_history_insufficient,test,155,31
jpl,1-1-193-820,2020-03,current_only,M4_history_insufficient,test,160,32
jpl,1-1-193-825,2020-03,current_only,M4_history_insufficient,test,105,20
jpl,1-1-193-827,2020-03,current_only,M4_history_insufficient,test,170,34
jpl,1-1-193-829,2020-03,current_only,M4_history_insufficient,test,90,18
jpl,1-1-194-818,2020-03,current_only,M4_history_insufficient,test,110,22
jpl,1-1-194-821,2020-03,current_only,M4_history_insufficient,test,175,34
jpl,1-1-194-822,2020-03,current_only,M4_history_insufficient,test,130,26
jpl,1-1-194-826,2020-03,current_only,M4_history_insufficient,test,110,22
jpl,1-1-178-817,2020-04,current_only,M4_history_insufficient,stress,5,1
jpl,1-1-178-824,2020-04,current_only,M4_history_insufficient,stress,20,4
jpl,1-1-178-828,2020-04,current_only,M4_history_insufficient,stress,45,9
jpl,1-1-179-777,2020-04,current_only,M4_history_insufficient,stress,5,1
jpl,1-1-179-781,2020-04,current_only,M4_history_insufficient,test,5,1
jpl,1-1-179-800,2020-04,current_only,M4_history_insufficient,stress,10,2
jpl,1-1-179-815,2020-04,current_only,M4_history_insufficient,stress,10,2
jpl,1-1-193-816,2020-04,current_only,M4_history_insufficient,stress,20,3
jpl,1-1-193-819,2020-04,current_only,M4_history_insufficient,stress,15,3
jpl,1-1-193-820,2020-04,current_only,M4_history_insufficient,stress,10,2
jpl,1-1-193-827,2020-04,current_only,M4_history_insufficient,stress,35,6
jpl,1-1-194-818,2020-04,current_only,M4_history_insufficient,stress,10,2
jpl,1-1-194-821,2020-04,current_only,M4_history_insufficient,stress,10,2
jpl,1-1-194-821,2020-04,current_only,M4_history_insufficient,test,5,1
jpl,1-1-194-822,2020-04,current_only,M4_history_insufficient,stress,15,3
jpl,1-1-194-826,2020-04,current_only,M4_history_insufficient,stress,6,1
jpl,1-1-178-817,2020-05,current_only,M4_history_insufficient,test,95,19
jpl,1-1-178-823,2020-05,current_only,M4_history_insufficient,test,100,20
jpl,1-1-178-824,2020-05,current_only,M4_history_insufficient,test,100,20
jpl,1-1-178-828,2020-05,current_only,M4_history_insufficient,test,110,22
jpl,1-1-179-777,2020-05,current_only,M4_history_insufficient,test,25,5
jpl,1-1-179-781,2020-05,current_only,M4_history_insufficient,test,10,2
jpl,1-1-179-787,2020-05,current_only,M4_history_insufficient,test,55,11
jpl,1-1-179-788,2020-05,current_only,M4_history_insufficient,test,5,1
jpl,1-1-179-791,2020-05,current_only,M4_history_insufficient,test,25,5
jpl,1-1-179-797,2020-05,current_only,M4_history_insufficient,test,5,1
jpl,1-1-179-798,2020-05,current_only,M4_history_insufficient,test,5,1
jpl,1-1-179-799,2020-05,current_only,M4_history_insufficient,test,20,4
jpl,1-1-179-810,2020-05,current_only,M4_history_insufficient,test,5,1
jpl,1-1-179-813,2020-05,current_only,M4_history_insufficient,test,5,1
jpl,1-1-179-815,2020-05,current_only,M4_history_insufficient,test,20,4
jpl,1-1-193-816,2020-05,current_only,M4_history_insufficient,test,85,17
jpl,1-1-193-819,2020-05,current_only,M4_history_insufficient,test,60,12
jpl,1-1-193-820,2020-05,current_only,M4_history_insufficient,test,60,12
jpl,1-1-193-825,2020-05,current_only,M4_history_insufficient,test,80,16
jpl,1-1-193-827,2020-05,current_only,M4_history_insufficient,test,70,14
jpl,1-1-193-829,2020-05,current_only,M4_history_insufficient,test,70,14
jpl,1-1-194-818,2020-05,current_only,M4_history_insufficient,test,45,9
jpl,1-1-194-821,2020-05,current_only,M4_history_insufficient,test,90,18
jpl,1-1-194-822,2020-05,current_only,M4_history_insufficient,test,55,11
jpl,1-1-194-826,2020-05,current_only,M4_history_insufficient,test,55,11
jpl,1-1-178-817,2020-06,current_only,M4_history_insufficient,test,70,14
jpl,1-1-178-823,2020-06,current_only,M4_history_insufficient,test,70,14
jpl,1-1-178-824,2020-06,current_only,M4_history_insufficient,test,35,7
jpl,1-1-178-828,2020-06,current_only,M4_history_insufficient,test,100,20
jpl,1-1-179-777,2020-06,current_only,M4_history_insufficient,test,35,7
jpl,1-1-179-781,2020-06,current_only,M4_history_insufficient,test,15,3
jpl,1-1-179-787,2020-06,current_only,M4_history_insufficient,test,30,6
jpl,1-1-179-788,2020-06,current_only,M4_history_insufficient,test,10,2
jpl,1-1-179-791,2020-06,current_only,M4_history_insufficient,test,15,3
jpl,1-1-179-794,2020-06,current_only,M4_history_insufficient,test,5,1
jpl,1-1-179-799,2020-06,current_only,M4_history_insufficient,test,25,5
jpl,1-1-179-809,2020-06,current_only,M4_history_insufficient,test,15,3
jpl,1-1-179-810,2020-06,current_only,M4_history_insufficient,test,5,1
jpl,1-1-179-813,2020-06,current_only,M4_history_insufficient,test,10,2
jpl,1-1-179-815,2020-06,current_only,M4_history_insufficient,test,10,2
jpl,1-1-191-804,2020-06,current_only,M4_history_insufficient,test,10,2
jpl,1-1-193-816,2020-06,current_only,M4_history_insufficient,test,55,11
jpl,1-1-193-819,2020-06,current_only,M4_history_insufficient,test,65,13
jpl,1-1-193-820,2020-06,current_only,M4_history_insufficient,test,65,13
jpl,1-1-193-825,2020-06,current_only,M4_history_insufficient,test,80,16
jpl,1-1-193-827,2020-06,current_only,M4_history_insufficient,test,70,14
jpl,1-1-193-829,2020-06,current_only,M4_history_insufficient,test,40,8
jpl,1-1-194-818,2020-06,current_only,M4_history_insufficient,test,70,14
jpl,1-1-194-821,2020-06,current_only,M4_history_insufficient,test,60,12
jpl,1-1-194-822,2020-06,current_only,M4_history_insufficient,test,70,14
jpl,1-1-194-826,2020-06,current_only,M4_history_insufficient,test,85,17
jpl,1-1-178-817,2020-06,measured_pilot,M2_pilot_actual,test,3727,11
jpl,1-1-178-823,2020-06,measured_pilot,M2_pilot_actual,test,3638,10
jpl,1-1-178-824,2020-06,measured_pilot,M2_pilot_actual,test,2808,7
jpl,1-1-178-828,2020-06,measured_pilot,M2_pilot_actual,test,4147,14
jpl,1-1-179-777,2020-06,measured_pilot,M2_pilot_actual,test,392,3
jpl,1-1-179-781,2020-06,measured_pilot,M2_pilot_actual,test,662,3
jpl,1-1-179-787,2020-06,measured_pilot,M2_pilot_actual,test,1169,5
jpl,1-1-179-788,2020-06,measured_pilot,M2_pilot_actual,test,446,3
jpl,1-1-179-794,2020-06,measured_pilot,M2_pilot_actual,test,267,1
jpl,1-1-179-796,2020-06,measured_pilot,M2_pilot_actual,test,259,1
jpl,1-1-179-798,2020-06,measured_pilot,M2_pilot_actual,test,222,1
jpl,1-1-179-799,2020-06,measured_pilot,M2_pilot_actual,test,1586,4
jpl,1-1-179-809,2020-06,measured_pilot,M2_pilot_actual,test,562,4
jpl,1-1-179-813,2020-06,measured_pilot,M2_pilot_actual,test,247,1
jpl,1-1-179-815,2020-06,measured_pilot,M2_pilot_actual,test,1076,2
jpl,1-1-193-816,2020-06,measured_pilot,M2_pilot_actual,test,1988,5
jpl,1-1-193-819,2020-06,measured_pilot,M2_pilot_actual,test,3450,11
jpl,1-1-193-820,2020-06,measured_pilot,M2_pilot_actual,test,3019,8
jpl,1-1-193-825,2020-06,measured_pilot,M2_pilot_actual,test,3334,8
jpl,1-1-193-827,2020-06,measured_pilot,M2_pilot_actual,test,3485,8
jpl,1-1-193-829,2020-06,measured_pilot,M2_pilot_actual,test,2218,5
jpl,1-1-194-818,2020-06,measured_pilot,M2_pilot_actual,test,1912,6
jpl,1-1-194-821,2020-06,measured_pilot,M2_pilot_actual,test,3438,7
jpl,1-1-194-822,2020-06,measured_pilot,M2_pilot_actual,test,2636,10
jpl,1-1-194-826,2020-06,measured_pilot,M2_pilot_actual,test,3200,10
jpl,1-1-178-817,2020-07,measured_pilot,M2_pilot_actual,test,9664,23
jpl,1-1-178-823,2020-07,measured_pilot,M2_pilot_actual,test,11571,30
jpl,1-1-178-824,2020-07,measured_pilot,M2_pilot_actual,test,10582,23
jpl,1-1-178-828,2020-07,measured_pilot,M2_pilot_actual,test,11824,37
jpl,1-1-179-777,2020-07,measured_pilot,M2_pilot_actual,test,2398,15
jpl,1-1-179-779,2020-07,measured_pilot,M2_pilot_actual,test,906,2
jpl,1-1-179-781,2020-07,measured_pilot,M2_pilot_actual,test,2951,11
jpl,1-1-179-783,2020-07,measured_pilot,M2_pilot_actual,test,362,2
jpl,1-1-179-787,2020-07,measured_pilot,M2_pilot_actual,test,1621,5
jpl,1-1-179-788,2020-07,measured_pilot,M2_pilot_actual,test,199,1
jpl,1-1-179-791,2020-07,measured_pilot,M2_pilot_actual,test,3166,7
jpl,1-1-179-794,2020-07,measured_pilot,M2_pilot_actual,test,224,1
jpl,1-1-179-796,2020-07,measured_pilot,M2_pilot_actual,test,183,2
jpl,1-1-179-797,2020-07,measured_pilot,M2_pilot_actual,test,251,1
jpl,1-1-179-798,2020-07,measured_pilot,M2_pilot_actual,test,53,1
jpl,1-1-179-799,2020-07,measured_pilot,M2_pilot_actual,test,3525,9
jpl,1-1-179-800,2020-07,measured_pilot,M2_pilot_actual,test,1687,6
jpl,1-1-179-801,2020-07,measured_pilot,M2_pilot_actual,test,314,2
jpl,1-1-179-809,2020-07,measured_pilot,M2_pilot_actual,test,795,3
jpl,1-1-179-810,2020-07,measured_pilot,M2_pilot_actual,test,1467,5
jpl,1-1-179-815,2020-07,measured_pilot,M2_pilot_actual,test,3276,11
jpl,1-1-191-782,2020-07,measured_pilot,M2_pilot_actual,test,1294,5
jpl,1-1-191-792,2020-07,measured_pilot,M2_pilot_actual,test,2518,10
jpl,1-1-191-795,2020-07,measured_pilot,M2_pilot_actual,test,440,3
jpl,1-1-191-804,2020-07,measured_pilot,M2_pilot_actual,test,338,1
jpl,1-1-191-807,2020-07,measured_pilot,M2_pilot_actual,test,5963,18
jpl,1-1-191-808,2020-07,measured_pilot,M2_pilot_actual,test,846,2
jpl,1-1-193-816,2020-07,measured_pilot,M2_pilot_actual,test,9551,23
jpl,1-1-193-819,2020-07,measured_pilot,M2_pilot_actual,test,12176,31
jpl,1-1-193-820,2020-07,measured_pilot,M2_pilot_actual,test,10195,28
jpl,1-1-193-825,2020-07,measured_pilot,M2_pilot_actual,test,8420,29
jpl,1-1-193-827,2020-07,measured_pilot,M2_pilot_actual,test,11318,26
jpl,1-1-193-829,2020-07,measured_pilot,M2_pilot_actual,test,8815,29
jpl,1-1-194-818,2020-07,measured_pilot,M2_pilot_actual,test,6888,20
jpl,1-1-194-821,2020-07,measured_pilot,M2_pilot_actual,test,9304,23
jpl,1-1-194-822,2020-07,measured_pilot,M2_pilot_actual,test,8447,25
jpl,1-1-194-826,2020-07,measured_pilot,M2_pilot_actual,test,9609,24
jpl,1-1-178-817,2020-08,measured_pilot,M2_pilot_actual,test,9489,25
jpl,1-1-178-823,2020-08,measured_pilot,M2_pilot_actual,test,13543,37
jpl,1-1-178-824,2020-08,measured_pilot,M2_pilot_actual,test,11774,22
jpl,1-1-178-828,2020-08,measured_pilot,M2_pilot_actual,test,13448,28
jpl,1-1-179-777,2020-08,measured_pilot,M2_pilot_actual,test,3045,10
jpl,1-1-179-779,2020-08,measured_pilot,M2_pilot_actual,test,652,2
jpl,1-1-179-781,2020-08,measured_pilot,M2_pilot_actual,test,5637,16
jpl,1-1-179-783,2020-08,measured_pilot,M2_pilot_actual,test,10265,2
jpl,1-1-179-787,2020-08,measured_pilot,M2_pilot_actual,test,3184,10
jpl,1-1-179-788,2020-08,measured_pilot,M2_pilot_actual,test,2378,6
jpl,1-1-179-791,2020-08,measured_pilot,M2_pilot_actual,test,4496,10
jpl,1-1-179-794,2020-08,measured_pilot,M2_pilot_actual,test,4035,11
jpl,1-1-179-796,2020-08,measured_pilot,M2_pilot_actual,test,1027,3
jpl,1-1-179-797,2020-08,measured_pilot,M2_pilot_actual,test,616,2
jpl,1-1-179-798,2020-08,measured_pilot,M2_pilot_actual,test,1353,5
jpl,1-1-179-799,2020-08,measured_pilot,M2_pilot_actual,test,5702,12
jpl,1-1-179-800,2020-08,measured_pilot,M2_pilot_actual,test,3017,11
jpl,1-1-179-801,2020-08,measured_pilot,M2_pilot_actual,test,323,1
jpl,1-1-179-809,2020-08,measured_pilot,M2_pilot_actual,test,1340,5
jpl,1-1-179-810,2020-08,measured_pilot,M2_pilot_actual,test,1363,4
jpl,1-1-179-813,2020-08,measured_pilot,M2_pilot_actual,test,46,1
jpl,1-1-179-815,2020-08,measured_pilot,M2_pilot_actual,test,4635,12
jpl,1-1-191-778,2020-08,measured_pilot,M2_pilot_actual,test,65,1
jpl,1-1-191-782,2020-08,measured_pilot,M2_pilot_actual,test,4253,24
jpl,1-1-191-785,2020-08,measured_pilot,M2_pilot_actual,test,272,1
jpl,1-1-191-786,2020-08,measured_pilot,M2_pilot_actual,test,177,1
jpl,1-1-191-789,2020-08,measured_pilot,M2_pilot_actual,test,180,1
jpl,1-1-191-792,2020-08,measured_pilot,M2_pilot_actual,test,1489,7
jpl,1-1-191-795,2020-08,measured_pilot,M2_pilot_actual,test,973,9
jpl,1-1-191-802,2020-08,measured_pilot,M2_pilot_actual,test,525,1
jpl,1-1-191-804,2020-08,measured_pilot,M2_pilot_actual,test,98,2
jpl,1-1-191-805,2020-08,measured_pilot,M2_pilot_actual,test,293,1
jpl,1-1-191-806,2020-08,measured_pilot,M2_pilot_actual,test,107,1
jpl,1-1-191-807,2020-08,measured_pilot,M2_pilot_actual,test,7249,26
jpl,1-1-191-812,2020-08,measured_pilot,M2_pilot_actual,test,61,1
jpl,1-1-193-816,2020-08,measured_pilot,M2_pilot_actual,test,11557,22
jpl,1-1-193-819,2020-08,measured_pilot,M2_pilot_actual,test,10641,30
jpl,1-1-193-820,2020-08,measured_pilot,M2_pilot_actual,test,9428,23
jpl,1-1-193-825,2020-08,measured_pilot,M2_pilot_actual,test,11365,23
jpl,1-1-193-827,2020-08,measured_pilot,M2_pilot_actual,test,12658,27
jpl,1-1-193-829,2020-08,measured_pilot,M2_pilot_actual,test,10691,24
jpl,1-1-194-818,2020-08,measured_pilot,M2_pilot_actual,test,8464,21
jpl,1-1-194-821,2020-08,measured_pilot,M2_pilot_actual,test,9435,25
jpl,1-1-194-822,2020-08,measured_pilot,M2_pilot_actual,test,8287,23
jpl,1-1-194-826,2020-08,measured_pilot,M2_pilot_actual,test,11953,28
jpl,1-1-178-817,2020-09,measured_pilot,M2_pilot_actual,test,6428,20
jpl,1-1-178-823,2020-09,measured_pilot,M2_pilot_actual,test,12172,37
jpl,1-1-178-824,2020-09,measured_pilot,M2_pilot_actual,test,8881,21
jpl,1-1-178-828,2020-09,measured_pilot,M2_pilot_actual,test,11628,28
jpl,1-1-179-777,2020-09,measured_pilot,M2_pilot_actual,test,1245,3
jpl,1-1-179-779,2020-09,measured_pilot,M2_pilot_actual,test,48,1
jpl,1-1-179-781,2020-09,measured_pilot,M2_pilot_actual,test,3069,12
jpl,1-1-179-783,2020-09,measured_pilot,M2_pilot_actual,test,481,2
jpl,1-1-179-787,2020-09,measured_pilot,M2_pilot_actual,test,2948,9
jpl,1-1-179-788,2020-09,measured_pilot,M2_pilot_actual,test,1648,4
jpl,1-1-179-791,2020-09,measured_pilot,M2_pilot_actual,test,1221,4
jpl,1-1-179-794,2020-09,measured_pilot,M2_pilot_actual,test,1845,5
jpl,1-1-179-796,2020-09,measured_pilot,M2_pilot_actual,test,411,3
jpl,1-1-179-797,2020-09,measured_pilot,M2_pilot_actual,test,1677,5
jpl,1-1-179-798,2020-09,measured_pilot,M2_pilot_actual,test,1717,5
jpl,1-1-179-799,2020-09,measured_pilot,M2_pilot_actual,test,5213,12
jpl,1-1-179-800,2020-09,measured_pilot,M2_pilot_actual,test,1597,6
jpl,1-1-179-809,2020-09,measured_pilot,M2_pilot_actual,test,472,1
jpl,1-1-179-810,2020-09,measured_pilot,M2_pilot_actual,test,1545,5
jpl,1-1-179-815,2020-09,measured_pilot,M2_pilot_actual,test,1278,5
jpl,1-1-191-778,2020-09,measured_pilot,M2_pilot_actual,test,77,3
jpl,1-1-191-782,2020-09,measured_pilot,M2_pilot_actual,test,2103,12
jpl,1-1-191-784,2020-09,measured_pilot,M2_pilot_actual,test,130,1
jpl,1-1-191-792,2020-09,measured_pilot,M2_pilot_actual,test,1110,8
jpl,1-1-191-793,2020-09,measured_pilot,M2_pilot_actual,test,131,1
jpl,1-1-191-795,2020-09,measured_pilot,M2_pilot_actual,test,898,9
jpl,1-1-191-802,2020-09,measured_pilot,M2_pilot_actual,test,84,1
jpl,1-1-191-805,2020-09,measured_pilot,M2_pilot_actual,test,437,4
jpl,1-1-191-806,2020-09,measured_pilot,M2_pilot_actual,test,356,2
jpl,1-1-191-807,2020-09,measured_pilot,M2_pilot_actual,test,5963,18
jpl,1-1-191-808,2020-09,measured_pilot,M2_pilot_actual,test,171,1
jpl,1-1-193-816,2020-09,measured_pilot,M2_pilot_actual,test,7827,20
jpl,1-1-193-819,2020-09,measured_pilot,M2_pilot_actual,test,8671,23
jpl,1-1-193-820,2020-09,measured_pilot,M2_pilot_actual,test,6597,26
jpl,1-1-193-825,2020-09,measured_pilot,M2_pilot_actual,test,7060,21
jpl,1-1-193-827,2020-09,measured_pilot,M2_pilot_actual,test,9898,22
jpl,1-1-193-829,2020-09,measured_pilot,M2_pilot_actual,test,7494,19
jpl,1-1-194-818,2020-09,measured_pilot,M2_pilot_actual,test,3392,16
jpl,1-1-194-821,2020-09,measured_pilot,M2_pilot_actual,test,9403,21
jpl,1-1-194-822,2020-09,measured_pilot,M2_pilot_actual,test,6823,22
jpl,1-1-194-826,2020-09,measured_pilot,M2_pilot_actual,test,7544,20
jpl,1-1-178-817,2020-10,measured_pilot,M2_pilot_actual,test,11741,23
jpl,1-1-178-823,2020-10,measured_pilot,M2_pilot_actual,test,15812,51
jpl,1-1-178-824,2020-10,measured_pilot,M2_pilot_actual,test,11462,25
jpl,1-1-178-828,2020-10,measured_pilot,M2_pilot_actual,test,14651,50
jpl,1-1-179-777,2020-10,measured_pilot,M2_pilot_actual,test,4894,14
jpl,1-1-179-779,2020-10,measured_pilot,M2_pilot_actual,test,1581,4
jpl,1-1-179-781,2020-10,measured_pilot,M2_pilot_actual,test,3265,9
jpl,1-1-179-783,2020-10,measured_pilot,M2_pilot_actual,test,802,3
jpl,1-1-179-787,2020-10,measured_pilot,M2_pilot_actual,test,4523,16
jpl,1-1-179-788,2020-10,measured_pilot,M2_pilot_actual,test,3808,10
jpl,1-1-179-790,2020-10,measured_pilot,M2_pilot_actual,test,267,1
jpl,1-1-179-791,2020-10,measured_pilot,M2_pilot_actual,test,4111,10
jpl,1-1-179-794,2020-10,measured_pilot,M2_pilot_actual,test,3190,9
jpl,1-1-179-796,2020-10,measured_pilot,M2_pilot_actual,test,2539,5
jpl,1-1-179-797,2020-10,measured_pilot,M2_pilot_actual,test,214,1
jpl,1-1-179-798,2020-10,measured_pilot,M2_pilot_actual,test,2379,9
jpl,1-1-179-799,2020-10,measured_pilot,M2_pilot_actual,test,8072,18
jpl,1-1-179-800,2020-10,measured_pilot,M2_pilot_actual,test,5454,19
jpl,1-1-179-801,2020-10,measured_pilot,M2_pilot_actual,test,1456,5
jpl,1-1-179-809,2020-10,measured_pilot,M2_pilot_actual,test,869,3
jpl,1-1-179-810,2020-10,measured_pilot,M2_pilot_actual,test,3896,12
jpl,1-1-179-813,2020-10,measured_pilot,M2_pilot_actual,test,250,1
jpl,1-1-179-815,2020-10,measured_pilot,M2_pilot_actual,test,4567,15
jpl,1-1-191-778,2020-10,measured_pilot,M2_pilot_actual,test,544,4
jpl,1-1-191-782,2020-10,measured_pilot,M2_pilot_actual,test,743,6
jpl,1-1-191-784,2020-10,measured_pilot,M2_pilot_actual,test,15,1
jpl,1-1-191-785,2020-10,measured_pilot,M2_pilot_actual,test,78,1
jpl,1-1-191-786,2020-10,measured_pilot,M2_pilot_actual,test,548,6
jpl,1-1-191-792,2020-10,measured_pilot,M2_pilot_actual,test,880,6
jpl,1-1-191-793,2020-10,measured_pilot,M2_pilot_actual,test,602,9
jpl,1-1-191-795,2020-10,measured_pilot,M2_pilot_actual,test,1033,9
jpl,1-1-191-802,2020-10,measured_pilot,M2_pilot_actual,test,550,1
jpl,1-1-191-805,2020-10,measured_pilot,M2_pilot_actual,test,413,5
jpl,1-1-191-806,2020-10,measured_pilot,M2_pilot_actual,test,391,2
jpl,1-1-191-807,2020-10,measured_pilot,M2_pilot_actual,test,5514,18
jpl,1-1-191-812,2020-10,measured_pilot,M2_pilot_actual,test,618,4
jpl,1-1-193-816,2020-10,measured_pilot,M2_pilot_actual,test,11959,25
jpl,1-1-193-819,2020-10,measured_pilot,M2_pilot_actual,test,11905,32
jpl,1-1-193-820,2020-10,measured_pilot,M2_pilot_actual,test,10207,27
jpl,1-1-193-825,2020-10,measured_pilot,M2_pilot_actual,test,11982,29
jpl,1-1-193-827,2020-10,measured_pilot,M2_pilot_actual,test,12464,25
jpl,1-1-193-829,2020-10,measured_pilot,M2_pilot_actual,test,11152,25
jpl,1-1-194-818,2020-10,measured_pilot,M2_pilot_actual,test,9045,25
jpl,1-1-194-821,2020-10,measured_pilot,M2_pilot_actual,test,12082,30
jpl,1-1-194-822,2020-10,measured_pilot,M2_pilot_actual,test,10349,24
jpl,1-1-194-826,2020-10,measured_pilot,M2_pilot_actual,test,12428,35
jpl,1-1-178-817,2020-11,measured_pilot,M2_pilot_actual,test,8951,19
jpl,1-1-178-823,2020-11,measured_pilot,M2_pilot_actual,test,13355,39
jpl,1-1-178-824,2020-11,measured_pilot,M2_pilot_actual,test,10058,21
jpl,1-1-178-828,2020-11,measured_pilot,M2_pilot_actual,test,11044,39
jpl,1-1-179-777,2020-11,measured_pilot,M2_pilot_actual,test,3748,12
jpl,1-1-179-781,2020-11,measured_pilot,M2_pilot_actual,test,3406,9
jpl,1-1-179-783,2020-11,measured_pilot,M2_pilot_actual,test,304,1
jpl,1-1-179-787,2020-11,measured_pilot,M2_pilot_actual,test,2890,11
jpl,1-1-179-788,2020-11,measured_pilot,M2_pilot_actual,test,1054,6
jpl,1-1-179-790,2020-11,measured_pilot,M2_pilot_actual,test,235,1
jpl,1-1-179-791,2020-11,measured_pilot,M2_pilot_actual,test,1282,4
jpl,1-1-179-794,2020-11,measured_pilot,M2_pilot_actual,test,464,2
jpl,1-1-179-796,2020-11,measured_pilot,M2_pilot_actual,test,416,1
jpl,1-1-179-797,2020-11,measured_pilot,M2_pilot_actual,test,340,1
jpl,1-1-179-798,2020-11,measured_pilot,M2_pilot_actual,test,1592,6
jpl,1-1-179-799,2020-11,measured_pilot,M2_pilot_actual,test,3900,11
jpl,1-1-179-800,2020-11,measured_pilot,M2_pilot_actual,test,2503,9
jpl,1-1-179-810,2020-11,measured_pilot,M2_pilot_actual,test,585,4
jpl,1-1-179-815,2020-11,measured_pilot,M2_pilot_actual,test,2285,10
jpl,1-1-191-778,2020-11,measured_pilot,M2_pilot_actual,test,592,2
jpl,1-1-191-782,2020-11,measured_pilot,M2_pilot_actual,test,165,2
jpl,1-1-191-785,2020-11,measured_pilot,M2_pilot_actual,test,247,2
jpl,1-1-191-786,2020-11,measured_pilot,M2_pilot_actual,test,53,1
jpl,1-1-191-792,2020-11,measured_pilot,M2_pilot_actual,test,1197,8
jpl,1-1-191-793,2020-11,measured_pilot,M2_pilot_actual,test,320,3
jpl,1-1-191-795,2020-11,measured_pilot,M2_pilot_actual,test,1516,7
jpl,1-1-191-802,2020-11,measured_pilot,M2_pilot_actual,test,445,1
jpl,1-1-191-805,2020-11,measured_pilot,M2_pilot_actual,test,433,5
jpl,1-1-191-806,2020-11,measured_pilot,M2_pilot_actual,test,144,1
jpl,1-1-191-807,2020-11,measured_pilot,M2_pilot_actual,test,4402,15
jpl,1-1-191-811,2020-11,measured_pilot,M2_pilot_actual,test,137,1
jpl,1-1-193-816,2020-11,measured_pilot,M2_pilot_actual,test,7541,19
jpl,1-1-193-819,2020-11,measured_pilot,M2_pilot_actual,test,8770,23
jpl,1-1-193-820,2020-11,measured_pilot,M2_pilot_actual,test,8348,21
jpl,1-1-193-825,2020-11,measured_pilot,M2_pilot_actual,test,8310,21
jpl,1-1-193-827,2020-11,measured_pilot,M2_pilot_actual,test,9757,23
jpl,1-1-193-829,2020-11,measured_pilot,M2_pilot_actual,test,7061,24
jpl,1-1-194-818,2020-11,measured_pilot,M2_pilot_actual,test,6039,18
jpl,1-1-194-821,2020-11,measured_pilot,M2_pilot_actual,test,6785,21
jpl,1-1-194-822,2020-11,measured_pilot,M2_pilot_actual,test,5759,18
jpl,1-1-194-826,2020-11,measured_pilot,M2_pilot_actual,test,8619,24
jpl,1-1-178-817,2020-12,measured_pilot,M2_pilot_actual,stress,1159,2
jpl,1-1-178-817,2020-12,measured_pilot,M2_pilot_actual,test,93,1
jpl,1-1-178-823,2020-12,measured_pilot,M2_pilot_actual,stress,1163,2
jpl,1-1-178-823,2020-12,measured_pilot,M2_pilot_actual,test,55,1
jpl,1-1-178-824,2020-12,measured_pilot,M2_pilot_actual,stress,1093,2
jpl,1-1-178-828,2020-12,measured_pilot,M2_pilot_actual,stress,1057,2
jpl,1-1-178-828,2020-12,measured_pilot,M2_pilot_actual,test,53,1
jpl,1-1-179-777,2020-12,measured_pilot,M2_pilot_actual,stress,135,1
jpl,1-1-179-787,2020-12,measured_pilot,M2_pilot_actual,stress,496,2
jpl,1-1-179-788,2020-12,measured_pilot,M2_pilot_actual,stress,398,1
jpl,1-1-179-799,2020-12,measured_pilot,M2_pilot_actual,stress,582,2
jpl,1-1-191-786,2020-12,measured_pilot,M2_pilot_actual,stress,93,2
jpl,1-1-191-792,2020-12,measured_pilot,M2_pilot_actual,stress,224,2
jpl,1-1-191-793,2020-12,measured_pilot,M2_pilot_actual,test,59,1
jpl,1-1-191-795,2020-12,measured_pilot,M2_pilot_actual,stress,141,1
jpl,1-1-191-807,2020-12,measured_pilot,M2_pilot_actual,stress,443,2
jpl,1-1-191-811,2020-12,measured_pilot,M2_pilot_actual,stress,222,1
jpl,1-1-193-816,2020-12,measured_pilot,M2_pilot_actual,stress,1084,2
jpl,1-1-193-819,2020-12,measured_pilot,M2_pilot_actual,stress,1099,2
jpl,1-1-193-819,2020-12,measured_pilot,M2_pilot_actual,test,62,1
jpl,1-1-193-820,2020-12,measured_pilot,M2_pilot_actual,stress,475,2
jpl,1-1-193-820,2020-12,measured_pilot,M2_pilot_actual,test,225,1
jpl,1-1-193-825,2020-12,measured_pilot,M2_pilot_actual,stress,902,3
jpl,1-1-193-827,2020-12,measured_pilot,M2_pilot_actual,stress,1443,4
jpl,1-1-193-827,2020-12,measured_pilot,M2_pilot_actual,test,284,1
jpl,1-1-193-829,2020-12,measured_pilot,M2_pilot_actual,stress,773,2
jpl,1-1-194-818,2020-12,measured_pilot,M2_pilot_actual,stress,619,1
jpl,1-1-194-821,2020-12,measured_pilot,M2_pilot_actual,stress,875,2
jpl,1-1-194-821,2020-12,measured_pilot,M2_pilot_actual,test,49,1
jpl,1-1-194-822,2020-12,measured_pilot,M2_pilot_actual,stress,1041,2
jpl,1-1-194-826,2020-12,measured_pilot,M2_pilot_actual,stress,889,2
jpl,1-1-178-817,2020-06,measured_pilot,M4_history_insufficient,test,55,11
jpl,1-1-178-823,2020-06,measured_pilot,M4_history_insufficient,test,50,10
jpl,1-1-178-824,2020-06,measured_pilot,M4_history_insufficient,test,36,7
jpl,1-1-178-828,2020-06,measured_pilot,M4_history_insufficient,test,70,14
jpl,1-1-179-777,2020-06,measured_pilot,M4_history_insufficient,test,15,3
jpl,1-1-179-781,2020-06,measured_pilot,M4_history_insufficient,test,15,3
jpl,1-1-179-787,2020-06,measured_pilot,M4_history_insufficient,test,25,5
jpl,1-1-179-788,2020-06,measured_pilot,M4_history_insufficient,test,15,3
jpl,1-1-179-794,2020-06,measured_pilot,M4_history_insufficient,test,5,1
jpl,1-1-179-796,2020-06,measured_pilot,M4_history_insufficient,test,5,1
jpl,1-1-179-798,2020-06,measured_pilot,M4_history_insufficient,test,5,1
jpl,1-1-179-799,2020-06,measured_pilot,M4_history_insufficient,test,20,4
jpl,1-1-179-809,2020-06,measured_pilot,M4_history_insufficient,test,20,4
jpl,1-1-179-813,2020-06,measured_pilot,M4_history_insufficient,test,5,1
jpl,1-1-179-815,2020-06,measured_pilot,M4_history_insufficient,test,10,2
jpl,1-1-193-816,2020-06,measured_pilot,M4_history_insufficient,test,26,6
jpl,1-1-193-819,2020-06,measured_pilot,M4_history_insufficient,test,57,12
jpl,1-1-193-820,2020-06,measured_pilot,M4_history_insufficient,test,40,8
jpl,1-1-193-825,2020-06,measured_pilot,M4_history_insufficient,test,40,8
jpl,1-1-193-827,2020-06,measured_pilot,M4_history_insufficient,test,40,8
jpl,1-1-193-829,2020-06,measured_pilot,M4_history_insufficient,test,25,5
jpl,1-1-194-818,2020-06,measured_pilot,M4_history_insufficient,test,30,6
jpl,1-1-194-821,2020-06,measured_pilot,M4_history_insufficient,test,35,7
jpl,1-1-194-822,2020-06,measured_pilot,M4_history_insufficient,test,50,10
jpl,1-1-194-826,2020-06,measured_pilot,M4_history_insufficient,test,50,10
jpl,1-1-178-817,2020-07,measured_pilot,M4_history_insufficient,test,122,27
jpl,1-1-178-823,2020-07,measured_pilot,M4_history_insufficient,test,150,30
jpl,1-1-178-824,2020-07,measured_pilot,M4_history_insufficient,test,119,25
jpl,1-1-178-828,2020-07,measured_pilot,M4_history_insufficient,test,185,37
jpl,1-1-179-777,2020-07,measured_pilot,M4_history_insufficient,test,75,15
jpl,1-1-179-779,2020-07,measured_pilot,M4_history_insufficient,test,10,2
jpl,1-1-179-781,2020-07,measured_pilot,M4_history_insufficient,test,55,11
jpl,1-1-179-783,2020-07,measured_pilot,M4_history_insufficient,test,10,2
jpl,1-1-179-787,2020-07,measured_pilot,M4_history_insufficient,test,25,5
jpl,1-1-179-788,2020-07,measured_pilot,M4_history_insufficient,test,5,1
jpl,1-1-179-791,2020-07,measured_pilot,M4_history_insufficient,test,35,7
jpl,1-1-179-794,2020-07,measured_pilot,M4_history_insufficient,test,5,1
jpl,1-1-179-796,2020-07,measured_pilot,M4_history_insufficient,test,10,2
jpl,1-1-179-797,2020-07,measured_pilot,M4_history_insufficient,test,5,1
jpl,1-1-179-798,2020-07,measured_pilot,M4_history_insufficient,test,5,1
jpl,1-1-179-799,2020-07,measured_pilot,M4_history_insufficient,test,45,9
jpl,1-1-179-800,2020-07,measured_pilot,M4_history_insufficient,test,30,6
jpl,1-1-179-801,2020-07,measured_pilot,M4_history_insufficient,test,10,2
jpl,1-1-179-809,2020-07,measured_pilot,M4_history_insufficient,test,15,3
jpl,1-1-179-810,2020-07,measured_pilot,M4_history_insufficient,test,25,5
jpl,1-1-179-815,2020-07,measured_pilot,M4_history_insufficient,test,55,11
jpl,1-1-191-782,2020-07,measured_pilot,M4_history_insufficient,test,25,5
jpl,1-1-191-792,2020-07,measured_pilot,M4_history_insufficient,test,50,10
jpl,1-1-191-795,2020-07,measured_pilot,M4_history_insufficient,test,15,3
jpl,1-1-191-804,2020-07,measured_pilot,M4_history_insufficient,test,5,1
jpl,1-1-191-807,2020-07,measured_pilot,M4_history_insufficient,test,90,18
jpl,1-1-191-808,2020-07,measured_pilot,M4_history_insufficient,test,10,2
jpl,1-1-193-816,2020-07,measured_pilot,M4_history_insufficient,test,115,23
jpl,1-1-193-819,2020-07,measured_pilot,M4_history_insufficient,test,160,34
jpl,1-1-193-820,2020-07,measured_pilot,M4_history_insufficient,test,135,27
jpl,1-1-193-825,2020-07,measured_pilot,M4_history_insufficient,test,145,29
jpl,1-1-193-827,2020-07,measured_pilot,M4_history_insufficient,test,130,26
jpl,1-1-193-829,2020-07,measured_pilot,M4_history_insufficient,test,151,32
jpl,1-1-194-818,2020-07,measured_pilot,M4_history_insufficient,test,100,20
jpl,1-1-194-821,2020-07,measured_pilot,M4_history_insufficient,test,115,23
jpl,1-1-194-822,2020-07,measured_pilot,M4_history_insufficient,test,126,26
jpl,1-1-194-826,2020-07,measured_pilot,M4_history_insufficient,test,120,24
jpl,1-1-178-817,2020-08,measured_pilot,M4_history_insufficient,test,134,31
jpl,1-1-178-823,2020-08,measured_pilot,M4_history_insufficient,test,182,38
jpl,1-1-178-824,2020-08,measured_pilot,M4_history_insufficient,test,110,22
jpl,1-1-178-828,2020-08,measured_pilot,M4_history_insufficient,test,135,27
jpl,1-1-179-777,2020-08,measured_pilot,M4_history_insufficient,test,50,10
jpl,1-1-179-779,2020-08,measured_pilot,M4_history_insufficient,test,10,2
jpl,1-1-179-781,2020-08,measured_pilot,M4_history_insufficient,test,80,16
jpl,1-1-179-783,2020-08,measured_pilot,M4_history_insufficient,test,18,4
jpl,1-1-179-787,2020-08,measured_pilot,M4_history_insufficient,test,50,10
jpl,1-1-179-788,2020-08,measured_pilot,M4_history_insufficient,test,30,6
jpl,1-1-179-791,2020-08,measured_pilot,M4_history_insufficient,test,50,10
jpl,1-1-179-794,2020-08,measured_pilot,M4_history_insufficient,test,55,11
jpl,1-1-179-796,2020-08,measured_pilot,M4_history_insufficient,test,15,3
jpl,1-1-179-797,2020-08,measured_pilot,M4_history_insufficient,test,10,2
jpl,1-1-179-798,2020-08,measured_pilot,M4_history_insufficient,test,25,5
jpl,1-1-179-799,2020-08,measured_pilot,M4_history_insufficient,test,60,12
jpl,1-1-179-800,2020-08,measured_pilot,M4_history_insufficient,test,55,11
jpl,1-1-179-801,2020-08,measured_pilot,M4_history_insufficient,test,5,1
jpl,1-1-179-809,2020-08,measured_pilot,M4_history_insufficient,test,25,5
jpl,1-1-179-810,2020-08,measured_pilot,M4_history_insufficient,test,20,4
jpl,1-1-179-813,2020-08,measured_pilot,M4_history_insufficient,test,5,1
jpl,1-1-179-815,2020-08,measured_pilot,M4_history_insufficient,test,60,12
jpl,1-1-191-778,2020-08,measured_pilot,M4_history_insufficient,test,5,1
jpl,1-1-191-782,2020-08,measured_pilot,M4_history_insufficient,test,120,24
jpl,1-1-191-785,2020-08,measured_pilot,M4_history_insufficient,test,5,1
jpl,1-1-191-786,2020-08,measured_pilot,M4_history_insufficient,test,5,1
jpl,1-1-191-789,2020-08,measured_pilot,M4_history_insufficient,test,5,1
jpl,1-1-191-792,2020-08,measured_pilot,M4_history_insufficient,test,30,6
jpl,1-1-191-795,2020-08,measured_pilot,M4_history_insufficient,test,45,9
jpl,1-1-191-802,2020-08,measured_pilot,M4_history_insufficient,test,5,1
jpl,1-1-191-804,2020-08,measured_pilot,M4_history_insufficient,test,10,2
jpl,1-1-191-805,2020-08,measured_pilot,M4_history_insufficient,test,5,1
jpl,1-1-191-806,2020-08,measured_pilot,M4_history_insufficient,test,5,1
jpl,1-1-191-807,2020-08,measured_pilot,M4_history_insufficient,test,130,26
jpl,1-1-191-812,2020-08,measured_pilot,M4_history_insufficient,test,5,1
jpl,1-1-193-816,2020-08,measured_pilot,M4_history_insufficient,test,110,22
jpl,1-1-193-819,2020-08,measured_pilot,M4_history_insufficient,test,148,30
jpl,1-1-193-820,2020-08,measured_pilot,M4_history_insufficient,test,115,23
jpl,1-1-193-825,2020-08,measured_pilot,M4_history_insufficient,test,117,24
jpl,1-1-193-827,2020-08,measured_pilot,M4_history_insufficient,test,137,28
jpl,1-1-193-829,2020-08,measured_pilot,M4_history_insufficient,test,115,23
jpl,1-1-194-818,2020-08,measured_pilot,M4_history_insufficient,test,106,22
jpl,1-1-194-821,2020-08,measured_pilot,M4_history_insufficient,test,125,25
jpl,1-1-194-822,2020-08,measured_pilot,M4_history_insufficient,test,115,23
jpl,1-1-194-826,2020-08,measured_pilot,M4_history_insufficient,test,140,28
jpl,1-1-178-817,2020-09,measured_pilot,M4_history_insufficient,test,102,21
jpl,1-1-178-823,2020-09,measured_pilot,M4_history_insufficient,test,180,36
jpl,1-1-178-824,2020-09,measured_pilot,M4_history_insufficient,test,105,21
jpl,1-1-178-828,2020-09,measured_pilot,M4_history_insufficient,test,140,28
jpl,1-1-179-777,2020-09,measured_pilot,M4_history_insufficient,test,15,3
jpl,1-1-179-781,2020-09,measured_pilot,M4_history_insufficient,test,64,13
jpl,1-1-179-783,2020-09,measured_pilot,M4_history_insufficient,test,10,2
jpl,1-1-179-787,2020-09,measured_pilot,M4_history_insufficient,test,45,9
jpl,1-1-179-788,2020-09,measured_pilot,M4_history_insufficient,test,20,4
jpl,1-1-179-791,2020-09,measured_pilot,M4_history_insufficient,test,15,3
jpl,1-1-179-794,2020-09,measured_pilot,M4_history_insufficient,test,25,5
jpl,1-1-179-796,2020-09,measured_pilot,M4_history_insufficient,test,15,3
jpl,1-1-179-797,2020-09,measured_pilot,M4_history_insufficient,test,25,5
jpl,1-1-179-798,2020-09,measured_pilot,M4_history_insufficient,test,25,5
jpl,1-1-179-799,2020-09,measured_pilot,M4_history_insufficient,test,60,12
jpl,1-1-179-800,2020-09,measured_pilot,M4_history_insufficient,test,30,6
jpl,1-1-179-809,2020-09,measured_pilot,M4_history_insufficient,test,5,1
jpl,1-1-179-810,2020-09,measured_pilot,M4_history_insufficient,test,25,5
jpl,1-1-179-815,2020-09,measured_pilot,M4_history_insufficient,test,25,5
jpl,1-1-191-778,2020-09,measured_pilot,M4_history_insufficient,test,15,3
jpl,1-1-191-782,2020-09,measured_pilot,M4_history_insufficient,test,60,12
jpl,1-1-191-784,2020-09,measured_pilot,M4_history_insufficient,test,5,1
jpl,1-1-191-792,2020-09,measured_pilot,M4_history_insufficient,test,40,8
jpl,1-1-191-793,2020-09,measured_pilot,M4_history_insufficient,test,5,1
jpl,1-1-191-795,2020-09,measured_pilot,M4_history_insufficient,test,45,9
jpl,1-1-191-802,2020-09,measured_pilot,M4_history_insufficient,test,5,1
jpl,1-1-191-805,2020-09,measured_pilot,M4_history_insufficient,test,15,3
jpl,1-1-191-806,2020-09,measured_pilot,M4_history_insufficient,test,10,2
jpl,1-1-191-807,2020-09,measured_pilot,M4_history_insufficient,test,90,18
jpl,1-1-191-808,2020-09,measured_pilot,M4_history_insufficient,test,5,1
jpl,1-1-193-816,2020-09,measured_pilot,M4_history_insufficient,test,100,20
jpl,1-1-193-819,2020-09,measured_pilot,M4_history_insufficient,test,110,22
jpl,1-1-193-820,2020-09,measured_pilot,M4_history_insufficient,test,131,27
jpl,1-1-193-825,2020-09,measured_pilot,M4_history_insufficient,test,100,20
jpl,1-1-193-827,2020-09,measured_pilot,M4_history_insufficient,test,105,21
jpl,1-1-193-829,2020-09,measured_pilot,M4_history_insufficient,test,90,18
jpl,1-1-194-818,2020-09,measured_pilot,M4_history_insufficient,test,75,15
jpl,1-1-194-821,2020-09,measured_pilot,M4_history_insufficient,test,105,21
jpl,1-1-194-822,2020-09,measured_pilot,M4_history_insufficient,test,110,22
jpl,1-1-194-826,2020-09,measured_pilot,M4_history_insufficient,test,95,19
jpl,1-1-178-817,2020-10,measured_pilot,M4_history_insufficient,test,121,26
jpl,1-1-178-823,2020-10,measured_pilot,M4_history_insufficient,test,250,50
jpl,1-1-178-824,2020-10,measured_pilot,M4_history_insufficient,test,125,25
jpl,1-1-178-828,2020-10,measured_pilot,M4_history_insufficient,test,250,50
jpl,1-1-179-777,2020-10,measured_pilot,M4_history_insufficient,test,70,14
jpl,1-1-179-779,2020-10,measured_pilot,M4_history_insufficient,test,20,4
jpl,1-1-179-781,2020-10,measured_pilot,M4_history_insufficient,test,45,9
jpl,1-1-179-783,2020-10,measured_pilot,M4_history_insufficient,test,15,3
jpl,1-1-179-787,2020-10,measured_pilot,M4_history_insufficient,test,80,16
jpl,1-1-179-788,2020-10,measured_pilot,M4_history_insufficient,test,50,10
jpl,1-1-179-790,2020-10,measured_pilot,M4_history_insufficient,test,5,1
jpl,1-1-179-791,2020-10,measured_pilot,M4_history_insufficient,test,50,10
jpl,1-1-179-794,2020-10,measured_pilot,M4_history_insufficient,test,45,9
jpl,1-1-179-796,2020-10,measured_pilot,M4_history_insufficient,test,25,5
jpl,1-1-179-797,2020-10,measured_pilot,M4_history_insufficient,test,5,1
jpl,1-1-179-798,2020-10,measured_pilot,M4_history_insufficient,test,45,9
jpl,1-1-179-799,2020-10,measured_pilot,M4_history_insufficient,test,90,18
jpl,1-1-179-800,2020-10,measured_pilot,M4_history_insufficient,test,97,20
jpl,1-1-179-801,2020-10,measured_pilot,M4_history_insufficient,test,25,5
jpl,1-1-179-809,2020-10,measured_pilot,M4_history_insufficient,test,15,3
jpl,1-1-179-810,2020-10,measured_pilot,M4_history_insufficient,test,62,13
jpl,1-1-179-813,2020-10,measured_pilot,M4_history_insufficient,test,5,1
jpl,1-1-179-815,2020-10,measured_pilot,M4_history_insufficient,test,75,15
jpl,1-1-191-778,2020-10,measured_pilot,M4_history_insufficient,test,20,4
jpl,1-1-191-782,2020-10,measured_pilot,M4_history_insufficient,test,30,6
jpl,1-1-191-784,2020-10,measured_pilot,M4_history_insufficient,test,5,1
jpl,1-1-191-785,2020-10,measured_pilot,M4_history_insufficient,test,5,1
jpl,1-1-191-786,2020-10,measured_pilot,M4_history_insufficient,test,30,6
jpl,1-1-191-792,2020-10,measured_pilot,M4_history_insufficient,test,30,6
jpl,1-1-191-793,2020-10,measured_pilot,M4_history_insufficient,test,45,9
jpl,1-1-191-795,2020-10,measured_pilot,M4_history_insufficient,test,45,9
jpl,1-1-191-802,2020-10,measured_pilot,M4_history_insufficient,test,5,1
jpl,1-1-191-805,2020-10,measured_pilot,M4_history_insufficient,test,25,5
jpl,1-1-191-806,2020-10,measured_pilot,M4_history_insufficient,test,10,2
jpl,1-1-191-807,2020-10,measured_pilot,M4_history_insufficient,test,90,18
jpl,1-1-191-812,2020-10,measured_pilot,M4_history_insufficient,test,22,5
jpl,1-1-193-816,2020-10,measured_pilot,M4_history_insufficient,test,125,25
jpl,1-1-193-819,2020-10,measured_pilot,M4_history_insufficient,test,155,31
jpl,1-1-193-820,2020-10,measured_pilot,M4_history_insufficient,test,130,26
jpl,1-1-193-825,2020-10,measured_pilot,M4_history_insufficient,test,145,29
jpl,1-1-193-827,2020-10,measured_pilot,M4_history_insufficient,test,125,25
jpl,1-1-193-829,2020-10,measured_pilot,M4_history_insufficient,test,126,26
jpl,1-1-194-818,2020-10,measured_pilot,M4_history_insufficient,test,120,24
jpl,1-1-194-821,2020-10,measured_pilot,M4_history_insufficient,test,154,32
jpl,1-1-194-822,2020-10,measured_pilot,M4_history_insufficient,test,120,24
jpl,1-1-194-826,2020-10,measured_pilot,M4_history_insufficient,test,170,34
jpl,1-1-178-817,2020-11,measured_pilot,M4_history_insufficient,test,96,20
jpl,1-1-178-823,2020-11,measured_pilot,M4_history_insufficient,test,190,38
jpl,1-1-178-824,2020-11,measured_pilot,M4_history_insufficient,test,105,21
jpl,1-1-178-828,2020-11,measured_pilot,M4_history_insufficient,test,198,40
jpl,1-1-179-777,2020-11,measured_pilot,M4_history_insufficient,test,60,12
jpl,1-1-179-781,2020-11,measured_pilot,M4_history_insufficient,test,45,9
jpl,1-1-179-783,2020-11,measured_pilot,M4_history_insufficient,test,5,1
jpl,1-1-179-787,2020-11,measured_pilot,M4_history_insufficient,test,55,11
jpl,1-1-179-788,2020-11,measured_pilot,M4_history_insufficient,test,30,6
jpl,1-1-179-790,2020-11,measured_pilot,M4_history_insufficient,test,5,1
jpl,1-1-179-791,2020-11,measured_pilot,M4_history_insufficient,test,20,4
jpl,1-1-179-794,2020-11,measured_pilot,M4_history_insufficient,test,10,2
jpl,1-1-179-796,2020-11,measured_pilot,M4_history_insufficient,test,5,1
jpl,1-1-179-797,2020-11,measured_pilot,M4_history_insufficient,test,5,1
jpl,1-1-179-798,2020-11,measured_pilot,M4_history_insufficient,test,30,6
jpl,1-1-179-799,2020-11,measured_pilot,M4_history_insufficient,test,55,11
jpl,1-1-179-800,2020-11,measured_pilot,M4_history_insufficient,test,45,9
jpl,1-1-179-810,2020-11,measured_pilot,M4_history_insufficient,test,25,5
jpl,1-1-179-815,2020-11,measured_pilot,M4_history_insufficient,test,50,10
jpl,1-1-191-778,2020-11,measured_pilot,M4_history_insufficient,test,10,2
jpl,1-1-191-782,2020-11,measured_pilot,M4_history_insufficient,test,10,2
jpl,1-1-191-785,2020-11,measured_pilot,M4_history_insufficient,test,10,2
jpl,1-1-191-786,2020-11,measured_pilot,M4_history_insufficient,test,7,2
jpl,1-1-191-792,2020-11,measured_pilot,M4_history_insufficient,test,40,8
jpl,1-1-191-793,2020-11,measured_pilot,M4_history_insufficient,test,15,3
jpl,1-1-191-795,2020-11,measured_pilot,M4_history_insufficient,test,35,7
jpl,1-1-191-802,2020-11,measured_pilot,M4_history_insufficient,test,5,1
jpl,1-1-191-805,2020-11,measured_pilot,M4_history_insufficient,test,25,5
jpl,1-1-191-806,2020-11,measured_pilot,M4_history_insufficient,test,5,1
jpl,1-1-191-807,2020-11,measured_pilot,M4_history_insufficient,test,75,15
jpl,1-1-191-811,2020-11,measured_pilot,M4_history_insufficient,test,5,1
jpl,1-1-193-816,2020-11,measured_pilot,M4_history_insufficient,test,95,19
jpl,1-1-193-819,2020-11,measured_pilot,M4_history_insufficient,test,110,22
jpl,1-1-193-820,2020-11,measured_pilot,M4_history_insufficient,test,105,21
jpl,1-1-193-825,2020-11,measured_pilot,M4_history_insufficient,test,108,22
jpl,1-1-193-827,2020-11,measured_pilot,M4_history_insufficient,test,115,23
jpl,1-1-193-829,2020-11,measured_pilot,M4_history_insufficient,test,121,25
jpl,1-1-194-818,2020-11,measured_pilot,M4_history_insufficient,test,93,19
jpl,1-1-194-821,2020-11,measured_pilot,M4_history_insufficient,test,105,21
jpl,1-1-194-822,2020-11,measured_pilot,M4_history_insufficient,test,90,18
jpl,1-1-194-826,2020-11,measured_pilot,M4_history_insufficient,test,125,26
jpl,1-1-178-817,2020-12,measured_pilot,M4_history_insufficient,stress,10,2
jpl,1-1-178-823,2020-12,measured_pilot,M4_history_insufficient,stress,10,2
jpl,1-1-178-824,2020-12,measured_pilot,M4_history_insufficient,stress,10,2
jpl,1-1-178-828,2020-12,measured_pilot,M4_history_insufficient,stress,10,2
jpl,1-1-179-777,2020-12,measured_pilot,M4_history_insufficient,stress,6,2
jpl,1-1-179-787,2020-12,measured_pilot,M4_history_insufficient,stress,10,2
jpl,1-1-179-788,2020-12,measured_pilot,M4_history_insufficient,stress,5,1
jpl,1-1-179-799,2020-12,measured_pilot,M4_history_insufficient,stress,10,2
jpl,1-1-191-786,2020-12,measured_pilot,M4_history_insufficient,stress,10,2
jpl,1-1-191-792,2020-12,measured_pilot,M4_history_insufficient,stress,10,2
jpl,1-1-191-795,2020-12,measured_pilot,M4_history_insufficient,stress,5,1
jpl,1-1-191-807,2020-12,measured_pilot,M4_history_insufficient,stress,10,2
jpl,1-1-191-811,2020-12,measured_pilot,M4_history_insufficient,stress,5,1
jpl,1-1-193-816,2020-12,measured_pilot,M4_history_insufficient,stress,10,2
jpl,1-1-193-819,2020-12,measured_pilot,M4_history_insufficient,stress,10,2
jpl,1-1-193-820,2020-12,measured_pilot,M4_history_insufficient,stress,10,2
jpl,1-1-193-825,2020-12,measured_pilot,M4_history_insufficient,stress,15,3
jpl,1-1-193-827,2020-12,measured_pilot,M4_history_insufficient,stress,20,4
jpl,1-1-193-829,2020-12,measured_pilot,M4_history_insufficient,stress,10,2
jpl,1-1-194-818,2020-12,measured_pilot,M4_history_insufficient,stress,5,1
jpl,1-1-194-821,2020-12,measured_pilot,M4_history_insufficient,stress,10,2
jpl,1-1-194-822,2020-12,measured_pilot,M4_history_insufficient,stress,10,2
jpl,1-1-194-826,2020-12,measured_pilot,M4_history_insufficient,stress,10,2
office001,19-102-260-1633,2019-03,measured_pilot,M2_pilot_actual,external,544,1
office001,19-102-260-1634,2019-03,measured_pilot,M2_pilot_actual,external,887,3
office001,19-102-260-1635,2019-03,measured_pilot,M2_pilot_actual,external,170,1
office001,19-102-260-1636,2019-03,measured_pilot,M2_pilot_actual,external,338,1
office001,19-102-260-1640,2019-03,measured_pilot,M2_pilot_actual,external,1501,4
office001,19-102-260-1633,2019-04,measured_pilot,M2_pilot_actual,external,9190,22
office001,19-102-260-1634,2019-04,measured_pilot,M2_pilot_actual,external,3789,10
office001,19-102-260-1635,2019-04,measured_pilot,M2_pilot_actual,external,78,1
office001,19-102-260-1636,2019-04,measured_pilot,M2_pilot_actual,external,5768,16
office001,19-102-260-1638,2019-04,measured_pilot,M2_pilot_actual,external,1029,4
office001,19-102-260-1639,2019-04,measured_pilot,M2_pilot_actual,external,956,4
office001,19-102-260-1640,2019-04,measured_pilot,M2_pilot_actual,external,4907,18
office001,19-102-260-1633,2019-05,measured_pilot,M2_pilot_actual,external,5919,19
office001,19-102-260-1634,2019-05,measured_pilot,M2_pilot_actual,external,2325,7
office001,19-102-260-1635,2019-05,measured_pilot,M2_pilot_actual,external,465,1
office001,19-102-260-1636,2019-05,measured_pilot,M2_pilot_actual,external,5106,14
office001,19-102-260-1637,2019-05,measured_pilot,M2_pilot_actual,external,10,1
office001,19-102-260-1638,2019-05,measured_pilot,M2_pilot_actual,external,628,3
office001,19-102-260-1639,2019-05,measured_pilot,M2_pilot_actual,external,1261,4
office001,19-102-260-1640,2019-05,measured_pilot,M2_pilot_actual,external,3597,13
office001,19-102-260-1633,2019-06,measured_pilot,M2_pilot_actual,external,1143,5
office001,19-102-260-1634,2019-06,measured_pilot,M2_pilot_actual,external,162,1
office001,19-102-260-1635,2019-06,measured_pilot,M2_pilot_actual,external,41,1
office001,19-102-260-1636,2019-06,measured_pilot,M2_pilot_actual,external,2290,6
office001,19-102-260-1638,2019-06,measured_pilot,M2_pilot_actual,external,459,1
office001,19-102-260-1639,2019-06,measured_pilot,M2_pilot_actual,external,1190,5
office001,19-102-260-1640,2019-06,measured_pilot,M2_pilot_actual,external,2380,8
office001,19-102-260-1633,2019-07,measured_pilot,M2_pilot_actual,external,6379,19
office001,19-102-260-1634,2019-07,measured_pilot,M2_pilot_actual,external,2284,9
office001,19-102-260-1635,2019-07,measured_pilot,M2_pilot_actual,external,359,3
office001,19-102-260-1636,2019-07,measured_pilot,M2_pilot_actual,external,5555,17
office001,19-102-260-1638,2019-07,measured_pilot,M2_pilot_actual,external,603,2
office001,19-102-260-1639,2019-07,measured_pilot,M2_pilot_actual,external,2846,10
office001,19-102-260-1640,2019-07,measured_pilot,M2_pilot_actual,external,4356,12
office001,19-102-260-1633,2019-08,measured_pilot,M2_pilot_actual,external,11995,29
office001,19-102-260-1634,2019-08,measured_pilot,M2_pilot_actual,external,4800,17
office001,19-102-260-1635,2019-08,measured_pilot,M2_pilot_actual,external,2672,11
office001,19-102-260-1636,2019-08,measured_pilot,M2_pilot_actual,external,5467,18
office001,19-102-260-1637,2019-08,measured_pilot,M2_pilot_actual,external,1425,6
office001,19-102-260-1638,2019-08,measured_pilot,M2_pilot_actual,external,5543,18
office001,19-102-260-1639,2019-08,measured_pilot,M2_pilot_actual,external,2105,9
office001,19-102-260-1640,2019-08,measured_pilot,M2_pilot_actual,external,7403,21
office001,19-102-260-1633,2019-09,measured_pilot,M2_pilot_actual,external,10534,24
office001,19-102-260-1634,2019-09,measured_pilot,M2_pilot_actual,external,5095,20
office001,19-102-260-1635,2019-09,measured_pilot,M2_pilot_actual,external,7361,20
office001,19-102-260-1636,2019-09,measured_pilot,M2_pilot_actual,external,5376,14
office001,19-102-260-1637,2019-09,measured_pilot,M2_pilot_actual,external,1320,7
office001,19-102-260-1638,2019-09,measured_pilot,M2_pilot_actual,external,4866,17
office001,19-102-260-1639,2019-09,measured_pilot,M2_pilot_actual,external,3717,16
office001,19-102-260-1640,2019-09,measured_pilot,M2_pilot_actual,external,9721,16
office001,19-102-260-1633,2019-10,measured_pilot,M2_pilot_actual,external,11742,32
office001,19-102-260-1634,2019-10,measured_pilot,M2_pilot_actual,external,7935,35
office001,19-102-260-1635,2019-10,measured_pilot,M2_pilot_actual,external,7306,15
office001,19-102-260-1636,2019-10,measured_pilot,M2_pilot_actual,external,4030,14
office001,19-102-260-1637,2019-10,measured_pilot,M2_pilot_actual,external,2130,6
office001,19-102-260-1638,2019-10,measured_pilot,M2_pilot_actual,external,5192,23
office001,19-102-260-1639,2019-10,measured_pilot,M2_pilot_actual,external,2825,11
office001,19-102-260-1640,2019-10,measured_pilot,M2_pilot_actual,external,7958,22
office001,19-102-260-1633,2019-11,measured_pilot,M2_pilot_actual,external,9032,25
office001,19-102-260-1634,2019-11,measured_pilot,M2_pilot_actual,external,4083,14
office001,19-102-260-1635,2019-11,measured_pilot,M2_pilot_actual,external,6890,18
office001,19-102-260-1636,2019-11,measured_pilot,M2_pilot_actual,external,5104,15
office001,19-102-260-1637,2019-11,measured_pilot,M2_pilot_actual,external,3523,12
office001,19-102-260-1638,2019-11,measured_pilot,M2_pilot_actual,external,2078,7
office001,19-102-260-1639,2019-11,measured_pilot,M2_pilot_actual,external,2478,7
office001,19-102-260-1640,2019-11,measured_pilot,M2_pilot_actual,external,9024,22
office001,19-102-260-1633,2019-12,measured_pilot,M2_pilot_actual,external,9300,24
office001,19-102-260-1634,2019-12,measured_pilot,M2_pilot_actual,external,3454,18
office001,19-102-260-1635,2019-12,measured_pilot,M2_pilot_actual,external,4774,13
office001,19-102-260-1636,2019-12,measured_pilot,M2_pilot_actual,external,4618,17
office001,19-102-260-1637,2019-12,measured_pilot,M2_pilot_actual,external,4407,15
office001,19-102-260-1638,2019-12,measured_pilot,M2_pilot_actual,external,4408,12
office001,19-102-260-1639,2019-12,measured_pilot,M2_pilot_actual,external,2939,10
office001,19-102-260-1640,2019-12,measured_pilot,M2_pilot_actual,external,8343,28
office001,19-102-260-1633,2020-01,measured_pilot,M2_pilot_actual,external,11426,21
office001,19-102-260-1634,2020-01,measured_pilot,M2_pilot_actual,external,4373,14
office001,19-102-260-1635,2020-01,measured_pilot,M2_pilot_actual,external,7456,20
office001,19-102-260-1636,2020-01,measured_pilot,M2_pilot_actual,external,5410,19
office001,19-102-260-1637,2020-01,measured_pilot,M2_pilot_actual,external,4137,12
office001,19-102-260-1638,2020-01,measured_pilot,M2_pilot_actual,external,2866,13
office001,19-102-260-1639,2020-01,measured_pilot,M2_pilot_actual,external,6460,15
office001,19-102-260-1640,2020-01,measured_pilot,M2_pilot_actual,external,9717,27
office001,19-102-260-1633,2020-02,measured_pilot,M2_pilot_actual,external,11040,23
office001,19-102-260-1634,2020-02,measured_pilot,M2_pilot_actual,external,4705,16
office001,19-102-260-1635,2020-02,measured_pilot,M2_pilot_actual,external,5092,15
office001,19-102-260-1636,2020-02,measured_pilot,M2_pilot_actual,external,4779,16
office001,19-102-260-1637,2020-02,measured_pilot,M2_pilot_actual,external,996,5
office001,19-102-260-1638,2020-02,measured_pilot,M2_pilot_actual,external,2994,9
office001,19-102-260-1639,2020-02,measured_pilot,M2_pilot_actual,external,3316,9
office001,19-102-260-1640,2020-02,measured_pilot,M2_pilot_actual,external,5791,18
office001,19-102-260-1633,2020-03,measured_pilot,M2_pilot_actual,external,5188,15
office001,19-102-260-1634,2020-03,measured_pilot,M2_pilot_actual,external,1546,7
office001,19-102-260-1635,2020-03,measured_pilot,M2_pilot_actual,external,3712,9
office001,19-102-260-1636,2020-03,measured_pilot,M2_pilot_actual,external,2230,7
office001,19-102-260-1638,2020-03,measured_pilot,M2_pilot_actual,external,932,3
office001,19-102-260-1639,2020-03,measured_pilot,M2_pilot_actual,external,4284,10
office001,19-102-260-1640,2020-03,measured_pilot,M2_pilot_actual,external,2061,7
office001,19-102-260-1634,2020-04,measured_pilot,M2_pilot_actual,external,809,2
office001,19-102-260-1636,2020-04,measured_pilot,M2_pilot_actual,external,362,1
office001,19-102-260-1638,2020-04,measured_pilot,M2_pilot_actual,external,15,1
office001,19-102-260-1639,2020-04,measured_pilot,M2_pilot_actual,external,5655,13
office001,19-102-260-1640,2020-04,measured_pilot,M2_pilot_actual,external,117,1
office001,19-102-260-1633,2020-05,measured_pilot,M2_pilot_actual,external,59,1
office001,19-102-260-1634,2020-05,measured_pilot,M2_pilot_actual,external,1552,3
office001,19-102-260-1635,2020-05,measured_pilot,M2_pilot_actual,external,685,2
office001,19-102-260-1637,2020-05,measured_pilot,M2_pilot_actual,external,394,1
office001,19-102-260-1639,2020-05,measured_pilot,M2_pilot_actual,external,3554,8
office001,19-102-260-1640,2020-05,measured_pilot,M2_pilot_actual,external,1145,4
office001,19-102-260-1634,2020-06,measured_pilot,M2_pilot_actual,external,483,1
office001,19-102-260-1639,2020-06,measured_pilot,M2_pilot_actual,external,6046,15
office001,19-102-260-1640,2020-06,measured_pilot,M2_pilot_actual,external,4978,2
office001,19-102-260-1633,2020-07,measured_pilot,M2_pilot_actual,external,312,4
office001,19-102-260-1634,2020-07,measured_pilot,M2_pilot_actual,external,229,1
office001,19-102-260-1635,2020-07,measured_pilot,M2_pilot_actual,external,43,1
office001,19-102-260-1636,2020-07,measured_pilot,M2_pilot_actual,external,54,1
office001,19-102-260-1637,2020-07,measured_pilot,M2_pilot_actual,external,489,1
office001,19-102-260-1639,2020-07,measured_pilot,M2_pilot_actual,external,7523,18
office001,19-102-260-1640,2020-07,measured_pilot,M2_pilot_actual,external,6067,5
office001,19-102-260-1634,2020-08,measured_pilot,M2_pilot_actual,external,534,2
office001,19-102-260-1639,2020-08,measured_pilot,M2_pilot_actual,external,2001,7
office001,19-102-260-1640,2020-08,measured_pilot,M2_pilot_actual,external,3475,3
office001,19-102-260-1633,2020-09,measured_pilot,M2_pilot_actual,external,97,2
office001,19-102-260-1634,2020-09,measured_pilot,M2_pilot_actual,external,634,4
office001,19-102-260-1635,2020-09,measured_pilot,M2_pilot_actual,external,3,1
office001,19-102-260-1636,2020-09,measured_pilot,M2_pilot_actual,external,1803,1
office001,19-102-260-1639,2020-09,measured_pilot,M2_pilot_actual,external,5975,12
office001,19-102-260-1640,2020-09,measured_pilot,M2_pilot_actual,external,4240,4
office001,19-102-260-1633,2020-10,measured_pilot,M2_pilot_actual,external,26,1
office001,19-102-260-1634,2020-10,measured_pilot,M2_pilot_actual,external,435,1
office001,19-102-260-1635,2020-10,measured_pilot,M2_pilot_actual,external,555,2
office001,19-102-260-1639,2020-10,measured_pilot,M2_pilot_actual,external,8421,19
office001,19-102-260-1640,2020-10,measured_pilot,M2_pilot_actual,external,3797,5
office001,19-102-260-1633,2020-11,measured_pilot,M2_pilot_actual,external,217,4
office001,19-102-260-1635,2020-11,measured_pilot,M2_pilot_actual,external,466,1
office001,19-102-260-1639,2020-11,measured_pilot,M2_pilot_actual,external,6496,15
office001,19-102-260-1640,2020-11,measured_pilot,M2_pilot_actual,external,1834,3
office001,19-102-260-1633,2020-12,measured_pilot,M2_pilot_actual,external,103,1
office001,19-102-260-1639,2020-12,measured_pilot,M2_pilot_actual,external,304,2
office001,19-102-260-1633,2019-03,measured_pilot,M4_history_insufficient,external,5,1
office001,19-102-260-1634,2019-03,measured_pilot,M4_history_insufficient,external,15,3
office001,19-102-260-1635,2019-03,measured_pilot,M4_history_insufficient,external,5,1
office001,19-102-260-1636,2019-03,measured_pilot,M4_history_insufficient,external,5,1
office001,19-102-260-1640,2019-03,measured_pilot,M4_history_insufficient,external,20,4
office001,19-102-260-1633,2019-04,measured_pilot,M4_history_insufficient,external,110,22
office001,19-102-260-1634,2019-04,measured_pilot,M4_history_insufficient,external,50,10
office001,19-102-260-1635,2019-04,measured_pilot,M4_history_insufficient,external,5,1
office001,19-102-260-1636,2019-04,measured_pilot,M4_history_insufficient,external,80,16
office001,19-102-260-1638,2019-04,measured_pilot,M4_history_insufficient,external,20,4
office001,19-102-260-1639,2019-04,measured_pilot,M4_history_insufficient,external,20,4
office001,19-102-260-1640,2019-04,measured_pilot,M4_history_insufficient,external,93,20
office001,19-102-260-1633,2019-05,measured_pilot,M4_history_insufficient,external,91,19
office001,19-102-260-1634,2019-05,measured_pilot,M4_history_insufficient,external,30,6
office001,19-102-260-1635,2019-05,measured_pilot,M4_history_insufficient,external,5,1
office001,19-102-260-1636,2019-05,measured_pilot,M4_history_insufficient,external,70,14
office001,19-102-260-1637,2019-05,measured_pilot,M4_history_insufficient,external,5,1
office001,19-102-260-1638,2019-05,measured_pilot,M4_history_insufficient,external,15,3
office001,19-102-260-1639,2019-05,measured_pilot,M4_history_insufficient,external,20,4
office001,19-102-260-1640,2019-05,measured_pilot,M4_history_insufficient,external,61,13
office001,19-102-260-1633,2019-06,measured_pilot,M4_history_insufficient,external,25,5
office001,19-102-260-1634,2019-06,measured_pilot,M4_history_insufficient,external,5,1
office001,19-102-260-1635,2019-06,measured_pilot,M4_history_insufficient,external,5,1
office001,19-102-260-1636,2019-06,measured_pilot,M4_history_insufficient,external,30,6
office001,19-102-260-1638,2019-06,measured_pilot,M4_history_insufficient,external,5,1
office001,19-102-260-1639,2019-06,measured_pilot,M4_history_insufficient,external,25,5
office001,19-102-260-1640,2019-06,measured_pilot,M4_history_insufficient,external,40,8
office001,19-102-260-1633,2019-07,measured_pilot,M4_history_insufficient,external,97,20
office001,19-102-260-1634,2019-07,measured_pilot,M4_history_insufficient,external,45,9
office001,19-102-260-1635,2019-07,measured_pilot,M4_history_insufficient,external,18,4
office001,19-102-260-1636,2019-07,measured_pilot,M4_history_insufficient,external,85,17
office001,19-102-260-1638,2019-07,measured_pilot,M4_history_insufficient,external,10,2
office001,19-102-260-1639,2019-07,measured_pilot,M4_history_insufficient,external,50,10
office001,19-102-260-1640,2019-07,measured_pilot,M4_history_insufficient,external,63,13
office001,19-102-260-1633,2019-08,measured_pilot,M4_history_insufficient,external,152,32
office001,19-102-260-1634,2019-08,measured_pilot,M4_history_insufficient,external,85,17
office001,19-102-260-1635,2019-08,measured_pilot,M4_history_insufficient,external,59,13
office001,19-102-260-1636,2019-08,measured_pilot,M4_history_insufficient,external,85,17
office001,19-102-260-1637,2019-08,measured_pilot,M4_history_insufficient,external,30,6
office001,19-102-260-1638,2019-08,measured_pilot,M4_history_insufficient,external,90,18
office001,19-102-260-1639,2019-08,measured_pilot,M4_history_insufficient,external,40,8
office001,19-102-260-1640,2019-08,measured_pilot,M4_history_insufficient,external,100,20
office001,19-102-260-1633,2019-09,measured_pilot,M4_history_insufficient,external,120,24
office001,19-102-260-1634,2019-09,measured_pilot,M4_history_insufficient,external,100,20
office001,19-102-260-1635,2019-09,measured_pilot,M4_history_insufficient,external,112,25
office001,19-102-260-1636,2019-09,measured_pilot,M4_history_insufficient,external,71,15
office001,19-102-260-1637,2019-09,measured_pilot,M4_history_insufficient,external,36,8
office001,19-102-260-1638,2019-09,measured_pilot,M4_history_insufficient,external,85,17
office001,19-102-260-1639,2019-09,measured_pilot,M4_history_insufficient,external,82,17
office001,19-102-260-1640,2019-09,measured_pilot,M4_history_insufficient,external,80,16
office001,19-102-260-1633,2019-10,measured_pilot,M4_history_insufficient,external,160,32
office001,19-102-260-1634,2019-10,measured_pilot,M4_history_insufficient,external,171,35
office001,19-102-260-1635,2019-10,measured_pilot,M4_history_insufficient,external,77,17
office001,19-102-260-1636,2019-10,measured_pilot,M4_history_insufficient,external,74,15
office001,19-102-260-1637,2019-10,measured_pilot,M4_history_insufficient,external,30,6
office001,19-102-260-1638,2019-10,measured_pilot,M4_history_insufficient,external,110,22
office001,19-102-260-1639,2019-10,measured_pilot,M4_history_insufficient,external,53,13
office001,19-102-260-1640,2019-10,measured_pilot,M4_history_insufficient,external,110,22
office001,19-102-260-1633,2019-11,measured_pilot,M4_history_insufficient,external,125,25
office001,19-102-260-1634,2019-11,measured_pilot,M4_history_insufficient,external,70,14
office001,19-102-260-1635,2019-11,measured_pilot,M4_history_insufficient,external,92,20
office001,19-102-260-1636,2019-11,measured_pilot,M4_history_insufficient,external,75,15
office001,19-102-260-1637,2019-11,measured_pilot,M4_history_insufficient,external,60,12
office001,19-102-260-1638,2019-11,measured_pilot,M4_history_insufficient,external,35,7
office001,19-102-260-1639,2019-11,measured_pilot,M4_history_insufficient,external,35,7
office001,19-102-260-1640,2019-11,measured_pilot,M4_history_insufficient,external,106,22
office001,19-102-260-1633,2019-12,measured_pilot,M4_history_insufficient,external,120,24
office001,19-102-260-1634,2019-12,measured_pilot,M4_history_insufficient,external,92,19
office001,19-102-260-1635,2019-12,measured_pilot,M4_history_insufficient,external,66,14
office001,19-102-260-1636,2019-12,measured_pilot,M4_history_insufficient,external,87,18
office001,19-102-260-1637,2019-12,measured_pilot,M4_history_insufficient,external,76,16
office001,19-102-260-1638,2019-12,measured_pilot,M4_history_insufficient,external,64,13
office001,19-102-260-1639,2019-12,measured_pilot,M4_history_insufficient,external,53,11
office001,19-102-260-1640,2019-12,measured_pilot,M4_history_insufficient,external,140,28
office001,19-102-260-1633,2020-01,measured_pilot,M4_history_insufficient,external,105,21
office001,19-102-260-1634,2020-01,measured_pilot,M4_history_insufficient,external,70,14
office001,19-102-260-1635,2020-01,measured_pilot,M4_history_insufficient,external,101,21
office001,19-102-260-1636,2020-01,measured_pilot,M4_history_insufficient,external,95,19
office001,19-102-260-1637,2020-01,measured_pilot,M4_history_insufficient,external,60,12
office001,19-102-260-1638,2020-01,measured_pilot,M4_history_insufficient,external,66,14
office001,19-102-260-1639,2020-01,measured_pilot,M4_history_insufficient,external,75,15
office001,19-102-260-1640,2020-01,measured_pilot,M4_history_insufficient,external,130,26
office001,19-102-260-1633,2020-02,measured_pilot,M4_history_insufficient,external,110,22
office001,19-102-260-1634,2020-02,measured_pilot,M4_history_insufficient,external,84,19
office001,19-102-260-1635,2020-02,measured_pilot,M4_history_insufficient,external,70,14
office001,19-102-260-1636,2020-02,measured_pilot,M4_history_insufficient,external,92,25
office001,19-102-260-1637,2020-02,measured_pilot,M4_history_insufficient,external,22,5
office001,19-102-260-1638,2020-02,measured_pilot,M4_history_insufficient,external,52,15
office001,19-102-260-1639,2020-02,measured_pilot,M4_history_insufficient,external,54,16
office001,19-102-260-1640,2020-02,measured_pilot,M4_history_insufficient,external,90,21
office001,19-102-260-1633,2020-03,measured_pilot,M4_history_insufficient,external,75,15
office001,19-102-260-1634,2020-03,measured_pilot,M4_history_insufficient,external,35,7
office001,19-102-260-1635,2020-03,measured_pilot,M4_history_insufficient,external,47,10
office001,19-102-260-1636,2020-03,measured_pilot,M4_history_insufficient,external,38,8
office001,19-102-260-1637,2020-03,measured_pilot,M4_history_insufficient,external,2,1
office001,19-102-260-1638,2020-03,measured_pilot,M4_history_insufficient,external,15,3
office001,19-102-260-1639,2020-03,measured_pilot,M4_history_insufficient,external,53,11
office001,19-102-260-1640,2020-03,measured_pilot,M4_history_insufficient,external,37,9
office001,19-102-260-1634,2020-04,measured_pilot,M4_history_insufficient,external,10,2
office001,19-102-260-1636,2020-04,measured_pilot,M4_history_insufficient,external,5,1
office001,19-102-260-1638,2020-04,measured_pilot,M4_history_insufficient,external,5,1
office001,19-102-260-1639,2020-04,measured_pilot,M4_history_insufficient,external,60,12
office001,19-102-260-1640,2020-04,measured_pilot,M4_history_insufficient,external,5,1
office001,19-102-260-1633,2020-05,measured_pilot,M4_history_insufficient,external,5,1
office001,19-102-260-1634,2020-05,measured_pilot,M4_history_insufficient,external,15,3
office001,19-102-260-1635,2020-05,measured_pilot,M4_history_insufficient,external,10,2
office001,19-102-260-1637,2020-05,measured_pilot,M4_history_insufficient,external,5,1
office001,19-102-260-1639,2020-05,measured_pilot,M4_history_insufficient,external,40,8
office001,19-102-260-1640,2020-05,measured_pilot,M4_history_insufficient,external,21,5
office001,19-102-260-1634,2020-06,measured_pilot,M4_history_insufficient,external,5,1
office001,19-102-260-1639,2020-06,measured_pilot,M4_history_insufficient,external,75,15
office001,19-102-260-1640,2020-06,measured_pilot,M4_history_insufficient,external,10,2
office001,19-102-260-1633,2020-07,measured_pilot,M4_history_insufficient,external,27,7
office001,19-102-260-1634,2020-07,measured_pilot,M4_history_insufficient,external,5,1
office001,19-102-260-1635,2020-07,measured_pilot,M4_history_insufficient,external,5,1
office001,19-102-260-1636,2020-07,measured_pilot,M4_history_insufficient,external,5,1
office001,19-102-260-1637,2020-07,measured_pilot,M4_history_insufficient,external,5,1
office001,19-102-260-1639,2020-07,measured_pilot,M4_history_insufficient,external,90,18
office001,19-102-260-1640,2020-07,measured_pilot,M4_history_insufficient,external,25,5
office001,19-102-260-1634,2020-08,measured_pilot,M4_history_insufficient,external,10,2
office001,19-102-260-1639,2020-08,measured_pilot,M4_history_insufficient,external,35,7
office001,19-102-260-1640,2020-08,measured_pilot,M4_history_insufficient,external,15,3
office001,19-102-260-1633,2020-09,measured_pilot,M4_history_insufficient,external,10,2
office001,19-102-260-1634,2020-09,measured_pilot,M4_history_insufficient,external,15,3
office001,19-102-260-1635,2020-09,measured_pilot,M4_history_insufficient,external,5,1
office001,19-102-260-1636,2020-09,measured_pilot,M4_history_insufficient,external,5,1
office001,19-102-260-1639,2020-09,measured_pilot,M4_history_insufficient,external,61,13
office001,19-102-260-1640,2020-09,measured_pilot,M4_history_insufficient,external,15,3
office001,19-102-260-1633,2020-10,measured_pilot,M4_history_insufficient,external,5,1
office001,19-102-260-1634,2020-10,measured_pilot,M4_history_insufficient,external,5,1
office001,19-102-260-1635,2020-10,measured_pilot,M4_history_insufficient,external,10,2
office001,19-102-260-1639,2020-10,measured_pilot,M4_history_insufficient,external,90,18
office001,19-102-260-1640,2020-10,measured_pilot,M4_history_insufficient,external,25,5
office001,19-102-260-1633,2020-11,measured_pilot,M4_history_insufficient,external,22,6
office001,19-102-260-1635,2020-11,measured_pilot,M4_history_insufficient,external,8,4
office001,19-102-260-1639,2020-11,measured_pilot,M4_history_insufficient,external,75,15
office001,19-102-260-1640,2020-11,measured_pilot,M4_history_insufficient,external,15,3
office001,19-102-260-1633,2020-12,measured_pilot,M4_history_insufficient,external,5,1
office001,19-102-260-1639,2020-12,measured_pilot,M4_history_insufficient,external,5,1
