test_id,interval_start_utc,interval_end_utc,p_sched_kw,p_actual_mean_kw,p_actual_median_kw,tracking_error_kw,steady_tracking_error_kw,abs_tracking_error_kw,steady_abs_tracking_error_kw,relative_tracking_error,sign_aware_actual_kw,shortfall_kw,steady_shortfall_kw,shortfall_kwh,steady_shortfall_kwh,requested_kwh_abs,delivered_ratio,direction,actual_sample_count,steady_sample_count,interval_usable
1,2022-10-04 23:00:00+00:00,2022-10-04 23:15:00+00:00,0.0,,,,,,,,,,,,,0.0,,idle,0,0,False
1,2022-10-04 23:15:00+00:00,2022-10-04 23:30:00+00:00,0.0,,,,,,,,,,,,,0.0,,idle,0,0,False
1,2022-10-04 23:30:00+00:00,2022-10-04 23:45:00+00:00,0.0,,,,,,,,,,,,,0.0,,idle,0,0,False
1,2022-10-04 23:45:00+00:00,2022-10-05 00:00:00+00:00,0.0,,,,,,,,,,,,,0.0,,idle,0,0,False
1,2022-10-05 00:00:00+00:00,2022-10-05 00:15:00+00:00,0.0,,,,,,,,,,,,,0.0,,idle,0,0,False
1,2022-10-05 00:15:00+00:00,2022-10-05 00:30:00+00:00,0.0,,,,,,,,,,,,,0.0,,idle,0,0,False
1,2022-10-05 00:30:00+00:00,2022-10-05 00:45:00+00:00,0.0,,,,,,,,,,,,,0.0,,idle,0,0,False
1,2022-10-05 00:45:00+00:00,2022-10-05 01:00:00+00:00,0.0,,,,,,,,,,,,,0.0,,idle,0,0,False
1,2022-10-05 01:00:00+00:00,2022-10-05 01:15:00+00:00,0.0,,,,,,,,,,,,,0.0,,idle,0,0,False
1,2022-10-05 01:15:00+00:00,2022-10-05 01:30:00+00:00,0.0,,,,,,,,,,,,,0.0,,idle,0,0,False
1,2022-10-05 01:30:00+00:00,2022-10-05 01:45:00+00:00,0.0,,,,,,,,,,,,,0.0,,idle,0,0,False
1,2022-10-05 01:45:00+00:00,2022-10-05 02:00:00+00:00,0.0,,,,,,,,,,,,,0.0,,idle,0,0,False
1,2022-10-05 02:00:00+00:00,2022-10-05 02:15:00+00:00,-2520.0,,,,,,,,,,,,,630.0,,charge,0,0,False
1,2022-10-05 02:15:00+00:00,2022-10-05 02:30:00+00:00,0.0,,,,,,,,,,,,,0.0,,idle,0,0,False
1,2022-10-05 02:30:00+00:00,2022-10-05 02:45:00+00:00,0.0,,,,,,,,,,,,,0.0,,idle,0,0,False
1,2022-10-05 02:45:00+00:00,2022-10-05 03:00:00+00:00,0.0,,,,,,,,,,,,,0.0,,idle,0,0,False
1,2022-10-05 03:00:00+00:00,2022-10-05 03:15:00+00:00,-1137.7762290891098,,,,,,,,,,,,,284.44405727227746,,charge,0,0,False
1,2022-10-05 03:15:00+00:00,2022-10-05 03:30:00+00:00,0.0,,,,,,,,,,,,,0.0,,idle,0,0,False
1,2022-10-05 03:30:00+00:00,2022-10-05 03:45:00+00:00,0.0,,,,,,,,,,,,,0.0,,idle,0,0,False
1,2022-10-05 03:45:00+00:00,2022-10-05 04:00:00+00:00,0.0,,,,,,,,,,,,,0.0,,idle,0,0,False
1,2022-10-05 04:00:00+00:00,2022-10-05 04:15:00+00:00,0.0,,,,,,,,,,,,,0.0,,idle,0,0,False
1,2022-10-05 04:15:00+00:00,2022-10-05 04:30:00+00:00,0.0,,,,,,,,,,,,,0.0,,idle,0,0,False
1,2022-10-05 04:30:00+00:00,2022-10-05 04:45:00+00:00,0.0,,,,,,,,,,,,,0.0,,idle,0,0,False
1,2022-10-05 04:45:00+00:00,2022-10-05 05:00:00+00:00,0.0,,,,,,,,,,,,,0.0,,idle,0,0,False
1,2022-10-05 05:00:00+00:00,2022-10-05 05:15:00+00:00,0.0,,,,,,,,,,,,,0.0,,idle,0,0,False
1,2022-10-05 05:15:00+00:00,2022-10-05 05:30:00+00:00,0.0,,,,,,,,,,,,,0.0,,idle,0,0,False
1,2022-10-05 05:30:00+00:00,2022-10-05 05:45:00+00:00,1920.0323139428776,,,,,,,,,,,,,480.0080784857194,,discharge,0,0,False
1,2022-10-05 05:45:00+00:00,2022-10-05 06:00:00+00:00,2419.205075625934,,,,,,,,,,,,,604.8012689064835,,discharge,0,0,False
1,2022-10-05 06:00:00+00:00,2022-10-05 06:15:00+00:00,2419.205075625934,,,,,,,,,,,,,604.8012689064835,,discharge,0,0,False
1,2022-10-05 06:15:00+00:00,2022-10-05 06:30:00+00:00,1007.1929699999986,,,,,,,,,,,,,251.79824249999965,,discharge,0,0,False
1,2022-10-05 06:30:00+00:00,2022-10-05 06:45:00+00:00,0.0,,,,,,,,,,,,,0.0,,idle,0,0,False
1,2022-10-05 06:45:00+00:00,2022-10-05 07:00:00+00:00,0.0,,,,,,,,,,,,,0.0,,idle,0,0,False
1,2022-10-05 07:00:00+00:00,2022-10-05 07:15:00+00:00,0.0,,,,,,,,,,,,,0.0,,idle,0,0,False
1,2022-10-05 07:15:00+00:00,2022-10-05 07:30:00+00:00,0.0,,,,,,,,,,,,,0.0,,idle,0,0,False
1,2022-10-05 07:30:00+00:00,2022-10-05 07:45:00+00:00,0.0,,,,,,,,,,,,,0.0,,idle,0,0,False
1,2022-10-05 07:45:00+00:00,2022-10-05 08:00:00+00:00,0.0,,,,,,,,,,,,,0.0,,idle,0,0,False
1,2022-10-05 08:00:00+00:00,2022-10-05 08:15:00+00:00,0.0,,,,,,,,,,,,,0.0,,idle,0,0,False
1,2022-10-05 08:15:00+00:00,2022-10-05 08:30:00+00:00,0.0,,,,,,,,,,,,,0.0,,idle,0,0,False
1,2022-10-05 08:30:00+00:00,2022-10-05 08:45:00+00:00,0.0,,,,,,,,,,,,,0.0,,idle,0,0,False
1,2022-10-05 08:45:00+00:00,2022-10-05 09:00:00+00:00,-1110.1083113449222,,,,,,,,,,,,,277.52707783623055,,charge,0,0,False
1,2022-10-05 09:00:00+00:00,2022-10-05 09:15:00+00:00,0.0,,,,,,,,,,,,,0.0,,idle,0,0,False
1,2022-10-05 09:15:00+00:00,2022-10-05 09:30:00+00:00,0.0,,,,,,,,,,,,,0.0,,idle,0,0,False
1,2022-10-05 09:30:00+00:00,2022-10-05 09:45:00+00:00,1021.0990022968608,,,,,,,,,,,,,255.2747505742152,,discharge,0,0,False
1,2022-10-05 09:45:00+00:00,2022-10-05 10:00:00+00:00,0.0,,,,,,,,,,,,,0.0,,idle,0,0,False
1,2022-10-05 10:00:00+00:00,2022-10-05 10:15:00+00:00,0.0,,,,,,,,,,,,,0.0,,idle,0,0,False
1,2022-10-05 10:15:00+00:00,2022-10-05 10:30:00+00:00,0.0,,,,,,,,,,,,,0.0,,idle,0,0,False
1,2022-10-05 10:30:00+00:00,2022-10-05 10:45:00+00:00,0.0,,,,,,,,,,,,,0.0,,idle,0,0,False
1,2022-10-05 10:45:00+00:00,2022-10-05 11:00:00+00:00,-2497.8038840197564,,,,,,,,,,,,,624.4509710049391,,charge,0,0,False
1,2022-10-05 11:00:00+00:00,2022-10-05 11:15:00+00:00,0.0,,,,,,,,,,,,,0.0,,idle,0,0,False
1,2022-10-05 11:15:00+00:00,2022-10-05 11:30:00+00:00,0.0,,,,,,,,,,,,,0.0,,idle,0,0,False
1,2022-10-05 11:30:00+00:00,2022-10-05 11:45:00+00:00,0.0,,,,,,,,,,,,,0.0,,idle,0,0,False
1,2022-10-05 11:45:00+00:00,2022-10-05 12:00:00+00:00,-2520.0,,,,,,,,,,,,,630.0,,charge,0,0,False
1,2022-10-05 12:00:00+00:00,2022-10-05 12:15:00+00:00,-2520.0,,,,,,,,,,,,,630.0,,charge,0,0,False
1,2022-10-05 12:15:00+00:00,2022-10-05 12:30:00+00:00,0.0,,,,,,,,,,,,,0.0,,idle,0,0,False
1,2022-10-05 12:30:00+00:00,2022-10-05 12:45:00+00:00,0.0,,,,,,,,,,,,,0.0,,idle,0,0,False
1,2022-10-05 12:45:00+00:00,2022-10-05 13:00:00+00:00,0.0,,,,,,,,,,,,,0.0,,idle,0,0,False
1,2022-10-05 13:00:00+00:00,2022-10-05 13:15:00+00:00,-1062.4561556724584,,,,,,,,,,,,,265.6140389181146,,charge,0,0,False
1,2022-10-05 13:15:00+00:00,2022-10-05 13:30:00+00:00,0.0,,,,,,,,,,,,,0.0,,idle,0,0,False
1,2022-10-05 13:30:00+00:00,2022-10-05 13:45:00+00:00,0.0,,,,,,,,,,,,,0.0,,idle,0,0,False
1,2022-10-05 13:45:00+00:00,2022-10-05 14:00:00+00:00,0.0,,,,,,,,,,,,,0.0,,idle,0,0,False
1,2022-10-05 14:00:00+00:00,2022-10-05 14:15:00+00:00,-99.99999999999908,,,,,,,,,,,,,24.99999999999977,,charge,0,0,False
1,2022-10-05 14:15:00+00:00,2022-10-05 14:30:00+00:00,0.0,,,,,,,,,,,,,0.0,,idle,0,0,False
1,2022-10-05 14:30:00+00:00,2022-10-05 14:45:00+00:00,0.0,,,,,,,,,,,,,0.0,,idle,0,0,False
1,2022-10-05 14:45:00+00:00,2022-10-05 15:00:00+00:00,0.0,,,,,,,,,,,,,0.0,,idle,0,0,False
1,2022-10-05 15:00:00+00:00,2022-10-05 15:15:00+00:00,0.0,,,,,,,,,,,,,0.0,,idle,0,0,False
1,2022-10-05 15:15:00+00:00,2022-10-05 15:30:00+00:00,0.0,,,,,,,,,,,,,0.0,,idle,0,0,False
1,2022-10-05 15:30:00+00:00,2022-10-05 15:45:00+00:00,0.0,,,,,,,,,,,,,0.0,,idle,0,0,False
1,2022-10-05 15:45:00+00:00,2022-10-05 16:00:00+00:00,2419.205075625934,,,,,,,,,,,,,604.8012689064835,,discharge,0,0,False
1,2022-10-05 16:00:00+00:00,2022-10-05 16:15:00+00:00,0.0,,,,,,,,,,,,,0.0,,idle,0,0,False
1,2022-10-05 16:15:00+00:00,2022-10-05 16:30:00+00:00,0.0,,,,,,,,,,,,,0.0,,idle,0,0,False
1,2022-10-05 16:30:00+00:00,2022-10-05 16:45:00+00:00,1007.1929699999986,,,,,,,,,,,,,251.79824249999965,,discharge,0,0,False
1,2022-10-05 16:45:00+00:00,2022-10-05 17:00:00+00:00,2030.558597790559,,,,,,,,,,,,,507.6396494476397,,discharge,0,0,False
1,2022-10-05 17:00:00+00:00,2022-10-05 17:15:00+00:00,2419.205075625934,,,,,,,,,,,,,604.8012689064835,,discharge,0,0,False
1,2022-10-05 17:15:00+00:00,2022-10-05 17:30:00+00:00,0.0,,,,,,,,,,,,,0.0,,idle,0,0,False
1,2022-10-05 17:30:00+00:00,2022-10-05 17:45:00+00:00,0.0,,,,,,,,,,,,,0.0,,idle,0,0,False
1,2022-10-05 17:45:00+00:00,2022-10-05 18:00:00+00:00,0.0,,,,,,,,,,,,,0.0,,idle,0,0,False
1,2022-10-05 18:00:00+00:00,2022-10-05 18:15:00+00:00,0.0,,,,,,,,,,,,,0.0,,idle,0,0,False
1,2022-10-05 18:15:00+00:00,2022-10-05 18:30:00+00:00,0.0,,,,,,,,,,,,,0.0,,idle,0,0,False
1,2022-10-05 18:30:00+00:00,2022-10-05 18:45:00+00:00,0.0,,,,,,,,,,,,,0.0,,idle,0,0,False
1,2022-10-05 18:45:00+00:00,2022-10-05 19:00:00+00:00,0.0,,,,,,,,,,,,,0.0,,idle,0,0,False
1,2022-10-05 19:00:00+00:00,2022-10-05 19:15:00+00:00,0.0,,,,,,,,,,,,,0.0,,idle,0,0,False
1,2022-10-05 19:15:00+00:00,2022-10-05 19:30:00+00:00,0.0,,,,,,,,,,,,,0.0,,idle,0,0,False
1,2022-10-05 19:30:00+00:00,2022-10-05 19:45:00+00:00,0.0,,,,,,,,,,,,,0.0,,idle,0,0,False
1,2022-10-05 19:45:00+00:00,2022-10-05 20:00:00+00:00,0.0,,,,,,,,,,,,,0.0,,idle,0,0,False
1,2022-10-05 20:00:00+00:00,2022-10-05 20:15:00+00:00,0.0,,,,,,,,,,,,,0.0,,idle,0,0,False
1,2022-10-05 20:15:00+00:00,2022-10-05 20:30:00+00:00,0.0,,,,,,,,,,,,,0.0,,idle,0,0,False
1,2022-10-05 20:30:00+00:00,2022-10-05 20:45:00+00:00,0.0,,,,,,,,,,,,,0.0,,idle,0,0,False
1,2022-10-05 20:45:00+00:00,2022-10-05 21:00:00+00:00,-2182.3768301509217,,,,,,,,,,,,,545.5942075377304,,charge,0,0,False
1,2022-10-05 21:00:00+00:00,2022-10-05 21:15:00+00:00,0.0,,,,,,,,,,,,,0.0,,idle,0,0,False
1,2022-10-05 21:15:00+00:00,2022-10-05 21:30:00+00:00,0.0,,,,,,,,,,,,,0.0,,idle,0,0,False
1,2022-10-05 21:30:00+00:00,2022-10-05 21:45:00+00:00,0.0,,,,,,,,,,,,,0.0,,idle,0,0,False
1,2022-10-05 21:45:00+00:00,2022-10-05 22:00:00+00:00,-2153.887395619192,,,,,,,,,,,,,538.471848904798,,charge,0,0,False
1,2022-10-05 22:00:00+00:00,2022-10-05 22:15:00+00:00,0.0,,,,,,,,,,,,,0.0,,idle,0,0,False
1,2022-10-05 22:15:00+00:00,2022-10-05 22:30:00+00:00,0.0,,,,,,,,,,,,,0.0,,idle,0,0,False
1,2022-10-05 22:30:00+00:00,2022-10-05 22:45:00+00:00,-99.99999999999908,,,,,,,,,,,,,24.99999999999977,,charge,0,0,False
1,2022-10-05 22:45:00+00:00,2022-10-05 23:00:00+00:00,-100.0,,,,,,,,,,,,,25.0,,charge,0,0,False
1,2022-10-05 23:00:00+00:00,2022-10-05 23:15:00+00:00,0.0,,,,,,,,,,,,,0.0,,idle,0,0,False
1,2022-10-05 23:15:00+00:00,2022-10-05 23:30:00+00:00,0.0,,,,,,,,,,,,,0.0,,idle,0,0,False
1,2022-10-05 23:30:00+00:00,2022-10-05 23:45:00+00:00,0.0,,,,,,,,,,,,,0.0,,idle,0,0,False
1,2022-10-05 23:45:00+00:00,2022-10-06 00:00:00+00:00,0.0,,,,,,,,,,,,,0.0,,idle,0,0,False
1,2022-10-06 00:00:00+00:00,2022-10-06 00:15:00+00:00,0.0,,,,,,,,,,,,,0.0,,idle,0,0,False
1,2022-10-06 00:15:00+00:00,2022-10-06 00:30:00+00:00,0.0,,,,,,,,,,,,,0.0,,idle,0,0,False
1,2022-10-06 00:30:00+00:00,2022-10-06 00:45:00+00:00,0.0,,,,,,,,,,,,,0.0,,idle,0,0,False
1,2022-10-06 00:45:00+00:00,2022-10-06 01:00:00+00:00,0.0,,,,,,,,,,,,,0.0,,idle,0,0,False
1,2022-10-06 01:00:00+00:00,2022-10-06 01:15:00+00:00,-511.7076460887749,,,,,,,,,,,,,127.92691152219372,,charge,0,0,False
1,2022-10-06 01:15:00+00:00,2022-10-06 01:30:00+00:00,0.0,,,,,,,,,,,,,0.0,,idle,0,0,False
1,2022-10-06 01:30:00+00:00,2022-10-06 01:45:00+00:00,0.0,,,,,,,,,,,,,0.0,,idle,0,0,False
1,2022-10-06 01:45:00+00:00,2022-10-06 02:00:00+00:00,0.0,,,,,,,,,,,,,0.0,,idle,0,0,False
1,2022-10-06 02:00:00+00:00,2022-10-06 02:15:00+00:00,-2520.0000000000005,,,,,,,,,,,,,630.0000000000001,,charge,0,0,False
1,2022-10-06 02:15:00+00:00,2022-10-06 02:30:00+00:00,-1177.9679676124924,,,,,,,,,,,,,294.4919919031231,,charge,0,0,False
1,2022-10-06 02:30:00+00:00,2022-10-06 02:45:00+00:00,0.0,,,,,,,,,,,,,0.0,,idle,0,0,False
1,2022-10-06 02:45:00+00:00,2022-10-06 03:00:00+00:00,0.0,,,,,,,,,,,,,0.0,,idle,0,0,False
1,2022-10-06 03:00:00+00:00,2022-10-06 03:15:00+00:00,0.0,,,,,,,,,,,,,0.0,,idle,0,0,False
1,2022-10-06 03:15:00+00:00,2022-10-06 03:30:00+00:00,0.0,,,,,,,,,,,,,0.0,,idle,0,0,False
1,2022-10-06 03:30:00+00:00,2022-10-06 03:45:00+00:00,0.0,,,,,,,,,,,,,0.0,,idle,0,0,False
1,2022-10-06 03:45:00+00:00,2022-10-06 04:00:00+00:00,0.0,,,,,,,,,,,,,0.0,,idle,0,0,False
1,2022-10-06 04:00:00+00:00,2022-10-06 04:15:00+00:00,0.0,,,,,,,,,,,,,0.0,,idle,0,0,False
1,2022-10-06 04:15:00+00:00,2022-10-06 04:30:00+00:00,0.0,,,,,,,,,,,,,0.0,,idle,0,0,False
1,2022-10-06 04:30:00+00:00,2022-10-06 04:45:00+00:00,0.0,,,,,,,,,,,,,0.0,,idle,0,0,False
1,2022-10-06 04:45:00+00:00,2022-10-06 05:00:00+00:00,0.0,,,,,,,,,,,,,0.0,,idle,0,0,False
1,2022-10-06 05:00:00+00:00,2022-10-06 05:15:00+00:00,0.0,,,,,,,,,,,,,0.0,,idle,0,0,False
1,2022-10-06 05:15:00+00:00,2022-10-06 05:30:00+00:00,0.0,,,,,,,,,,,,,0.0,,idle,0,0,False
1,2022-10-06 05:30:00+00:00,2022-10-06 05:45:00+00:00,0.0,,,,,,,,,,,,,0.0,,idle,0,0,False
1,2022-10-06 05:45:00+00:00,2022-10-06 06:00:00+00:00,2419.205075625934,,,,,,,,,,,,,604.8012689064835,,discharge,0,0,False
1,2022-10-06 06:00:00+00:00,2022-10-06 06:15:00+00:00,2419.205075625934,,,,,,,,,,,,,604.8012689064835,,discharge,0,0,False
1,2022-10-06 06:15:00+00:00,2022-10-06 06:30:00+00:00,1007.1929699999986,,,,,,,,,,,,,251.79824249999965,,discharge,0,0,False
1,2022-10-06 06:30:00+00:00,2022-10-06 06:45:00+00:00,0.0,,,,,,,,,,,,,0.0,,idle,0,0,False
1,2022-10-06 06:45:00+00:00,2022-10-06 07:00:00+00:00,0.0,,,,,,,,,,,,,0.0,,idle,0,0,False
1,2022-10-06 07:00:00+00:00,2022-10-06 07:15:00+00:00,1987.96249530027,,,,,,,,,,,,,496.9906238250675,,discharge,0,0,False
1,2022-10-06 07:15:00+00:00,2022-10-06 07:30:00+00:00,0.0,,,,,,,,,,,,,0.0,,idle,0,0,False
1,2022-10-06 07:30:00+00:00,2022-10-06 07:45:00+00:00,0.0,,,,,,,,,,,,,0.0,,idle,0,0,False
1,2022-10-06 07:45:00+00:00,2022-10-06 08:00:00+00:00,0.0,,,,,,,,,,,,,0.0,,idle,0,0,False
1,2022-10-06 08:00:00+00:00,2022-10-06 08:15:00+00:00,0.0,,,,,,,,,,,,,0.0,,idle,0,0,False
1,2022-10-06 08:15:00+00:00,2022-10-06 08:30:00+00:00,0.0,,,,,,,,,,,,,0.0,,idle,0,0,False
1,2022-10-06 08:30:00+00:00,2022-10-06 08:45:00+00:00,0.0,,,,,,,,,,,,,0.0,,idle,0,0,False
1,2022-10-06 08:45:00+00:00,2022-10-06 09:00:00+00:00,0.0,,,,,,,,,,,,,0.0,,idle,0,0,False
1,2022-10-06 09:00:00+00:00,2022-10-06 09:15:00+00:00,0.0,,,,,,,,,,,,,0.0,,idle,0,0,False
1,2022-10-06 09:15:00+00:00,2022-10-06 09:30:00+00:00,0.0,,,,,,,,,,,,,0.0,,idle,0,0,False
1,2022-10-06 09:30:00+00:00,2022-10-06 09:45:00+00:00,0.0,,,,,,,,,,,,,0.0,,idle,0,0,False
1,2022-10-06 09:45:00+00:00,2022-10-06 10:00:00+00:00,-1110.7556073208602,,,,,,,,,,,,,277.68890183021506,,charge,0,0,False
1,2022-10-06 10:00:00+00:00,2022-10-06 10:15:00+00:00,0.0,,,,,,,,,,,,,0.0,,idle,0,0,False
1,2022-10-06 10:15:00+00:00,2022-10-06 10:30:00+00:00,0.0,,,,,,,,,,,,,0.0,,idle,0,0,False
1,2022-10-06 10:30:00+00:00,2022-10-06 10:45:00+00:00,0.0,,,,,,,,,,,,,0.0,,idle,0,0,False
1,2022-10-06 10:45:00+00:00,2022-10-06 11:00:00+00:00,-2520.0,,,,,,,,,,,,,630.0,,charge,0,0,False
1,2022-10-06 11:00:00+00:00,2022-10-06 11:15:00+00:00,0.0,,,,,,,,,,,,,0.0,,idle,0,0,False
1,2022-10-06 11:15:00+00:00,2022-10-06 11:30:00+00:00,0.0,,,,,,,,,,,,,0.0,,idle,0,0,False
1,2022-10-06 11:30:00+00:00,2022-10-06 11:45:00+00:00,0.0,,,,,,,,,,,,,0.0,,idle,0,0,False
1,2022-10-06 11:45:00+00:00,2022-10-06 12:00:00+00:00,0.0,,,,,,,,,,,,,0.0,,idle,0,0,False
1,2022-10-06 12:00:00+00:00,2022-10-06 12:15:00+00:00,-2520.0,,,,,,,,,,,,,630.0,,charge,0,0,False
1,2022-10-06 12:15:00+00:00,2022-10-06 12:30:00+00:00,0.0,,,,,,,,,,,,,0.0,,idle,0,0,False
1,2022-10-06 12:30:00+00:00,2022-10-06 12:45:00+00:00,0.0,,,,,,,,,,,,,0.0,,idle,0,0,False
1,2022-10-06 12:45:00+00:00,2022-10-06 13:00:00+00:00,0.0,,,,,,,,,,,,,0.0,,idle,0,0,False
1,2022-10-06 13:00:00+00:00,2022-10-06 13:15:00+00:00,-2520.0,,,,,,,,,,,,,630.0,,charge,0,0,False
1,2022-10-06 13:15:00+00:00,2022-10-06 13:30:00+00:00,0.0,,,,,,,,,,,,,0.0,,idle,0,0,False
1,2022-10-06 13:30:00+00:00,2022-10-06 13:45:00+00:00,0.0,,,,,,,,,,,,,0.0,,idle,0,0,False
1,2022-10-06 13:45:00+00:00,2022-10-06 14:00:00+00:00,0.0,,,,,,,,,,,,,0.0,,idle,0,0,False
1,2022-10-06 14:00:00+00:00,2022-10-06 14:15:00+00:00,0.0,,,,,,,,,,,,,0.0,,idle,0,0,False
1,2022-10-06 14:15:00+00:00,2022-10-06 14:30:00+00:00,0.0,,,,,,,,,,,,,0.0,,idle,0,0,False
1,2022-10-06 14:30:00+00:00,2022-10-06 14:45:00+00:00,0.0,,,,,,,,,,,,,0.0,,idle,0,0,False
1,2022-10-06 14:45:00+00:00,2022-10-06 15:00:00+00:00,2294.265208891481,,,,,,,,,,,,,573.5663022228703,,discharge,0,0,False
1,2022-10-06 15:00:00+00:00,2022-10-06 15:15:00+00:00,-2520.0,,,,,,,,,,,,,630.0,,charge,0,0,False
1,2022-10-06 15:15:00+00:00,2022-10-06 15:30:00+00:00,0.0,,,,,,,,,,,,,0.0,,idle,0,0,False
1,2022-10-06 15:30:00+00:00,2022-10-06 15:45:00+00:00,0.0,,,,,,,,,,,,,0.0,,idle,0,0,False
1,2022-10-06 15:45:00+00:00,2022-10-06 16:00:00+00:00,2313.788942691588,,,,,,,,,,,,,578.447235672897,,discharge,0,0,False
1,2022-10-06 16:00:00+00:00,2022-10-06 16:15:00+00:00,-2520.0,,,,,,,,,,,,,630.0,,charge,0,0,False
1,2022-10-06 16:15:00+00:00,2022-10-06 16:30:00+00:00,0.0,,,,,,,,,,,,,0.0,,idle,0,0,False
1,2022-10-06 16:30:00+00:00,2022-10-06 16:45:00+00:00,0.0,,,,,,,,,,,,,0.0,,idle,0,0,False
1,2022-10-06 16:45:00+00:00,2022-10-06 17:00:00+00:00,2419.205075625934,,,,,,,,,,,,,604.8012689064835,,discharge,0,0,False
1,2022-10-06 17:00:00+00:00,2022-10-06 17:15:00+00:00,-1864.725002027818,,,,,,,,,,,,,466.1812505069545,,charge,0,0,False
1,2022-10-06 17:15:00+00:00,2022-10-06 17:30:00+00:00,2419.205075625936,,,,,,,,,,,,,604.801268906484,,discharge,0,0,False
1,2022-10-06 17:30:00+00:00,2022-10-06 17:45:00+00:00,2419.205075625936,,,,,,,,,,,,,604.801268906484,,discharge,0,0,False
1,2022-10-06 17:45:00+00:00,2022-10-06 18:00:00+00:00,0.0,,,,,,,,,,,,,0.0,,idle,0,0,False
1,2022-10-06 18:00:00+00:00,2022-10-06 18:15:00+00:00,2419.205075625934,,,,,,,,,,,,,604.8012689064835,,discharge,0,0,False
1,2022-10-06 18:15:00+00:00,2022-10-06 18:30:00+00:00,0.0,,,,,,,,,,,,,0.0,,idle,0,0,False
1,2022-10-06 18:30:00+00:00,2022-10-06 18:45:00+00:00,0.0,,,,,,,,,,,,,0.0,,idle,0,0,False
1,2022-10-06 18:45:00+00:00,2022-10-06 19:00:00+00:00,-2520.0,,,,,,,,,,,,,630.0,,charge,0,0,False
1,2022-10-06 19:00:00+00:00,2022-10-06 19:15:00+00:00,2313.788942691593,,,,,,,,,,,,,578.4472356728983,,discharge,0,0,False
1,2022-10-06 19:15:00+00:00,2022-10-06 19:30:00+00:00,0.0,,,,,,,,,,,,,0.0,,idle,0,0,False
1,2022-10-06 19:30:00+00:00,2022-10-06 19:45:00+00:00,0.0,,,,,,,,,,,,,0.0,,idle,0,0,False
1,2022-10-06 19:45:00+00:00,2022-10-06 20:00:00+00:00,-2520.0,,,,,,,,,,,,,630.0,,charge,0,0,False
1,2022-10-06 20:00:00+00:00,2022-10-06 20:15:00+00:00,0.0,,,,,,,,,,,,,0.0,,idle,0,0,False
1,2022-10-06 20:15:00+00:00,2022-10-06 20:30:00+00:00,0.0,,,,,,,,,,,,,0.0,,idle,0,0,False
1,2022-10-06 20:30:00+00:00,2022-10-06 20:45:00+00:00,0.0,,,,,,,,,,,,,0.0,,idle,0,0,False
1,2022-10-06 20:45:00+00:00,2022-10-06 21:00:00+00:00,-2520.0,,,,,,,,,,,,,630.0,,charge,0,0,False
1,2022-10-06 21:00:00+00:00,2022-10-06 21:15:00+00:00,0.0,,,,,,,,,,,,,0.0,,idle,0,0,False
1,2022-10-06 21:15:00+00:00,2022-10-06 21:30:00+00:00,0.0,,,,,,,,,,,,,0.0,,idle,0,0,False
1,2022-10-06 21:30:00+00:00,2022-10-06 21:45:00+00:00,-1110.755607320859,,,,,,,,,,,,,277.6889018302148,,charge,0,0,False
1,2022-10-06 21:45:00+00:00,2022-10-06 22:00:00+00:00,-2520.0,,,,,,,,,,,,,630.0,,charge,0,0,False
1,2022-10-06 22:00:00+00:00,2022-10-06 22:15:00+00:00,0.0,,,,,,,,,,,,,0.0,,idle,0,0,False
1,2022-10-06 22:15:00+00:00,2022-10-06 22:30:00+00:00,0.0,,,,,,,,,,,,,0.0,,idle,0,0,False
1,2022-10-06 22:30:00+00:00,2022-10-06 22:45:00+00:00,0.0,,,,,,,,,,,,,0.0,,idle,0,0,False
1,2022-10-06 22:45:00+00:00,2022-10-06 23:00:00+00:00,0.0,,,,,,,,,,,,,0.0,,idle,0,0,False
1,2022-10-06 23:00:00+00:00,2022-10-06 23:15:00+00:00,0.0,,,,,,,,,,,,,0.0,,idle,0,0,False
1,2022-10-06 23:15:00+00:00,2022-10-06 23:30:00+00:00,0.0,,,,,,,,,,,,,0.0,,idle,0,0,False
1,2022-10-06 23:30:00+00:00,2022-10-06 23:45:00+00:00,0.0,,,,,,,,,,,,,0.0,,idle,0,0,False
1,2022-10-06 23:45:00+00:00,2022-10-07 00:00:00+00:00,0.0,,,,,,,,,,,,,0.0,,idle,0,0,False
1,2022-10-07 00:00:00+00:00,2022-10-07 00:15:00+00:00,0.0,,,,,,,,,,,,,0.0,,idle,0,0,False
1,2022-10-07 00:15:00+00:00,2022-10-07 00:30:00+00:00,0.0,,,,,,,,,,,,,0.0,,idle,0,0,False
1,2022-10-07 00:30:00+00:00,2022-10-07 00:45:00+00:00,0.0,,,,,,,,,,,,,0.0,,idle,0,0,False
1,2022-10-07 00:45:00+00:00,2022-10-07 01:00:00+00:00,0.0,,,,,,,,,,,,,0.0,,idle,0,0,False
1,2022-10-07 01:00:00+00:00,2022-10-07 01:15:00+00:00,0.0,,,,,,,,,,,,,0.0,,idle,0,0,False
1,2022-10-07 01:15:00+00:00,2022-10-07 01:30:00+00:00,0.0,,,,,,,,,,,,,0.0,,idle,0,0,False
1,2022-10-07 01:30:00+00:00,2022-10-07 01:45:00+00:00,0.0,,,,,,,,,,,,,0.0,,idle,0,0,False
1,2022-10-07 01:45:00+00:00,2022-10-07 02:00:00+00:00,0.0,,,,,,,,,,,,,0.0,,idle,0,0,False
1,2022-10-07 02:00:00+00:00,2022-10-07 02:15:00+00:00,0.0,,,,,,,,,,,,,0.0,,idle,0,0,False
1,2022-10-07 02:15:00+00:00,2022-10-07 02:30:00+00:00,0.0,,,,,,,,,,,,,0.0,,idle,0,0,False
1,2022-10-07 02:30:00+00:00,2022-10-07 02:45:00+00:00,0.0,,,,,,,,,,,,,0.0,,idle,0,0,False
1,2022-10-07 02:45:00+00:00,2022-10-07 03:00:00+00:00,2419.205075625934,,,,,,,,,,,,,604.8012689064835,,discharge,0,0,False
1,2022-10-07 03:00:00+00:00,2022-10-07 03:15:00+00:00,-1309.9347056085344,,,,,,,,,,,,,327.4836764021336,,charge,0,0,False
1,2022-10-07 03:15:00+00:00,2022-10-07 03:30:00+00:00,0.0,,,,,,,,,,,,,0.0,,idle,0,0,False
1,2022-10-07 03:30:00+00:00,2022-10-07 03:45:00+00:00,0.0,,,,,,,,,,,,,0.0,,idle,0,0,False
1,2022-10-07 03:45:00+00:00,2022-10-07 04:00:00+00:00,0.0,,,,,,,,,,,,,0.0,,idle,0,0,False
1,2022-10-07 04:00:00+00:00,2022-10-07 04:15:00+00:00,-1428.1763292521628,,,,,,,,,,,,,357.0440823130407,,charge,0,0,False
1,2022-10-07 04:15:00+00:00,2022-10-07 04:30:00+00:00,0.0,,,,,,,,,,,,,0.0,,idle,0,0,False
1,2022-10-07 04:30:00+00:00,2022-10-07 04:45:00+00:00,0.0,,,,,,,,,,,,,0.0,,idle,0,0,False
1,2022-10-07 04:45:00+00:00,2022-10-07 05:00:00+00:00,2419.205075625934,,,,,,,,,,,,,604.8012689064835,,discharge,0,0,False
1,2022-10-07 05:00:00+00:00,2022-10-07 05:15:00+00:00,-1911.6261747549236,,,,,,,,,,,,,477.9065436887309,,charge,0,0,False
1,2022-10-07 05:15:00+00:00,2022-10-07 05:30:00+00:00,0.0,,,,,,,,,,,,,0.0,,idle,0,0,False
1,2022-10-07 05:30:00+00:00,2022-10-07 05:45:00+00:00,2419.205075625934,,,,,,,,,,,,,604.8012689064835,,discharge,0,0,False
1,2022-10-07 05:45:00+00:00,2022-10-07 06:00:00+00:00,2419.205075625934,,,,,,,,,,,,,604.8012689064835,,discharge,0,0,False
1,2022-10-07 06:00:00+00:00,2022-10-07 06:15:00+00:00,2419.205075625934,,,,,,,,,,,,,604.8012689064835,,discharge,0,0,False
1,2022-10-07 06:15:00+00:00,2022-10-07 06:30:00+00:00,0.0,,,,,,,,,,,,,0.0,,idle,0,0,False
1,2022-10-07 06:30:00+00:00,2022-10-07 06:45:00+00:00,0.0,,,,,,,,,,,,,0.0,,idle,0,0,False
1,2022-10-07 06:45:00+00:00,2022-10-07 07:00:00+00:00,0.0,,,,,,,,,,,,,0.0,,idle,0,0,False
1,2022-10-07 07:00:00+00:00,2022-10-07 07:15:00+00:00,0.0,,,,,,,,,,,,,0.0,,idle,0,0,False
1,2022-10-07 07:15:00+00:00,2022-10-07 07:30:00+00:00,0.0,,,,,,,,,,,,,0.0,,idle,0,0,False
1,2022-10-07 07:30:00+00:00,2022-10-07 07:45:00+00:00,0.0,,,,,,,,,,,,,0.0,,idle,0,0,False
1,2022-10-07 07:45:00+00:00,2022-10-07 08:00:00+00:00,-1480.1050678720185,,,,,,,,,,,,,370.0262669680046,,charge,0,0,False
1,2022-10-07 08:00:00+00:00,2022-10-07 08:15:00+00:00,1346.9117670980816,,,,,,,,,,,,,336.7279417745204,,discharge,0,0,False
1,2022-10-07 08:15:00+00:00,2022-10-07 08:30:00+00:00,0.0,,,,,,,,,,,,,0.0,,idle,0,0,False
1,2022-10-07 08:30:00+00:00,2022-10-07 08:45:00+00:00,0.0,,,,,,,,,,,,,0.0,,idle,0,0,False
1,2022-10-07 08:45:00+00:00,2022-10-07 09:00:00+00:00,0.0,,,,,,,,,,,,,0.0,,idle,0,0,False
1,2022-10-07 09:00:00+00:00,2022-10-07 09:15:00+00:00,0.0,,,,,,,,,,,,,0.0,,idle,0,0,False
1,2022-10-07 09:15:00+00:00,2022-10-07 09:30:00+00:00,0.0,,,,,,,,,,,,,0.0,,idle,0,0,False
1,2022-10-07 09:30:00+00:00,2022-10-07 09:45:00+00:00,0.0,,,,,,,,,,,,,0.0,,idle,0,0,False
1,2022-10-07 09:45:00+00:00,2022-10-07 10:00:00+00:00,0.0,,,,,,,,,,,,,0.0,,idle,0,0,False
1,2022-10-07 10:00:00+00:00,2022-10-07 10:15:00+00:00,0.0,,,,,,,,,,,,,0.0,,idle,0,0,False
1,2022-10-07 10:15:00+00:00,2022-10-07 10:30:00+00:00,0.0,,,,,,,,,,,,,0.0,,idle,0,0,False
1,2022-10-07 10:30:00+00:00,2022-10-07 10:45:00+00:00,0.0,,,,,,,,,,,,,0.0,,idle,0,0,False
1,2022-10-07 10:45:00+00:00,2022-10-07 11:00:00+00:00,-2509.0775925237267,,,,,,,,,,,,,627.2693981309317,,charge,0,0,False
1,2022-10-07 11:00:00+00:00,2022-10-07 11:15:00+00:00,0.0,,,,,,,,,,,,,0.0,,idle,0,0,False
1,2022-10-07 11:15:00+00:00,2022-10-07 11:30:00+00:00,0.0,,,,,,,,,,,,,0.0,,idle,0,0,False
1,2022-10-07 11:30:00+00:00,2022-10-07 11:45:00+00:00,-1110.1083113449215,,,,,,,,,,,,,277.5270778362304,,charge,0,0,False
1,2022-10-07 11:45:00+00:00,2022-10-07 12:00:00+00:00,-2520.0,,,,,,,,,,,,,630.0,,charge,0,0,False
1,2022-10-07 12:00:00+00:00,2022-10-07 12:15:00+00:00,-2520.0,,,,,,,,,,,,,630.0,,charge,0,0,False
1,2022-10-07 12:15:00+00:00,2022-10-07 12:30:00+00:00,0.0,,,,,,,,,,,,,0.0,,idle,0,0,False
1,2022-10-07 12:30:00+00:00,2022-10-07 12:45:00+00:00,0.0,,,,,,,,,,,,,0.0,,idle,0,0,False
1,2022-10-07 12:45:00+00:00,2022-10-07 13:00:00+00:00,0.0,,,,,,,,,,,,,0.0,,idle,0,0,False
1,2022-10-07 13:00:00+00:00,2022-10-07 13:15:00+00:00,0.0,,,,,,,,,,,,,0.0,,idle,0,0,False
1,2022-10-07 13:15:00+00:00,2022-10-07 13:30:00+00:00,0.0,,,,,,,,,,,,,0.0,,idle,0,0,False
1,2022-10-07 13:30:00+00:00,2022-10-07 13:45:00+00:00,0.0,,,,,,,,,,,,,0.0,,idle,0,0,False
1,2022-10-07 13:45:00+00:00,2022-10-07 14:00:00+00:00,0.0,,,,,,,,,,,,,0.0,,idle,0,0,False
1,2022-10-07 14:00:00+00:00,2022-10-07 14:15:00+00:00,0.0,,,,,,,,,,,,,0.0,,idle,0,0,False
1,2022-10-07 14:15:00+00:00,2022-10-07 14:30:00+00:00,0.0,,,,,,,,,,,,,0.0,,idle,0,0,False
1,2022-10-07 14:30:00+00:00,2022-10-07 14:45:00+00:00,0.0,,,,,,,,,,,,,0.0,,idle,0,0,False
1,2022-10-07 14:45:00+00:00,2022-10-07 15:00:00+00:00,2419.2050756259364,,,,,,,,,,,,,604.8012689064841,,discharge,0,0,False
1,2022-10-07 15:00:00+00:00,2022-10-07 15:15:00+00:00,-2520.0,,,,,,,,,,,,,630.0,,charge,0,0,False
1,2022-10-07 15:15:00+00:00,2022-10-07 15:30:00+00:00,-165.13854346173707,,,,,,,,,,,,,41.28463586543427,,charge,0,0,False
1,2022-10-07 15:30:00+00:00,2022-10-07 15:45:00+00:00,0.0,,,,,,,,,,,,,0.0,,idle,0,0,False
1,2022-10-07 15:45:00+00:00,2022-10-07 16:00:00+00:00,2419.205075625934,,,,,,,,,,,,,604.8012689064835,,discharge,0,0,False
1,2022-10-07 16:00:00+00:00,2022-10-07 16:15:00+00:00,-1974.886993545479,,,,,,,,,,,,,493.72174838636977,,charge,0,0,False
1,2022-10-07 16:15:00+00:00,2022-10-07 16:30:00+00:00,0.0,,,,,,,,,,,,,0.0,,idle,0,0,False
1,2022-10-07 16:30:00+00:00,2022-10-07 16:45:00+00:00,2419.205075625934,,,,,,,,,,,,,604.8012689064835,,discharge,0,0,False
1,2022-10-07 16:45:00+00:00,2022-10-07 17:00:00+00:00,2419.205075625934,,,,,,,,,,,,,604.8012689064835,,discharge,0,0,False
1,2022-10-07 17:00:00+00:00,2022-10-07 17:15:00+00:00,2419.2050756259373,,,,,,,,,,,,,604.8012689064843,,discharge,0,0,False
1,2022-10-07 17:15:00+00:00,2022-10-07 17:30:00+00:00,0.0,,,,,,,,,,,,,0.0,,idle,0,0,False
1,2022-10-07 17:30:00+00:00,2022-10-07 17:45:00+00:00,0.0,,,,,,,,,,,,,0.0,,idle,0,0,False
1,2022-10-07 17:45:00+00:00,2022-10-07 18:00:00+00:00,-2520.0,,,,,,,,,,,,,630.0,,charge,0,0,False
1,2022-10-07 18:00:00+00:00,2022-10-07 18:15:00+00:00,2419.205075625934,,,,,,,,,,,,,604.8012689064835,,discharge,0,0,False
1,2022-10-07 18:15:00+00:00,2022-10-07 18:30:00+00:00,0.0,,,,,,,,,,,,,0.0,,idle,0,0,False
1,2022-10-07 18:30:00+00:00,2022-10-07 18:45:00+00:00,0.0,,,,,,,,,,,,,0.0,,idle,0,0,False
1,2022-10-07 18:45:00+00:00,2022-10-07 19:00:00+00:00,-2520.0,,,,,,,,,,,,,630.0,,charge,0,0,False
1,2022-10-07 19:00:00+00:00,2022-10-07 19:15:00+00:00,2318.669876141618,,,,,,,,,,,,,579.6674690354045,,discharge,0,0,False
1,2022-10-07 19:15:00+00:00,2022-10-07 19:30:00+00:00,0.0,,,,,,,,,,,,,0.0,,idle,0,0,False
1,2022-10-07 19:30:00+00:00,2022-10-07 19:45:00+00:00,-137.63209548638343,,,,,,,,,,,,,34.40802387159586,,charge,0,0,False
1,2022-10-07 19:45:00+00:00,2022-10-07 20:00:00+00:00,-2520.0,,,,,,,,,,,,,630.0,,charge,0,0,False
1,2022-10-07 20:00:00+00:00,2022-10-07 20:15:00+00:00,2419.205075625934,,,,,,,,,,,,,604.8012689064835,,discharge,0,0,False
1,2022-10-07 20:15:00+00:00,2022-10-07 20:30:00+00:00,0.0,,,,,,,,,,,,,0.0,,idle,0,0,False
1,2022-10-07 20:30:00+00:00,2022-10-07 20:45:00+00:00,0.0,,,,,,,,,,,,,0.0,,idle,0,0,False
1,2022-10-07 20:45:00+00:00,2022-10-07 21:00:00+00:00,0.0,,,,,,,,,,,,,0.0,,idle,0,0,False
1,2022-10-07 21:00:00+00:00,2022-10-07 21:15:00+00:00,0.0,,,,,,,,,,,,,0.0,,idle,0,0,False
1,2022-10-07 21:15:00+00:00,2022-10-07 21:30:00+00:00,0.0,,,,,,,,,,,,,0.0,,idle,0,0,False
1,2022-10-07 21:30:00+00:00,2022-10-07 21:45:00+00:00,-2520.0,,,,,,,,,,,,,630.0,,charge,0,0,False
1,2022-10-07 21:45:00+00:00,2022-10-07 22:00:00+00:00,-2520.0,,,,,,,,,,,,,630.0,,charge,0,0,False
1,2022-10-07 22:00:00+00:00,2022-10-07 22:15:00+00:00,2399.769601585971,,,,,,,,,,,,,599.9424003964928,,discharge,0,0,False
1,2022-10-07 22:15:00+00:00,2022-10-07 22:30:00+00:00,0.0,,,,,,,,,,,,,0.0,,idle,0,0,False
1,2022-10-07 22:30:00+00:00,2022-10-07 22:45:00+00:00,0.0,,,,,,,,,,,,,0.0,,idle,0,0,False
1,2022-10-07 22:45:00+00:00,2022-10-07 23:00:00+00:00,-2520.0,,,,,,,,,,,,,630.0,,charge,0,0,False
2,2024-05-28 11:00:00+00:00,2024-05-28 11:15:00+00:00,0.0,-2.6577777777777776,-2.0,-2.6577777777777776,-1.7666666666666666,2.6577777777777776,1.7666666666666666,2.6577777777777776,-2.6577777777777776,2.6577777777777776,1.7666666666666666,0.6644444444444444,0.4122222222222222,0.0,,idle,900,840,True
2,2024-05-28 11:15:00+00:00,2024-05-28 11:30:00+00:00,0.0,-1.72,-2.0,-1.72,-1.680952380952381,1.72,1.680952380952381,1.72,-1.72,1.72,1.680952380952381,0.43,0.39222222222222225,0.0,,idle,900,840,True
2,2024-05-28 11:30:00+00:00,2024-05-28 11:45:00+00:00,0.0,-1.9655555555555555,-2.0,-1.9655555555555555,-1.9773809523809525,1.9655555555555555,1.9773809523809525,1.9655555555555555,-1.9655555555555555,1.9655555555555555,1.9773809523809525,0.4913888888888889,0.4613888888888889,0.0,,idle,900,840,True
2,2024-05-28 11:45:00+00:00,2024-05-28 12:00:00+00:00,-100.00000000000006,-1.6555555555555554,-2.0,98.3444444444445,98.29880952380958,98.3444444444445,98.29880952380958,0.9834444444444445,1.6555555555555554,98.3444444444445,98.29880952380958,24.586111111111126,22.9363888888889,25.000000000000014,0.016555555555555546,charge,900,840,True
2,2024-05-28 12:00:00+00:00,2024-05-28 12:15:00+00:00,0.0,-1.8055555555555556,-2.0,-1.8055555555555556,-1.819047619047619,1.8055555555555556,1.819047619047619,1.8055555555555556,-1.8055555555555556,1.8055555555555556,1.819047619047619,0.4513888888888889,0.42444444444444446,0.0,,idle,900,840,True
2,2024-05-28 12:15:00+00:00,2024-05-28 12:30:00+00:00,0.0,-1.65,-2.0,-1.65,-1.6559523809523808,1.65,1.6559523809523808,1.65,-1.65,1.65,1.6559523809523808,0.4125,0.3863888888888889,0.0,,idle,900,840,True
2,2024-05-28 12:30:00+00:00,2024-05-28 12:45:00+00:00,0.0,-1.7466666666666666,-2.0,-1.7466666666666666,-1.7297619047619048,1.7466666666666666,1.7297619047619048,1.7466666666666666,-1.7466666666666666,1.7466666666666666,1.7297619047619048,0.43666666666666665,0.4036111111111111,0.0,,idle,900,840,True
2,2024-05-28 12:45:00+00:00,2024-05-28 13:00:00+00:00,0.0,-1.8966666666666667,-2.0,-1.8966666666666667,-1.911904761904762,1.8966666666666667,1.911904761904762,1.8966666666666667,-1.8966666666666667,1.8966666666666667,1.911904761904762,0.4741666666666667,0.4461111111111111,0.0,,idle,900,840,True
2,2024-05-28 13:00:00+00:00,2024-05-28 13:15:00+00:00,0.0,-2488.8922222222222,-2521.0,-2488.8922222222222,-2520.4964285714286,2488.8922222222222,2520.4964285714286,2488.8922222222222,-2488.8922222222222,2488.8922222222222,2520.4964285714286,622.2230555555556,588.1158333333333,0.0,,idle,900,840,True
2,2024-05-28 13:15:00+00:00,2024-05-28 13:30:00+00:00,0.0,-32.111111111111114,-2.0,-32.111111111111114,-1.6035714285714286,32.111111111111114,1.6035714285714286,32.111111111111114,-32.111111111111114,32.111111111111114,1.6035714285714286,8.027777777777779,0.37416666666666665,0.0,,idle,900,840,True
2,2024-05-28 13:30:00+00:00,2024-05-28 13:45:00+00:00,0.0,-1.8022222222222222,-2.0,-1.8022222222222222,-1.8226190476190476,1.8022222222222222,1.8226190476190476,1.8022222222222222,-1.8022222222222222,1.8022222222222222,1.8226190476190476,0.45055555555555554,0.42527777777777775,0.0,,idle,900,840,True
2,2024-05-28 13:45:00+00:00,2024-05-28 14:00:00+00:00,0.0,-1.7466666666666666,-2.0,-1.7466666666666666,-1.7535714285714286,1.7466666666666666,1.7535714285714286,1.7466666666666666,-1.7466666666666666,1.7466666666666666,1.7535714285714286,0.43666666666666665,0.4091666666666667,0.0,,idle,900,840,True
2,2024-05-28 14:00:00+00:00,2024-05-28 14:15:00+00:00,-2520.0,-1296.2977777777778,-1310.0,1223.7022222222222,1208.7071428571428,1223.7022222222222,1208.7071428571428,0.48559611992945323,1296.2977777777778,1223.7022222222222,1208.7071428571428,305.92555555555555,282.0316666666667,630.0,0.5144038800705467,charge,900,840,True
2,2024-05-28 14:15:00+00:00,2024-05-28 14:30:00+00:00,0.0,-15.916666666666666,-3.0,-15.916666666666666,-1.9392857142857143,15.916666666666666,1.9392857142857143,15.916666666666666,-15.916666666666666,15.916666666666666,1.9392857142857143,3.9791666666666665,0.4525,0.0,,idle,900,840,True
2,2024-05-28 14:30:00+00:00,2024-05-28 14:45:00+00:00,0.0,-1.8177777777777777,-2.0,-1.8177777777777777,-1.8107142857142857,1.8177777777777777,1.8107142857142857,1.8177777777777777,-1.8177777777777777,1.8177777777777777,1.8107142857142857,0.45444444444444443,0.4225,0.0,,idle,900,840,True
2,2024-05-28 14:45:00+00:00,2024-05-28 15:00:00+00:00,-2.049915792667889e-12,-1.8166666666666667,-2.0,-1.8166666666646167,-1.7738095238074738,1.8166666666646167,1.7738095238074738,1.8166666666646167,1.8166666666666667,0.0,0.0,0.0,0.0,5.124789481669723e-13,886215264629.1595,charge,900,840,True
2,2024-05-28 15:00:00+00:00,2024-05-28 15:15:00+00:00,-1311.646466611228,-100.01777777777778,-102.0,1211.6286888334503,1210.7631332778947,1211.6286888334503,1210.7631332778947,0.9237463902630837,100.01777777777778,1211.6286888334503,1210.7631332778947,302.90717220836257,282.5113977648421,327.911616652807,0.07625360973691628,charge,900,840,True
2,2024-05-28 15:15:00+00:00,2024-05-28 15:30:00+00:00,0.0,-2.918888888888889,-2.0,-2.918888888888889,-1.9797619047619048,2.918888888888889,1.9797619047619048,2.918888888888889,-2.918888888888889,2.918888888888889,1.9797619047619048,0.7297222222222223,0.46194444444444444,0.0,,idle,900,840,True
2,2024-05-28 15:30:00+00:00,2024-05-28 15:45:00+00:00,0.0,-1.5788888888888888,-2.0,-1.5788888888888888,-1.588095238095238,1.5788888888888888,1.588095238095238,1.5788888888888888,-1.5788888888888888,1.5788888888888888,1.588095238095238,0.3947222222222222,0.3705555555555556,0.0,,idle,900,840,True
2,2024-05-28 15:45:00+00:00,2024-05-28 16:00:00+00:00,0.0,-1.6344444444444444,-2.0,-1.6344444444444444,-1.6464285714285714,1.6344444444444444,1.6464285714285714,1.6344444444444444,-1.6344444444444444,1.6344444444444444,1.6464285714285714,0.4086111111111111,0.38416666666666666,0.0,,idle,900,840,True
2,2024-05-28 16:00:00+00:00,2024-05-28 16:15:00+00:00,-99.99999999999972,-1.8644444444444443,-2.0,98.13555555555527,98.08928571428542,98.13555555555527,98.08928571428542,0.9813555555555555,1.8644444444444443,98.13555555555527,98.08928571428542,24.533888888888818,22.887499999999932,24.99999999999993,0.018644444444444498,charge,900,840,True
2,2024-05-28 16:15:00+00:00,2024-05-28 16:30:00+00:00,0.0,-1.741111111111111,-2.0,-1.741111111111111,-1.8,1.741111111111111,1.8,1.741111111111111,-1.741111111111111,1.741111111111111,1.8,0.43527777777777776,0.42,0.0,,idle,900,840,True
2,2024-05-28 16:30:00+00:00,2024-05-28 16:45:00+00:00,0.0,2322.5666666666666,2354.0,2322.5666666666666,2351.9607142857144,2322.5666666666666,2351.9607142857144,2322.5666666666666,2322.5666666666666,0.0,0.0,0.0,0.0,0.0,,idle,900,840,True
2,2024-05-28 16:45:00+00:00,2024-05-28 17:00:00+00:00,0.0,2352.5544444444445,2354.0,2352.5544444444445,2352.567857142857,2352.5544444444445,2352.567857142857,2352.5544444444445,2352.5544444444445,0.0,0.0,0.0,0.0,0.0,,idle,900,840,True
2,2024-05-28 17:00:00+00:00,2024-05-28 17:15:00+00:00,0.0,2351.8444444444444,2354.0,2351.8444444444444,2351.9488095238094,2351.8444444444444,2351.9488095238094,2351.8444444444444,2351.8444444444444,0.0,0.0,0.0,0.0,0.0,,idle,900,840,True
2,2024-05-28 17:15:00+00:00,2024-05-28 17:30:00+00:00,0.0,423.6688888888889,402.0,423.6688888888889,400.96666666666664,423.6688888888889,400.96666666666664,423.6688888888889,423.6688888888889,0.0,0.0,0.0,0.0,0.0,,idle,900,840,True
2,2024-05-28 17:30:00+00:00,2024-05-28 17:45:00+00:00,2352.026252736966,2.0744444444444445,-2.0,-2349.9518082925215,-2353.969109879823,2349.9518082925215,2353.969109879823,0.9991180181590106,2.0744444444444445,2349.9518082925215,2353.969109879823,587.4879520731304,549.2594589719587,588.0065631842415,0.0008819818409894406,discharge,900,840,True
2,2024-05-28 17:45:00+00:00,2024-05-28 18:00:00+00:00,2352.026252736965,-115.10444444444444,-116.0,-2467.1306971814097,-2468.196490832203,2467.1306971814097,2468.196490832203,1.048938418230027,-115.10444444444444,2467.1306971814097,2468.196490832203,616.7826742953524,575.912514527514,588.0065631842413,-0.048938418230026856,discharge,900,840,True
2,2024-05-28 18:00:00+00:00,2024-05-28 18:15:00+00:00,2352.026252736964,-2.6533333333333333,-2.0,-2354.6795860702973,-2353.503633689345,2354.6795860702973,2353.503633689345,1.0011281053220582,-2.6533333333333333,2354.6795860702973,2353.503633689345,588.6698965175743,549.1508478608471,588.006563184241,-0.0011281053220582675,discharge,900,840,True
2,2024-05-28 18:15:00+00:00,2024-05-28 18:30:00+00:00,400.6714926347517,-1.5422222222222222,-2.0,-402.2137148569739,-402.1607783490374,402.2137148569739,402.1607783490374,1.003849093959944,-1.5422222222222222,402.2137148569739,402.1607783490374,100.55342871424348,93.83751494810873,100.16787315868793,-0.003849093959944131,discharge,900,840,True
2,2024-05-28 18:30:00+00:00,2024-05-28 18:45:00+00:00,0.0,-1.5977777777777777,-2.0,-1.5977777777777777,-1.5940476190476192,1.5977777777777777,1.5940476190476192,1.5977777777777777,-1.5977777777777777,1.5977777777777777,1.5940476190476192,0.39944444444444444,0.37194444444444447,0.0,,idle,900,840,True
2,2024-05-28 18:45:00+00:00,2024-05-28 19:00:00+00:00,-115.8441276945103,-1.4744444444444444,-2.0,114.36968325006586,114.41912769451031,114.36968325006586,114.41912769451031,0.9872721693038022,1.4744444444444444,114.36968325006586,114.41912769451031,28.592420812516465,26.697796462052406,28.961031923627576,0.012727830696197788,charge,900,840,True
2,2024-05-28 19:00:00+00:00,2024-05-28 19:15:00+00:00,0.0,-1.24,-2.0,-1.24,-1.2095238095238094,1.24,1.2095238095238094,1.24,-1.24,1.24,1.2095238095238094,0.31,0.2822222222222222,0.0,,idle,900,840,True
2,2024-05-28 19:15:00+00:00,2024-05-28 19:30:00+00:00,-2.682298827494378e-13,-1.4344444444444444,-2.0,-1.4344444444441762,-1.4833333333330652,1.4344444444441762,1.4833333333330652,1.4344444444441762,1.4344444444444444,0.0,0.0,0.0,0.0,6.705747068735946e-14,5347817438314.303,charge,900,840,True
2,2024-05-28 19:30:00+00:00,2024-05-28 19:45:00+00:00,0.0,-1.471111111111111,-2.0,-1.471111111111111,-1.4690476190476192,1.471111111111111,1.4690476190476192,1.471111111111111,-1.471111111111111,1.471111111111111,1.4690476190476192,0.36777777777777776,0.3427777777777778,0.0,,idle,900,840,True
2,2024-05-28 19:45:00+00:00,2024-05-28 20:00:00+00:00,0.0,-129.82888888888888,-131.0,-129.82888888888888,-131.08690476190475,129.82888888888888,131.08690476190475,129.82888888888888,-129.82888888888888,129.82888888888888,131.08690476190475,32.45722222222222,30.58694444444444,0.0,,idle,900,840,True
2,2024-05-28 20:00:00+00:00,2024-05-28 20:15:00+00:00,0.0,-2.9966666666666666,-2.0,-2.9966666666666666,-1.7452380952380953,2.9966666666666666,1.7452380952380953,2.9966666666666666,-2.9966666666666666,2.9966666666666666,1.7452380952380953,0.7491666666666666,0.4072222222222222,0.0,,idle,900,840,True
2,2024-05-28 20:15:00+00:00,2024-05-28 20:30:00+00:00,0.0,-1.6955555555555555,-2.0,-1.6955555555555555,-1.744047619047619,1.6955555555555555,1.744047619047619,1.6955555555555555,-1.6955555555555555,1.6955555555555555,1.744047619047619,0.42388888888888887,0.40694444444444444,0.0,,idle,900,840,True
2,2024-05-28 20:30:00+00:00,2024-05-28 20:45:00+00:00,0.0,-1.5,-2.0,-1.5,-1.5071428571428571,1.5,1.5071428571428571,1.5,-1.5,1.5,1.5071428571428571,0.375,0.3516666666666667,0.0,,idle,900,840,True
2,2024-05-28 20:45:00+00:00,2024-05-28 21:00:00+00:00,-132.4159784445837,-1.6433333333333333,-2.0,130.77264511125034,130.76240701601225,130.77264511125034,130.76240701601225,0.9875896145417142,1.6433333333333333,130.77264511125034,130.76240701601225,32.693161277812585,30.51122830373619,33.10399461114592,0.012410385458285694,charge,900,840,True
2,2024-05-28 21:00:00+00:00,2024-05-28 21:15:00+00:00,0.0,-1.7566666666666666,-2.0,-1.7566666666666666,-1.755952380952381,1.7566666666666666,1.755952380952381,1.7566666666666666,-1.7566666666666666,1.7566666666666666,1.755952380952381,0.43916666666666665,0.4097222222222222,0.0,,idle,900,840,True
2,2024-05-28 21:15:00+00:00,2024-05-28 21:30:00+00:00,0.0,-1.741111111111111,-2.0,-1.741111111111111,-1.7119047619047618,1.741111111111111,1.7119047619047618,1.741111111111111,-1.741111111111111,1.741111111111111,1.7119047619047618,0.43527777777777776,0.39944444444444444,0.0,,idle,900,840,True
2,2024-05-28 21:30:00+00:00,2024-05-28 21:45:00+00:00,0.0,-1.8644444444444443,-2.0,-1.8644444444444443,-1.8464285714285715,1.8644444444444443,1.8464285714285715,1.8644444444444443,-1.8644444444444443,1.8644444444444443,1.8464285714285715,0.4661111111111111,0.43083333333333335,0.0,,idle,900,840,True
2,2024-05-28 21:45:00+00:00,2024-05-28 22:00:00+00:00,0.0,-2489.268888888889,-2521.0,-2489.268888888889,-2520.9333333333334,2489.268888888889,2520.9333333333334,2489.268888888889,-2489.268888888889,2489.268888888889,2520.9333333333334,622.3172222222222,588.2177777777778,0.0,,idle,900,840,True
2,2024-05-28 22:00:00+00:00,2024-05-28 22:15:00+00:00,0.0,-32.51444444444444,-3.0,-32.51444444444444,-1.9666666666666666,32.51444444444444,1.9666666666666666,32.51444444444444,-32.51444444444444,32.51444444444444,1.9666666666666666,8.12861111111111,0.4588888888888889,0.0,,idle,900,840,True
2,2024-05-28 22:15:00+00:00,2024-05-28 22:30:00+00:00,0.0,-1.721111111111111,-2.0,-1.721111111111111,-1.7547619047619047,1.721111111111111,1.7547619047619047,1.721111111111111,-1.721111111111111,1.721111111111111,1.7547619047619047,0.43027777777777776,0.40944444444444444,0.0,,idle,900,840,True
2,2024-05-28 22:30:00+00:00,2024-05-28 22:45:00+00:00,0.0,-99.77777777777777,-101.0,-99.77777777777777,-100.93333333333334,99.77777777777777,100.93333333333334,99.77777777777777,-99.77777777777777,99.77777777777777,100.93333333333334,24.944444444444443,23.551111111111112,0.0,,idle,900,840,True
2,2024-05-28 22:45:00+00:00,2024-05-28 23:00:00+00:00,-2520.0,-2489.831111111111,-2521.0,30.168888888888887,-0.525000000000091,30.168888888888887,0.525000000000091,0.011971781305114637,2489.831111111111,30.168888888888887,0.0,7.542222222222222,0.0,630.0,0.9880282186948853,charge,900,840,True
2,2024-05-28 23:00:00+00:00,2024-05-28 23:15:00+00:00,0.0,-2520.5555555555557,-2521.0,-2520.5555555555557,-2520.491666666667,2520.5555555555557,2520.491666666667,2520.5555555555557,-2520.5555555555557,2520.5555555555557,2520.491666666667,630.1388888888889,588.1147222222222,0.0,,idle,900,840,True
2,2024-05-28 23:15:00+00:00,2024-05-28 23:30:00+00:00,0.0,-128.51,-102.0,-128.51,-100.51309523809523,128.51,100.51309523809523,128.51,-128.51,128.51,100.51309523809523,32.1275,23.453055555555554,0.0,,idle,900,840,True
2,2024-05-28 23:30:00+00:00,2024-05-28 23:45:00+00:00,-99.99999999999908,-2.8722222222222222,-2.0,97.12777777777686,98.10714285714194,97.12777777777686,98.10714285714194,0.9712777777777776,2.8722222222222222,97.12777777777686,98.10714285714194,24.281944444444214,22.891666666666453,24.99999999999977,0.02872222222222249,charge,900,840,True
2,2024-05-28 23:45:00+00:00,2024-05-29 00:00:00+00:00,-2520.0,-1.6222222222222222,-2.0,2518.3777777777777,2518.3571428571427,2518.3777777777777,2518.3571428571427,0.9993562610229276,1.6222222222222222,2518.3777777777777,2518.3571428571427,629.5944444444444,587.6166666666667,630.0,0.0006437389770723104,charge,900,840,True
2,2024-05-29 00:00:00+00:00,2024-05-29 00:15:00+00:00,-2520.0,-869.6322222222223,-881.0,1650.3677777777777,1639.6857142857143,1650.3677777777777,1639.6857142857143,0.654907848324515,869.6322222222223,1650.3677777777777,1639.6857142857143,412.59194444444444,382.5933333333333,630.0,0.345092151675485,charge,900,840,True
2,2024-05-29 00:15:00+00:00,2024-05-29 00:30:00+00:00,-99.99999999999908,-108.42666666666666,-102.0,-8.426666666667586,-0.763095238096156,8.426666666667586,0.763095238096156,0.08426666666667663,108.42666666666666,0.0,0.0,0.0,0.0,24.99999999999977,1.0842666666666767,charge,900,840,True
2,2024-05-29 00:30:00+00:00,2024-05-29 00:45:00+00:00,0.0,-2.7,-2.0,-2.7,-1.736904761904762,2.7,1.736904761904762,2.7,-2.7,2.7,1.736904761904762,0.675,0.4052777777777778,0.0,,idle,900,840,True
2,2024-05-29 00:45:00+00:00,2024-05-29 01:00:00+00:00,0.0,-1.7333333333333334,-2.0,-1.7333333333333334,-1.7583333333333333,1.7333333333333334,1.7583333333333333,1.7333333333333334,-1.7333333333333334,1.7333333333333334,1.7583333333333333,0.43333333333333335,0.4102777777777778,0.0,,idle,900,840,True
2,2024-05-29 01:00:00+00:00,2024-05-29 01:15:00+00:00,-879.9129314942543,-99.72777777777777,-102.0,780.1851537164765,778.7415029228257,780.1851537164765,778.7415029228257,0.886661765944931,99.72777777777777,780.1851537164765,778.7415029228257,195.04628842911913,181.7063506819927,219.97823287356357,0.1133382340550691,charge,900,840,True
2,2024-05-29 01:15:00+00:00,2024-05-29 01:30:00+00:00,-100.0,-2.5755555555555554,-2.0,97.42444444444445,98.37738095238095,97.42444444444445,98.37738095238095,0.9742444444444445,2.5755555555555554,97.42444444444445,98.37738095238095,24.35611111111111,22.954722222222223,25.0,0.025755555555555552,charge,900,840,True
2,2024-05-29 01:30:00+00:00,2024-05-29 01:45:00+00:00,0.0,-1.8355555555555556,-2.0,-1.8355555555555556,-1.8404761904761904,1.8355555555555556,1.8404761904761904,1.8355555555555556,-1.8355555555555556,1.8355555555555556,1.8404761904761904,0.4588888888888889,0.42944444444444446,0.0,,idle,900,840,True
2,2024-05-29 01:45:00+00:00,2024-05-29 02:00:00+00:00,0.0,-1.9633333333333334,-2.0,-1.9633333333333334,-1.9238095238095239,1.9633333333333334,1.9238095238095239,1.9633333333333334,-1.9633333333333334,1.9633333333333334,1.9238095238095239,0.49083333333333334,0.4488888888888889,0.0,,idle,900,840,True
2,2024-05-29 02:00:00+00:00,2024-05-29 02:15:00+00:00,-99.99999999999908,-1.5911111111111111,-2.0,98.40888888888796,98.3988095238086,98.40888888888796,98.3988095238086,0.9840888888888887,1.5911111111111111,98.40888888888796,98.3988095238086,24.60222222222199,22.959722222222005,24.99999999999977,0.015911111111111258,charge,900,840,True
2,2024-05-29 02:15:00+00:00,2024-05-29 02:30:00+00:00,0.0,-1.6433333333333333,-2.0,-1.6433333333333333,-1.6369047619047619,1.6433333333333333,1.6369047619047619,1.6433333333333333,-1.6433333333333333,1.6433333333333333,1.6369047619047619,0.41083333333333333,0.3819444444444444,0.0,,idle,900,840,True
2,2024-05-29 02:30:00+00:00,2024-05-29 02:45:00+00:00,0.0,-1.3888888888888888,-2.0,-1.3888888888888888,-1.3904761904761904,1.3888888888888888,1.3904761904761904,1.3888888888888888,-1.3888888888888888,1.3888888888888888,1.3904761904761904,0.3472222222222222,0.3244444444444444,0.0,,idle,900,840,True
2,2024-05-29 02:45:00+00:00,2024-05-29 03:00:00+00:00,0.0,2322.826666666667,2354.0,2322.826666666667,2352.2988095238097,2322.826666666667,2352.2988095238097,2322.826666666667,2322.826666666667,0.0,0.0,0.0,0.0,0.0,,idle,900,840,True
2,2024-05-29 03:00:00+00:00,2024-05-29 03:15:00+00:00,0.0,26.31111111111111,-2.0,26.31111111111111,-1.6952380952380952,26.31111111111111,1.6952380952380952,26.31111111111111,26.31111111111111,0.0,1.6952380952380952,0.0,0.39555555555555555,0.0,,idle,900,840,True
2,2024-05-29 03:15:00+00:00,2024-05-29 03:30:00+00:00,0.0,-1.9155555555555555,-2.0,-1.9155555555555555,-1.894047619047619,1.9155555555555555,1.894047619047619,1.9155555555555555,-1.9155555555555555,1.9155555555555555,1.894047619047619,0.47888888888888886,0.4419444444444444,0.0,,idle,900,840,True
2,2024-05-29 03:30:00+00:00,2024-05-29 03:45:00+00:00,0.0,301.81666666666666,305.0,301.81666666666666,304.5309523809524,301.81666666666666,304.5309523809524,301.81666666666666,301.81666666666666,0.0,0.0,0.0,0.0,0.0,,idle,900,840,True
2,2024-05-29 03:45:00+00:00,2024-05-29 04:00:00+00:00,2352.026252736965,2329.0433333333335,2354.0,-22.982919403631513,0.21184250113037706,22.982919403631513,0.21184250113037706,0.009771540337565174,2329.0433333333335,22.982919403631513,0.0,5.745729850907878,0.0,588.0065631842413,0.9902284596624348,discharge,900,840,True
2,2024-05-29 04:00:00+00:00,2024-05-29 04:15:00+00:00,0.0,2352.5788888888887,2354.0,2352.5788888888887,2352.629761904762,2352.5788888888887,2352.629761904762,2352.5788888888887,2352.5788888888887,0.0,0.0,0.0,0.0,0.0,,idle,900,840,True
2,2024-05-29 04:15:00+00:00,2024-05-29 04:30:00+00:00,0.0,25.15888888888889,-2.0,25.15888888888889,-1.9857142857142858,25.15888888888889,1.9857142857142858,25.15888888888889,25.15888888888889,0.0,1.9857142857142858,0.0,0.4633333333333333,0.0,,idle,900,840,True
2,2024-05-29 04:30:00+00:00,2024-05-29 04:45:00+00:00,309.7094400725797,-1.4833333333333334,-2.0,-311.19277340591304,-311.20824959638924,311.19277340591304,311.20824959638924,1.0047894353268203,-1.4833333333333334,311.19277340591304,311.20824959638924,77.79819335147826,72.6152582391575,77.42736001814492,-0.004789435326820253,discharge,900,840,True
2,2024-05-29 04:45:00+00:00,2024-05-29 05:00:00+00:00,2352.0262527369646,-1.3266666666666667,-2.0,-2353.3529194036314,-2353.350062260774,2353.3529194036314,2353.350062260774,1.000564052661029,-1.3266666666666667,2353.3529194036314,2353.350062260774,588.3382298509079,549.115014527514,588.0065631842411,-0.0005640526610291337,discharge,900,840,True
2,2024-05-29 05:00:00+00:00,2024-05-29 05:15:00+00:00,2352.0262527369646,-1.4022222222222223,-2.0,-2353.4284749591866,-2353.4286336893456,2353.4284749591866,2353.4286336893456,1.0005961762631648,-1.4022222222222223,2353.4284749591866,2353.4286336893456,588.3571187397966,549.1333478608474,588.0065631842411,-0.0005961762631647963,discharge,900,840,True
2,2024-05-29 05:15:00+00:00,2024-05-29 05:30:00+00:00,0.0,-1.5033333333333334,-2.0,-1.5033333333333334,-1.4892857142857143,1.5033333333333334,1.4892857142857143,1.5033333333333334,-1.5033333333333334,1.5033333333333334,1.4892857142857143,0.37583333333333335,0.3475,0.0,,idle,900,840,True
2,2024-05-29 05:30:00+00:00,2024-05-29 05:45:00+00:00,0.0,-100.31444444444445,-102.0,-100.31444444444445,-101.11904761904762,100.31444444444445,101.11904761904762,100.31444444444445,-100.31444444444445,100.31444444444445,101.11904761904762,25.078611111111112,23.594444444444445,0.0,,idle,900,840,True
2,2024-05-29 05:45:00+00:00,2024-05-29 06:00:00+00:00,0.0,-2.6,-2.0,-2.6,-1.5809523809523809,2.6,1.5809523809523809,2.6,-2.6,2.6,1.5809523809523809,0.65,0.3688888888888889,0.0,,idle,900,840,True
2,2024-05-29 06:00:00+00:00,2024-05-29 06:15:00+00:00,0.0,-1.4377777777777778,-2.0,-1.4377777777777778,-1.4273809523809524,1.4377777777777778,1.4273809523809524,1.4377777777777778,-1.4377777777777778,1.4377777777777778,1.4273809523809524,0.35944444444444446,0.33305555555555555,0.0,,idle,900,840,True
2,2024-05-29 06:15:00+00:00,2024-05-29 06:30:00+00:00,0.0,-1.6633333333333333,-2.0,-1.6633333333333333,-1.7261904761904763,1.6633333333333333,1.7261904761904763,1.6633333333333333,-1.6633333333333333,1.6633333333333333,1.7261904761904763,0.41583333333333333,0.4027777777777778,0.0,,idle,900,840,True
2,2024-05-29 06:30:00+00:00,2024-05-29 06:45:00+00:00,-99.99999999999908,-1.7255555555555555,-2.0,98.27444444444352,98.24642857142764,98.27444444444352,98.24642857142764,0.9827444444444442,1.7255555555555555,98.27444444444352,98.24642857142764,24.56861111111088,22.924166666666448,24.99999999999977,0.017255555555555715,charge,900,840,True
2,2024-05-29 06:45:00+00:00,2024-05-29 07:00:00+00:00,0.0,-100.06666666666666,-102.0,-100.06666666666666,-100.96666666666667,100.06666666666666,100.96666666666667,100.06666666666666,-100.06666666666666,100.06666666666666,100.96666666666667,25.016666666666666,23.558888888888887,0.0,,idle,900,840,True
2,2024-05-29 07:00:00+00:00,2024-05-29 07:15:00+00:00,0.0,-2.83,-2.0,-2.83,-1.9166666666666667,2.83,1.9166666666666667,2.83,-2.83,2.83,1.9166666666666667,0.7075,0.44722222222222224,0.0,,idle,900,840,True
2,2024-05-29 07:15:00+00:00,2024-05-29 07:30:00+00:00,0.0,-1.6633333333333333,-2.0,-1.6633333333333333,-1.6583333333333334,1.6633333333333333,1.6583333333333334,1.6633333333333333,-1.6633333333333333,1.6633333333333333,1.6583333333333334,0.41583333333333333,0.3869444444444444,0.0,,idle,900,840,True
2,2024-05-29 07:30:00+00:00,2024-05-29 07:45:00+00:00,0.0,-1.8488888888888888,-2.0,-1.8488888888888888,-1.85,1.8488888888888888,1.85,1.8488888888888888,-1.8488888888888888,1.8488888888888888,1.85,0.4622222222222222,0.43166666666666664,0.0,,idle,900,840,True
2,2024-05-29 07:45:00+00:00,2024-05-29 08:00:00+00:00,-99.99999999999908,-2489.1588888888887,-2521.0,-2389.1588888888896,-2420.6666666666674,2389.1588888888896,2420.6666666666674,23.891588888889117,2489.1588888888887,0.0,0.0,0.0,0.0,24.99999999999977,24.891588888889117,charge,900,840,True
2,2024-05-29 08:00:00+00:00,2024-05-29 08:15:00+00:00,0.0,-30.892222222222223,-2.0,-30.892222222222223,-1.944047619047619,30.892222222222223,1.944047619047619,30.892222222222223,-30.892222222222223,30.892222222222223,1.944047619047619,7.723055555555556,0.45361111111111113,0.0,,idle,900,840,True
2,2024-05-29 08:15:00+00:00,2024-05-29 08:30:00+00:00,0.0,-1.8844444444444444,-2.0,-1.8844444444444444,-1.938095238095238,1.8844444444444444,1.938095238095238,1.8844444444444444,-1.8844444444444444,1.8844444444444444,1.938095238095238,0.4711111111111111,0.45222222222222225,0.0,,idle,900,840,True
2,2024-05-29 08:30:00+00:00,2024-05-29 08:45:00+00:00,0.0,-99.85888888888888,-101.0,-99.85888888888888,-100.87380952380953,99.85888888888888,100.87380952380953,99.85888888888888,-99.85888888888888,99.85888888888888,100.87380952380953,24.96472222222222,23.537222222222223,0.0,,idle,900,840,True
2,2024-05-29 08:45:00+00:00,2024-05-29 09:00:00+00:00,-2520.0,-2467.552222222222,-2497.0,52.4477777777779,23.50119047619046,52.4477777777779,23.50119047619046,0.020812610229276943,2467.552222222222,52.4477777777779,23.50119047619046,13.111944444444475,5.483611111111107,630.0,0.9791873897707231,charge,900,840,True
2,2024-05-29 09:00:00+00:00,2024-05-29 09:15:00+00:00,0.0,-31.026666666666667,-2.0,-31.026666666666667,-1.973809523809524,31.026666666666667,1.973809523809524,31.026666666666667,-31.026666666666667,31.026666666666667,1.973809523809524,7.756666666666667,0.46055555555555555,0.0,,idle,900,840,True
2,2024-05-29 09:15:00+00:00,2024-05-29 09:30:00+00:00,0.0,-100.11777777777777,-102.0,-100.11777777777777,-100.90714285714286,100.11777777777777,100.90714285714286,100.11777777777777,-100.11777777777777,100.11777777777777,100.90714285714286,25.029444444444444,23.545,0.0,,idle,900,840,True
2,2024-05-29 09:30:00+00:00,2024-05-29 09:45:00+00:00,-99.99999999999962,-100.83222222222223,-102.0,-0.8322222222226117,-0.858333333333718,0.8322222222226117,0.858333333333718,0.008322222222226148,100.83222222222223,0.0,0.0,0.0,0.0,24.999999999999904,1.0083222222222261,charge,900,840,True
2,2024-05-29 09:45:00+00:00,2024-05-29 10:00:00+00:00,-2495.991261984779,-100.15222222222222,-102.0,2395.839039762557,2395.7174524609695,2395.839039762557,2395.7174524609695,0.9598747704979614,100.15222222222222,2395.839039762557,2395.7174524609695,598.9597599406393,559.0007389075596,623.9978154961948,0.040125229502038604,charge,900,840,True
2,2024-05-29 10:00:00+00:00,2024-05-29 10:15:00+00:00,0.0,-2.7888888888888888,-2.0,-2.7888888888888888,-1.9238095238095239,2.7888888888888888,1.9238095238095239,2.7888888888888888,-2.7888888888888888,2.7888888888888888,1.9238095238095239,0.6972222222222222,0.4488888888888889,0.0,,idle,900,840,True
2,2024-05-29 10:15:00+00:00,2024-05-29 10:30:00+00:00,-99.99999999999908,-1.9955555555555555,-2.0,98.00444444444352,98.01666666666574,98.00444444444352,98.01666666666574,0.9800444444444443,1.9955555555555555,98.00444444444352,98.01666666666574,24.50111111111088,22.87055555555534,24.99999999999977,0.01995555555555574,charge,900,840,True
2,2024-05-29 10:30:00+00:00,2024-05-29 10:45:00+00:00,-99.99999999999991,-99.78222222222222,-102.0,0.21777777777769813,-0.8690476190477057,0.21777777777769813,0.8690476190477057,0.002177777777776983,99.78222222222222,0.21777777777769813,0.0,0.05444444444442453,0.0,24.99999999999998,0.997822222222223,charge,900,840,True
2,2024-05-29 10:45:00+00:00,2024-05-29 11:00:00+00:00,-99.99999999999908,-100.78555555555556,-102.0,-0.7855555555564848,-0.7023809523818727,0.7855555555564848,0.7023809523818727,0.00785555555556492,100.78555555555556,0.0,0.0,0.0,0.0,24.99999999999977,1.0078555555555648,charge,900,840,True
2,2024-05-29 11:00:00+00:00,2024-05-29 11:15:00+00:00,0.0,-3.2422222222222223,-3.0,-3.2422222222222223,-2.2404761904761905,3.2422222222222223,2.2404761904761905,3.2422222222222223,-3.2422222222222223,3.2422222222222223,2.2404761904761905,0.8105555555555556,0.5227777777777778,0.0,,idle,900,840,True
2,2024-05-29 11:15:00+00:00,2024-05-29 11:30:00+00:00,0.0,-99.57444444444444,-102.0,-99.57444444444444,-101.07857142857142,99.57444444444444,101.07857142857142,99.57444444444444,-99.57444444444444,99.57444444444444,101.07857142857142,24.89361111111111,23.585,0.0,,idle,900,840,True
2,2024-05-29 11:30:00+00:00,2024-05-29 11:45:00+00:00,-99.99999999999908,-100.51333333333334,-102.0,-0.5133333333342591,-0.5000000000009237,0.5133333333342591,0.5000000000009237,0.0051333333333426386,100.51333333333334,0.0,0.0,0.0,0.0,24.99999999999977,1.0051333333333425,charge,900,840,True
2,2024-05-29 11:45:00+00:00,2024-05-29 12:00:00+00:00,-100.0000000000734,-3.1855555555555557,-2.0,96.81444444451785,97.87619047626387,96.81444444451785,97.87619047626387,0.9681444444444679,3.1855555555555557,96.81444444451785,97.87619047626387,24.20361111112946,22.837777777794905,25.00000000001835,0.031855555555532176,charge,900,840,True
2,2024-05-29 12:00:00+00:00,2024-05-29 12:15:00+00:00,0.0,-99.49777777777778,-102.0,-99.49777777777778,-100.36071428571428,99.49777777777778,100.36071428571428,99.49777777777778,-99.49777777777778,99.49777777777778,100.36071428571428,24.874444444444446,23.4175,0.0,,idle,900,840,True
2,2024-05-29 12:15:00+00:00,2024-05-29 12:30:00+00:00,-100.0,-101.15777777777778,-102.0,-1.1577777777777811,-1.0999999999999943,1.1577777777777811,1.0999999999999943,0.011577777777777812,101.15777777777778,0.0,0.0,0.0,0.0,25.0,1.011577777777778,charge,900,840,True
2,2024-05-29 12:30:00+00:00,2024-05-29 12:45:00+00:00,-99.99999999999956,-100.49222222222222,-102.0,-0.4922222222226651,-0.503571428571874,0.4922222222226651,0.503571428571874,0.004922222222226672,100.49222222222222,0.0,0.0,0.0,0.0,24.99999999999989,1.0049222222222267,charge,900,840,True
2,2024-05-29 12:45:00+00:00,2024-05-29 13:00:00+00:00,0.0,-2.5644444444444443,-2.0,-2.5644444444444443,-1.5583333333333333,2.5644444444444443,1.5583333333333333,2.5644444444444443,-2.5644444444444443,2.5644444444444443,1.5583333333333333,0.6411111111111111,0.3636111111111111,0.0,,idle,900,840,True
2,2024-05-29 13:00:00+00:00,2024-05-29 13:15:00+00:00,-99.99999999999908,-2487.0622222222223,-2521.0,-2387.062222222223,-2420.7214285714294,2387.062222222223,2420.7214285714294,23.87062222222245,2487.0622222222223,0.0,0.0,0.0,0.0,24.99999999999977,24.870622222222455,charge,900,840,True
2,2024-05-29 13:15:00+00:00,2024-05-29 13:30:00+00:00,-100.0,-313.98555555555555,-285.0,-213.98555555555555,-186.62380952380954,213.98555555555555,186.62380952380954,2.1398555555555556,313.98555555555555,0.0,0.0,0.0,0.0,25.0,3.1398555555555556,charge,900,840,True
2,2024-05-29 13:30:00+00:00,2024-05-29 13:45:00+00:00,-99.99999999999908,-4.745555555555556,-2.0,95.25444444444352,98.21071428571337,95.25444444444352,98.21071428571337,0.952544444444444,4.745555555555556,95.25444444444352,98.21071428571337,23.81361111111088,22.91583333333312,24.99999999999977,0.047455555555555994,charge,900,840,True
2,2024-05-29 13:45:00+00:00,2024-05-29 14:00:00+00:00,0.0,-1.8877777777777778,-2.0,-1.8877777777777778,-1.8952380952380952,1.8877777777777778,1.8952380952380952,1.8877777777777778,-1.8877777777777778,1.8877777777777778,1.8952380952380952,0.47194444444444444,0.44222222222222224,0.0,,idle,900,840,True
2,2024-05-29 14:00:00+00:00,2024-05-29 14:15:00+00:00,-2520.0,-100.13888888888889,-102.0,2419.8611111111113,2418.8964285714287,2419.8611111111113,2418.8964285714287,0.9602623456790125,100.13888888888889,2419.8611111111113,2418.8964285714287,604.9652777777778,564.4091666666667,630.0,0.03973765432098765,charge,900,840,True
2,2024-05-29 14:15:00+00:00,2024-05-29 14:30:00+00:00,-286.8709560332417,-2.8377777777777777,-2.0,284.03317825546395,285.1471465094322,284.03317825546395,285.1471465094322,0.990107824727126,2.8377777777777777,284.03317825546395,285.1471465094322,71.00829456386599,66.53433418553419,71.71773900831043,0.009892175272874068,charge,900,840,True
2,2024-05-29 14:30:00+00:00,2024-05-29 14:45:00+00:00,0.0,-1.5677777777777777,-2.0,-1.5677777777777777,-1.5809523809523809,1.5677777777777777,1.5809523809523809,1.5677777777777777,-1.5677777777777777,1.5677777777777777,1.5809523809523809,0.39194444444444443,0.3688888888888889,0.0,,idle,900,840,True
2,2024-05-29 14:45:00+00:00,2024-05-29 15:00:00+00:00,0.0,-1.8644444444444443,-2.0,-1.8644444444444443,-1.8285714285714285,1.8644444444444443,1.8285714285714285,1.8644444444444443,-1.8644444444444443,1.8644444444444443,1.8285714285714285,0.4661111111111111,0.4266666666666667,0.0,,idle,900,840,True
2,2024-05-29 15:00:00+00:00,2024-05-29 15:15:00+00:00,-99.99999999999908,-1.89,-2.0,98.10999999999908,98.11190476190384,98.10999999999908,98.11190476190384,0.9810999999999999,1.89,98.10999999999908,98.11190476190384,24.52749999999977,22.892777777777564,24.99999999999977,0.018900000000000174,charge,900,840,True
2,2024-05-29 15:15:00+00:00,2024-05-29 15:30:00+00:00,0.0,-1.6666666666666667,-2.0,-1.6666666666666667,-1.6452380952380952,1.6666666666666667,1.6452380952380952,1.6666666666666667,-1.6666666666666667,1.6666666666666667,1.6452380952380952,0.4166666666666667,0.3838888888888889,0.0,,idle,900,840,True
2,2024-05-29 15:30:00+00:00,2024-05-29 15:45:00+00:00,0.0,-1.6633333333333333,-2.0,-1.6633333333333333,-1.6797619047619048,1.6633333333333333,1.6797619047619048,1.6633333333333333,-1.6633333333333333,1.6633333333333333,1.6797619047619048,0.41583333333333333,0.39194444444444443,0.0,,idle,900,840,True
2,2024-05-29 15:45:00+00:00,2024-05-29 16:00:00+00:00,0.0,-1.7233333333333334,-2.0,-1.7233333333333334,-1.6928571428571428,1.7233333333333334,1.6928571428571428,1.7233333333333334,-1.7233333333333334,1.7233333333333334,1.6928571428571428,0.43083333333333335,0.395,0.0,,idle,900,840,True
2,2024-05-29 16:00:00+00:00,2024-05-29 16:15:00+00:00,0.0,-1.761111111111111,-2.0,-1.761111111111111,-1.7595238095238095,1.761111111111111,1.7595238095238095,1.761111111111111,-1.761111111111111,1.761111111111111,1.7595238095238095,0.44027777777777777,0.41055555555555556,0.0,,idle,900,840,True
2,2024-05-29 16:15:00+00:00,2024-05-29 16:30:00+00:00,0.0,-1.9966666666666666,-2.0,-1.9966666666666666,-1.9904761904761905,1.9966666666666666,1.9904761904761905,1.9966666666666666,-1.9966666666666666,1.9966666666666666,1.9904761904761905,0.49916666666666665,0.46444444444444444,0.0,,idle,900,840,True
2,2024-05-29 16:30:00+00:00,2024-05-29 16:45:00+00:00,0.0,-1.9133333333333333,-2.0,-1.9133333333333333,-1.9047619047619047,1.9133333333333333,1.9047619047619047,1.9133333333333333,-1.9133333333333333,1.9133333333333333,1.9047619047619047,0.47833333333333333,0.4444444444444444,0.0,,idle,900,840,True
2,2024-05-29 16:45:00+00:00,2024-05-29 17:00:00+00:00,0.0,2320.56,2354.0,2320.56,2352.355952380952,2320.56,2352.355952380952,2320.56,2320.56,0.0,0.0,0.0,0.0,0.0,,idle,900,840,True
2,2024-05-29 17:00:00+00:00,2024-05-29 17:15:00+00:00,0.0,2352.431111111111,2354.0,2352.431111111111,2352.3892857142855,2352.431111111111,2352.3892857142855,2352.431111111111,2352.431111111111,0.0,0.0,0.0,0.0,0.0,,idle,900,840,True
2,2024-05-29 17:15:00+00:00,2024-05-29 17:30:00+00:00,0.0,198.57555555555555,173.0,198.57555555555555,171.84285714285716,198.57555555555555,171.84285714285716,198.57555555555555,198.57555555555555,0.0,0.0,0.0,0.0,0.0,,idle,900,840,True
2,2024-05-29 17:30:00+00:00,2024-05-29 17:45:00+00:00,0.0,-0.10444444444444445,-2.0,-0.10444444444444445,-1.819047619047619,0.10444444444444445,1.819047619047619,0.10444444444444445,-0.10444444444444445,0.10444444444444445,1.819047619047619,0.026111111111111113,0.42444444444444446,0.0,,idle,900,840,True
2,2024-05-29 17:45:00+00:00,2024-05-29 18:00:00+00:00,2352.026252736964,-2.048888888888889,-2.0,-2354.075141625853,-2354.056014641726,2354.075141625853,2354.056014641726,1.000871116504973,-2.048888888888889,2354.075141625853,2354.056014641726,588.5187854064633,549.2797367497361,588.006563184241,-0.0008711165049729672,discharge,900,840,True
2,2024-05-29 18:00:00+00:00,2024-05-29 18:15:00+00:00,2352.026252736965,2321.3888888888887,2354.0,-30.637363848076347,0.3356520249399182,30.637363848076347,0.3356520249399182,0.013025944677456212,2321.3888888888887,30.637363848076347,0.0,7.659340962019087,0.0,588.0065631842413,0.9869740553225438,discharge,900,840,True
2,2024-05-29 18:15:00+00:00,2024-05-29 18:30:00+00:00,171.30454073144597,27.815555555555555,-2.0,-143.4889851758904,-172.97120739811263,143.4889851758904,172.97120739811263,0.8376251123479441,27.815555555555555,143.4889851758904,172.97120739811263,35.8722462939726,40.359948392892946,42.82613518286149,0.1623748876520558,discharge,900,840,True
2,2024-05-29 18:30:00+00:00,2024-05-29 18:45:00+00:00,0.0,-1.63,-2.0,-1.63,-1.5976190476190477,1.63,1.5976190476190477,1.63,-1.63,1.63,1.5976190476190477,0.4075,0.37277777777777776,0.0,,idle,900,840,True
2,2024-05-29 18:45:00+00:00,2024-05-29 19:00:00+00:00,0.0,-1.931111111111111,-2.0,-1.931111111111111,-1.9238095238095239,1.931111111111111,1.9238095238095239,1.931111111111111,-1.931111111111111,1.931111111111111,1.9238095238095239,0.48277777777777775,0.4488888888888889,0.0,,idle,900,840,True
2,2024-05-29 19:00:00+00:00,2024-05-29 19:15:00+00:00,2352.0262527369646,-1.6344444444444444,-2.0,-2353.660697181409,-2353.6738717845838,2353.660697181409,2353.6738717845838,1.0006949090991406,-1.6344444444444444,2353.660697181409,2353.6738717845838,588.4151742953522,549.1905700830696,588.0065631842411,-0.0006949090991405826,discharge,900,840,True
2,2024-05-29 19:15:00+00:00,2024-05-29 19:30:00+00:00,0.0,-1.508888888888889,-2.0,-1.508888888888889,-1.5273809523809523,1.508888888888889,1.5273809523809523,1.508888888888889,-1.508888888888889,1.508888888888889,1.5273809523809523,0.37722222222222224,0.35638888888888887,0.0,,idle,900,840,True
2,2024-05-29 19:30:00+00:00,2024-05-29 19:45:00+00:00,0.0,-1.7133333333333334,-2.0,-1.7133333333333334,-1.6916666666666667,1.7133333333333334,1.6916666666666667,1.7133333333333334,-1.7133333333333334,1.7133333333333334,1.6916666666666667,0.42833333333333334,0.3947222222222222,0.0,,idle,900,840,True
2,2024-05-29 19:45:00+00:00,2024-05-29 20:00:00+00:00,0.0,-1.7544444444444445,-2.0,-1.7544444444444445,-1.7476190476190476,1.7544444444444445,1.7476190476190476,1.7544444444444445,-1.7544444444444445,1.7544444444444445,1.7476190476190476,0.4386111111111111,0.4077777777777778,0.0,,idle,900,840,True
2,2024-05-29 20:00:00+00:00,2024-05-29 20:15:00+00:00,0.0,-1.4822222222222223,-2.0,-1.4822222222222223,-1.4880952380952381,1.4822222222222223,1.4880952380952381,1.4822222222222223,-1.4822222222222223,1.4822222222222223,1.4880952380952381,0.3705555555555556,0.3472222222222222,0.0,,idle,900,840,True
2,2024-05-29 20:15:00+00:00,2024-05-29 20:30:00+00:00,0.0,-1.84,-2.0,-1.84,-1.8333333333333333,1.84,1.8333333333333333,1.84,-1.84,1.84,1.8333333333333333,0.46,0.42777777777777776,0.0,,idle,900,840,True
2,2024-05-29 20:30:00+00:00,2024-05-29 20:45:00+00:00,0.0,-1.8855555555555557,-2.0,-1.8855555555555557,-1.9071428571428573,1.8855555555555557,1.9071428571428573,1.8855555555555557,-1.8855555555555557,1.8855555555555557,1.9071428571428573,0.4713888888888889,0.445,0.0,,idle,900,840,True
2,2024-05-29 20:45:00+00:00,2024-05-29 21:00:00+00:00,0.0,-930.2455555555556,-942.0,-930.2455555555556,-942.1476190476191,930.2455555555556,942.1476190476191,930.2455555555556,-930.2455555555556,930.2455555555556,942.1476190476191,232.5613888888889,219.83444444444444,0.0,,idle,900,840,True
2,2024-05-29 21:00:00+00:00,2024-05-29 21:15:00+00:00,0.0,-12.512222222222222,-2.0,-12.512222222222222,-1.7845238095238096,12.512222222222222,1.7845238095238096,12.512222222222222,-12.512222222222222,12.512222222222222,1.7845238095238096,3.1280555555555556,0.41638888888888886,0.0,,idle,900,840,True
2,2024-05-29 21:15:00+00:00,2024-05-29 21:30:00+00:00,0.0,-2.011111111111111,-2.0,-2.011111111111111,-2.0226190476190475,2.011111111111111,2.0226190476190475,2.011111111111111,-2.011111111111111,2.011111111111111,2.0226190476190475,0.5027777777777778,0.47194444444444444,0.0,,idle,900,840,True
2,2024-05-29 21:30:00+00:00,2024-05-29 21:45:00+00:00,0.0,-99.66555555555556,-102.0,-99.66555555555556,-100.9095238095238,99.66555555555556,100.9095238095238,99.66555555555556,-99.66555555555556,99.66555555555556,100.9095238095238,24.91638888888889,23.545555555555556,0.0,,idle,900,840,True
2,2024-05-29 21:45:00+00:00,2024-05-29 22:00:00+00:00,-941.5738700068164,-2488.9144444444446,-2521.0,-1547.3405744376282,-1578.9916061836598,1547.3405744376282,1578.9916061836598,1.64335547504778,2488.9144444444446,0.0,0.0,0.0,0.0,235.3934675017041,2.64335547504778,charge,900,840,True
2,2024-05-29 22:00:00+00:00,2024-05-29 22:15:00+00:00,0.0,-34.01222222222222,-2.5,-34.01222222222222,-2.030952380952381,34.01222222222222,2.030952380952381,34.01222222222222,-34.01222222222222,34.01222222222222,2.030952380952381,8.503055555555555,0.4738888888888889,0.0,,idle,900,840,True
2,2024-05-29 22:15:00+00:00,2024-05-29 22:30:00+00:00,0.0,-2.07,-2.0,-2.07,-2.073809523809524,2.07,2.073809523809524,2.07,-2.07,2.07,2.073809523809524,0.5175,0.483888888888889,0.0,,idle,900,840,True
2,2024-05-29 22:30:00+00:00,2024-05-29 22:45:00+00:00,-100.0,-1.9388888888888889,-2.0,98.06111111111112,98.04285714285714,98.06111111111112,98.04285714285714,0.9806111111111112,1.9388888888888889,98.06111111111112,98.04285714285714,24.51527777777778,22.876666666666665,25.0,0.01938888888888889,charge,900,840,True
2,2024-05-29 22:45:00+00:00,2024-05-29 23:00:00+00:00,-2520.0,-99.94,-102.0,2420.06,2418.8130952380952,2420.06,2418.8130952380952,0.9603412698412698,99.94,2420.06,2418.8130952380952,605.015,564.3897222222222,630.0,0.03965873015873016,charge,900,840,True
2,2024-05-29 23:00:00+00:00,2024-05-29 23:15:00+00:00,0.0,-2488.4555555555557,-2521.0,-2488.4555555555557,-2520.5714285714284,2488.4555555555557,2520.5714285714284,2488.4555555555557,-2488.4555555555557,2488.4555555555557,2520.5714285714284,622.1138888888889,588.1333333333333,0.0,,idle,900,840,True
2,2024-05-29 23:15:00+00:00,2024-05-29 23:30:00+00:00,0.0,-131.65333333333334,-102.0,-131.65333333333334,-100.68452380952381,131.65333333333334,100.68452380952381,131.65333333333334,-131.65333333333334,131.65333333333334,100.68452380952381,32.913333333333334,23.493055555555557,0.0,,idle,900,840,True
2,2024-05-29 23:30:00+00:00,2024-05-29 23:45:00+00:00,0.0,-3.3033333333333332,-2.0,-3.3033333333333332,-2.204761904761905,3.3033333333333332,2.204761904761905,3.3033333333333332,-3.3033333333333332,3.3033333333333332,2.204761904761905,0.8258333333333333,0.5144444444444445,0.0,,idle,900,840,True
2,2024-05-29 23:45:00+00:00,2024-05-30 00:00:00+00:00,-99.99999999999908,-1.8511111111111112,-2.0,98.14888888888797,98.11666666666574,98.14888888888797,98.11666666666574,0.9814888888888887,1.8511111111111112,98.14888888888797,98.11666666666574,24.537222222221992,22.89388888888867,24.99999999999977,0.018511111111111284,charge,900,840,True
2,2024-05-30 00:00:00+00:00,2024-05-30 00:15:00+00:00,-2520.0,-2485.7555555555555,-2521.0,34.244444444444525,0.16309523809513848,34.244444444444525,0.16309523809513848,0.013589065255731954,2485.7555555555555,34.244444444444525,0.16309523809513848,8.561111111111131,0.03805555555553231,630.0,0.986410934744268,charge,900,840,True
2,2024-05-30 00:15:00+00:00,2024-05-30 00:30:00+00:00,-99.99999999999908,-34.29888888888889,-2.0,65.70111111111018,98.4190476190467,65.70111111111018,98.4190476190467,0.6570111111111079,34.29888888888889,65.70111111111018,98.4190476190467,16.425277777777545,22.96444444444423,24.99999999999977,0.34298888888889206,charge,900,840,True
2,2024-05-30 00:30:00+00:00,2024-05-30 00:45:00+00:00,0.0,-1.6211111111111112,-2.0,-1.6211111111111112,-1.6285714285714286,1.6211111111111112,1.6285714285714286,1.6211111111111112,-1.6211111111111112,1.6211111111111112,1.6285714285714286,0.4052777777777778,0.38,0.0,,idle,900,840,True
2,2024-05-30 00:45:00+00:00,2024-05-30 01:00:00+00:00,0.0,-1.5733333333333333,-2.0,-1.5733333333333333,-1.598809523809524,1.5733333333333333,1.598809523809524,1.5733333333333333,-1.5733333333333333,1.5733333333333333,1.598809523809524,0.3933333333333333,0.37305555555555553,0.0,,idle,900,840,True
2,2024-05-30 01:00:00+00:00,2024-05-30 01:15:00+00:00,-2520.0,-99.92111111111112,-102.0,2420.0788888888887,2419.0714285714284,2420.0788888888887,2419.0714285714284,0.9603487654320987,99.92111111111112,2420.0788888888887,2419.0714285714284,605.0197222222222,564.45,630.0,0.03965123456790123,charge,900,840,True
2,2024-05-30 01:15:00+00:00,2024-05-30 01:30:00+00:00,0.0,-2.6133333333333333,-2.0,-2.6133333333333333,-1.5238095238095237,2.6133333333333333,1.5238095238095237,2.6133333333333333,-2.6133333333333333,2.6133333333333333,1.5238095238095237,0.6533333333333333,0.35555555555555557,0.0,,idle,900,840,True
2,2024-05-30 01:30:00+00:00,2024-05-30 01:45:00+00:00,0.0,-1.5577777777777777,-2.0,-1.5577777777777777,-1.5869047619047618,1.5577777777777777,1.5869047619047618,1.5577777777777777,-1.5577777777777777,1.5577777777777777,1.5869047619047618,0.3894444444444444,0.37027777777777776,0.0,,idle,900,840,True
2,2024-05-30 01:45:00+00:00,2024-05-30 02:00:00+00:00,0.0,2137.842222222222,2167.5,2137.842222222222,2167.233333333333,2137.842222222222,2167.233333333333,2137.842222222222,2137.842222222222,0.0,0.0,0.0,0.0,0.0,,idle,900,840,True
2,2024-05-30 02:00:00+00:00,2024-05-30 02:15:00+00:00,-99.99999999999908,-2443.91,-2520.0,-2343.9100000000008,-2417.4464285714294,2343.9100000000008,2417.4464285714294,23.439100000000224,2443.91,0.0,0.0,0.0,0.0,24.99999999999977,24.439100000000224,charge,900,840,True
2,2024-05-30 02:15:00+00:00,2024-05-30 02:30:00+00:00,0.0,-31.604444444444443,-2.0,-31.604444444444443,-1.8571428571428572,31.604444444444443,1.8571428571428572,31.604444444444443,-31.604444444444443,31.604444444444443,1.8571428571428572,7.901111111111111,0.43333333333333335,0.0,,idle,900,840,True
2,2024-05-30 02:30:00+00:00,2024-05-30 02:45:00+00:00,0.0,-1.761111111111111,-2.0,-1.761111111111111,-1.7511904761904762,1.761111111111111,1.7511904761904762,1.761111111111111,-1.761111111111111,1.761111111111111,1.7511904761904762,0.44027777777777777,0.4086111111111111,0.0,,idle,900,840,True
2,2024-05-30 02:45:00+00:00,2024-05-30 03:00:00+00:00,2167.085957073119,1039.47,1051.0,-1127.615957073119,-1114.3097665969285,1127.615957073119,1114.3097665969285,0.5203374390354524,1039.47,1127.615957073119,1114.3097665969285,281.90398926827976,260.00561220595,541.7714892682798,0.4796625609645476,discharge,900,840,True
2,2024-05-30 03:00:00+00:00,2024-05-30 03:15:00+00:00,-2520.0,-1199.148888888889,-1228.0,1320.851111111111,1292.1857142857143,1320.851111111111,1292.1857142857143,0.5241472663139329,1199.148888888889,1320.851111111111,1292.1857142857143,330.2127777777778,301.51,630.0,0.475852733686067,charge,900,840,True
2,2024-05-30 03:15:00+00:00,2024-05-30 03:30:00+00:00,0.0,-15.662222222222223,-2.0,-15.662222222222223,-1.6523809523809523,15.662222222222223,1.6523809523809523,15.662222222222223,-15.662222222222223,15.662222222222223,1.6523809523809523,3.9155555555555557,0.38555555555555554,0.0,,idle,900,840,True
2,2024-05-30 03:30:00+00:00,2024-05-30 03:45:00+00:00,0.0,-1.5022222222222221,-2.0,-1.5022222222222221,-1.4595238095238094,1.5022222222222221,1.4595238095238094,1.5022222222222221,-1.5022222222222221,1.5022222222222221,1.4595238095238094,0.37555555555555553,0.34055555555555556,0.0,,idle,900,840,True
2,2024-05-30 03:45:00+00:00,2024-05-30 04:00:00+00:00,1053.2948075999998,2320.802222222222,2353.0,1267.5074146222223,1298.8170971619052,1267.5074146222223,1298.8170971619052,1.2033738374827079,2320.802222222222,0.0,0.0,0.0,0.0,263.32370189999995,2.203373837482708,discharge,900,840,True
2,2024-05-30 04:00:00+00:00,2024-05-30 04:15:00+00:00,-1228.3327719602532,-1044.1733333333334,-1092.0,184.15943862691984,135.70777196025324,184.15943862691984,135.70777196025324,0.14992634148564338,1044.1733333333334,184.15943862691984,135.70777196025324,46.03985965672996,31.665146790725757,307.0831929900633,0.8500736585143567,charge,900,840,True
2,2024-05-30 04:15:00+00:00,2024-05-30 04:30:00+00:00,0.0,2304.05,2353.0,2304.05,2352.184523809524,2304.05,2352.184523809524,2304.05,2304.05,0.0,0.0,0.0,0.0,0.0,,idle,900,840,True
2,2024-05-30 04:30:00+00:00,2024-05-30 04:45:00+00:00,0.0,2352.1877777777777,2354.0,2352.1877777777777,2352.1964285714284,2352.1877777777777,2352.1964285714284,2352.1877777777777,2352.1877777777777,0.0,0.0,0.0,0.0,0.0,,idle,900,840,True
2,2024-05-30 04:45:00+00:00,2024-05-30 05:00:00+00:00,2352.026252736964,28.963333333333335,-2.0,-2323.062919403631,-2353.626252736964,2323.062919403631,2353.626252736964,0.9876857950460248,28.963333333333335,2323.062919403631,2353.626252736964,580.7657298509077,549.1794589719583,588.006563184241,0.012314204953975236,discharge,900,840,True
2,2024-05-30 05:00:00+00:00,2024-05-30 05:15:00+00:00,-1091.4216105988844,1397.1933333333334,1417.0,2488.614943932218,2506.9108963131703,2488.614943932218,2506.9108963131703,2.2801591243613606,-1397.1933333333334,2488.614943932218,2506.9108963131703,622.1537359830545,584.9458758064064,272.8554026497211,-1.2801591243613604,charge,900,840,True
2,2024-05-30 05:15:00+00:00,2024-05-30 05:30:00+00:00,2352.026252736964,15.734444444444444,-2.0,-2336.29180829252,-2353.3417289274403,2336.29180829252,2353.3417289274403,0.9933102598552483,15.734444444444444,2336.29180829252,2353.3417289274403,584.07295207313,549.1130700830694,588.006563184241,0.006689740144751728,discharge,900,840,True
2,2024-05-30 05:30:00+00:00,2024-05-30 05:45:00+00:00,2352.026252736965,-99.71444444444444,-102.0,-2451.7406971814094,-2453.026252736965,2451.7406971814094,2453.026252736965,1.0423951239185405,-99.71444444444444,2451.7406971814094,2453.026252736965,612.9351742953523,572.3727923052918,588.0065631842413,-0.042395123918540646,discharge,900,840,True
2,2024-05-30 05:45:00+00:00,2024-05-30 06:00:00+00:00,0.0,-1161.9277777777777,-1178.0,-1161.9277777777777,-1176.220238095238,1161.9277777777777,1176.220238095238,1161.9277777777777,-1161.9277777777777,1161.9277777777777,1176.220238095238,290.4819444444444,274.4513888888889,0.0,,idle,900,840,True
2,2024-05-30 06:00:00+00:00,2024-05-30 06:15:00+00:00,1415.9374244628598,1058.2066666666667,1089.0,-357.7307577961931,-328.5802816057169,357.7307577961931,328.5802816057169,0.25264588082478245,1058.2066666666667,357.7307577961931,328.5802816057169,89.43268944904827,76.66873237466727,353.98435611571495,0.7473541191752175,discharge,900,840,True
2,2024-05-30 06:15:00+00:00,2024-05-30 06:30:00+00:00,0.0,11.183333333333334,-2.0,11.183333333333334,-1.6416666666666666,11.183333333333334,1.6416666666666666,11.183333333333334,11.183333333333334,0.0,1.6416666666666666,0.0,0.38305555555555554,0.0,,idle,900,840,True
2,2024-05-30 06:30:00+00:00,2024-05-30 06:45:00+00:00,-100.0,-99.89777777777778,-102.0,0.10222222222222399,-0.904761904761898,0.10222222222222399,0.904761904761898,0.0010222222222222399,99.89777777777778,0.10222222222222399,0.0,0.025555555555555998,0.0,25.0,0.9989777777777777,charge,900,840,True
2,2024-05-30 06:45:00+00:00,2024-05-30 07:00:00+00:00,-1162.558173517522,-2488.9211111111113,-2521.0,-1326.3629375935893,-1358.1596836253352,1326.3629375935893,1358.1596836253352,1.1409002730422062,2488.9211111111113,0.0,0.0,0.0,0.0,290.6395433793805,2.1409002730422064,charge,900,840,True
2,2024-05-30 07:00:00+00:00,2024-05-30 07:15:00+00:00,1086.602625437099,-34.004444444444445,-2.0,-1120.6070698815436,-1088.477625437099,1120.6070698815436,1088.477625437099,1.0312942778237497,-34.004444444444445,1120.6070698815436,1088.477625437099,280.1517674703859,253.97811260198978,271.65065635927476,-0.03129427782374973,discharge,900,840,True
2,2024-05-30 07:15:00+00:00,2024-05-30 07:30:00+00:00,0.0,-2.0844444444444443,-2.0,-2.0844444444444443,-2.0714285714285716,2.0844444444444443,2.0714285714285716,2.0844444444444443,-2.0844444444444443,2.0844444444444443,2.0714285714285716,0.5211111111111111,0.4833333333333334,0.0,,idle,900,840,True
2,2024-05-30 07:30:00+00:00,2024-05-30 07:45:00+00:00,-100.0,-99.86444444444444,-102.0,0.13555555555555543,-1.0023809523809462,0.13555555555555543,1.0023809523809462,0.0013555555555555543,99.86444444444444,0.13555555555555543,0.0,0.03388888888888886,0.0,25.0,0.9986444444444444,charge,900,840,True
2,2024-05-30 07:45:00+00:00,2024-05-30 08:00:00+00:00,-2520.0,-2488.728888888889,-2521.0,31.271111111111168,-0.7107142857144026,31.271111111111168,0.7107142857144026,0.012409171075837765,2488.728888888889,31.271111111111168,0.0,7.817777777777792,0.0,630.0,0.9875908289241623,charge,900,840,True
2,2024-05-30 08:00:00+00:00,2024-05-30 08:15:00+00:00,0.0,-34.48777777777778,-2.0,-34.48777777777778,-2.079761904761905,34.48777777777778,2.079761904761905,34.48777777777778,-34.48777777777778,34.48777777777778,2.079761904761905,8.621944444444445,0.48527777777777786,0.0,,idle,900,840,True
2,2024-05-30 08:15:00+00:00,2024-05-30 08:30:00+00:00,0.0,-2.14,-2.0,-2.14,-2.1392857142857142,2.14,2.1392857142857142,2.14,-2.14,2.14,2.1392857142857142,0.535,0.49916666666666665,0.0,,idle,900,840,True
2,2024-05-30 08:30:00+00:00,2024-05-30 08:45:00+00:00,-100.0,-917.0577777777778,-929.0,-817.0577777777778,-829.0714285714286,817.0577777777778,829.0714285714286,8.170577777777778,917.0577777777778,0.0,0.0,0.0,0.0,25.0,9.170577777777778,charge,900,840,True
2,2024-05-30 08:45:00+00:00,2024-05-30 09:00:00+00:00,-2520.0,-2497.59,-2521.0,22.409999999999854,4.247619047619082,22.409999999999854,4.247619047619082,0.008892857142857084,2497.59,22.409999999999854,4.247619047619082,5.602499999999964,0.9911111111111192,630.0,0.991107142857143,charge,900,840,True
2,2024-05-30 09:00:00+00:00,2024-05-30 09:15:00+00:00,0.0,-32.577777777777776,-2.0,-32.577777777777776,-1.9880952380952381,32.577777777777776,1.9880952380952381,32.577777777777776,-32.577777777777776,32.577777777777776,1.9880952380952381,8.144444444444444,0.4638888888888889,0.0,,idle,900,840,True
2,2024-05-30 09:15:00+00:00,2024-05-30 09:30:00+00:00,0.0,-1.5944444444444446,-2.0,-1.5944444444444446,-1.542857142857143,1.5944444444444446,1.542857142857143,1.5944444444444446,-1.5944444444444446,1.5944444444444446,1.542857142857143,0.39861111111111114,0.36,0.0,,idle,900,840,True
2,2024-05-30 09:30:00+00:00,2024-05-30 09:45:00+00:00,-928.6590472515038,-1.6466666666666667,-2.0,927.0123805848372,927.0530948705514,927.0123805848372,927.0530948705514,0.9982268339800918,1.6466666666666667,927.0123805848372,927.0530948705514,231.7530951462093,216.31238880312867,232.16476181287595,0.0017731660199081748,charge,900,840,True
2,2024-05-30 09:45:00+00:00,2024-05-30 10:00:00+00:00,-2520.0,-1.748888888888889,-2.0,2518.251111111111,2518.263095238095,2518.251111111111,2518.263095238095,0.9993059964726632,1.748888888888889,2518.251111111111,2518.263095238095,629.5627777777778,587.5947222222222,630.0,0.0006940035273368607,charge,900,840,True
2,2024-05-30 10:00:00+00:00,2024-05-30 10:15:00+00:00,0.0,-99.78111111111112,-102.0,-99.78111111111112,-101.0345238095238,99.78111111111112,101.0345238095238,99.78111111111112,-99.78111111111112,99.78111111111112,101.0345238095238,24.94527777777778,23.57472222222222,0.0,,idle,900,840,True
2,2024-05-30 10:15:00+00:00,2024-05-30 10:30:00+00:00,0.0,-2.7222222222222223,-2.0,-2.7222222222222223,-1.65,2.7222222222222223,1.65,2.7222222222222223,-2.7222222222222223,2.7222222222222223,1.65,0.6805555555555556,0.385,0.0,,idle,900,840,True
2,2024-05-30 10:30:00+00:00,2024-05-30 10:45:00+00:00,0.0,-1.88,-2.0,-1.88,-1.9047619047619047,1.88,1.9047619047619047,1.88,-1.88,1.88,1.9047619047619047,0.47,0.4444444444444444,0.0,,idle,900,840,True
2,2024-05-30 10:45:00+00:00,2024-05-30 11:00:00+00:00,0.0,-100.04,-102.0,-100.04,-101.03571428571429,100.04,101.03571428571429,100.04,-100.04,100.04,101.03571428571429,25.01,23.575,0.0,,idle,900,840,True
2,2024-05-30 11:00:00+00:00,2024-05-30 11:15:00+00:00,-100.0,-2.8733333333333335,-2.0,97.12666666666667,98.20595238095238,97.12666666666667,98.20595238095238,0.9712666666666666,2.8733333333333335,97.12666666666667,98.20595238095238,24.281666666666666,22.914722222222224,25.0,0.028733333333333336,charge,900,840,True
2,2024-05-30 11:15:00+00:00,2024-05-30 11:30:00+00:00,0.0,-1.7733333333333334,-2.0,-1.7733333333333334,-1.7273809523809525,1.7733333333333334,1.7273809523809525,1.7733333333333334,-1.7733333333333334,1.7733333333333334,1.7273809523809525,0.44333333333333336,0.40305555555555556,0.0,,idle,900,840,True
2,2024-05-30 11:30:00+00:00,2024-05-30 11:45:00+00:00,0.0,-1.7722222222222221,-2.0,-1.7722222222222221,-1.7916666666666667,1.7722222222222221,1.7916666666666667,1.7722222222222221,-1.7722222222222221,1.7722222222222221,1.7916666666666667,0.44305555555555554,0.41805555555555557,0.0,,idle,900,840,True
2,2024-05-30 11:45:00+00:00,2024-05-30 12:00:00+00:00,-100.0,-1.8311111111111111,-2.0,98.16888888888889,98.11428571428571,98.16888888888889,98.11428571428571,0.9816888888888888,1.8311111111111111,98.16888888888889,98.11428571428571,24.54222222222222,22.893333333333334,25.0,0.01831111111111111,charge,900,840,True
2,2024-05-30 12:00:00+00:00,2024-05-30 12:15:00+00:00,0.0,-1.96,-2.0,-1.96,-1.9857142857142858,1.96,1.9857142857142858,1.96,-1.96,1.96,1.9857142857142858,0.49,0.4633333333333333,0.0,,idle,900,840,True
2,2024-05-30 12:15:00+00:00,2024-05-30 12:30:00+00:00,0.0,-1.7922222222222222,-2.0,-1.7922222222222222,-1.7845238095238096,1.7922222222222222,1.7845238095238096,1.7922222222222222,-1.7922222222222222,1.7922222222222222,1.7845238095238096,0.44805555555555554,0.41638888888888886,0.0,,idle,900,840,True
2,2024-05-30 12:30:00+00:00,2024-05-30 12:45:00+00:00,0.0,-1.7422222222222221,-2.0,-1.7422222222222221,-1.7452380952380953,1.7422222222222221,1.7452380952380953,1.7422222222222221,-1.7422222222222221,1.7422222222222221,1.7452380952380953,0.43555555555555553,0.4072222222222222,0.0,,idle,900,840,True
2,2024-05-30 12:45:00+00:00,2024-05-30 13:00:00+00:00,0.0,-1.6877777777777778,-2.0,-1.6877777777777778,-1.6726190476190477,1.6877777777777778,1.6726190476190477,1.6877777777777778,-1.6877777777777778,1.6877777777777778,1.6726190476190477,0.42194444444444446,0.3902777777777778,0.0,,idle,900,840,True
2,2024-05-30 13:00:00+00:00,2024-05-30 13:15:00+00:00,0.0,-1.9577777777777778,-2.0,-1.9577777777777778,-1.9297619047619048,1.9577777777777778,1.9297619047619048,1.9577777777777778,-1.9577777777777778,1.9577777777777778,1.9297619047619048,0.48944444444444446,0.4502777777777778,0.0,,idle,900,840,True
2,2024-05-30 13:15:00+00:00,2024-05-30 13:30:00+00:00,0.0,-2.031111111111111,-2.0,-2.031111111111111,-2.0559523809523808,2.031111111111111,2.0559523809523808,2.031111111111111,-2.031111111111111,2.031111111111111,2.0559523809523808,0.5077777777777778,0.47972222222222216,0.0,,idle,900,840,True
2,2024-05-30 13:30:00+00:00,2024-05-30 13:45:00+00:00,0.0,-1.9777777777777779,-2.0,-1.9777777777777779,-2.0035714285714286,1.9777777777777779,2.0035714285714286,1.9777777777777779,-1.9777777777777779,1.9777777777777779,2.0035714285714286,0.49444444444444446,0.4675,0.0,,idle,900,840,True
2,2024-05-30 13:45:00+00:00,2024-05-30 14:00:00+00:00,0.0,2320.806666666667,2354.0,2320.806666666667,2352.3678571428572,2320.806666666667,2352.3678571428572,2320.806666666667,2320.806666666667,0.0,0.0,0.0,0.0,0.0,,idle,900,840,True
2,2024-05-30 14:00:00+00:00,2024-05-30 14:15:00+00:00,0.0,-1045.2322222222222,-1094.0,-1045.2322222222222,-1093.8666666666666,1045.2322222222222,1093.8666666666666,1045.2322222222222,-1045.2322222222222,1045.2322222222222,1093.8666666666666,261.30805555555554,255.23555555555552,0.0,,idle,900,840,True
2,2024-05-30 14:15:00+00:00,2024-05-30 14:30:00+00:00,0.0,-111.88444444444444,-101.0,-111.88444444444444,-100.66666666666667,111.88444444444444,100.66666666666667,111.88444444444444,-111.88444444444444,111.88444444444444,100.66666666666667,27.97111111111111,23.488888888888887,0.0,,idle,900,840,True
2,2024-05-30 14:30:00+00:00,2024-05-30 14:45:00+00:00,0.0,-2.91,-2.0,-2.91,-1.7904761904761906,2.91,1.7904761904761906,2.91,-2.91,2.91,1.7904761904761906,0.7275,0.4177777777777778,0.0,,idle,900,840,True
2,2024-05-30 14:45:00+00:00,2024-05-30 15:00:00+00:00,2352.0262527369646,-1.9244444444444444,-2.0,-2353.950697181409,-2353.927443213155,2353.950697181409,2353.927443213155,1.000818207042632,-1.9244444444444444,2353.950697181409,2353.927443213155,588.4876742953522,549.2497367497363,588.0065631842411,-0.0008182070426318757,discharge,900,840,True
2,2024-05-30 15:00:00+00:00,2024-05-30 15:15:00+00:00,-1091.421610598884,-1724.4677777777779,-1748.0,-633.0461671788939,-656.1105322582589,633.0461671788939,656.1105322582589,0.58001982096683,1724.4677777777779,0.0,0.0,0.0,0.0,272.855402649721,1.58001982096683,charge,900,840,True
2,2024-05-30 15:15:00+00:00,2024-05-30 15:30:00+00:00,-100.0,-22.907777777777778,-2.0,77.09222222222222,98.08095238095238,77.09222222222222,98.08095238095238,0.7709222222222222,22.907777777777778,77.09222222222222,98.08095238095238,19.273055555555555,22.885555555555555,25.0,0.22907777777777777,charge,900,840,True
2,2024-05-30 15:30:00+00:00,2024-05-30 15:45:00+00:00,0.0,-1.9077777777777778,-2.0,-1.9077777777777778,-1.9047619047619047,1.9077777777777778,1.9047619047619047,1.9077777777777778,-1.9077777777777778,1.9077777777777778,1.9047619047619047,0.47694444444444445,0.4444444444444444,0.0,,idle,900,840,True
2,2024-05-30 15:45:00+00:00,2024-05-30 16:00:00+00:00,0.0,2320.1188888888887,2354.0,2320.1188888888887,2352.4011904761905,2320.1188888888887,2352.4011904761905,2320.1188888888887,2320.1188888888887,0.0,0.0,0.0,0.0,0.0,,idle,900,840,True
2,2024-05-30 16:00:00+00:00,2024-05-30 16:15:00+00:00,-1747.5694066126944,-1023.65,-1071.0,723.9194066126944,676.7348828031706,723.9194066126944,676.7348828031706,0.4142435796103023,1023.65,723.9194066126944,676.7348828031706,180.9798516531736,157.9048059874065,436.8923516531736,0.5857564203896977,charge,900,840,True
2,2024-05-30 16:15:00+00:00,2024-05-30 16:30:00+00:00,0.0,-13.991111111111111,-3.0,-13.991111111111111,-1.9428571428571428,13.991111111111111,1.9428571428571428,13.991111111111111,-13.991111111111111,13.991111111111111,1.9428571428571428,3.497777777777778,0.4533333333333333,0.0,,idle,900,840,True
2,2024-05-30 16:30:00+00:00,2024-05-30 16:45:00+00:00,0.0,2321.3933333333334,2354.0,2321.3933333333334,2352.559523809524,2321.3933333333334,2352.559523809524,2321.3933333333334,2321.3933333333334,0.0,0.0,0.0,0.0,0.0,,idle,900,840,True
2,2024-05-30 16:45:00+00:00,2024-05-30 17:00:00+00:00,2352.026252736964,1422.89,1413.0,-929.136252736964,-939.5345860702976,929.136252736964,939.5345860702976,0.3950365144333586,1422.89,929.136252736964,939.5345860702976,232.284063184241,219.22473674973608,588.006563184241,0.6049634855666414,discharge,900,840,True
2,2024-05-30 17:00:00+00:00,2024-05-30 17:15:00+00:00,-1070.7480000000023,2342.1766666666667,2354.0,3412.924666666669,3423.014666666669,3412.924666666669,3423.014666666669,3.1874210053781673,-2342.1766666666667,3412.924666666669,3423.014666666669,853.2311666666673,798.7034222222228,267.6870000000006,-2.1874210053781673,charge,900,840,True
2,2024-05-30 17:15:00+00:00,2024-05-30 17:30:00+00:00,0.0,-69.41555555555556,-102.0,-69.41555555555556,-100.8,69.41555555555556,100.8,69.41555555555556,-69.41555555555556,69.41555555555556,100.8,17.35388888888889,23.52,0.0,,idle,900,840,True
2,2024-05-30 17:30:00+00:00,2024-05-30 17:45:00+00:00,2352.0262527369664,-2.5922222222222224,-2.0,-2354.6184749591885,-2353.5619670226806,2354.6184749591885,2353.5619670226806,1.0011021229968013,-2.5922222222222224,2354.6184749591885,2353.5619670226806,588.6546187397971,549.1644589719589,588.0065631842416,-0.0011021229968014809,discharge,900,840,True
2,2024-05-30 17:45:00+00:00,2024-05-30 18:00:00+00:00,1412.6339387189028,-103.94222222222223,-104.0,-1516.576160941125,-1517.6041768141408,1516.576160941125,1517.6041768141408,1.0735804367807316,-103.94222222222223,1516.576160941125,1517.6041768141408,379.14404023528124,354.1076412566329,353.1584846797257,-0.07358043678073169,discharge,900,840,True
2,2024-05-30 18:00:00+00:00,2024-05-30 18:15:00+00:00,2352.026252736965,89.65555555555555,92.0,-2262.3706971814095,-2260.1036336893458,2262.3706971814095,2260.1036336893458,0.9618815668187263,89.65555555555555,2262.3706971814095,2260.1036336893458,565.5926742953524,527.357514527514,588.0065631842413,0.03811843318127369,discharge,900,840,True
2,2024-05-30 18:15:00+00:00,2024-05-30 18:30:00+00:00,-100.0,-0.65,-2.0,99.35,98.31904761904762,99.35,98.31904761904762,0.9934999999999999,0.65,99.35,98.31904761904762,24.8375,22.941111111111113,25.0,0.006500000000000001,charge,900,840,True
2,2024-05-30 18:30:00+00:00,2024-05-30 18:45:00+00:00,0.0,-1.6211111111111112,-2.0,-1.6211111111111112,-1.5916666666666666,1.6211111111111112,1.5916666666666666,1.6211111111111112,-1.6211111111111112,1.6211111111111112,1.5916666666666666,0.4052777777777778,0.3713888888888889,0.0,,idle,900,840,True
2,2024-05-30 18:45:00+00:00,2024-05-30 19:00:00+00:00,-106.02215921296536,-298.87,-304.0,-192.84784078703464,-196.47665031084418,192.84784078703464,196.47665031084418,1.8189390050023753,298.87,0.0,0.0,0.0,0.0,26.50553980324134,2.8189390050023753,charge,900,840,True
2,2024-05-30 19:00:00+00:00,2024-05-30 19:15:00+00:00,100.0,143.23444444444445,149.0,43.23444444444445,48.45595238095237,43.23444444444445,48.45595238095237,0.4323444444444445,143.23444444444445,0.0,0.0,0.0,0.0,25.0,1.4323444444444444,discharge,900,840,True
2,2024-05-30 19:15:00+00:00,2024-05-30 19:30:00+00:00,0.0,-0.3566666666666667,-2.0,-0.3566666666666667,-1.9095238095238096,0.3566666666666667,1.9095238095238096,0.3566666666666667,-0.3566666666666667,0.3566666666666667,1.9095238095238096,0.08916666666666667,0.44555555555555554,0.0,,idle,900,840,True
2,2024-05-30 19:30:00+00:00,2024-05-30 19:45:00+00:00,0.0,-2.0055555555555555,-2.0,-2.0055555555555555,-2.025,2.0055555555555555,2.025,2.0055555555555555,-2.0055555555555555,2.0055555555555555,2.025,0.5013888888888889,0.4725,0.0,,idle,900,840,True
2,2024-05-30 19:45:00+00:00,2024-05-30 20:00:00+00:00,-301.04098358910346,-2.261111111111111,-2.0,298.77987247799234,298.74574549386534,298.77987247799234,298.74574549386534,0.9924890256331432,2.261111111111111,298.77987247799234,298.74574549386534,74.69496811949809,69.70734061523525,75.26024589727587,0.007510974366856788,charge,900,840,True
2,2024-05-30 20:00:00+00:00,2024-05-30 20:15:00+00:00,154.26235742158536,-1.7933333333333332,-2.0,-156.0556907549187,-156.02902408825204,156.0556907549187,156.02902408825204,1.0116252166977606,-1.7933333333333332,156.0556907549187,156.02902408825204,39.01392268872967,36.40677228725881,38.56558935539634,-0.011625216697760635,discharge,900,840,True
2,2024-05-30 20:15:00+00:00,2024-05-30 20:30:00+00:00,0.0,-1.728888888888889,-2.0,-1.728888888888889,-1.725,1.728888888888889,1.725,1.728888888888889,-1.728888888888889,1.728888888888889,1.725,0.43222222222222223,0.4025,0.0,,idle,900,840,True
2,2024-05-30 20:30:00+00:00,2024-05-30 20:45:00+00:00,0.0,-1.8855555555555557,-2.0,-1.8855555555555557,-1.9333333333333333,1.8855555555555557,1.9333333333333333,1.8855555555555557,-1.8855555555555557,1.8855555555555557,1.9333333333333333,0.4713888888888889,0.45111111111111113,0.0,,idle,900,840,True
2,2024-05-30 20:45:00+00:00,2024-05-30 21:00:00+00:00,0.0,-100.12,-102.0,-100.12,-101.01071428571429,100.12,101.01071428571429,100.12,-100.12,100.12,101.01071428571429,25.03,23.569166666666668,0.0,,idle,900,840,True
2,2024-05-30 21:00:00+00:00,2024-05-30 21:15:00+00:00,0.0,-2.721111111111111,-2.0,-2.721111111111111,-1.7059523809523809,2.721111111111111,1.7059523809523809,2.721111111111111,-2.721111111111111,2.721111111111111,1.7059523809523809,0.6802777777777778,0.39805555555555555,0.0,,idle,900,840,True
2,2024-05-30 21:15:00+00:00,2024-05-30 21:30:00+00:00,0.0,-1.9722222222222223,-2.0,-1.9722222222222223,-2.001190476190476,1.9722222222222223,2.001190476190476,1.9722222222222223,-1.9722222222222223,1.9722222222222223,2.001190476190476,0.4930555555555556,0.46694444444444444,0.0,,idle,900,840,True
2,2024-05-30 21:30:00+00:00,2024-05-30 21:45:00+00:00,0.0,-1.8666666666666667,-2.0,-1.8666666666666667,-1.8583333333333334,1.8666666666666667,1.8583333333333334,1.8666666666666667,-1.8666666666666667,1.8666666666666667,1.8583333333333334,0.4666666666666667,0.4336111111111111,0.0,,idle,900,840,True
2,2024-05-30 21:45:00+00:00,2024-05-30 22:00:00+00:00,-100.0,-2322.391111111111,-2352.0,-2222.391111111111,-2253.3821428571428,2222.391111111111,2253.3821428571428,22.22391111111111,2322.391111111111,0.0,0.0,0.0,0.0,25.0,23.22391111111111,charge,900,840,True
2,2024-05-30 22:00:00+00:00,2024-05-30 22:15:00+00:00,0.0,-31.606666666666666,-2.0,-31.606666666666666,-1.8678571428571429,31.606666666666666,1.8678571428571429,31.606666666666666,-31.606666666666666,31.606666666666666,1.8678571428571429,7.901666666666666,0.43583333333333335,0.0,,idle,900,840,True
2,2024-05-30 22:15:00+00:00,2024-05-30 22:30:00+00:00,0.0,-99.58555555555556,-101.0,-99.58555555555556,-100.76666666666667,99.58555555555556,100.76666666666667,99.58555555555556,-99.58555555555556,99.58555555555556,100.76666666666667,24.89638888888889,23.51222222222222,0.0,,idle,900,840,True
2,2024-05-30 22:30:00+00:00,2024-05-30 22:45:00+00:00,0.0,-1081.2122222222222,-1094.0,-1081.2122222222222,-1094.047619047619,1081.2122222222222,1094.047619047619,1081.2122222222222,-1081.2122222222222,1081.2122222222222,1094.047619047619,270.30305555555555,255.27777777777777,0.0,,idle,900,840,True
2,2024-05-30 22:45:00+00:00,2024-05-30 23:00:00+00:00,-2354.4944446031272,-2504.91,-2521.0,-150.4155553968726,-166.41984111115835,150.4155553968726,166.41984111115835,0.06388443843715529,2504.91,0.0,0.0,0.0,0.0,588.6236111507818,1.0638844384371553,charge,900,840,True
2,2024-05-30 23:00:00+00:00,2024-05-30 23:15:00+00:00,0.0,-2323.5588888888888,-2518.0,-2323.5588888888888,-2309.5119047619046,2323.5588888888888,2309.5119047619046,2323.5588888888888,-2323.5588888888888,2323.5588888888888,2309.5119047619046,580.8897222222222,538.8861111111111,0.0,,idle,900,840,True
2,2024-05-30 23:15:00+00:00,2024-05-30 23:30:00+00:00,-100.0,-116.17111111111112,-102.0,-16.171111111111117,0.011904761904759198,16.171111111111117,0.011904761904759198,0.16171111111111117,116.17111111111112,0.0,0.011904761904759198,0.0,0.002777777777777146,25.0,1.1617111111111111,charge,900,840,True
2,2024-05-30 23:30:00+00:00,2024-05-30 23:45:00+00:00,-1091.4216105988878,-2.9255555555555555,-2.0,1088.4960550433323,1089.584705836983,1088.4960550433323,1089.584705836983,0.9973195000656527,2.9255555555555555,1088.4960550433323,1089.584705836983,272.12401376083307,254.23643136196267,272.85540264972195,0.002680499934347311,charge,900,840,True
2,2024-05-30 23:45:00+00:00,2024-05-31 00:00:00+00:00,-2520.0,-1.9288888888888889,-2.0,2518.071111111111,2518.111904761905,2518.071111111111,2518.111904761905,0.9992345679012344,1.9288888888888889,2518.071111111111,2518.111904761905,629.5177777777777,587.5594444444445,630.0,0.0007654320987654321,charge,900,840,True
2,2024-05-31 00:00:00+00:00,2024-05-31 00:15:00+00:00,-2520.0,-1.6455555555555557,-2.0,2518.3544444444447,2518.3988095238096,2518.3544444444447,2518.3988095238096,0.9993470017636685,1.6455555555555557,2518.3544444444447,2518.3988095238096,629.5886111111112,587.6263888888889,630.0,0.0006529982363315697,charge,900,840,True
2,2024-05-31 00:15:00+00:00,2024-05-31 00:30:00+00:00,-99.99999999999908,-1.6655555555555555,-2.0,98.33444444444352,98.32142857142765,98.33444444444352,98.32142857142765,0.9833444444444442,1.6655555555555555,98.33444444444352,98.32142857142765,24.58361111111088,22.941666666666453,24.99999999999977,0.016655555555555708,charge,900,840,True
2,2024-05-31 00:30:00+00:00,2024-05-31 00:45:00+00:00,0.0,-1.781111111111111,-2.0,-1.781111111111111,-1.8178571428571428,1.781111111111111,1.8178571428571428,1.781111111111111,-1.781111111111111,1.781111111111111,1.8178571428571428,0.4452777777777778,0.4241666666666667,0.0,,idle,900,840,True
2,2024-05-31 00:45:00+00:00,2024-05-31 01:00:00+00:00,0.0,-1.6133333333333333,-2.0,-1.6133333333333333,-1.6297619047619047,1.6133333333333333,1.6297619047619047,1.6133333333333333,-1.6133333333333333,1.6133333333333333,1.6297619047619047,0.4033333333333333,0.38027777777777777,0.0,,idle,900,840,True
2,2024-05-31 01:00:00+00:00,2024-05-31 01:15:00+00:00,-2.69295696853078e-12,-112.86777777777777,-114.0,-112.86777777777507,-114.18690476190206,112.86777777777507,114.18690476190206,112.86777777777507,112.86777777777777,0.0,0.0,0.0,0.0,6.73239242132695e-13,41912209922669.516,charge,900,840,True
2,2024-05-31 01:15:00+00:00,2024-05-31 01:30:00+00:00,0.0,-2.827777777777778,-2.0,-2.827777777777778,-1.6202380952380953,2.827777777777778,1.6202380952380953,2.827777777777778,-2.827777777777778,2.827777777777778,1.6202380952380953,0.7069444444444445,0.37805555555555553,0.0,,idle,900,840,True
2,2024-05-31 01:30:00+00:00,2024-05-31 01:45:00+00:00,0.0,-1.7855555555555556,-2.0,-1.7855555555555556,-1.7523809523809524,1.7855555555555556,1.7523809523809524,1.7855555555555556,-1.7855555555555556,1.7855555555555556,1.7523809523809524,0.4463888888888889,0.4088888888888889,0.0,,idle,900,840,True
2,2024-05-31 01:45:00+00:00,2024-05-31 02:00:00+00:00,0.0,2321.0344444444445,2354.0,2321.0344444444445,2352.1940476190475,2321.0344444444445,2352.1940476190475,2321.0344444444445,2321.0344444444445,0.0,0.0,0.0,0.0,0.0,,idle,900,840,True
2,2024-05-31 02:00:00+00:00,2024-05-31 02:15:00+00:00,-114.64321609741312,-2381.181111111111,-2520.0,-2266.537895013698,-2336.524641045444,2266.537895013698,2336.524641045444,19.77036210400627,2381.181111111111,0.0,0.0,0.0,0.0,28.66080402435328,20.77036210400627,charge,900,840,True
2,2024-05-31 02:15:00+00:00,2024-05-31 02:30:00+00:00,0.0,-249.93777777777777,-231.0,-249.93777777777777,-230.1702380952381,249.93777777777777,230.1702380952381,249.93777777777777,-249.93777777777777,249.93777777777777,230.1702380952381,62.48444444444444,53.70638888888889,0.0,,idle,900,840,True
2,2024-05-31 02:30:00+00:00,2024-05-31 02:45:00+00:00,0.0,-4.292222222222223,-2.0,-4.292222222222223,-1.8928571428571428,4.292222222222223,1.8928571428571428,4.292222222222223,-4.292222222222223,4.292222222222223,1.8928571428571428,1.0730555555555557,0.44166666666666665,0.0,,idle,900,840,True
2,2024-05-31 02:45:00+00:00,2024-05-31 03:00:00+00:00,2352.026252736964,2321.0833333333335,2354.0,-30.94291940363064,0.484461548750005,30.94291940363064,0.484461548750005,0.013155856303739609,2321.0833333333335,30.94291940363064,0.0,7.73572985090766,0.0,588.006563184241,0.9868441436962604,discharge,900,840,True
2,2024-05-31 03:00:00+00:00,2024-05-31 03:15:00+00:00,-2520.0,-2194.7744444444443,-2268.0,325.22555555555573,255.4666666666667,325.22555555555573,255.4666666666667,0.12905776014109355,2194.7744444444443,325.22555555555573,255.4666666666667,81.30638888888893,59.6088888888889,630.0,0.8709422398589065,charge,900,840,True
2,2024-05-31 03:15:00+00:00,2024-05-31 03:30:00+00:00,-227.0413432632255,-28.156666666666666,-2.0,198.88467659655885,225.24729564417788,198.88467659655885,225.24729564417788,0.8759844076766997,28.156666666666666,198.88467659655885,225.24729564417788,49.72116914913971,52.55770231697483,56.76033581580638,0.12401559232330034,charge,900,840,True
2,2024-05-31 03:30:00+00:00,2024-05-31 03:45:00+00:00,0.0,2320.7455555555557,2353.0,2320.7455555555557,2352.1738095238097,2320.7455555555557,2352.1738095238097,2320.7455555555557,2320.7455555555557,0.0,0.0,0.0,0.0,0.0,,idle,900,840,True
2,2024-05-31 03:45:00+00:00,2024-05-31 04:00:00+00:00,2352.026252736965,2352.0355555555557,2354.0,0.009302818590640527,-0.06077654648879616,0.009302818590640527,0.06077654648879616,3.9552358651674e-06,2352.0355555555557,0.0,0.06077654648879616,0.0,0.014181194180719104,588.0065631842413,1.0000039552358653,discharge,900,840,True
2,2024-05-31 04:00:00+00:00,2024-05-31 04:15:00+00:00,-2265.6285595440704,2351.9255555555555,2353.0,4617.554115099626,4617.492845258356,4617.554115099626,4617.492845258356,2.0380896487413858,-2351.9255555555555,4617.554115099626,4617.492845258356,1154.3885287749065,1077.4149972269497,566.4071398860176,-1.0380896487413855,charge,900,840,True
2,2024-05-31 04:15:00+00:00,2024-05-31 04:30:00+00:00,0.0,-70.08666666666667,-103.0,-70.08666666666667,-102.34166666666667,70.08666666666667,102.34166666666667,70.08666666666667,-70.08666666666667,70.08666666666667,102.34166666666667,17.52166666666667,23.879722222222224,0.0,,idle,900,840,True
2,2024-05-31 04:30:00+00:00,2024-05-31 04:45:00+00:00,2352.0262527369646,-2.6455555555555557,-2.0,-2354.67180829252,-2353.5453003560124,2354.67180829252,2353.5453003560124,1.001124798480662,-2.6455555555555557,2354.67180829252,2353.5453003560124,588.66795207313,549.1605700830695,588.0065631842411,-0.0011247984806619492,discharge,900,840,True
2,2024-05-31 04:45:00+00:00,2024-05-31 05:00:00+00:00,2352.026252736964,-2486.17,-2521.0,-4838.196252736964,-4872.558395594107,4838.196252736964,4872.558395594107,2.0570332695508555,-2486.17,4838.196252736964,4872.558395594107,1209.549063184241,1136.9302923052917,588.006563184241,-1.0570332695508555,discharge,900,840,True
2,2024-05-31 05:00:00+00:00,2024-05-31 05:15:00+00:00,2352.026252736964,2275.801111111111,2354.0,-76.22514162585321,0.38803297732147257,76.22514162585321,0.38803297732147257,0.032408286913104344,2275.801111111111,76.22514162585321,0.0,19.056285406463303,0.0,588.006563184241,0.9675917130868956,discharge,900,840,True
2,2024-05-31 05:15:00+00:00,2024-05-31 05:30:00+00:00,-104.25547061459744,29.56,-2.0,133.81547061459744,102.85189918602602,133.81547061459744,102.85189918602602,1.283534281949336,-29.56,133.81547061459744,102.85189918602602,33.45386765364936,23.998776476739405,26.06386765364936,-0.2835342819493361,charge,900,840,True
2,2024-05-31 05:30:00+00:00,2024-05-31 05:45:00+00:00,0.0,-99.76333333333334,-102.0,-99.76333333333334,-101.00714285714285,99.76333333333334,101.00714285714285,99.76333333333334,-99.76333333333334,99.76333333333334,101.00714285714285,24.940833333333334,23.56833333333333,0.0,,idle,900,840,True
2,2024-05-31 05:45:00+00:00,2024-05-31 06:00:00+00:00,-2520.0,-1237.0755555555556,-1253.0,1282.9244444444444,1268.2464285714286,1282.9244444444444,1268.2464285714286,0.5090970017636683,1237.0755555555556,1282.9244444444444,1268.2464285714286,320.7311111111111,295.9241666666667,630.0,0.4909029982363316,charge,900,840,True
2,2024-05-31 06:00:00+00:00,2024-05-31 06:15:00+00:00,2352.026252736964,1023.73,1052.0,-1328.296252736964,-1299.6667289274403,1328.296252736964,1299.6667289274403,0.564745504516064,1023.73,1328.296252736964,1299.6667289274403,332.074063184241,303.2555700830694,588.006563184241,0.4352544954839361,discharge,900,840,True
2,2024-05-31 06:15:00+00:00,2024-05-31 06:30:00+00:00,0.0,10.355555555555556,-2.0,10.355555555555556,-1.4345238095238095,10.355555555555556,1.4345238095238095,10.355555555555556,10.355555555555556,0.0,1.4345238095238095,0.0,0.3347222222222222,0.0,,idle,900,840,True
2,2024-05-31 06:30:00+00:00,2024-05-31 06:45:00+00:00,-100.0,-101.60666666666667,-103.0,-1.6066666666666691,-2.923809523809524,1.6066666666666691,2.923809523809524,0.01606666666666669,101.60666666666667,0.0,0.0,0.0,0.0,25.0,1.0160666666666667,charge,900,840,True
2,2024-05-31 06:45:00+00:00,2024-05-31 07:00:00+00:00,-1246.6910884903068,-2488.8977777777777,-2521.0,-1242.206689287471,-1274.0101019858835,1242.206689287471,1274.0101019858835,0.9964029588049222,2488.8977777777777,0.0,0.0,0.0,0.0,311.6727721225767,1.9964029588049224,charge,900,840,True
2,2024-05-31 07:00:00+00:00,2024-05-31 07:15:00+00:00,1053.294807599999,2277.722222222222,2354.0,1224.427414622223,1299.0409066857153,1224.427414622223,1299.0409066857153,1.1624736073769895,2277.722222222222,0.0,0.0,0.0,0.0,263.3237018999998,2.1624736073769895,discharge,900,840,True
2,2024-05-31 07:15:00+00:00,2024-05-31 07:30:00+00:00,0.0,28.673333333333332,-2.0,28.673333333333332,-1.4,28.673333333333332,1.4,28.673333333333332,28.673333333333332,0.0,1.4,0.0,0.32666666666666666,0.0,,idle,900,840,True
2,2024-05-31 07:30:00+00:00,2024-05-31 07:45:00+00:00,-104.25547061459766,-1.1966666666666668,-2.0,103.05880394793098,103.04951823364527,103.05880394793098,103.04951823364527,0.9885217853834222,1.1966666666666668,103.05880394793098,103.04951823364527,25.764700986982746,24.044887587850564,26.063867653649414,0.01147821461657775,charge,900,840,True
2,2024-05-31 07:45:00+00:00,2024-05-31 08:00:00+00:00,-2520.0,-99.60555555555555,-102.0,2420.3944444444446,2419.154761904762,2420.3944444444446,2419.154761904762,0.9604739858906526,99.60555555555555,2420.3944444444446,2419.154761904762,605.0986111111112,564.4694444444444,630.0,0.03952601410934744,charge,900,840,True
2,2024-05-31 08:00:00+00:00,2024-05-31 08:15:00+00:00,2352.026252736965,-2.7733333333333334,-2.0,-2354.7995860702986,-2353.7203003560126,2354.7995860702986,2353.7203003560126,1.0011791251607445,-2.7733333333333334,2354.7995860702986,2353.7203003560126,588.6998965175746,549.201403416403,588.0065631842413,-0.0011791251607443196,discharge,900,840,True
2,2024-05-31 08:15:00+00:00,2024-05-31 08:30:00+00:00,0.0,-99.82888888888888,-101.0,-99.82888888888888,-100.8,99.82888888888888,100.8,99.82888888888888,-99.82888888888888,99.82888888888888,100.8,24.95722222222222,23.52,0.0,,idle,900,840,True
2,2024-05-31 08:30:00+00:00,2024-05-31 08:45:00+00:00,0.0,-2487.8433333333332,-2521.0,-2487.8433333333332,-2520.470238095238,2487.8433333333332,2520.470238095238,2487.8433333333332,-2487.8433333333332,2487.8433333333332,2520.470238095238,621.9608333333333,588.1097222222222,0.0,,idle,900,840,True
2,2024-05-31 08:45:00+00:00,2024-05-31 09:00:00+00:00,-100.0,-2520.5444444444443,-2521.0,-2420.5444444444443,-2420.5809523809526,2420.5444444444443,2420.5809523809526,24.205444444444442,2520.5444444444443,0.0,0.0,0.0,0.0,25.0,25.205444444444442,charge,900,840,True
2,2024-05-31 09:00:00+00:00,2024-05-31 09:15:00+00:00,0.0,2276.051111111111,2354.0,2276.051111111111,2352.234523809524,2276.051111111111,2352.234523809524,2276.051111111111,2276.051111111111,0.0,0.0,0.0,0.0,0.0,,idle,900,840,True
2,2024-05-31 09:15:00+00:00,2024-05-31 09:30:00+00:00,-100.0,29.122222222222224,-2.0,129.12222222222223,98.47857142857143,129.12222222222223,98.47857142857143,1.2912222222222223,-29.122222222222224,129.12222222222223,98.47857142857143,32.28055555555556,22.97833333333333,25.0,-0.2912222222222222,charge,900,840,True
2,2024-05-31 09:30:00+00:00,2024-05-31 09:45:00+00:00,-2520.0,-99.80888888888889,-102.0,2420.1911111111112,2418.95,2420.1911111111112,2418.95,0.9603932980599648,99.80888888888889,2420.1911111111112,2418.95,605.0477777777778,564.4216666666666,630.0,0.03960670194003527,charge,900,840,True
2,2024-05-31 09:45:00+00:00,2024-05-31 10:00:00+00:00,-2520.0,-2365.556666666667,-2396.0,154.44333333333316,123.65238095238101,154.44333333333316,123.65238095238101,0.061287037037036966,2365.556666666667,154.44333333333316,123.65238095238101,38.61083333333329,28.852222222222235,630.0,0.938712962962963,charge,900,840,True
2,2024-05-31 10:00:00+00:00,2024-05-31 10:15:00+00:00,2352.026252736964,-2392.0,-2392.0,-4744.026252736964,,4744.026252736964,,2.016995451141976,-2392.0,4744.026252736964,,1186.006563184241,,588.006563184241,-1.0169954511419759,discharge,1,0,False
2,2024-05-31 10:15:00+00:00,2024-05-31 10:30:00+00:00,0.0,,,,,,,,,,,,,0.0,,idle,0,0,False
2,2024-05-31 10:30:00+00:00,2024-05-31 10:45:00+00:00,-99.99999999999908,,,,,,,,,,,,,24.99999999999977,,charge,0,0,False
2,2024-05-31 10:45:00+00:00,2024-05-31 11:00:00+00:00,-2395.9800504605505,,,,,,,,,,,,,598.9950126151376,,charge,0,0,False
