session_id,first_rf,later_rf_mean,direction,site
2_105_277_1696_2019-04-09 17:29:15.288799,0.420958618636499,0.028289961204829784,down,caltech
2_105_277_1696_2019-04-29 16:14:47.189327,1.2517469278165982,0.8394552208006602,up,caltech
2_105_277_1696_2019-05-13 16:18:39.311390,0.0,0.0,up,caltech
2_105_277_1696_2019-05-14 16:04:00.113522,0.8715488831929696,0.0,up,caltech
2_105_277_1696_2019-05-15 15:47:30.539000,0.8818292448600525,0.267043023820711,up,caltech
2_105_277_1696_2019-05-30 16:01:20.650027,0.0,0.44341160647456657,up,caltech
2_105_277_1696_2019-06-11 15:49:45.249731,0.8612900527064334,0.008364251773742054,up,caltech
2_105_277_1696_2019-06-26 16:18:44.265000,1.4423084714175751,0.9840927866196744,up,caltech
2_105_277_1696_2019-07-02 16:10:22.451907,0.7730341413232172,0.6327198198108862,up,caltech
2_105_277_1696_2019-07-12 16:12:55.130861,0.538818565400844,0.318985865236613,up,caltech
2_105_277_1696_2019-07-22 16:47:12.400385,1.6047197640117994,0.44582593907409773,down,caltech
2_105_277_1696_2019-07-24 01:35:00.099105,0.0,0.10351131636945896,up,caltech
2_105_277_1696_2019-08-05 21:38:15.825417,0.0,0.0,up,caltech
2_105_277_1696_2019-08-06 16:01:06.787067,1.5024711206383239,0.9339736958770505,down,caltech
2_105_277_1696_2019-08-14 16:07:26.907791,1.1559314645922747,0.39795385072073264,down,caltech
2_105_277_1696_2019-08-15 16:07:50.336338,1.1572844014727455,1.5293284575873511,down,caltech
2_105_277_1696_2019-08-18 23:32:35.834976,0.015202223608826206,0.30502262563179755,down,caltech
2_105_277_1696_2019-08-27 18:55:43.183611,0.0014943215780034217,0.0,up,caltech
2_105_277_1696_2019-08-28 17:06:41.353869,0.7053803125540627,0.0,up,caltech
2_105_277_1696_2019-09-02 20:24:57.290054,1.7059969019694623,0.8923562855337966,down,caltech
2_105_277_1696_2019-09-03 17:03:46.734187,1.3124168912848158,1.642160381740636,up,caltech
2_105_277_1696_2019-09-05 16:18:15.471503,0.0,0.09394207487427828,up,caltech
2_105_277_1696_2019-09-16 14:13:09.646788,1.0687623694021264,0.0,down,caltech
2_105_277_1696_2019-09-19 16:19:54.095013,0.0,0.19733939000648926,up,caltech
2_105_277_1696_2019-10-05 21:43:52.536334,1.7387049659201563,0.3827483772878998,up,caltech
2_105_277_1696_2019-10-09 16:53:28.723151,0.7944748026715241,0.03890335648148148,up,caltech
2_105_277_1696_2019-10-17 18:28:39.231340,1.0495616710320168,1.0333939118582463,up,caltech
2_105_277_1696_2019-10-31 16:28:45.844347,1.5830738289866355,1.3375934452633973,down,caltech
2_105_277_1696_2019-11-14 04:03:04.258822,0.8427085606225906,0.2223409546191611,up,caltech
2_105_277_1696_2019-11-14 17:09:41.770550,2.0,0.5091788792129003,down,caltech
2_105_277_1696_2019-11-18 04:54:40.516508,0.6558852298663185,0.8681673756885093,up,caltech
2_105_277_1696_2019-11-18 17:08:48.395654,0.38276656465976683,0.41778204744484154,down,caltech
2_105_277_1696_2019-11-21 04:08:47.187567,1.1270462633451959,0.1771287633652223,up,caltech
2_105_277_1696_2019-11-25 17:39:09.193944,0.006040827662824635,0.266173467216951,up,caltech
2_105_277_1696_2020-01-02 17:12:25.876665,0.0,0.005398110661268524,up,caltech
2_105_277_1696_2020-01-06 16:59:50.363472,1.054544933270259,0.7460685399816558,down,caltech
2_105_277_1696_2020-01-12 23:15:42.608162,0.7999387817569632,0.24121155909865435,up,caltech
2_105_277_1696_2020-01-15 18:24:03.954427,0.002138465650895543,0.003971425716854726,up,caltech
2_105_277_1696_2020-01-20 20:22:36.841711,0.8098878695208971,0.357754952352762,up,caltech
2_105_277_1696_2020-01-30 17:05:08.374076,1.755200520052005,0.12872272700966497,down,caltech
2_105_277_1696_2020-03-12 15:58:13.020142,1.6047267759562844,0.0,down,caltech
2_105_277_1697_2019-04-11 16:12:25.217265,0.0,0.34398234268633365,up,caltech
2_105_277_1697_2019-04-26 15:57:49.452980,0.5815785090537036,0.2530827110691501,up,caltech
2_105_277_1697_2019-04-30 15:15:37.906153,1.0573700716845877,1.643275354379237,up,caltech
2_105_277_1697_2019-05-03 15:57:55.056177,0.7578203834510594,0.4384875802271885,up,caltech
2_105_277_1697_2019-05-06 15:59:01.196233,0.0,0.5195589783142719,up,caltech
2_105_277_1697_2019-05-08 20:53:14.910114,0.722390592799127,0.6354363348882476,up,caltech
2_105_277_1697_2019-05-10 15:59:43.254526,0.0,0.2504458871206428,up,caltech
2_105_277_1697_2019-05-16 07:00:56.008387,0.0,0.0,up,caltech
2_105_277_1697_2019-05-23 20:05:03.744211,0.0,0.0,up,caltech
2_105_277_1697_2019-05-24 15:17:46.849542,0.0,0.0,up,caltech
2_105_277_1697_2019-05-30 15:00:06.635110,0.0,0.36823674080410607,up,caltech
2_105_277_1697_2019-05-31 14:47:44.977920,2.0,0.9260715386987357,down,caltech
2_105_277_1697_2019-06-04 16:01:09.438758,0.678520760427504,0.11273107835703718,up,caltech
2_105_277_1697_2019-06-07 15:48:00.646650,0.6300251256281408,0.4233350190735233,up,caltech
2_105_277_1697_2019-07-11 13:50:27.566800,0.0,0.0,up,caltech
2_105_277_1697_2019-07-17 16:05:28.813118,0.820952641290234,0.21306057129894382,up,caltech
2_105_277_1697_2019-07-19 16:04:01.895512,1.2679354999821624,0.23084301919596478,up,caltech
2_105_277_1697_2019-07-23 15:19:25.581276,0.0,0.0,down,caltech
2_105_277_1697_2019-08-01 15:44:38.204381,1.082170412613217,0.5542550734076556,down,caltech
2_105_277_1697_2019-08-06 13:47:43.443991,0.0,0.0,up,caltech
2_105_277_1697_2019-08-07 14:25:33.254489,0.0,0.0,up,caltech
2_105_277_1697_2019-08-08 14:50:06.868253,1.47142459004603,0.0,down,caltech
2_105_277_1697_2019-08-09 15:51:43.111556,2.0,0.9477267234202542,down,caltech
2_105_277_1697_2019-08-12 16:20:12.883787,2.0,0.46808199811038087,down,caltech
2_105_277_1697_2019-08-22 15:36:11.502012,0.46947170476582245,0.5617670998495908,up,caltech
2_105_277_1697_2019-08-28 16:19:55.167484,1.1036058178874013,0.0006312594840667793,down,caltech
2_105_277_1697_2019-08-30 16:02:10.979425,0.04242810596401761,0.7351855469984686,up,caltech
2_105_277_1697_2019-09-03 16:34:02.080649,2.0,0.2991212696099219,down,caltech
2_105_277_1697_2019-09-06 16:23:35.459599,0.0,0.0,up,caltech
2_105_277_1697_2019-09-10 16:09:04.083320,0.0,0.29603829040174123,down,caltech
2_105_277_1697_2019-09-11 16:09:51.230116,0.6248163265306124,0.17338107098381067,up,caltech
2_105_277_1697_2019-09-13 16:18:35.139172,0.0,0.07628084763948499,up,caltech
2_105_277_1697_2019-09-18 16:38:28.776386,1.27211822987665,0.3664898817542346,down,caltech
2_105_277_1697_2019-10-01 16:11:54.310021,0.623530564263323,0.0013849405933377362,up,caltech
2_105_277_1697_2019-10-08 16:13:11.924922,1.7554034595605426,0.0,down,caltech
2_105_277_1697_2019-10-11 15:44:40.948897,0.0,0.49346000712392063,up,caltech
2_105_277_1697_2019-10-15 16:27:33.369523,0.33529746559978585,0.25934523724625264,down,caltech
2_105_277_1697_2019-10-16 16:08:02.814173,0.12236286919831209,0.1285714285714285,up,caltech
2_105_277_1697_2019-10-17 16:08:22.316049,1.8455267280983616,0.40295388108535524,down,caltech
2_105_277_1697_2019-10-19 23:32:52.609149,1.2887769764667605,0.49595937995774236,up,caltech
2_105_277_1697_2019-10-22 16:07:45.908044,0.353990874429652,0.9667115499700778,down,caltech
2_105_277_1697_2019-10-23 16:11:10.743142,0.7830438466426604,0.5027087764356514,up,caltech
2_105_277_1697_2019-10-24 16:10:11.421360,0.682206250248183,0.4752173741557168,up,caltech
2_105_277_1697_2019-10-25 15:57:58.385317,0.0,0.04746620474152574,up,caltech
2_105_277_1697_2019-10-26 05:12:01.742569,0.0,0.3417554375024902,up,caltech
2_105_277_1697_2019-10-29 16:56:24.853888,0.0,0.0,up,caltech
2_105_277_1697_2019-10-30 16:09:42.767001,2.0,0.41006049851259213,down,caltech
2_105_277_1697_2019-11-02 22:56:06.744785,0.48457398625246456,0.5954016890431693,up,caltech
2_105_277_1697_2019-11-06 16:01:50.423831,0.0,0.0,up,caltech
2_105_277_1697_2019-11-08 16:30:09.600050,0.0,0.0,up,caltech
2_105_277_1697_2019-11-09 21:15:23.903060,2.0,0.7386975850307811,down,caltech
2_105_277_1697_2019-11-13 17:08:41.630285,0.0,0.18155203083308616,up,caltech
2_105_277_1697_2019-11-19 17:10:22.338849,1.602704324149707,1.8544446459569395,down,caltech
2_105_277_1697_2019-11-20 16:11:07.587041,0.0,0.0,up,caltech
2_105_277_1697_2019-11-22 15:55:56.459688,0.0,0.11744022503516174,up,caltech
2_105_277_1697_2019-11-27 17:49:51.455868,0.46087131908027446,0.5090495022573381,up,caltech
2_105_277_1697_2020-01-02 16:36:21.857836,0.0,0.1273562118632541,up,caltech
2_105_277_1697_2020-01-03 16:53:10.197091,2.0,0.4228890488089658,down,caltech
2_105_277_1697_2020-01-08 16:51:49.348188,2.0,0.4200005415652947,down,caltech
2_105_277_1697_2020-01-10 16:50:05.971108,1.534374094465372,0.09534942009412721,down,caltech
2_105_277_1697_2020-01-13 17:00:54.754237,2.0,1.192024006348943,down,caltech
2_105_277_1697_2020-01-14 17:05:30.278681,2.0,0.46235033640721396,down,caltech
2_105_277_1697_2020-01-15 17:00:46.110478,2.0,0.9403532345058253,down,caltech
2_105_277_1697_2020-01-21 17:00:39.394055,0.4898367108459672,0.43676936358580287,up,caltech
2_105_277_1697_2020-01-22 17:05:30.610572,1.2869992783903068,0.28007189961369483,up,caltech
2_105_277_1697_2020-01-23 17:07:08.596636,0.0,0.09268331549569608,up,caltech
2_105_277_1697_2020-01-24 16:50:23.482001,2.0,2.0,down,caltech
2_105_277_1697_2020-01-28 17:03:45.767930,1.1532416424454897,0.46291898255311076,down,caltech
2_105_277_1697_2020-01-29 17:06:03.352624,1.4428884899261918,0.11870721338467735,up,caltech
2_105_277_1697_2020-01-31 16:50:36.570110,2.0,0.29175901829917017,down,caltech
2_105_277_1697_2020-03-02 17:14:27.125181,0.8638646158712585,1.0311347456900248,down,caltech
2_105_277_1697_2020-03-03 17:09:58.812828,0.0,0.050708137564243035,up,caltech
2_105_277_1697_2020-03-04 17:23:38.202670,2.0,0.1189464141821112,down,caltech
2_105_277_1697_2020-03-05 17:12:49.226513,1.6116096598383762,0.2924856267659836,down,caltech
2_105_277_1697_2020-03-06 16:54:20.400560,0.0,0.2550436218781654,up,caltech
2_105_277_1697_2020-03-09 15:55:35.912357,0.0,0.47514250282995657,down,caltech
2_105_277_1697_2020-03-10 16:52:21.885448,0.0,0.38411733446956897,up,caltech
2_105_277_1697_2020-03-11 15:47:40.193180,0.07655027180046875,0.34304520418375917,down,caltech
2_105_277_1697_2020-03-16 15:43:12.432936,0.5064210662861589,0.0,up,caltech
2_105_277_1698_2019-03-30 20:51:06.633643,0.7632525832981865,0.6726881007623465,up,caltech
2_105_277_1698_2019-04-02 04:22:45.015331,0.0,0.0,up,caltech
2_105_277_1698_2019-04-09 17:22:54.283462,0.22605061003163276,0.8311176683162321,down,caltech
2_105_277_1698_2019-04-24 15:08:38.664355,0.35219101468871,0.016996896634041574,up,caltech
2_105_277_1698_2019-05-02 16:34:45.556408,1.1918744971842319,0.7678571428571425,up,caltech
2_105_277_1698_2019-05-14 17:06:57.975607,1.7188671386922112,1.1042534722222224,up,caltech
2_105_277_1698_2019-05-16 16:24:10.999608,0.0,0.2027863715773509,up,caltech
2_105_277_1698_2019-05-21 16:04:12.419310,1.8363581265899505,0.0,down,caltech
2_105_277_1698_2019-05-23 15:57:05.101366,0.0,0.354647065987867,up,caltech
2_105_277_1698_2019-05-24 15:53:19.648128,0.0,0.3848007752964634,up,caltech
2_105_277_1698_2019-06-11 16:08:46.413762,0.9097292601708412,0.0,up,caltech
2_105_277_1698_2019-06-24 15:05:21.467896,0.7560655737704917,0.9662057178371656,up,caltech
2_105_277_1698_2019-07-10 16:18:46.993368,1.0227003149413063,0.09830209222198971,up,caltech
2_105_277_1698_2019-07-12 17:04:24.431423,0.8556836220581129,0.0,up,caltech
2_105_277_1698_2019-07-16 16:22:15.728809,0.7564289796177533,0.16467743117753236,up,caltech
2_105_277_1698_2019-07-22 20:15:20.997998,0.0,0.0,up,caltech
2_105_277_1698_2019-07-29 16:50:06.085249,1.019285202098351,2.0,up,caltech
2_105_277_1698_2019-08-04 20:16:23.731864,2.0,0.45824995452064715,up,caltech
2_105_277_1698_2019-08-06 16:11:47.428786,0.0,0.0,up,caltech
2_105_277_1698_2019-08-22 16:10:13.769281,1.291757293932348,0.25335313274589477,down,caltech
2_105_277_1698_2019-08-23 16:02:04.491334,0.0,0.35663968387269396,up,caltech
2_105_277_1698_2019-08-28 17:04:17.038349,0.5253209120944592,0.4621815262303586,up,caltech
2_105_277_1698_2019-09-04 16:22:26.436852,0.38303798684147317,0.3461192937375381,down,caltech
2_105_277_1698_2019-09-06 00:58:08.097088,2.0,2.0,up,caltech
2_105_277_1698_2019-09-07 17:34:38.480745,1.7938148904073123,1.0216029080837805,down,caltech
2_105_277_1698_2019-09-20 16:07:45.136937,0.5957192982456136,0.2770608574903312,up,caltech
2_105_277_1698_2019-09-22 05:54:20.102867,2.0,0.5800616791988634,down,caltech
2_105_277_1698_2019-09-27 16:07:20.940477,0.0,0.37598154581978444,up,caltech
2_105_277_1698_2019-10-02 16:05:14.728354,1.8400725433599838,0.24964502487712067,down,caltech
2_105_277_1698_2019-10-03 16:10:17.487863,0.6186900752682236,0.4471953349739489,up,caltech
2_105_277_1698_2019-10-19 05:10:51.335561,0.6728666992984172,0.30259884488904326,up,caltech
2_105_277_1698_2019-10-28 05:25:14.337512,2.0,1.8782565712956496,down,caltech
2_105_277_1698_2019-10-31 22:43:14.115916,0.29109401128762563,0.0,down,caltech
2_105_277_1698_2019-11-01 03:35:15.612287,0.7382231565833531,0.22532527004766306,up,caltech
2_105_277_1698_2019-11-09 04:18:13.093667,0.976865100157188,0.3069990232075481,up,caltech
2_105_277_1698_2019-11-11 06:01:14.455521,0.0,0.001418855006531231,up,caltech
2_105_277_1698_2019-11-11 16:41:32.016373,1.4600746718053714,0.446406582623607,up,caltech
2_105_277_1698_2019-11-16 05:51:35.125342,0.0,0.30486776008674416,up,caltech
2_105_277_1698_2019-11-20 20:31:05.575742,0.6669520984007333,0.23784490270113268,up,caltech
2_105_277_1698_2019-11-21 16:13:25.333546,0.0,0.0,up,caltech
2_105_277_1698_2020-01-14 17:06:35.009090,1.2835527232205044,0.0,down,caltech
2_105_277_1698_2020-01-27 17:03:44.915820,0.7793545878693622,0.7196682991985753,up,caltech
2_105_277_1699_2019-04-06 23:24:39.116370,0.5328110185138978,0.0007184818900299281,up,caltech
2_105_277_1699_2019-04-09 16:13:51.207294,0.0,0.5459182200298354,down,caltech
2_105_277_1699_2019-04-27 06:52:44.724677,0.0,0.0,up,caltech
2_105_277_1699_2019-05-15 16:00:56.519312,0.4543562966039675,0.32166849310469015,up,caltech
2_105_277_1699_2019-05-20 16:06:34.047794,0.0,0.1434173894421244,up,caltech
2_105_277_1699_2019-05-22 16:02:13.417353,0.29504448838358854,0.1458170211772971,up,caltech
2_105_277_1699_2019-05-29 16:06:15.609929,0.7216750256813101,0.004938767593926687,up,caltech
2_105_277_1699_2019-06-05 15:54:44.174088,0.0,0.0592895044986542,up,caltech
2_105_277_1699_2019-06-06 16:03:39.897402,2.0,1.015192519251925,down,caltech
2_105_277_1699_2019-06-06 18:32:09.839070,0.8210519106971649,0.2667531297154728,up,caltech
2_105_277_1699_2019-06-12 16:02:08.144908,0.5154602951510892,0.25277458087045257,up,caltech
2_105_277_1699_2019-06-13 15:56:33.008222,0.0,0.2774466685517407,up,caltech
2_105_277_1699_2019-06-14 18:47:54.074065,0.0,0.18802282480487925,up,caltech
2_105_277_1699_2019-06-24 16:29:12.906731,0.0,0.0,up,caltech
2_105_277_1699_2019-06-25 16:11:12.965152,0.0,0.23549439470710207,up,caltech
2_105_277_1699_2019-06-26 16:08:39.054165,0.0,0.3022248322767362,up,caltech
2_105_277_1699_2019-06-28 16:03:47.051943,0.6762236175202364,0.33331249241522415,up,caltech
2_105_277_1699_2019-07-01 16:08:49.924638,0.6508933405522467,0.0011564762670959437,up,caltech
2_105_277_1699_2019-07-02 16:11:07.689634,2.0,0.26239980274315067,down,caltech
2_105_277_1699_2019-07-03 15:54:38.686310,0.07619647355163725,0.09088321911989582,down,caltech
2_105_277_1699_2019-07-09 16:09:55.336136,1.0191967668603183,0.30491923935241727,up,caltech
2_105_277_1699_2019-07-15 16:10:29.751083,0.5686265627831127,0.2879535351672862,up,caltech
2_105_277_1699_2019-07-18 16:14:10.031680,0.0,0.1142437174016121,up,caltech
2_105_277_1699_2019-07-24 16:14:12.983649,0.0,0.6079030272683646,up,caltech
2_105_277_1699_2019-08-06 15:54:52.693670,0.48423834392499826,0.0,up,caltech
2_105_277_1699_2019-08-14 15:44:57.975379,0.740463922346076,0.5576262515530225,up,caltech
2_105_277_1699_2019-08-15 15:53:12.586087,0.0,0.0,up,caltech
2_105_277_1699_2019-08-16 15:51:57.566125,0.0,0.27306820590585196,up,caltech
2_105_277_1699_2019-08-17 18:49:56.683126,0.632722484362998,0.8347807957574197,up,caltech
2_105_277_1699_2019-08-19 16:15:15.969939,0.7125254426473484,0.37937895948286054,down,caltech
2_105_277_1699_2019-08-20 16:12:38.175396,0.7998553579889776,0.3774634302189262,down,caltech
2_105_277_1699_2019-08-21 16:13:44.953735,2.0,2.0,down,caltech
2_105_277_1699_2019-08-27 16:21:32.965411,2.0,0.5706137300372206,down,caltech
2_105_277_1699_2019-09-09 16:20:51.726074,0.0,0.4024398440650623,up,caltech
2_105_277_1699_2019-09-23 16:19:22.576241,0.6208811325360023,0.0,up,caltech
2_105_277_1699_2019-09-30 16:05:33.692551,0.9663164648327848,1.0366818873668189,up,caltech
2_105_277_1699_2019-10-07 16:07:50.119833,0.0,0.0059067972692193466,up,caltech
2_105_277_1699_2019-10-08 21:15:32.033705,0.7937547879577859,1.2839784114267625,up,caltech
2_105_277_1699_2019-10-14 06:29:03.290045,2.0,0.0,up,caltech
2_105_277_1699_2019-10-19 19:39:12.676216,1.1372231856990396,0.0,down,caltech
2_105_277_1699_2019-10-21 15:58:43.254535,0.0,0.0,up,caltech
2_105_277_1699_2019-11-05 07:56:50.816902,0.0,0.0,up,caltech
2_105_277_1699_2019-11-12 17:09:02.328368,0.0,0.2629079606285614,up,caltech
2_105_277_1699_2019-11-22 19:46:05.711840,1.4212926788257636,1.861567996679292,down,caltech
2_105_277_1699_2019-11-25 17:00:53.882038,0.00037352060145084005,0.43484826945286337,down,caltech
2_105_277_1699_2020-01-07 16:54:36.730025,1.6506113961530637,0.3343323277230867,up,caltech
2_105_277_1699_2020-01-16 15:40:16.679290,1.3493399339933998,0.5614379797030673,up,caltech
2_105_277_1699_2020-01-17 16:47:59.202225,1.6112939290385182,2.0,down,caltech
2_105_277_1699_2020-01-20 16:32:32.123876,0.0,0.0,up,caltech
2_105_277_1699_2020-01-22 04:49:18.592588,0.0,0.0,up,caltech
2_105_277_1699_2020-03-12 15:45:15.785459,0.0,0.07272743152599219,down,caltech
2_105_277_1699_2020-03-17 15:47:54.597372,0.46747223239350677,0.2222222222222222,up,caltech
2_137_440_2991_2020-05-06 12:52:00.728419,0.010682402784082546,0.0,down,caltech
2_137_441_3010_2020-03-09 15:20:33.289116,0.0,1.0,up,caltech
2_137_441_3022_2020-01-03 17:19:55.809434,0.0,0.6596605821119991,up,caltech
2_39_123_23_2018-11-15 16:00:54.079519,0.0,0.0,up,caltech
2_39_123_23_2018-11-21 16:38:21.366310,0.0,0.0,up,caltech
2_39_123_23_2018-11-26 18:21:43.162547,0.02834352057240432,0.09832811438391093,up,caltech
2_39_123_23_2018-12-06 15:56:29.123852,0.0,1.4240922718187892,down,caltech
2_39_123_23_2018-12-12 16:59:08.333943,0.003130829925673219,0.0,up,caltech
2_39_123_23_2018-12-17 20:55:04.190756,0.5874285498688903,0.43356748587369726,down,caltech
2_39_123_23_2018-12-18 15:54:47.324635,0.0,0.5730838646072366,up,caltech
2_39_123_23_2018-12-20 03:03:51.568590,0.029606832171167937,0.3012541394147628,down,caltech
2_39_123_23_2018-12-20 15:59:43.011822,1.1183231425934472,0.5667570971805058,down,caltech
2_39_123_23_2018-12-21 17:16:27.985979,0.31364421416234867,0.366763987775103,down,caltech
2_39_123_23_2019-01-02 16:27:57.366037,0.24256612952265041,0.47951746578410187,down,caltech
2_39_123_23_2019-01-04 13:57:31.140098,0.13262044516766475,0.03765803751597486,down,caltech
2_39_123_23_2019-01-14 03:12:55.456144,0.0,2.0,down,caltech
2_39_123_23_2019-01-14 17:38:25.998117,0.011064313133741528,0.0,down,caltech
2_39_123_23_2019-01-15 13:58:28.444557,0.0,0.4702930362323541,down,caltech
2_39_123_23_2019-01-16 02:06:19.205665,0.0,1.3377140142195378,down,caltech
2_39_123_23_2019-01-16 13:51:58.452310,2.0,1.1012147911113073,down,caltech
2_39_123_23_2019-01-18 13:49:01.282068,0.0,0.30350301111216776,down,caltech
2_39_123_23_2019-01-22 15:56:22.590196,0.6125012265724656,0.0,up,caltech
2_39_123_23_2019-01-24 15:57:49.743489,0.0,0.0,up,caltech
2_39_123_23_2019-02-03 20:53:35.302183,0.9509283819628648,0.5,down,caltech
2_39_123_23_2019-02-12 18:10:06.017197,0.0,0.0,up,caltech
2_39_123_23_2019-04-15 16:45:55.887332,0.0,0.0,up,caltech
2_39_123_23_2019-04-18 22:08:29.209358,0.0015326361341505708,0.016212266095012303,up,caltech
2_39_123_23_2019-08-05 23:28:55.955571,0.0,0.0,up,caltech
2_39_123_23_2020-01-21 17:39:34.856196,0.0024743624241336465,0.0,up,caltech
2_39_123_23_2020-03-05 17:55:33.434004,0.0,0.016066304183657842,down,caltech
2_39_123_557_2018-11-26 19:07:29.007087,0.44805470407922654,0.0,up,caltech
2_39_123_557_2018-11-27 17:54:58.064449,0.5633177016721138,0.032292605951307195,up,caltech
2_39_123_557_2018-12-14 16:49:26.094556,1.3991443357466797,0.866516174910838,up,caltech
2_39_123_557_2018-12-18 17:55:38.932295,0.5745525444650169,0.0,up,caltech
2_39_123_557_2018-12-19 18:02:09.173653,0.0,0.3953095629699249,down,caltech
2_39_123_557_2019-01-16 20:28:32.645659,0.0,0.0,up,caltech
2_39_123_557_2019-02-07 18:16:11.232230,0.0,0.0,up,caltech
2_39_123_557_2019-02-28 17:20:11.644279,1.2618520949190006,0.7407384860967378,up,caltech
2_39_123_557_2019-03-19 17:06:21.190353,0.05195925187301271,1.0370488694179671,down,caltech
2_39_123_557_2019-04-14 20:27:08.112987,0.028594511549056942,0.013839479244808831,down,caltech
2_39_123_557_2020-03-06 18:36:59.836528,0.09231773099008216,1.0,down,caltech
2_39_124_22_2018-11-05 16:22:28.287145,0.13464075895845054,0.6849783261087027,down,caltech
2_39_124_22_2018-11-09 17:20:50.659768,1.8120665223552321,1.1944801441547561,down,caltech
2_39_124_22_2018-11-15 16:55:54.216752,2.0,1.0811767330896107,down,caltech
2_39_124_22_2018-11-20 18:51:38.180943,0.12953229398663701,0.0,up,caltech
2_39_124_22_2018-11-26 16:33:26.499634,0.4612895396812558,0.5008615020225244,down,caltech
2_39_124_22_2018-12-06 20:47:24.748562,0.0,0.0,down,caltech
2_39_124_22_2018-12-12 23:05:51.137619,0.580085576579448,0.9598369895414993,up,caltech
2_39_124_22_2018-12-17 21:46:13.436537,1.3068948862632377,0.6754160937467933,up,caltech
2_39_124_22_2019-01-09 18:17:26.680043,1.1296615963566095,0.46351070634644853,up,caltech
2_39_124_22_2019-01-17 17:14:58.909286,0.0,1.5037693440208746,down,caltech
2_39_124_22_2019-01-18 20:29:11.119217,0.29218124165554077,0.630853345250439,down,caltech
2_39_124_22_2019-04-15 17:50:04.471722,1.8494332011961883,0.0,up,caltech
2_39_124_22_2019-04-28 16:54:27.629761,0.6224834481826779,0.6604878048780489,up,caltech
2_39_124_22_2019-05-17 17:03:56.275620,2.0,2.0,down,caltech
2_39_124_22_2019-06-04 17:38:06.177154,1.265971002698418,0.8872180451127818,up,caltech
2_39_124_22_2019-06-14 17:01:44.461121,1.9105358134369799,1.25679925451437,down,caltech
2_39_124_22_2019-06-21 16:24:39.235916,0.0,0.0,up,caltech
2_39_124_22_2019-07-11 17:41:05.062585,0.0,0.0,down,caltech
2_39_124_22_2019-07-12 17:23:40.976753,0.7546554149085796,0.0,up,caltech
2_39_124_22_2019-07-23 20:02:08.533569,0.713198717109569,0.6069690786375763,up,caltech
2_39_124_22_2019-08-14 17:20:15.195115,0.22134839013241914,0.6962653592397554,up,caltech
2_39_124_22_2019-08-27 17:19:54.288378,0.0,0.0025515948298337316,up,caltech
2_39_124_22_2019-09-10 22:49:20.334126,0.002573726541555035,0.011866235167206042,up,caltech
2_39_124_22_2019-09-11 16:17:07.721171,0.0,1.6713346482577247,down,caltech
2_39_124_22_2019-09-20 16:52:30.811003,1.1164403973509933,0.5730018242010675,up,caltech
2_39_124_22_2019-10-02 16:24:39.790218,0.409701208849692,0.008374636814219818,up,caltech
2_39_124_22_2019-10-09 19:20:14.257685,0.0512820512820523,0.0,down,caltech
2_39_124_22_2019-11-12 17:09:23.869033,0.9685743249470092,0.7473070976307826,up,caltech
2_39_124_22_2020-01-13 18:22:26.618933,1.7444863738094596,0.8124915744138845,down,caltech
2_39_124_22_2020-01-15 17:30:24.798024,0.001275926868105759,1.703948189072168,down,caltech
2_39_124_22_2020-01-24 17:27:07.025835,0.0,0.3180622947420796,up,caltech
2_39_124_22_2020-03-05 19:26:28.848051,1.7248024195846872,0.0038380839271579727,up,caltech
2_39_124_22_2020-03-06 18:15:19.926207,1.509641772476124,0.0002309205037541529,up,caltech
2_39_124_558_2018-11-20 19:57:02.494418,0.30599686219554917,0.00026210103572186214,up,caltech
2_39_124_558_2019-01-10 17:41:59.932827,2.0,0.31094792308985925,down,caltech
2_39_124_558_2019-01-29 16:49:15.882669,0.0007825806748606605,0.004850218878169835,up,caltech
2_39_124_558_2019-01-30 17:00:42.382422,0.0008799497171590527,0.006747770578182135,up,caltech
2_39_124_558_2019-02-19 17:12:51.982376,0.28256578947368455,0.5495583412031955,up,caltech
2_39_124_558_2019-03-04 17:06:16.722572,0.0,0.0,up,caltech
2_39_124_558_2019-05-16 15:35:36.976513,0.0,0.008986344835401432,up,caltech
2_39_124_558_2019-05-22 14:55:18.163137,0.0,0.009049398090493918,up,caltech
2_39_124_558_2019-05-31 15:16:42.605483,0.004686614822063309,0.0,up,caltech
2_39_124_558_2020-01-13 16:44:19.002518,1.5744778367052967,0.8417402020910874,down,caltech
2_39_124_558_2020-01-29 16:45:48.456526,0.565071311798861,0.0,up,caltech
2_39_125_21_2018-11-15 16:38:39.592175,0.0,0.0,up,caltech
2_39_125_21_2018-11-20 16:37:33.617093,0.0,0.0,up,caltech
2_39_125_21_2018-11-21 14:00:39.226552,2.0,0.26898932831136263,down,caltech
2_39_125_21_2018-11-26 16:24:49.646308,0.08624705750977112,0.0,down,caltech
2_39_125_21_2018-11-27 16:27:00.167709,0.8335911219004682,0.3046677705521585,down,caltech
2_39_125_21_2018-11-27 23:26:17.230998,2.0,0.0,down,caltech
2_39_125_21_2018-11-29 16:56:13.952876,0.0,0.31897190648348567,up,caltech
2_39_125_21_2018-11-30 14:35:05.361641,0.015492421913428943,0.0,down,caltech
2_39_125_21_2018-12-04 14:50:51.316483,0.0386455513110556,0.4933304775071839,down,caltech
2_39_125_21_2018-12-04 22:49:52.291008,0.7829699872910351,0.0,up,caltech
2_39_125_21_2018-12-07 16:35:48.800664,2.0,0.691349117859251,down,caltech
2_39_125_21_2018-12-10 21:14:19.332025,0.4409209256062957,0.0,down,caltech
2_39_125_21_2018-12-13 18:20:32.121059,0.8918843118345176,0.677657437830427,down,caltech
2_39_125_21_2018-12-17 00:17:46.276405,0.03831276504166623,1.3765986706394688,down,caltech
2_39_125_21_2018-12-18 18:37:36.005617,2.0,0.081448207374401,down,caltech
2_39_125_21_2018-12-20 17:01:03.394758,0.3317229411260605,0.9706168022918895,up,caltech
2_39_125_21_2019-01-01 22:23:40.471724,0.3454309229541132,0.0,down,caltech
2_39_125_21_2019-01-04 03:40:21.315553,0.007903820986163306,0.5566093912542839,down,caltech
2_39_125_21_2019-01-04 17:40:42.635292,0.36322426113981426,0.03190428713858427,up,caltech
2_39_125_21_2019-01-06 23:04:59.148776,1.7066468734852147,0.8814083176586593,down,caltech
2_39_125_21_2019-01-10 18:00:48.209882,0.37026469054242,0.6054299957525766,down,caltech
2_39_125_21_2019-01-11 17:37:50.622275,0.6712850070198775,0.0,up,caltech
2_39_125_21_2019-01-13 16:13:28.842877,0.0,0.006868263035030051,down,caltech
2_39_125_21_2019-01-14 22:10:19.332662,0.0,0.9356307176808909,down,caltech
2_39_125_21_2019-01-19 21:10:05.194637,0.2582922177696447,0.010216859838000457,up,caltech
2_39_125_21_2019-01-24 20:25:01.799896,0.3109842415205466,0.0,up,caltech
2_39_125_21_2019-02-05 13:50:45.575159,0.0,0.39397972244685814,down,caltech
2_39_125_21_2019-02-07 03:43:26.061058,0.0,0.0,down,caltech
2_39_125_21_2019-02-07 17:33:20.585545,0.0,0.0,up,caltech
2_39_125_21_2019-03-09 22:52:15.220567,0.022907433992884394,0.6688154044369651,up,caltech
2_39_125_21_2019-03-19 16:30:01.472260,0.06666487676529016,0.07469533102542192,down,caltech
2_39_125_21_2019-06-17 13:33:21.297950,0.0,0.0,up,caltech
2_39_125_21_2019-07-02 23:00:57.948439,2.0,0.0006550542607700987,up,caltech
2_39_125_21_2019-07-10 13:44:23.116232,0.0,0.004111099969918463,down,caltech
2_39_125_21_2019-08-05 13:33:24.916949,0.0,0.0,up,caltech
2_39_125_21_2019-10-22 16:51:05.183285,0.5971549006780061,0.0,up,caltech
2_39_125_21_2020-01-10 18:29:27.536902,0.0,0.026082875150864913,up,caltech
2_39_125_21_2020-01-21 18:00:21.666276,0.2623517549334997,1.1568808279536837,up,caltech
2_39_126_20_2018-11-08 17:22:44.174963,0.36587626584029675,0.7985424261499476,up,caltech
2_39_126_20_2018-12-04 00:26:56.482403,0.11004254949635296,0.0,down,caltech
2_39_126_20_2018-12-20 01:27:08.752854,0.0,0.002004082340895503,down,caltech
2_39_126_20_2019-01-14 02:48:10.576686,0.6256979921587266,0.42403043878602675,down,caltech
2_39_126_20_2019-02-07 19:37:38.698734,0.0,0.0,up,caltech
2_39_126_20_2019-05-09 17:07:08.982445,0.3259497110112139,0.0022158209616665453,up,caltech
2_39_126_20_2019-06-03 23:54:45.705886,0.005384615384615586,0.0,up,caltech
2_39_126_20_2019-06-05 02:06:32.424995,0.0,0.23388593533748767,down,caltech
2_39_126_20_2020-01-14 18:45:24.034510,1.284498851234922,0.608884026258206,up,caltech
2_39_126_20_2020-01-21 19:36:20.146207,0.5179604325593092,0.672810709396075,up,caltech
2_39_126_20_2020-03-04 17:45:00.945264,1.4280566600397613,0.0,down,caltech
2_39_126_20_2020-03-09 17:00:20.832772,2.0,1.0,down,caltech
2_39_126_20_2020-03-11 15:50:18.586922,0.01540088105726867,0.0,down,caltech
2_39_126_560_2018-11-09 18:07:10.380783,1.6861741864193112,1.1395357984250212,up,caltech
2_39_126_560_2018-11-27 18:09:01.164645,0.6736789419401805,0.2394882064879468,up,caltech
2_39_126_560_2018-11-28 20:34:29.468744,0.055425156598747194,0.0,down,caltech
2_39_126_560_2019-01-11 17:04:53.776386,0.5906607700312174,0.14730338818139632,up,caltech
2_39_126_560_2019-01-24 17:40:01.651169,0.0,0.0,up,caltech
2_39_126_560_2019-04-23 15:35:58.527945,0.2642625231910945,1.3849454939856063,up,caltech
2_39_126_560_2020-03-02 17:08:09.356334,1.2972485059760956,0.35218279709392825,up,caltech
2_39_127_19_2018-11-05 13:44:33.661641,2.0,1.0060715508910902,down,caltech
2_39_127_19_2018-11-26 14:07:14.109097,1.8358576963719615,2.0,up,caltech
2_39_127_19_2018-11-27 02:04:58.674200,0.0,0.0,up,caltech
2_39_127_19_2018-11-27 14:14:40.227748,0.0,0.14510400090929815,down,caltech
2_39_127_19_2018-11-27 20:18:20.217180,0.45021911278542304,0.46853353772176726,up,caltech
2_39_127_19_2018-11-28 20:41:20.259271,0.0,0.0,up,caltech
2_39_127_19_2018-11-29 14:39:59.381966,0.6404716671190028,0.6893447022933673,up,caltech
2_39_127_19_2018-11-29 23:09:31.560525,0.0,1.006678752027479,down,caltech
2_39_127_19_2018-12-04 16:31:50.024074,0.0,0.5091151154322934,down,caltech
2_39_127_19_2018-12-13 01:19:37.275808,0.523315467514432,0.0,up,caltech
2_39_127_19_2018-12-14 13:58:37.031801,2.0,1.3890063271583442,down,caltech
2_39_127_19_2018-12-15 18:41:03.053090,2.0,0.7934638803903447,down,caltech
2_39_127_19_2018-12-17 16:11:47.013860,0.21249557544498404,1.0,up,caltech
2_39_127_19_2018-12-18 02:55:34.183221,1.1258356348700518,0.0024977960622978375,down,caltech
2_39_127_19_2018-12-18 17:35:21.111233,0.0,0.03004196404130336,down,caltech
2_39_127_19_2018-12-19 13:18:20.819324,0.0,0.02812806610717335,down,caltech
2_39_127_19_2019-01-02 13:53:10.182304,0.01836059867734048,0.6422595276423078,down,caltech
2_39_127_19_2019-01-04 00:16:32.425740,0.24191688930588845,0.012970054405659784,up,caltech
2_39_127_19_2019-01-07 13:50:59.641869,0.0,0.7201505350773343,down,caltech
2_39_127_19_2019-01-08 13:46:16.156198,2.0,0.05980735311440857,down,caltech
2_39_127_19_2019-01-09 03:31:59.205103,0.0,0.8977460897884475,down,caltech
2_39_127_19_2019-01-16 16:56:09.806467,0.375966540137776,0.07373324873218948,up,caltech
2_39_127_19_2019-01-17 17:24:52.925242,0.14018169112508758,2.0,down,caltech
2_39_127_19_2019-02-05 16:39:46.379425,1.1671247721787101,0.0,up,caltech
2_39_127_19_2019-02-05 21:01:07.301528,0.058101246999341244,0.5609872945494118,down,caltech
2_39_127_19_2019-03-14 16:04:21.796448,0.5792349401711435,0.9088174699031217,up,caltech
2_39_127_19_2019-04-24 17:14:19.160504,0.8700168603326496,1.8257661748013636,up,caltech
2_39_127_19_2019-05-04 18:35:42.242225,0.6457426973275326,0.5385823679560184,up,caltech
2_39_127_19_2019-05-15 15:59:44.607209,0.701386400286687,0.6537671127619593,up,caltech
2_39_127_19_2019-06-27 04:40:34.441679,0.9474178455320271,0.0,up,caltech
2_39_127_19_2019-08-12 16:17:35.874329,0.0,0.0,up,caltech
2_39_127_19_2019-09-05 15:51:16.739332,1.2059336113654089,0.3049091283830825,down,caltech
2_39_127_19_2019-09-09 16:17:01.318563,1.2102149613069648,0.8624305470151782,down,caltech
2_39_127_19_2019-09-19 16:04:26.998082,0.5464297941948487,0.7317012115750475,up,caltech
2_39_127_19_2019-09-30 16:06:51.676480,0.0,0.0,up,caltech
2_39_127_19_2019-10-01 16:23:49.378022,0.17951516689935265,0.9195439739413684,up,caltech
2_39_127_19_2019-10-12 16:50:19.428860,0.7158602446820234,0.9180839662643863,up,caltech
2_39_127_19_2020-01-15 17:02:40.148160,0.0006450190379343293,0.21125738582930959,up,caltech
2_39_127_19_2020-01-23 16:50:44.390577,0.0,0.13525288929350185,up,caltech
2_39_127_19_2020-01-24 17:03:37.361063,1.4911683336880186,0.0,up,caltech
2_39_127_19_2020-01-27 16:40:04.636232,0.5940539345711758,0.010770059235326038,down,caltech
2_39_127_19_2020-01-31 17:09:29.142043,1.2472611802064038,0.7924009076425435,down,caltech
2_39_127_561_2019-01-15 17:20:09.331306,0.03931029099409651,0.0,down,caltech
2_39_128_18_2018-11-05 17:37:46.620139,2.0,0.47234632095064194,up,caltech
2_39_128_18_2018-12-05 16:17:42.896199,0.05084129149613442,0.06015512004015345,down,caltech
2_39_128_18_2018-12-14 21:40:58.488122,0.0,0.29351686775294766,down,caltech
2_39_128_18_2018-12-17 16:10:38.895315,0.8979187533548411,0.970125456541336,up,caltech
2_39_128_18_2018-12-21 16:41:26.534282,0.0,0.6341441804534275,down,caltech
2_39_128_18_2018-12-24 05:51:49.461149,0.02183162446815956,0.003573501373532634,down,caltech
2_39_128_18_2019-01-10 21:15:28.668292,0.9892788326864927,1.5500145300564583,up,caltech
2_39_128_18_2019-01-13 20:22:13.090141,0.20119389491597603,0.7901103878308681,down,caltech
2_39_128_18_2019-01-14 17:40:07.964547,0.44699073168824055,0.8325257066745134,up,caltech
2_39_128_18_2019-01-15 01:41:35.446631,1.0523573990195334,0.3971011765992605,down,caltech
2_39_128_18_2019-01-22 17:51:27.061319,0.6722985842985839,0.0,up,caltech
2_39_128_18_2019-02-27 17:35:59.670216,0.0002413127413128219,0.0,down,caltech
2_39_128_18_2019-08-09 18:33:26.808326,1.4986047753081624,0.6537390992035306,up,caltech
2_39_128_18_2019-09-25 20:24:28.199676,2.0,1.3488105726872246,down,caltech
2_39_128_18_2019-10-04 15:44:24.813050,0.9758435334499063,0.4683049670024311,up,caltech
2_39_128_18_2020-01-14 18:20:54.228524,0.8894282886364707,1.1034776549134853,up,caltech
2_39_128_18_2020-01-17 17:44:39.824714,1.7549525669642856,0.0,up,caltech
2_39_128_18_2020-01-21 19:28:42.010713,2.0,0.41147498740878685,down,caltech
2_39_128_562_2018-12-18 18:33:20.627633,0.0,0.6233161158390496,down,caltech
2_39_128_562_2019-01-07 18:19:58.889585,0.8279994227716581,1.5990268856686196,up,caltech
2_39_128_562_2019-01-22 17:39:16.548676,0.00023894862604569212,0.8468091207977183,down,caltech
2_39_128_562_2019-08-28 15:54:05.863780,1.0550492938982148,2.0,down,caltech
2_39_128_562_2020-01-09 16:46:00.255020,1.391397193410616,0.4522653026134797,up,caltech
2_39_129_17_2018-11-05 02:52:18.812406,1.9540046270794316,0.0,up,caltech
2_39_129_17_2018-11-15 14:18:33.551158,0.07317652649085322,0.006146916070529976,down,caltech
2_39_129_17_2018-11-20 17:49:04.136786,0.49061302681992325,0.8776921268714183,up,caltech
2_39_129_17_2018-11-25 02:59:11.614785,0.027653681505875122,0.28543394091417107,down,caltech
2_39_129_17_2018-12-13 00:21:53.635957,1.1328853312250884,0.2712861269332713,up,caltech
2_39_129_17_2018-12-13 03:12:40.353128,0.0,1.4252097199021831,up,caltech
2_39_129_17_2018-12-14 20:59:19.811360,0.0,0.31862468142078376,down,caltech
2_39_129_17_2018-12-15 17:11:15.735851,0.12319460917473293,0.0,up,caltech
2_39_129_17_2018-12-15 20:03:54.060923,1.592144941634241,0.018359406001643964,up,caltech
2_39_129_17_2018-12-17 16:01:40.053168,0.0054882010589325375,2.0,up,caltech
2_39_129_17_2018-12-18 02:21:13.741665,0.01066024759284752,0.9730641833439737,down,caltech
2_39_129_17_2018-12-18 13:47:30.394887,0.0,0.041122685367054,down,caltech
2_39_129_17_2018-12-19 03:08:11.341640,0.22419832678082266,0.24906190245109305,down,caltech
2_39_129_17_2018-12-23 07:08:23.301385,0.0,0.5504710326736897,down,caltech
2_39_129_17_2018-12-29 18:15:24.556618,0.0,0.2725300736168137,down,caltech
2_39_129_17_2019-01-03 00:23:47.453354,0.7613791982190982,1.7073222049317447,up,caltech
2_39_129_17_2019-01-03 23:25:13.852731,0.015708738610587688,0.273077363016404,down,caltech
2_39_129_17_2019-01-07 16:31:18.133044,0.01738301787592043,1.248249151854062,down,caltech
2_39_129_17_2019-01-09 16:43:34.769948,0.0,1.6255375713503795,down,caltech
2_39_129_17_2019-01-17 16:56:04.550641,0.0,0.27105060709761875,down,caltech
2_39_129_17_2019-02-07 17:17:13.164043,0.0,0.0,up,caltech
2_39_129_17_2019-02-22 17:30:08.304455,0.0,0.0,up,caltech
2_39_129_17_2019-02-27 16:40:52.606886,0.029488716886514783,0.013715973834142052,down,caltech
2_39_129_17_2019-03-14 04:27:59.021360,0.956265164378573,0.7822078642452134,up,caltech
2_39_129_17_2019-04-16 14:47:27.484181,2.0,0.011810164179024342,up,caltech
2_39_129_17_2019-04-26 15:29:51.147587,0.0,0.2537950332284015,up,caltech
2_39_129_17_2019-05-01 14:43:41.837319,0.30003721007152623,0.831827670601785,up,caltech
2_39_129_17_2019-05-20 16:04:47.436558,0.013625509200730345,1.4214766040907816,up,caltech
2_39_129_17_2019-06-17 15:41:30.131238,0.005796950073114536,0.0,up,caltech
2_39_129_17_2019-06-17 20:51:30.205927,0.0,0.0,up,caltech
2_39_129_17_2019-06-19 15:56:45.719968,0.9605394038810553,0.37051971326164856,up,caltech
2_39_129_17_2019-06-21 15:32:47.240964,0.0,0.0,up,caltech
2_39_129_17_2019-08-06 23:56:28.325689,0.005182625863770819,0.0,up,caltech
2_39_129_17_2019-08-14 15:50:06.066672,1.509592553898756,0.5262826060577805,down,caltech
2_39_129_17_2019-08-21 15:34:26.663209,1.9971505808431356,0.7419916078190566,up,caltech
2_39_129_17_2019-09-25 16:05:00.932505,0.01236491674938642,0.0,down,caltech
2_39_129_17_2019-10-01 15:54:12.435659,0.002364758815527579,0.0,up,caltech
2_39_129_17_2019-10-25 01:30:45.962280,0.0,0.0,up,caltech
2_39_129_17_2019-11-21 16:49:49.937002,2.0,0.8202370432701137,down,caltech
2_39_129_17_2020-01-14 17:13:40.832865,0.6537566358952901,0.8127166317951,up,caltech
2_39_129_17_2020-01-17 16:13:50.917644,1.009613687804504,2.0,down,caltech
2_39_129_17_2020-01-21 17:14:59.518234,0.0,0.0,up,caltech
2_39_129_17_2020-03-11 15:45:16.937391,0.8275409329626197,0.0,up,caltech
2_39_129_563_2019-01-14 18:21:28.936072,0.6733680014031561,0.0,down,caltech
2_39_130_31_2018-11-26 20:44:16.086360,0.10993503924232707,0.0,up,caltech
2_39_130_31_2018-12-15 19:01:40.122603,0.0,0.6198240217529982,down,caltech
2_39_130_31_2018-12-19 01:14:16.884212,0.1840818349275811,1.6607103018198432,up,caltech
2_39_130_31_2018-12-26 07:28:07.214012,0.8694701646090534,0.46278195488721796,up,caltech
2_39_130_31_2019-01-03 00:37:01.399881,0.2322237113775492,0.0,up,caltech
2_39_130_31_2019-01-09 16:36:07.859981,0.963986423776006,0.0,down,caltech
2_39_130_31_2019-01-12 18:47:41.109324,0.764410633864668,0.0,down,caltech
2_39_130_31_2019-01-14 02:41:30.009582,0.05954246317768767,0.8211886120249412,down,caltech
2_39_130_31_2019-01-22 16:53:14.971009,0.0,0.0014020755960223816,up,caltech
2_39_130_31_2019-01-23 22:39:29.618721,1.138300860955618,2.0,up,caltech
2_39_130_31_2019-02-06 23:32:48.445627,0.0,0.0,up,caltech
2_39_130_31_2019-02-16 19:39:22.926136,0.005625800256082423,0.0,up,caltech
2_39_130_31_2019-02-20 18:41:00.913587,0.11055906389301608,0.0,down,caltech
2_39_130_31_2019-03-07 02:37:37.855296,0.002066153960102879,0.0,down,caltech
2_39_130_31_2019-03-13 16:01:11.807890,0.4362219639244048,0.46456302250006193,up,caltech
2_39_130_31_2019-03-28 23:36:33.259325,0.0,0.0,up,caltech
2_39_130_31_2019-07-23 15:40:25.222686,0.0,0.0003098304784667476,up,caltech
2_39_130_31_2019-07-25 23:30:26.830208,0.4689630197682345,0.00435300586510277,up,caltech
2_39_130_31_2019-08-07 02:49:01.920195,0.252896451846488,0.0,up,caltech
2_39_130_31_2019-08-16 15:40:05.867058,0.04144449830344146,0.7059535971761862,down,caltech
2_39_130_31_2019-08-21 00:30:42.472750,0.0,0.020010150524856447,up,caltech
2_39_130_31_2019-09-25 04:43:23.621108,0.0,0.0,up,caltech
2_39_130_31_2019-10-21 15:42:39.860238,0.0,0.0,up,caltech
2_39_130_31_2019-11-04 17:02:53.190195,0.0,0.0,up,caltech
2_39_130_31_2020-01-14 18:44:30.931641,0.11377147710197948,0.0,up,caltech
2_39_130_31_2020-01-15 18:29:33.303798,1.415683929354543,1.1855789136944783,down,caltech
2_39_130_31_2020-03-11 15:29:18.995862,0.0,0.0,down,caltech
2_39_130_564_2018-11-16 17:03:56.900157,0.0005259044008917893,2.0,down,caltech
2_39_130_564_2018-11-20 20:07:15.274411,1.066442498696053,1.4273623063172995,up,caltech
2_39_130_564_2018-11-27 18:33:47.884735,0.3623586341887775,0.1534018886086999,up,caltech
2_39_130_564_2018-11-29 20:07:11.126092,0.0,0.014600062571696631,up,caltech
2_39_130_564_2019-01-02 17:00:19.033308,0.0,0.0,up,caltech
2_39_130_564_2019-02-15 18:38:01.325891,0.0,0.0,up,caltech
2_39_130_564_2019-04-11 17:33:37.764016,0.0,0.0,up,caltech
2_39_131_30_2018-11-14 01:24:18.779180,0.7693363454358529,2.0,up,caltech
2_39_131_30_2018-11-15 16:00:32.062693,0.0,0.0,up,caltech
2_39_131_30_2018-11-25 01:17:57.394980,0.0,0.00476539659901464,down,caltech
2_39_131_30_2018-11-26 08:03:43.266573,0.0,0.0,up,caltech
2_39_131_30_2018-12-04 01:33:59.254660,0.35238583870829343,0.002911051212938223,up,caltech
2_39_131_30_2018-12-15 17:52:40.161972,0.004223992276128748,0.406026768560606,down,caltech
2_39_131_30_2018-12-16 18:56:10.944349,0.4263008812421315,0.3889607446528448,up,caltech
2_39_131_30_2018-12-17 06:22:35.145620,0.14772313296903425,0.6011752503986721,down,caltech
2_39_131_30_2018-12-17 16:44:14.616459,0.0,0.0,up,caltech
2_39_131_30_2018-12-20 06:09:34.974194,1.8490535427278734,0.5700351493848856,down,caltech
2_39_131_30_2018-12-24 02:11:22.086640,1.1093058112522531,0.29449077027329323,up,caltech
2_39_131_30_2018-12-24 15:28:42.390593,0.0,0.03665266925242467,down,caltech
2_39_131_30_2019-01-02 16:37:52.964126,1.0398886827458254,0.8861660810061041,down,caltech
2_39_131_30_2019-01-03 02:49:06.860687,0.6661734412626568,1.8823539547763577,up,caltech
2_39_131_30_2019-01-04 17:06:48.135023,0.13255069370330916,0.0,down,caltech
2_39_131_30_2019-01-05 19:37:49.307057,0.0049146569293476855,0.05981286730590781,up,caltech
2_39_131_30_2019-01-06 23:18:28.240043,2.0,0.0,down,caltech
2_39_131_30_2019-01-07 21:52:04.229188,0.3595668708450662,0.14066596943966778,down,caltech
2_39_131_30_2019-01-08 16:14:34.602997,0.4083257426093952,0.005623030497249454,up,caltech
2_39_131_30_2019-01-09 04:16:15.132333,0.0,2.0,down,caltech
2_39_131_30_2019-01-09 16:33:09.851381,0.35205560452373913,0.6439745785103859,up,caltech
2_39_131_30_2019-01-10 01:48:25.196478,0.0,0.2935908910224675,down,caltech
2_39_131_30_2019-01-10 15:11:04.194346,0.0,0.0,down,caltech
2_39_131_30_2019-01-12 15:57:53.921811,0.0,0.19592139125009742,up,caltech
2_39_131_30_2019-01-13 23:27:23.503649,0.41741308249028786,0.9963699489810972,down,caltech
2_39_131_30_2019-01-14 16:37:53.827429,0.29475604187249,0.09503590577395822,up,caltech
2_39_131_30_2019-01-15 16:51:52.790739,0.16260430877531698,1.640689135175438,down,caltech
2_39_131_30_2019-01-16 16:39:35.821270,0.5793599719183291,0.18083009168340008,up,caltech
2_39_131_30_2019-01-17 16:51:22.118394,0.7205580313892658,0.14770275549145093,up,caltech
2_39_131_30_2019-01-21 00:51:47.141545,0.94816972628339,0.18936982880327893,up,caltech
2_39_131_30_2019-01-23 16:37:02.078393,0.0,0.0,up,caltech
2_39_131_30_2019-01-28 16:39:02.434172,0.5988167894471175,0.0,up,caltech
2_39_131_30_2019-02-07 16:46:12.998757,0.40466407551360367,0.0,up,caltech
2_39_131_30_2019-02-11 16:41:50.769455,0.005591956619972899,0.0,up,caltech
2_39_131_30_2019-02-15 15:45:14.296552,0.0,0.0,up,caltech
2_39_131_30_2019-02-17 00:48:28.012293,0.002265071042408106,0.2906665482882908,up,caltech
2_39_131_30_2019-02-28 04:00:49.048289,1.4197114618129811,0.17009657698168298,down,caltech
2_39_131_30_2019-02-28 16:25:00.861947,0.0,0.0,up,caltech
2_39_131_30_2019-03-11 15:32:27.788628,0.0,0.0,up,caltech
2_39_131_30_2019-03-15 20:14:44.826248,0.0018574413745067984,0.8741077873125349,up,caltech
2_39_131_30_2019-03-30 20:16:33.162954,0.45964116560969726,0.0,up,caltech
2_39_131_30_2019-04-14 16:28:19.882456,0.0042599314377899785,0.0,down,caltech
2_39_131_30_2019-04-17 04:06:53.543187,0.0,0.0014646254413144253,down,caltech
2_39_131_30_2019-04-25 15:30:18.507850,0.0,0.0,up,caltech
2_39_131_30_2019-04-26 00:31:53.223923,0.0038680185196033937,0.0,up,caltech
2_39_131_30_2019-05-05 01:40:56.513642,1.0798353245075878,1.1379736017472224,up,caltech
2_39_131_30_2019-05-17 16:01:09.854223,1.5340636973180073,0.0,up,caltech
2_39_131_30_2019-06-25 04:41:43.135552,0.07387624861265278,0.0,up,caltech
2_39_131_30_2019-07-07 22:40:40.972616,0.26149648778440304,0.0,up,caltech
2_39_131_30_2019-07-16 01:09:29.638967,0.5203531876683628,1.0010945357919891,down,caltech
2_39_131_30_2019-08-02 15:42:19.285976,0.0,0.0,up,caltech
2_39_131_30_2019-08-06 04:45:51.811627,0.9420787156988685,0.0,up,caltech
2_39_131_30_2019-08-12 15:36:46.875002,0.0,0.0,up,caltech
2_39_131_30_2019-08-14 15:36:08.068301,0.0,0.0,up,caltech
2_39_131_30_2019-09-25 15:57:09.325996,0.028606158833063312,0.0,down,caltech
2_39_131_30_2019-10-09 00:44:02.068484,0.002402291416428021,0.9033158012355772,up,caltech
2_39_131_30_2019-10-21 15:31:33.664525,0.6553027761000382,0.8680436219431593,down,caltech
2_39_131_30_2019-10-24 15:40:38.653774,0.6383171912832926,0.0,down,caltech
2_39_131_30_2019-11-12 16:33:18.763603,0.0,0.0,up,caltech
2_39_131_30_2020-01-09 17:08:02.638904,0.0,0.0,up,caltech
2_39_131_30_2020-01-21 16:53:22.868241,0.0,0.19739672477392584,up,caltech
2_39_131_30_2020-01-24 03:14:57.712125,0.0,0.0,up,caltech
2_39_131_30_2020-03-07 01:45:11.184994,0.0,0.0,down,caltech
2_39_131_30_2020-03-15 18:12:10.513452,0.035028869947759556,1.1529062335513949,up,caltech
2_39_131_565_2018-11-05 18:12:24.635365,2.0,0.003225908975336855,down,caltech
2_39_131_565_2018-11-26 18:55:16.344496,0.6247070594295172,0.5937052640660939,down,caltech
2_39_131_565_2018-11-27 19:37:53.891885,0.5385296571477372,0.020629324977151395,up,caltech
2_39_131_565_2018-12-31 06:05:45.682974,0.6793511856192668,0.07677696228236494,down,caltech
2_39_138_29_2018-11-26 16:28:17.542204,0.0,0.0,up,caltech
2_39_138_29_2018-11-30 16:29:17.263359,0.0154009676812187,0.00410426940535972,down,caltech
2_39_138_29_2018-12-02 07:11:40.941073,0.0,0.0029039406085926856,up,caltech
2_39_138_29_2018-12-06 16:34:49.580578,0.0,0.0,up,caltech
2_39_138_29_2018-12-12 16:56:15.097363,0.0,0.1554501510566672,down,caltech
2_39_138_29_2018-12-13 14:14:37.343060,0.27167064398166435,0.31213187796913633,up,caltech
2_39_138_29_2018-12-15 22:22:57.474988,0.0,0.0018440709617177865,down,caltech
2_39_138_29_2018-12-18 17:01:59.633022,0.17111936553318327,0.21545471518367804,up,caltech
2_39_138_29_2018-12-19 03:42:44.869312,1.0125470322910546,0.12333416365674431,down,caltech
2_39_138_29_2018-12-20 16:36:11.012276,0.0,0.42575324298561906,up,caltech
2_39_138_29_2018-12-21 16:30:15.621319,0.004686405660363531,0.002694072099398102,down,caltech
2_39_138_29_2018-12-28 23:26:45.782650,0.8722151410313108,0.33920159316467696,down,caltech
2_39_138_29_2019-01-01 03:45:49.452098,0.0,0.26298534455846684,down,caltech
2_39_138_29_2019-01-03 16:20:04.905452,1.17100333589941,1.0225530894315051,down,caltech
2_39_138_29_2019-01-04 16:14:47.577728,2.0,0.02029622602198907,down,caltech
2_39_138_29_2019-01-05 20:43:25.597843,1.0739778311523382,0.014021164021164361,down,caltech
2_39_138_29_2019-01-07 16:30:47.221398,0.8407106076779699,0.007844756399669382,down,caltech
2_39_138_29_2019-01-11 04:20:41.578653,1.2945080091533179,0.9930680667093059,down,caltech
2_39_138_29_2019-01-12 18:16:54.365427,2.0,0.5,down,caltech
2_39_138_29_2019-01-19 18:53:18.336733,0.2494326949260227,0.6638779421807486,down,caltech
2_39_138_29_2019-01-23 20:53:07.034538,0.0,0.0,up,caltech
2_39_138_29_2019-01-27 18:08:28.319864,1.547597570509351,0.0035246929445167793,up,caltech
2_39_138_29_2019-02-20 16:27:37.300599,0.0,0.0,up,caltech
2_39_138_29_2019-02-21 16:26:54.359382,0.0,0.0,up,caltech
2_39_138_29_2019-02-26 16:31:22.190377,0.0,0.0,up,caltech
2_39_138_29_2019-03-05 16:42:09.961089,0.01390038192234257,0.0,down,caltech
2_39_138_29_2019-04-15 15:37:30.032139,0.0948743747302133,0.6144203581526858,down,caltech
2_39_138_29_2019-05-31 15:27:37.231926,0.0,0.0,up,caltech
2_39_138_29_2019-07-25 02:59:53.744781,0.9857796892341845,0.8136567772417743,up,caltech
2_39_138_29_2019-08-05 15:48:26.677064,1.2869486876614147,0.7380471139571075,down,caltech
2_39_138_29_2019-08-12 15:37:16.573216,0.0,0.0,up,caltech
2_39_138_29_2019-08-16 15:02:34.199764,0.0,0.0,up,caltech
2_39_138_29_2019-08-23 15:27:35.451335,0.014184650564527583,0.0,up,caltech
2_39_138_29_2019-08-26 15:29:11.649424,0.0,0.0,up,caltech
2_39_138_29_2020-01-07 21:18:55.159507,0.6987374577304729,0.0,up,caltech
2_39_138_29_2020-01-13 15:49:48.727469,0.7954830708543765,1.2887515451174287,up,caltech
2_39_138_29_2020-01-17 16:35:24.696274,0.0,0.0,up,caltech
2_39_138_29_2020-03-12 23:50:19.842441,0.0,0.0,down,caltech
2_39_138_566_2018-11-26 17:33:17.673221,0.036015501732355196,0.0,up,caltech
2_39_138_566_2018-12-14 16:29:19.155009,2.0,0.5731630104345442,down,caltech
2_39_138_566_2018-12-30 01:53:42.145484,0.0,0.5466643624885905,down,caltech
2_39_138_566_2019-01-11 04:12:39.523783,2.0,0.4628531786074671,down,caltech
2_39_138_566_2019-01-13 18:57:56.615369,0.021762834781823098,1.1457397256503523,down,caltech
2_39_139_28_2018-11-05 16:18:25.348666,1.1697412808069718,1.142128787997445,down,caltech
2_39_139_28_2018-11-14 01:21:53.757500,1.0416752354707357,1.2558607216097941,up,caltech
2_39_139_28_2018-11-16 14:32:50.514261,0.0,0.8409314598035726,up,caltech
2_39_139_28_2018-11-20 15:42:44.939969,1.3676155891317034,0.6694523351165748,down,caltech
2_39_139_28_2018-11-24 16:22:49.666506,0.4908973360229732,0.8466472645916004,up,caltech
2_39_139_28_2018-11-25 03:36:48.994866,0.0,0.0,down,caltech
2_39_139_28_2018-11-26 16:20:12.128936,0.4102454381514196,0.37454521648618966,down,caltech
2_39_139_28_2018-11-27 16:28:30.675824,0.0,0.10971999999999994,up,caltech
2_39_139_28_2018-12-04 16:47:21.015606,0.0,0.09959335741384402,down,caltech
2_39_139_28_2018-12-08 20:34:13.320531,0.0,0.0,up,caltech
2_39_139_28_2018-12-10 00:58:53.411648,2.0,0.0,up,caltech
2_39_139_28_2018-12-14 03:07:50.149958,0.0,0.039921510510252126,down,caltech
2_39_139_28_2018-12-15 18:16:35.783118,1.9925782579108546,0.011624584078408292,down,caltech
2_39_139_28_2018-12-15 21:58:55.816445,0.30639222834657054,0.12230263830885146,up,caltech
2_39_139_28_2018-12-16 07:33:17.148633,0.00335983683859474,0.4821310721158738,down,caltech
2_39_139_28_2018-12-16 23:31:36.026608,0.31558910565204285,0.6723382532595444,up,caltech
2_39_139_28_2018-12-17 05:27:25.741507,0.18211811283404858,0.5201316887530203,down,caltech
2_39_139_28_2018-12-18 03:55:03.642049,0.4754812420963885,0.3819459667047752,down,caltech
2_39_139_28_2018-12-19 04:21:10.880739,0.2927073265849399,0.2383779746122325,up,caltech
2_39_139_28_2018-12-19 16:23:59.737413,0.010334279494033382,0.06918720898384002,down,caltech
2_39_139_28_2018-12-20 04:36:18.436507,0.6646495802726061,0.2574117463891469,down,caltech
2_39_139_28_2018-12-22 05:04:23.851811,0.0,0.25235619703122913,up,caltech
2_39_139_28_2018-12-23 03:45:58.919194,0.9007731958762886,0.21308191577024946,up,caltech
2_39_139_28_2018-12-25 08:12:12.226580,0.0,0.1310095470255991,down,caltech
2_39_139_28_2018-12-28 01:03:07.105110,0.0,0.2587365242060922,down,caltech
2_39_139_28_2018-12-28 17:21:02.729222,0.15322098005888934,0.003013787627228724,down,caltech
2_39_139_28_2018-12-28 21:00:35.585504,0.6703335879806469,0.20728626267354028,down,caltech
2_39_139_28_2018-12-30 22:45:23.550322,0.24824884729948457,0.22265309703456743,up,caltech
2_39_139_28_2018-12-31 21:12:43.356566,0.04257497687937634,0.06485366590729488,down,caltech
2_39_139_28_2019-01-02 16:38:59.827073,0.3858940605870674,0.0,up,caltech
2_39_139_28_2019-01-05 18:54:42.549920,0.0,0.02834747999837552,down,caltech
2_39_139_28_2019-01-06 17:56:46.089550,0.0,0.5568778394259578,down,caltech
2_39_139_28_2019-01-07 00:40:13.710715,0.0,0.41582057002999034,down,caltech
2_39_139_28_2019-01-11 16:26:55.453734,1.6888322419439858,0.018736975057334206,up,caltech
2_39_139_28_2019-01-16 16:38:48.965619,0.0,0.0,up,caltech
2_39_139_28_2019-01-16 20:51:52.033324,0.0,0.0,up,caltech
2_39_139_28_2019-01-17 01:32:54.152062,2.0,0.02264725134894905,down,caltech
2_39_139_28_2019-01-20 21:38:31.033384,0.6870834655664868,1.0483318478231236,up,caltech
2_39_139_28_2019-01-23 15:58:08.439050,0.0,0.0,up,caltech
2_39_139_28_2019-01-24 20:49:32.606958,0.0,0.0,up,caltech
2_39_139_28_2019-02-06 16:31:28.530948,0.0,0.0,up,caltech
2_39_139_28_2019-02-07 16:50:22.600519,0.0,0.0,up,caltech
2_39_139_28_2019-02-13 15:23:23.626186,0.9392540757835179,1.1103412706256983,up,caltech
2_39_139_28_2019-02-14 16:28:20.381512,2.0,0.0,up,caltech
2_39_139_28_2019-03-11 02:31:52.545435,0.0,1.0394375265709601,down,caltech
2_39_139_28_2019-03-12 01:35:38.645672,0.005293915434857211,0.00022185943321194207,up,caltech
2_39_139_28_2019-03-12 16:00:17.588460,0.0,1.6428223712678496,up,caltech
2_39_139_28_2019-03-14 15:27:29.815497,1.6564168645137374,0.0,up,caltech
2_39_139_28_2019-03-27 15:24:48.052153,0.0,0.0,up,caltech
2_39_139_28_2019-04-10 15:42:35.374314,0.4499046559669473,0.7945175244989845,up,caltech
2_39_139_28_2019-04-11 15:27:12.860122,0.0,0.0,up,caltech
2_39_139_28_2019-04-14 03:18:01.714617,0.0,0.0039565204069129155,down,caltech
2_39_139_28_2019-04-16 15:23:45.030233,0.0,0.01634333234058968,down,caltech
2_39_139_28_2019-04-22 15:30:00.401983,0.007869748635156307,0.8080406887664988,down,caltech
2_39_139_28_2019-04-30 15:33:55.922148,0.0,2.0,down,caltech
2_39_139_28_2019-05-07 15:28:25.040499,1.4721955968474203,0.0,up,caltech
2_39_139_28_2019-05-12 19:36:37.953550,0.0,0.01327941341094829,up,caltech
2_39_139_28_2019-05-30 15:43:49.564635,0.0,2.0,up,caltech
2_39_139_28_2019-06-03 15:31:34.648702,0.0,0.0,up,caltech
2_39_139_28_2019-06-14 00:49:57.727325,0.6851544569195459,0.007104995490778709,up,caltech
2_39_139_28_2019-07-08 15:53:54.593049,0.8691665978359624,0.1278183202421405,up,caltech
2_39_139_28_2019-07-14 04:16:26.048513,0.0,0.0,up,caltech
2_39_139_28_2019-07-17 00:28:14.901312,0.0,0.0,down,caltech
2_39_139_28_2019-07-20 02:24:56.592913,1.577566380932469,0.9708002353633419,up,caltech
2_39_139_28_2019-08-14 13:38:36.388468,0.42914670270417843,1.6223798890729666,up,caltech
2_39_139_28_2019-08-14 15:35:41.926492,0.0014996541817409628,0.0,up,caltech
2_39_139_28_2019-09-14 09:22:40.632832,0.09258474576271156,0.00678867506472813,down,caltech
2_39_139_28_2019-10-02 02:06:31.852026,0.0,0.0,down,caltech
2_39_139_28_2019-10-13 23:05:18.725860,2.0,0.7825308855662786,down,caltech
2_39_139_28_2019-10-23 15:46:56.795425,0.24924797591064818,0.0,up,caltech
2_39_139_28_2019-10-26 04:44:37.675866,0.002900418949403789,1.0222979797979797,up,caltech
2_39_139_28_2019-11-21 02:33:11.931709,0.0,0.0,up,caltech
2_39_139_28_2020-01-01 02:12:11.015844,0.0038891380392857026,0.7654120073474909,up,caltech
2_39_139_28_2020-01-15 16:15:38.720531,0.0,0.6537817311126606,up,caltech
2_39_139_28_2020-01-16 16:21:27.930521,0.049739130434782605,0.0,up,caltech
2_39_139_28_2020-01-17 06:20:54.028270,0.0,0.0,up,caltech
2_39_139_28_2020-01-26 17:37:04.262165,0.0017525411847182312,0.0,up,caltech
2_39_139_28_2020-01-27 15:56:06.764738,0.6211837848766681,0.8541332620701941,down,caltech
2_39_139_28_2020-03-15 22:16:28.974490,0.0,1.0118079979933465,up,caltech
2_39_139_28_2020-03-16 07:51:17.415039,0.0,1.4508345428156748,down,caltech
2_39_139_567_2018-11-14 19:27:03.196551,0.0,0.28270532089180145,down,caltech
2_39_139_567_2018-11-27 18:11:29.199884,0.4293650793650795,0.43327832970834107,up,caltech
2_39_139_567_2019-01-02 16:36:32.018641,0.8292766118029552,0.5926419338394513,down,caltech
2_39_79_376_2018-11-05 16:26:30.624681,0.57390302359882,0.0,up,caltech
2_39_79_376_2018-11-08 15:50:17.561029,2.0,1.2046116292103501,down,caltech
2_39_79_376_2018-11-12 16:51:51.438812,1.3647496313393597,0.560975210602449,up,caltech
2_39_79_376_2018-11-14 16:06:19.368624,2.0,0.0,down,caltech
2_39_79_376_2018-11-14 19:02:24.346703,0.0,0.0068847249892821025,up,caltech
2_39_79_376_2018-11-20 16:31:52.067271,0.9495783708597755,0.31918780679020964,up,caltech
2_39_79_376_2018-11-21 15:23:29.126785,1.3152919849799303,1.0496676982159991,up,caltech
2_39_79_376_2018-11-21 22:54:21.793726,0.08692443589686244,1.0,up,caltech
2_39_79_376_2018-11-26 16:28:38.663277,0.0,0.0,up,caltech
2_39_79_376_2018-11-27 16:31:19.670464,0.798410281434274,0.0,up,caltech
2_39_79_376_2018-11-28 15:14:44.319253,0.0026849354277698125,0.6839934951794641,up,caltech
2_39_79_376_2018-11-29 17:01:34.849747,0.0,1.0563338608815065,up,caltech
2_39_79_376_2018-11-30 18:16:01.735988,1.1274671052631573,0.31189113492450077,up,caltech
2_39_79_376_2018-12-04 17:30:29.224869,0.649005954183066,0.35106913078490926,up,caltech
2_39_79_376_2018-12-04 22:00:05.468564,0.1418831956720883,0.24129859042443338,down,caltech
2_39_79_376_2018-12-06 20:15:27.003918,0.0,2.0,down,caltech
2_39_79_376_2018-12-07 04:24:21.177755,0.0010869043043813577,0.0,up,caltech
2_39_79_376_2018-12-13 16:44:58.598480,1.2223725271264563,0.402324390972501,up,caltech
2_39_79_376_2018-12-14 17:58:25.600398,0.10416565460286588,0.6090805315607111,down,caltech
2_39_79_376_2018-12-17 17:34:51.192029,0.6127156998953653,0.32552348260726827,up,caltech
2_39_79_376_2018-12-19 16:36:28.227835,1.0718080515544985,0.64273900805652,down,caltech
2_39_79_376_2018-12-20 19:43:54.030834,0.0,0.30367289840751394,up,caltech
2_39_79_376_2018-12-21 17:44:41.110523,1.7243661693979024,0.0,up,caltech
2_39_79_376_2019-01-02 16:34:33.982225,0.40412392008639303,0.1648204205665548,down,caltech
2_39_79_376_2019-01-08 18:41:34.263452,1.4883797743450309,0.10100807004863314,down,caltech
2_39_79_376_2019-01-09 17:06:39.094927,0.0,0.2943551317099852,down,caltech
2_39_79_376_2019-01-11 19:51:52.142936,0.0,0.18446915447396658,up,caltech
2_39_79_376_2019-01-14 20:07:47.503554,2.0,1.033949633853633,up,caltech
2_39_79_376_2019-01-18 19:47:50.185331,1.0645012551872535,0.4731212876473085,up,caltech
2_39_79_376_2019-01-22 16:48:56.689091,0.49750426290497596,0.5597579350645187,up,caltech
2_39_79_376_2019-01-23 18:09:38.935716,0.0,0.16270591056832148,up,caltech
2_39_79_376_2019-01-30 16:31:45.727626,0.5668097535323973,0.6475075897459712,up,caltech
2_39_79_376_2019-02-01 17:25:12.125831,0.713339106966627,0.0,up,caltech
2_39_79_376_2019-02-04 21:15:57.020396,0.1702127659574468,0.32028816857343073,down,caltech
2_39_79_376_2019-02-06 18:02:38.019185,1.0137562784461402,0.8488246489378118,up,caltech
2_39_79_376_2019-02-07 23:22:00.416150,0.8048393494644981,0.01601085481682501,up,caltech
2_39_79_376_2019-02-08 16:57:56.569448,0.7391440994627954,0.43038070109310234,up,caltech
2_39_79_376_2019-02-15 19:40:40.985490,0.0,0.5220802828171643,up,caltech
2_39_79_376_2019-02-20 22:19:33.023130,0.7373750039580761,0.6621590603743241,up,caltech
2_39_79_376_2019-02-21 18:59:09.878482,0.5162329405781131,0.05521324046373417,up,caltech
2_39_79_376_2019-02-25 18:22:44.032462,0.012265041004426316,1.8310980413177844,down,caltech
2_39_79_376_2019-02-28 18:15:02.942451,1.3013113612626206,0.8212650695490953,up,caltech
2_39_79_376_2019-03-04 16:36:44.985820,0.0,0.49874323771539025,up,caltech
2_39_79_376_2019-03-07 17:27:40.398514,1.0294770425856568,0.4589494902017499,up,caltech
2_39_79_376_2019-03-08 17:25:53.339471,0.9732971941976608,1.3192033254565532,up,caltech
2_39_79_376_2019-03-12 16:44:55.135082,0.7824765633048317,0.4377660609100582,up,caltech
2_39_79_376_2019-03-12 23:05:19.562371,0.0,0.6855216484795971,up,caltech
2_39_79_376_2019-03-13 16:51:56.088533,0.0,1.1359728506787332,up,caltech
2_39_79_376_2019-03-20 15:52:13.047151,2.0,0.0610174328334205,down,caltech
2_39_79_376_2019-03-20 22:51:47.841308,0.000601797871140023,0.33546441630689433,up,caltech
2_39_79_376_2019-03-21 15:41:02.146802,0.27855935273517696,0.4324294481087967,down,caltech
2_39_79_376_2019-03-22 16:19:18.780674,0.0,0.19713166931882567,up,caltech
2_39_79_376_2019-03-24 01:16:21.451985,0.0,0.7462309972875798,up,caltech
2_39_79_376_2019-03-25 17:44:35.983902,0.0,0.0014259427661233938,up,caltech
2_39_79_376_2019-03-26 15:56:56.242458,0.9220846423951207,1.9662786249111863,up,caltech
2_39_79_376_2019-03-28 17:58:25.125372,0.0056753688989784135,0.3308032640694845,up,caltech
2_39_79_376_2019-03-29 19:26:09.029606,1.063816650613717,0.506003349813826,down,caltech
2_39_79_376_2019-04-01 16:05:40.236156,2.0,0.5059918327425946,down,caltech
2_39_79_376_2019-04-02 15:59:56.619504,0.09956385443641827,1.1186450810260102,up,caltech
2_39_79_376_2019-04-04 17:21:13.786107,0.4711192179972872,0.974038192348199,up,caltech
2_39_79_376_2019-04-09 16:10:26.140150,0.9104579121743945,1.541996722120868,up,caltech
2_39_79_376_2019-04-11 16:29:04.010946,0.5730846620318333,0.4323666628690378,up,caltech
2_39_79_376_2019-04-13 22:06:26.071503,0.03269675543514167,0.02346219674956979,down,caltech
2_39_79_376_2019-04-15 17:08:25.934758,0.0006706442810231597,0.21229030970759846,up,caltech
2_39_79_376_2019-04-17 19:17:32.162686,0.0,0.4699225022183347,down,caltech
2_39_79_376_2019-04-19 18:22:27.406522,0.0,1.6865463464636108,up,caltech
2_39_79_376_2019-04-22 16:19:37.729130,0.5437003405221339,2.0,up,caltech
2_39_79_376_2019-04-26 23:44:57.025005,0.022838970800809214,1.0743407477166793,up,caltech
2_39_79_376_2019-04-30 16:47:58.844641,2.0,0.7209851218483849,down,caltech
2_39_79_376_2019-05-01 15:29:01.581646,2.0,0.0,down,caltech
2_39_79_376_2019-05-07 18:28:19.622296,0.15322437901941136,0.8223048782247446,up,caltech
2_39_79_376_2019-05-09 14:13:44.392771,0.0,0.5899936741618266,down,caltech
2_39_79_376_2019-05-13 17:02:29.766980,0.8097743237184277,0.007896433175762987,up,caltech
2_39_79_376_2019-05-16 17:01:20.715858,0.3843312530170333,0.22049488537325312,up,caltech
2_39_79_376_2019-05-16 19:15:47.227267,0.0,0.2787705069164649,up,caltech
2_39_79_376_2019-05-17 16:29:12.965020,1.243138222414112,0.9424751133379925,down,caltech
2_39_79_376_2019-05-23 16:13:19.314484,1.3200386652097165,0.22793943846779552,up,caltech
2_39_79_376_2019-05-24 16:51:28.814761,0.779986934416451,0.9915758963794157,up,caltech
2_39_79_376_2019-05-27 16:43:13.582607,0.7020930705141231,0.739251342402149,up,caltech
2_39_79_376_2019-05-28 16:05:42.681910,0.0,0.0013524093617123037,up,caltech
2_39_79_376_2019-05-31 18:13:21.455008,0.011267343328056461,0.6402523931650937,up,caltech
2_39_79_376_2019-06-03 15:55:43.960303,2.0,0.44611932517688135,up,caltech
2_39_79_376_2019-06-05 16:19:21.368715,1.5208929894892873,0.3222380512507731,down,caltech
2_39_79_376_2019-06-06 15:48:09.117623,0.005276732649539844,0.6666666666666666,up,caltech
2_39_79_376_2019-06-07 20:04:44.647264,0.2746371844031952,0.0,up,caltech
2_39_79_376_2019-06-10 17:10:40.097542,0.7426360468107452,1.666321782401851,up,caltech
2_39_79_376_2019-06-12 15:45:43.997677,1.6761806981519505,0.46346249226704694,up,caltech
2_39_79_376_2019-06-17 17:09:29.505156,2.0,2.0,down,caltech
2_39_79_376_2019-06-18 17:06:15.985279,1.6406225576669722,0.9347056646619122,up,caltech
2_39_79_376_2019-06-20 18:14:25.086509,1.1529125366466562,0.6522597128006341,up,caltech
2_39_79_376_2019-06-26 15:34:10.364077,0.12324085243264997,1.0867333532347019,up,caltech
2_39_79_376_2019-07-11 19:11:06.361526,1.6903274708132054,0.3534420868217968,down,caltech
2_39_79_376_2019-07-12 20:41:24.351059,0.6063937572032829,0.1437778451920083,up,caltech
2_39_79_376_2019-07-15 17:00:38.238709,0.3556207306207305,0.6929222671303689,up,caltech
2_39_79_376_2019-07-23 17:25:51.700675,0.6923032781005666,0.004638556078885269,up,caltech
2_39_79_376_2019-07-29 17:30:01.623356,1.436410848240046,0.5099841521394611,down,caltech
2_39_79_376_2019-07-31 17:20:48.867832,1.8479482639156206,1.113638256039242,up,caltech
2_39_79_376_2019-08-29 17:19:13.022296,0.08938814531548751,0.5818167196396986,up,caltech
2_39_79_376_2019-09-05 16:32:09.233696,0.32464038503136483,0.3319210820650029,up,caltech
2_39_79_376_2019-09-06 15:54:26.248211,1.1750576806314512,0.6556594359997293,down,caltech
2_39_79_376_2019-09-10 16:52:28.395137,1.5402863059923384,0.1939137256459652,down,caltech
2_39_79_376_2019-09-17 15:52:03.819248,0.5375213345812916,0.93319209039548,up,caltech
2_39_79_376_2019-09-23 19:07:36.043390,1.183758271250752,0.0,up,caltech
2_39_79_376_2019-09-25 16:03:49.229304,0.019975206418263027,0.0,down,caltech
2_39_79_376_2019-09-27 16:33:02.272360,0.019541955881142128,2.0,up,caltech
2_39_79_376_2019-10-03 15:59:13.330290,2.0,0.6736949690986495,down,caltech
2_39_79_376_2019-10-09 17:43:39.940194,2.0,0.7695716067024069,down,caltech
2_39_79_376_2019-10-11 16:07:49.113754,0.018086650082918928,0.5201684707081226,down,caltech
2_39_79_376_2019-10-12 14:45:19.112781,0.6607869091467158,1.2686259849995267,up,caltech
2_39_79_376_2019-10-22 18:04:49.434892,0.0,0.0,up,caltech
2_39_79_376_2019-10-24 16:22:12.909881,0.40742343552103516,0.7239868783673863,up,caltech
2_39_79_376_2019-10-25 16:52:44.792096,0.0,0.3990916848001086,up,caltech
2_39_79_376_2019-10-29 16:09:21.636307,0.564601205900358,0.018377343203328976,up,caltech
2_39_79_376_2019-10-31 16:15:44.469320,0.7570265337397232,0.2860576909089564,up,caltech
2_39_79_376_2019-11-04 17:00:47.453971,1.4616512240369204,0.8183724645792624,up,caltech
2_39_79_376_2019-11-08 17:43:18.739495,2.0,0.0,up,caltech
2_39_79_376_2019-11-11 17:47:52.741802,0.3065362257195521,0.0,up,caltech
2_39_79_376_2019-11-12 18:05:16.487709,0.5823783301086471,1.2113491603937465,up,caltech
2_39_79_376_2019-11-17 22:46:58.926374,1.1973337135524336,0.5975052031985979,down,caltech
2_39_79_376_2019-11-18 00:17:48.943757,0.0,0.6492179132901886,up,caltech
2_39_79_376_2019-11-18 17:30:04.770585,1.939592379174614,0.3199635903406877,down,caltech
2_39_79_376_2019-11-19 15:50:06.149540,0.010750737742642725,0.17137633992003312,down,caltech
2_39_79_376_2019-11-20 18:09:00.355307,2.0,1.4496837314080349,down,caltech
2_39_79_376_2019-11-21 18:04:27.990242,0.45469903943621165,1.0,down,caltech
2_39_79_376_2019-11-22 17:29:38.382226,0.9971555396821347,1.2123248934133823,up,caltech
2_39_79_376_2019-11-25 18:02:14.967381,1.0480261913434434,0.26823580994897966,down,caltech
2_39_79_376_2019-11-26 16:54:59.039163,0.8811091317481217,0.6666666666666666,up,caltech
2_39_79_376_2020-01-08 18:01:16.918074,0.8129144402240391,1.0383314475371501,up,caltech
2_39_79_376_2020-01-09 16:42:43.172172,0.5252047775412264,1.6302557978756835,down,caltech
2_39_79_376_2020-01-13 16:12:35.556842,1.7326677759290068,1.4888780708667873,up,caltech
2_39_79_376_2020-01-17 17:50:23.780926,1.3344712125081581,1.3286724130445118,down,caltech
2_39_79_376_2020-01-21 17:07:46.935795,2.0,1.1333845923975236,down,caltech
2_39_79_376_2020-01-28 17:05:47.743075,0.00709364592176596,0.1352470999084101,up,caltech
2_39_79_376_2020-01-29 16:59:52.033198,0.29287467539397394,0.5258447175709817,up,caltech
2_39_79_376_2020-03-05 16:15:36.067823,0.09361225774854849,0.043316081166407824,down,caltech
2_39_79_377_2018-11-05 15:11:02.408468,0.9985883559532486,0.2930599547239041,up,caltech
2_39_79_377_2018-11-09 14:58:15.549942,1.3389911806889045,1.047580939368637,down,caltech
2_39_79_377_2018-11-14 17:45:08.948493,0.3743336275375108,0.5229957933425206,up,caltech
2_39_79_377_2018-11-15 14:30:35.033947,0.0015193415910447134,0.9258159209758943,up,caltech
2_39_79_377_2018-11-16 16:34:05.861623,0.0,0.8581701019716373,down,caltech
2_39_79_377_2018-11-19 15:12:22.771391,1.2373486545265686,0.6809020638184449,down,caltech
2_39_79_377_2018-11-20 15:13:32.505860,1.0440888775786108,0.797928856036056,down,caltech
2_39_79_377_2018-11-21 15:13:42.311823,0.0,0.0,up,caltech
2_39_79_377_2018-11-26 15:07:12.396492,0.0,0.0,up,caltech
2_39_79_377_2018-11-27 14:10:06.354044,0.0,0.0,up,caltech
2_39_79_377_2018-11-29 16:33:49.603151,1.2922702195093323,0.38049564054205726,up,caltech
2_39_79_377_2018-11-30 14:45:53.262878,0.005748562859285378,0.0,down,caltech
2_39_79_377_2018-12-02 18:10:48.948623,0.5636053847020389,1.118503362674315,down,caltech
2_39_79_377_2018-12-04 02:00:46.446376,2.0,1.217143419606385,up,caltech
2_39_79_377_2018-12-05 19:25:24.704173,0.9760720944686141,1.6838392204156556,down,caltech
2_39_79_377_2018-12-06 16:09:04.804673,1.1506694250361063,0.3641821205968123,up,caltech
2_39_79_377_2018-12-06 23:02:28.578055,0.0,0.0,up,caltech
2_39_79_377_2018-12-07 16:14:10.472421,0.0,0.8005030248918169,up,caltech
2_39_79_377_2018-12-10 16:55:12.698849,0.74147204854726,1.151415528058934,up,caltech
2_39_79_377_2018-12-13 15:21:35.683966,2.0,0.6355085949850909,up,caltech
2_39_79_377_2018-12-14 15:17:09.935285,1.732513518227805,0.2965325143734602,down,caltech
2_39_79_377_2018-12-16 19:07:50.037903,0.03375057011098181,0.7081540711206185,up,caltech
2_39_79_377_2018-12-17 17:39:14.710943,0.11234680079273658,0.2562116549282823,up,caltech
2_39_79_377_2018-12-21 20:03:20.292547,0.7076906758510529,0.5199282818702106,up,caltech
2_39_79_377_2018-12-28 23:47:10.681028,1.182565475052571,2.0,down,caltech
2_39_79_377_2018-12-31 21:27:39.979867,0.25812844822968556,0.7088332380938939,up,caltech
2_39_79_377_2019-01-02 17:50:37.389194,0.362858025508628,1.4221132088178998,down,caltech
2_39_79_377_2019-01-04 17:35:43.612240,2.0,1.3423821440479782,up,caltech
2_39_79_377_2019-01-07 16:17:59.681519,0.005046081988406541,0.4378644648571244,up,caltech
2_39_79_377_2019-01-08 15:56:18.794401,0.3983096881181977,0.8835938028550165,up,caltech
2_39_79_377_2019-01-10 16:00:43.417901,0.15617479236443849,0.018376309776441658,down,caltech
2_39_79_377_2019-01-11 18:34:58.768521,0.5813914245307276,0.9882056371817743,down,caltech
2_39_79_377_2019-01-13 22:31:45.290191,0.0,1.0,down,caltech
2_39_79_377_2019-01-14 16:23:40.718424,0.3356320192014903,0.5824335857206219,down,caltech
2_39_79_377_2019-01-15 17:16:55.031474,0.0,1.1067098560114033,down,caltech
2_39_79_377_2019-01-16 18:14:28.117899,1.3077947419771643,0.7598557769846828,up,caltech
2_39_79_377_2019-01-17 16:42:31.044567,0.038770303068019436,0.5196164408311009,down,caltech
2_39_79_377_2019-01-18 16:52:24.368731,2.0,0.7362845683397415,down,caltech
2_39_79_377_2019-01-19 20:43:57.652897,0.5240457725060826,0.501517667796063,up,caltech
2_39_79_377_2019-01-22 01:33:16.876520,0.0,1.1894302675666486,up,caltech
2_39_79_377_2019-01-23 18:47:13.227071,0.0,0.11753261950734306,up,caltech
2_39_79_377_2019-01-24 15:51:42.044775,0.0,0.0,up,caltech
2_39_79_377_2019-01-25 18:08:59.952753,2.0,0.3119937034570444,down,caltech
2_39_79_377_2019-01-28 16:38:51.464157,0.0,0.3675329976867602,up,caltech
2_39_79_377_2019-02-04 17:07:05.048485,1.474361581808802,0.16144018757207537,up,caltech
2_39_79_377_2019-02-07 17:05:19.345031,0.0,0.3808849392843066,down,caltech
2_39_79_377_2019-02-12 16:39:38.609426,1.2401347590449687,0.6454687652751979,down,caltech
2_39_79_377_2019-02-13 20:40:58.818703,0.0,0.2947915810618325,up,caltech
2_39_79_377_2019-02-19 16:55:22.479708,0.01875856667319342,2.0,down,caltech
2_39_79_377_2019-02-21 17:03:54.949687,0.01157953127166839,1.044103976085245,up,caltech
2_39_79_377_2019-02-27 18:01:48.472161,1.117174051270917,0.372966438552637,down,caltech
2_39_79_377_2019-02-28 20:23:23.658056,1.0110867305693496,0.2775666121756725,up,caltech
2_39_79_377_2019-03-05 17:13:03.138988,0.5439879294336122,0.5882301735024835,down,caltech
2_39_79_377_2019-03-07 16:05:56.948538,0.23280644823615634,0.5887575653762704,down,caltech
2_39_79_377_2019-03-08 20:26:43.535695,1.2213375845038696,0.32638586474411674,up,caltech
2_39_79_377_2019-03-10 19:27:57.467135,2.0,0.006044301523799949,down,caltech
2_39_79_377_2019-03-11 16:16:01.653325,0.759025761973875,0.503517480269971,up,caltech
2_39_79_377_2019-03-12 15:52:37.064834,1.6007607706937899,0.6933276185195326,up,caltech
2_39_79_377_2019-03-14 14:57:07.984442,0.5903248422528622,0.3859832287587373,up,caltech
2_39_79_377_2019-03-19 04:57:46.128468,0.015489200585148152,0.017450064917575777,down,caltech
2_39_79_377_2019-03-22 15:57:13.196006,2.0,0.6219286404017624,down,caltech
2_39_79_377_2019-03-24 05:19:10.886133,0.0,0.12960084683098735,up,caltech
2_39_79_377_2019-03-27 15:49:16.548002,2.0,0.8227950042538351,down,caltech
2_39_79_377_2019-03-28 17:45:53.777875,0.0,0.46795244927060115,down,caltech
2_39_79_377_2019-04-03 15:31:45.475172,0.024242803896388884,1.4195097673261168,down,caltech
2_39_79_377_2019-04-04 00:40:01.936711,2.0,0.47697864560481423,down,caltech
2_39_79_377_2019-04-05 15:27:30.111443,1.4987363100252735,0.38634185751157496,up,caltech
2_39_79_377_2019-04-11 15:25:03.124055,1.6997558991049653,0.40151073211438804,down,caltech
2_39_79_377_2019-04-15 15:48:07.821058,2.0,0.6167241716830318,down,caltech
2_39_79_377_2019-04-17 15:30:56.490617,0.30406318767683116,1.35970498267201,down,caltech
2_39_79_377_2019-04-22 15:25:49.020778,2.0,0.28226739216123936,down,caltech
2_39_79_377_2019-04-26 18:21:04.381013,0.6898597441788686,0.9250665929039755,up,caltech
2_39_79_377_2019-04-27 18:30:06.706511,0.003547297297297308,0.4955488115477016,up,caltech
2_39_79_377_2019-05-01 15:55:40.240381,1.2304361274358186,1.0910128461114985,down,caltech
2_39_79_377_2019-05-03 15:57:27.484843,1.6146199331562263,0.6997532139577592,down,caltech
2_39_79_377_2019-05-05 09:22:37.577213,0.0,0.3595894564015509,up,caltech
2_39_79_377_2019-05-09 15:18:05.772756,2.0,0.7068470425951054,down,caltech
2_39_79_377_2019-05-13 15:40:31.044649,1.577348716741229,0.6930344463641311,down,caltech
2_39_79_377_2019-05-15 15:31:59.841151,1.840189996501375,0.11574318804363497,down,caltech
2_39_79_377_2019-05-17 15:51:23.031877,1.8787431815651803,0.3986748363418511,down,caltech
2_39_79_377_2019-05-20 15:38:14.433423,1.3825015635698283,0.860595266314599,down,caltech
2_39_79_377_2019-05-21 15:45:34.214323,0.07439943712935973,0.1810723639891496,down,caltech
2_39_79_377_2019-05-28 15:13:40.132407,1.3859903181761761,0.002922627774126701,down,caltech
2_39_79_377_2019-06-02 19:18:34.949908,0.7339855192615931,0.9320604712093907,up,caltech
2_39_79_377_2019-06-12 16:02:20.920178,0.6440504776988707,0.6207293750017052,up,caltech
2_39_79_377_2019-06-18 16:09:07.229078,0.4322523058613508,1.3915851525156457,up,caltech
2_39_79_377_2019-06-19 15:29:59.335108,0.2463918347819148,0.5965441579813492,up,caltech
2_39_79_377_2019-06-27 16:24:38.329409,1.7888453476715573,0.24056170795310278,up,caltech
2_39_79_377_2019-07-01 18:00:05.217619,2.0,0.3982380170225474,down,caltech
2_39_79_377_2019-07-10 19:08:25.389031,0.0,1.000529775107556,up,caltech
2_39_79_377_2019-07-12 17:30:11.044507,0.6080910240202276,0.5054168262784906,up,caltech
2_39_79_377_2019-07-17 15:35:07.342126,2.0,1.202925903305934,down,caltech
2_39_79_377_2019-07-22 17:15:48.810580,1.4245306022921238,1.0896595261336457,up,caltech
2_39_79_377_2019-07-23 16:28:39.343580,0.28769210090057784,0.7443914610390308,up,caltech
2_39_79_377_2019-07-29 21:08:19.677479,1.8916269210386853,0.8304534968963492,up,caltech
2_39_79_377_2019-08-05 16:58:40.203621,0.01851188954231655,0.4312848114545829,up,caltech
2_39_79_377_2019-08-07 15:38:08.117413,2.0,0.9708671301075559,down,caltech
2_39_79_377_2019-08-14 19:47:00.318588,0.0,0.12334717606104835,up,caltech
2_39_79_377_2019-08-15 17:50:24.326165,1.200933792369313,0.14768387033591224,down,caltech
2_39_79_377_2019-08-28 14:48:52.136342,2.0,0.5188582242832694,up,caltech
2_39_79_377_2019-08-29 17:06:46.561709,0.4913786142030798,0.0,up,caltech
2_39_79_377_2019-09-02 16:53:12.194724,0.8050301810865199,0.6272689493973841,down,caltech
2_39_79_377_2019-09-08 17:37:34.516556,1.2580073687750208,0.43623014663529097,up,caltech
2_39_79_377_2019-09-10 00:27:34.369337,1.366362785990309,1.5168959330143543,down,caltech
2_39_79_377_2019-09-18 16:34:39.854334,2.0,0.6141242114407182,down,caltech
2_39_79_377_2019-09-25 17:38:31.145676,1.32540508960943,0.7976141399567143,up,caltech
2_39_79_377_2019-09-26 15:46:15.164463,2.0,0.0,up,caltech
2_39_79_377_2019-10-04 17:53:24.914745,0.37958123681220535,0.6845320360440049,up,caltech
2_39_79_377_2019-10-18 16:40:00.560589,2.0,0.8844317704421331,down,caltech
2_39_79_377_2019-10-21 15:09:54.933537,2.0,1.280538330649674,down,caltech
2_39_79_377_2019-10-22 15:24:55.039903,2.0,0.516251620589242,down,caltech
2_39_79_377_2019-10-25 15:11:01.914407,0.5122661270280822,1.116966072024008,up,caltech
2_39_79_377_2019-10-31 00:05:07.348779,0.29151897842773644,1.1053920140286926,down,caltech
2_39_79_377_2019-11-01 17:07:33.843356,1.753318612147515,0.01106325479266955,down,caltech
2_39_79_377_2019-11-03 17:02:19.327425,0.0009410390368951024,0.23782413168705294,down,caltech
2_39_79_377_2019-11-04 20:52:49.200180,0.649995209351346,1.5297931697931697,up,caltech
2_39_79_377_2019-11-08 16:09:39.369941,1.2025712241053288,0.789463165889224,down,caltech
2_39_79_377_2019-11-11 16:30:55.024147,2.0,1.1786396897346751,down,caltech
2_39_79_377_2019-11-12 15:59:21.909311,0.0,2.0,up,caltech
2_39_79_377_2019-11-22 17:44:07.595354,0.36502599457504514,0.6728890842853774,up,caltech
2_39_79_377_2019-11-28 23:41:50.683854,2.0,0.42954161921872674,down,caltech
2_39_79_377_2020-01-14 16:12:16.937487,1.2844765189253629,1.742001206322604,down,caltech
2_39_79_377_2020-01-15 18:15:33.952776,0.5367701786304991,1.718971183371835,up,caltech
2_39_79_377_2020-01-21 17:08:25.097903,0.6060608931842585,1.3787443399512362,up,caltech
2_39_79_377_2020-01-27 16:10:12.051840,0.6437029767746153,0.5669478548458513,up,caltech
2_39_79_377_2020-01-30 16:35:29.023034,1.4643357737738825,0.716965742251223,up,caltech
2_39_79_377_2020-01-31 17:54:40.052339,0.0,0.0,up,caltech
2_39_79_377_2020-03-06 17:18:19.958220,0.0,0.3629518104009101,down,caltech
2_39_79_377_2020-03-09 17:56:46.117245,0.007066775911511762,0.09912271313764442,up,caltech
2_39_79_377_2020-03-12 16:40:34.203491,0.9781582279578843,0.3509103390222727,up,caltech
2_39_79_378_2018-11-12 18:30:48.288555,1.5523821591485054,0.7125456086091816,down,caltech
2_39_79_378_2018-11-13 16:25:57.484833,1.3846693595797535,0.9383740365190192,up,caltech
2_39_79_378_2018-11-14 15:40:28.979767,0.024564902102972602,0.4071507482173347,up,caltech
2_39_79_378_2018-11-19 20:30:16.968531,0.8042122520114168,0.5181060581530887,up,caltech
2_39_79_378_2018-11-20 21:51:56.363439,0.9870712401055408,0.0,up,caltech
2_39_79_378_2018-11-21 16:38:42.524635,0.0,0.0,up,caltech
2_39_79_378_2018-11-27 16:19:03.611557,0.8245516731373631,0.677436951399058,up,caltech
2_39_79_378_2018-11-30 15:56:44.627984,1.3531371460299833,0.7617693522906791,up,caltech
2_39_79_378_2018-12-03 16:35:36.362378,0.29536334748219745,0.39832185324149233,down,caltech
2_39_79_378_2018-12-03 22:25:35.799124,1.189052641955836,0.8801898558726154,down,caltech
2_39_79_378_2018-12-10 16:25:51.179494,1.6688530875777983,0.8258502210142877,down,caltech
2_39_79_378_2018-12-13 16:34:32.003862,0.231944096808962,0.15505896736748226,up,caltech
2_39_79_378_2018-12-14 17:00:18.323932,0.9049610903816155,0.5120691268540531,up,caltech
2_39_79_378_2018-12-15 17:26:17.854363,0.01139616147781347,0.008368133975369847,down,caltech
2_39_79_378_2018-12-18 16:06:10.934630,0.0003656641374896755,0.7042856899959022,up,caltech
2_39_79_378_2018-12-20 16:28:54.108025,1.4330168776371301,1.1435567288536466,up,caltech
2_39_79_378_2018-12-21 16:41:29.482319,0.0,0.11608787878019916,down,caltech
2_39_79_378_2018-12-31 01:09:46.782308,0.001325878594249119,0.16856727193536383,down,caltech
2_39_79_378_2019-01-01 21:05:56.972890,0.8496022908049632,0.0327389313406,up,caltech
2_39_79_378_2019-01-02 16:33:49.779632,0.0,1.142492697168962,up,caltech
2_39_79_378_2019-01-03 18:46:44.843174,1.3322647509430567,0.9116182264178992,down,caltech
2_39_79_378_2019-01-03 21:41:19.357309,0.0,0.18980483219992295,down,caltech
2_39_79_378_2019-01-06 02:21:12.017672,0.0,0.8083022237174968,down,caltech
2_39_79_378_2019-01-07 18:55:41.347675,0.11917524031240637,0.0,down,caltech
2_39_79_378_2019-01-08 18:27:57.428624,1.0792826805096742,0.0,up,caltech
2_39_79_378_2019-01-09 17:05:11.362597,0.42740532848446533,0.5769719667895318,down,caltech
2_39_79_378_2019-01-10 18:41:32.176419,0.0,0.42793812741456705,up,caltech
2_39_79_378_2019-01-11 02:07:01.140643,0.3667652562419559,1.0,down,caltech
2_39_79_378_2019-01-11 19:35:26.123316,1.4729086936298184,0.4957126413324431,down,caltech
2_39_79_378_2019-01-14 00:04:49.041285,0.033981620004274335,0.03956344768208514,down,caltech
2_39_79_378_2019-01-14 17:12:20.798170,0.0,0.7619057821963207,up,caltech
2_39_79_378_2019-01-14 22:19:32.591971,0.9427265013670216,0.6533489837873164,up,caltech
2_39_79_378_2019-01-15 16:30:29.457256,0.08524627397539214,0.6852526727250131,up,caltech
2_39_79_378_2019-01-16 01:57:49.020329,0.0,0.0,up,caltech
2_39_79_378_2019-01-16 18:10:38.369415,0.6393738292244403,0.6989771754444131,up,caltech
2_39_79_378_2019-01-18 18:10:48.497990,0.006122676166091388,0.12904195789467557,up,caltech
2_39_79_378_2019-01-18 21:58:50.156674,0.21379707801928016,0.8117545815334304,up,caltech
2_39_79_378_2019-01-23 17:01:34.748766,0.7301461632155904,0.6155215280642781,up,caltech
2_39_79_378_2019-01-28 18:12:03.974373,0.0,0.7906732348186498,up,caltech
2_39_79_378_2019-02-01 20:54:36.870325,0.09791370317686095,0.0,up,caltech
2_39_79_378_2019-02-05 16:48:16.812709,0.0,0.0,up,caltech
2_39_79_378_2019-02-07 17:13:25.243902,0.8496911972617012,0.7693166390417449,down,caltech
2_39_79_378_2019-02-13 16:43:19.148002,0.21701594889524348,0.09851064842245598,down,caltech
2_39_79_378_2019-02-14 17:23:23.744088,0.0,0.4824807494267656,up,caltech
2_39_79_378_2019-02-15 16:47:06.194831,0.007070776412439207,1.0,up,caltech
2_39_79_378_2019-02-22 18:03:26.612547,2.0,1.5631046319825233,down,caltech
2_39_79_378_2019-02-28 16:39:15.271724,0.4225040508537951,0.4742543329302699,up,caltech
2_39_79_378_2019-03-07 16:54:57.560965,0.4204907286008617,0.13053141421981507,up,caltech
2_39_79_378_2019-03-15 17:36:09.692118,1.0966726341132171,1.3919080225123686,up,caltech
2_39_79_378_2019-03-17 03:09:58.535007,0.19994880327659015,0.036176012276689436,up,caltech
2_39_79_378_2019-03-17 07:01:33.233265,2.0,0.09947697448605046,down,caltech
2_39_79_378_2019-03-19 15:39:43.735099,0.9517159250839019,0.019950382468471722,up,caltech
2_39_79_378_2019-03-20 03:57:37.074762,0.0015079556736161545,0.9485154870807254,up,caltech
2_39_79_378_2019-03-20 15:49:06.342852,0.0,0.2724598010500394,up,caltech
2_39_79_378_2019-03-23 18:22:13.579132,0.005549389567147674,0.0,up,caltech
2_39_79_378_2019-03-26 14:48:28.136390,2.0,0.9486019950478886,down,caltech
2_39_79_378_2019-03-29 15:50:26.559643,2.0,0.8756379440914033,down,caltech
2_39_79_378_2019-04-04 05:16:37.569591,0.0003407077635942526,0.25057334976341383,up,caltech
2_39_79_378_2019-04-07 01:35:46.994275,0.0021165039203425756,1.9802498311951375,up,caltech
2_39_79_378_2019-04-09 16:03:25.512909,0.1445487364620938,0.20857374537171824,up,caltech
2_39_79_378_2019-04-10 15:33:12.585728,0.672982083864731,0.4834422928167723,up,caltech
2_39_79_378_2019-04-11 05:35:58.846301,1.3677786579819853,0.8663869132471844,down,caltech
2_39_79_378_2019-04-12 02:02:23.317460,1.9857268722466965,0.5529583965800231,down,caltech
2_39_79_378_2019-04-12 18:18:09.726464,0.004410418573687345,0.0022339587755731034,up,caltech
2_39_79_378_2019-04-15 01:38:02.956174,1.8779454593592801,0.20073105581329959,down,caltech
2_39_79_378_2019-04-15 22:59:21.530551,0.0009474246864939437,0.5396280095006378,up,caltech
2_39_79_378_2019-04-16 14:59:22.368160,0.0,0.027043233195419007,up,caltech
2_39_79_378_2019-04-17 15:51:26.904497,0.0,0.0,down,caltech
2_39_79_378_2019-04-22 15:52:14.311395,1.4731837391829343,0.2603651703908773,up,caltech
2_39_79_378_2019-04-26 15:47:15.776233,1.0758932452403724,0.6014578359269609,down,caltech
2_39_79_378_2019-04-29 16:16:39.016611,0.01089600155657166,0.10100753776709352,up,caltech
2_39_79_378_2019-05-07 14:34:36.946702,0.0,0.5119790003618194,up,caltech
2_39_79_378_2019-05-08 15:44:02.032784,0.0,0.8106087813585172,down,caltech
2_39_79_378_2019-05-16 17:08:31.423208,0.5038113517959968,1.7096782688578807,up,caltech
2_39_79_378_2019-05-17 17:02:16.076666,1.3228951620141811,1.1183100883265722,up,caltech
2_39_79_378_2019-05-28 15:26:10.682504,2.0,0.0,down,caltech
2_39_79_378_2019-05-29 15:36:56.225582,1.3001348722030601,0.0006675210936665308,down,caltech
2_39_79_378_2019-06-03 17:24:11.403472,0.0037242169595110065,0.38726856927427916,up,caltech
2_39_79_378_2019-06-07 17:11:16.428871,1.3460968327870222,2.0,down,caltech
2_39_79_378_2019-06-12 05:24:01.496652,0.9661499412398987,0.19347450766631533,up,caltech
2_39_79_378_2019-06-12 15:47:12.963481,0.0,0.4018691664257947,up,caltech
2_39_79_378_2019-06-13 05:19:35.018888,0.6677712181806638,0.3669965503035615,up,caltech
2_39_79_378_2019-06-14 17:22:21.357413,0.6029494024917366,2.0,up,caltech
2_39_79_378_2019-06-19 15:43:19.983226,0.9092084413713625,0.008522079436540425,up,caltech
2_39_79_378_2019-07-01 17:04:34.626269,0.0006571588366890463,0.4200952624725953,up,caltech
2_39_79_378_2019-07-08 20:14:21.662978,0.0050215835590072,0.003420895245258527,up,caltech
2_39_79_378_2019-07-11 15:45:34.460995,2.0,0.6424094516575665,up,caltech
2_39_79_378_2019-07-12 17:34:31.446959,1.371396396396396,0.6598612349791214,up,caltech
2_39_79_378_2019-07-17 17:22:03.471185,0.5826940231935768,0.5160463166491966,up,caltech
2_39_79_378_2019-07-22 17:34:41.009874,0.8473896925606936,0.46336701728856666,up,caltech
2_39_79_378_2019-07-24 16:50:31.531219,0.048169187598384525,0.5698891364062486,up,caltech
2_39_79_378_2019-07-25 17:00:51.331796,0.8868325376037168,0.096462620256638,up,caltech
2_39_79_378_2019-07-27 17:47:19.289709,0.0,0.8151144510438293,up,caltech
2_39_79_378_2019-07-31 18:23:15.656118,1.7101103949533736,0.6459315908991656,up,caltech
2_39_79_378_2019-08-07 16:52:25.529775,1.001663420967218,0.696472126581612,up,caltech
2_39_79_378_2019-08-14 16:24:45.346994,0.3067434070698655,0.332324604743083,up,caltech
2_39_79_378_2019-08-14 18:22:55.235477,0.0,0.04765358337485608,up,caltech
2_39_79_378_2019-08-23 15:52:01.948202,1.7572371762315901,0.4593344538167315,down,caltech
2_39_79_378_2019-08-23 21:12:20.615261,0.6982134334326586,5.6316677289531765e-05,down,caltech
2_39_79_378_2019-08-24 16:39:54.453881,2.0,0.3198193527382421,up,caltech
2_39_79_378_2019-08-29 15:21:18.463469,2.0,1.2064584030787415,up,caltech
2_39_79_378_2019-08-29 19:31:05.785663,1.327144708974095,0.3249031726560344,up,caltech
2_39_79_378_2019-08-30 01:20:01.342203,0.0015390368227351438,0.35245993499943973,up,caltech
2_39_79_378_2019-08-30 15:55:15.062559,0.12770196609150017,0.8782464610337238,down,caltech
2_39_79_378_2019-09-03 19:45:44.287088,0.9680047027208596,0.005078052146116449,up,caltech
2_39_79_378_2019-09-04 16:53:39.151761,0.0,0.3464630202733066,up,caltech
2_39_79_378_2019-09-09 16:08:24.901557,0.65625,0.0,down,caltech
2_39_79_378_2019-09-12 17:25:15.905899,0.9640440629124644,0.3449782820982765,up,caltech
2_39_79_378_2019-09-17 15:57:33.842729,2.0,1.3650104573724475,down,caltech
2_39_79_378_2019-09-20 15:37:18.302063,0.0,0.5034396354244397,up,caltech
2_39_79_378_2019-09-25 19:40:31.374447,1.5027843216441186,0.7089038262248888,down,caltech
2_39_79_378_2019-09-27 16:53:52.923132,0.013886810054057449,0.0037171375085700295,up,caltech
2_39_79_378_2019-09-28 02:03:24.433261,0.23848954662908142,0.8292992771524257,up,caltech
2_39_79_378_2019-09-30 16:22:23.240846,1.701997896950578,1.019093127128745,up,caltech
2_39_79_378_2019-10-15 21:08:57.384118,0.0,0.19420162785377226,up,caltech
2_39_79_378_2019-11-01 17:18:54.011879,0.9092744649347149,0.6034249841068022,up,caltech
2_39_79_378_2019-11-04 17:02:34.597147,0.938249838744356,0.6038066432329798,up,caltech
2_39_79_378_2019-11-07 21:24:51.961404,0.0,0.005974832270770062,down,caltech
2_39_79_378_2019-11-12 17:10:53.300761,0.8594607351466161,1.070058130802058,up,caltech
2_39_79_378_2019-11-19 17:40:02.480012,0.557066423071904,0.08632869312279194,up,caltech
2_39_79_378_2019-11-21 18:16:59.432467,0.20656167979002632,0.05904390769364799,up,caltech
2_39_79_378_2019-11-25 16:44:47.574022,0.0,0.28599624462358164,up,caltech
2_39_79_378_2020-01-13 16:47:28.380862,0.5314564328405158,0.40078531383393223,up,caltech
2_39_79_378_2020-01-16 17:27:29.291137,0.8007206078628795,0.806903966420452,up,caltech
2_39_79_378_2020-01-17 17:05:08.685531,2.0,1.096068566766761,down,caltech
2_39_79_378_2020-01-21 16:19:41.392970,2.0,1.1133300990147255,down,caltech
2_39_79_378_2020-01-28 16:58:41.576319,0.5934370283989573,0.18413864446016392,up,caltech
2_39_79_378_2020-03-02 19:57:51.597945,0.0,0.0,down,caltech
2_39_79_378_2020-03-03 16:57:02.205699,1.706933744221879,0.1581490604847476,up,caltech
2_39_79_379_2018-11-03 03:25:35.779841,0.0,0.0,up,caltech
2_39_79_379_2018-11-06 16:03:16.943130,2.0,0.6240902949257239,down,caltech
2_39_79_379_2018-11-07 14:30:49.126908,1.229938826916157,1.2424488732254537,down,caltech
2_39_79_379_2018-11-09 15:47:24.725566,0.6408461912965322,0.5137190106223263,up,caltech
2_39_79_379_2018-11-14 14:44:00.044542,2.0,0.70551927365403,down,caltech
2_39_79_379_2018-11-15 16:08:32.647838,2.0,1.1327658313569882,up,caltech
2_39_79_379_2018-11-16 18:56:55.801539,2.0,1.0748440332729017,down,caltech
2_39_79_379_2018-11-20 04:12:35.168683,0.0,0.0,up,caltech
2_39_79_379_2018-11-21 18:44:42.026400,0.9374437443744369,0.9536845838379548,up,caltech
2_39_79_379_2018-11-22 02:29:45.848258,2.0,1.0,down,caltech
2_39_79_379_2018-11-26 15:20:49.628748,0.0,0.0,up,caltech
2_39_79_379_2018-11-27 16:11:11.131716,0.0,0.0,up,caltech
2_39_79_379_2018-11-29 16:05:11.071872,0.5714596303982606,1.4877429771603679,up,caltech
2_39_79_379_2018-12-03 15:17:18.228451,0.0,0.5919157745309367,up,caltech
2_39_79_379_2018-12-04 16:28:13.183931,1.1980802792321132,0.8313403785743094,down,caltech
2_39_79_379_2018-12-05 14:57:10.658106,1.373473869126043,0.4879942218761108,down,caltech
2_39_79_379_2018-12-06 15:49:54.231263,1.221650313656104,1.1535641041576032,down,caltech
2_39_79_379_2018-12-07 19:30:47.099315,0.4242379182156136,1.0324540933303377,up,caltech
2_39_79_379_2018-12-10 15:17:03.750031,2.0,0.8743316114400425,down,caltech
2_39_79_379_2018-12-11 16:02:46.146403,2.0,0.0,down,caltech
2_39_79_379_2018-12-14 16:42:25.839737,0.49268408721645246,0.6539927339015575,up,caltech
2_39_79_379_2018-12-14 21:32:51.482320,0.2883924867779736,0.3511807596933275,up,caltech
2_39_79_379_2018-12-17 15:50:29.790267,0.008047920701880533,0.4123311348329779,up,caltech
2_39_79_379_2018-12-19 16:00:54.386202,0.3766756079173896,0.0028253988485971143,up,caltech
2_39_79_379_2018-12-19 19:30:05.619484,0.5499857644490842,0.13956756929269326,up,caltech
2_39_79_379_2018-12-20 15:37:30.951586,0.015205681872347835,0.6337249028736571,down,caltech
2_39_79_379_2018-12-21 15:47:22.308305,0.043289267308985004,0.6119250955515714,up,caltech
2_39_79_379_2019-01-01 18:09:16.991864,0.02486608792020714,0.020344050909323466,down,caltech
2_39_79_379_2019-01-02 16:18:55.665332,0.0,0.5674463780716622,down,caltech
2_39_79_379_2019-01-03 15:49:45.030170,0.0284923019151333,0.0,up,caltech
2_39_79_379_2019-01-04 16:11:08.677111,0.1759498193655958,1.1641045281328364,up,caltech
2_39_79_379_2019-01-07 16:28:24.626512,0.0002062767054663754,0.09413046264257345,up,caltech
2_39_79_379_2019-01-08 15:18:16.158120,0.0,0.35124389462013533,up,caltech
2_39_79_379_2019-01-10 15:54:21.585463,2.0,0.054379883600204314,down,caltech
2_39_79_379_2019-01-12 17:35:55.597203,0.0,0.7846556997189436,down,caltech
2_39_79_379_2019-01-14 16:02:18.136538,0.0,0.2923171057272414,up,caltech
2_39_79_379_2019-01-15 01:29:17.728756,0.3668714519013923,0.030000186940347052,down,caltech
2_39_79_379_2019-01-15 15:57:25.604752,0.40723981900452494,1.2257489614317807,down,caltech
2_39_79_379_2019-01-19 15:43:53.634259,0.0030457853094701614,0.29244539233622746,up,caltech
2_39_79_379_2019-01-20 21:18:49.726749,0.015182034194570235,0.04284721313341151,up,caltech
2_39_79_379_2019-01-22 15:05:17.679185,2.0,0.606355001508757,down,caltech
2_39_79_379_2019-01-24 15:27:04.351466,0.6252854009043289,0.08686411733546497,up,caltech
2_39_79_379_2019-01-25 17:03:23.690299,0.0,0.0,down,caltech
2_39_79_379_2019-01-28 16:00:13.616797,0.00905148029417337,1.3949718248807974,down,caltech
2_39_79_379_2019-01-30 16:59:30.144344,0.5967697277341947,0.05545292327070447,up,caltech
2_39_79_379_2019-01-31 15:54:59.716449,0.0,0.0,up,caltech
2_39_79_379_2019-02-01 15:49:59.014170,0.004431227435806399,0.40165270507415485,up,caltech
2_39_79_379_2019-02-06 16:00:35.924813,0.3379288085577278,0.14557121101659912,up,caltech
2_39_79_379_2019-02-10 01:05:39.952970,2.0,0.12679934609333543,down,caltech
2_39_79_379_2019-02-11 05:17:39.049730,0.0,0.9437892386594747,up,caltech
2_39_79_379_2019-02-13 16:00:12.424760,0.3663508326691556,0.5255160173508163,up,caltech
2_39_79_379_2019-02-15 18:47:58.964522,0.8478667441583214,0.31958366939355526,up,caltech
2_39_79_379_2019-02-16 21:17:26.749878,0.9458850737188663,0.0,down,caltech
2_39_79_379_2019-02-21 16:49:39.654180,1.2308123511001068,0.280927676065138,up,caltech
2_39_79_379_2019-02-22 16:59:19.393137,0.0,0.06862904198259301,up,caltech
2_39_79_379_2019-02-25 18:04:14.908866,1.492128801431127,0.6475079728514185,down,caltech
2_39_79_379_2019-02-27 16:12:34.305320,0.6018941599057412,1.042449147584567,up,caltech
2_39_79_379_2019-03-08 16:12:32.944910,0.0,0.41310266280737135,up,caltech
2_39_79_379_2019-03-17 19:43:18.429591,0.0,0.956080960853658,up,caltech
2_39_79_379_2019-03-18 14:08:00.138383,1.3138222414112133,0.32364838960581277,up,caltech
2_39_79_379_2019-03-19 13:37:11.310133,0.5895844769564906,0.18148277971748586,up,caltech
2_39_79_379_2019-03-20 13:51:33.411371,0.0,0.6156525863176798,up,caltech
2_39_79_379_2019-03-25 13:41:41.514395,0.0,1.196809425950851,down,caltech
2_39_79_379_2019-03-26 13:45:56.588934,0.015065127433462043,0.5723968057714371,up,caltech
2_39_79_379_2019-04-01 15:57:28.175013,0.9352107128790862,0.5731020442534911,up,caltech
2_39_79_379_2019-04-03 14:39:05.472690,0.0031783994713158147,2.0,up,caltech
2_39_79_379_2019-04-09 13:29:35.031253,0.011080394668824363,0.1714505698015809,up,caltech
2_39_79_379_2019-04-14 19:48:35.683535,0.009453904873752337,0.0,down,caltech
2_39_79_379_2019-04-15 13:44:23.907180,0.0,0.0,up,caltech
2_39_79_379_2019-04-16 13:37:21.417244,0.003319625427339807,0.2688617785983997,down,caltech
2_39_79_379_2019-04-23 14:54:00.361853,0.0,0.24128062134841025,up,caltech
2_39_79_379_2019-04-24 16:11:31.298005,1.5940142868872649,0.6052447482673919,up,caltech
2_39_79_379_2019-04-26 01:39:13.549356,0.005333951762523119,0.15940786386947906,up,caltech
2_39_79_379_2019-04-29 16:13:49.139238,0.4208738996093981,0.9892731274734132,down,caltech
2_39_79_379_2019-05-05 17:33:07.986705,0.011695255067943873,1.5698703965096883,up,caltech
2_39_79_379_2019-05-06 14:14:27.028419,2.0,0.2960841848076113,down,caltech
2_39_79_379_2019-05-13 15:49:14.983270,1.8953060898289735,0.7165598641814642,down,caltech
2_39_79_379_2019-05-15 15:31:29.246516,2.0,0.9206934917140375,down,caltech
2_39_79_379_2019-05-16 16:04:06.757322,0.0,0.013994977808923142,up,caltech
2_39_79_379_2019-05-17 15:34:44.470158,1.2524112149532711,0.3988675041099045,down,caltech
2_39_79_379_2019-05-22 14:56:10.945237,2.0,0.50022065245884,down,caltech
2_39_79_379_2019-05-29 15:09:56.193465,1.0587909424555089,1.1691638148130765,up,caltech
2_39_79_379_2019-06-04 13:43:13.103276,1.1537949400798928,0.968051948051948,down,caltech
2_39_79_379_2019-06-05 15:25:39.880707,1.7705579377362803,0.8377793209414893,down,caltech
2_39_79_379_2019-06-11 15:56:39.460679,2.0,0.1447191197735503,down,caltech
2_39_79_379_2019-06-11 22:54:25.225228,0.5104533514693634,0.0005375213969747927,up,caltech
2_39_79_379_2019-06-24 15:32:54.019550,0.7568303558069245,0.0,up,caltech
2_39_79_379_2019-06-26 15:24:12.213431,1.013803317535545,0.0,up,caltech
2_39_79_379_2019-06-28 15:27:08.303675,1.141172125092342,0.2849694370030429,down,caltech
2_39_79_379_2019-07-01 18:26:51.101553,0.7206138045368163,0.0,up,caltech
2_39_79_379_2019-07-09 16:12:50.126813,1.3089062614159421,1.9291063509329753,down,caltech
2_39_79_379_2019-07-12 17:12:45.583059,2.0,0.7552401010624666,down,caltech
2_39_79_379_2019-07-16 15:13:10.898914,2.0,0.49836163671680794,down,caltech
2_39_79_379_2019-07-22 20:31:34.538061,0.0,0.4728193146251869,up,caltech
2_39_79_379_2019-07-25 16:07:23.472435,0.9280582305145956,0.32332951169145674,down,caltech
2_39_79_379_2019-07-29 19:37:37.695551,1.8772237543803347,0.943097910851194,down,caltech
2_39_79_379_2019-07-31 15:35:31.779657,1.8361848157076697,1.1940452429554724,down,caltech
2_39_79_379_2019-08-05 15:40:55.475863,0.9977664112930246,0.6705235654904689,down,caltech
2_39_79_379_2019-08-08 15:43:34.911039,0.6163031323378176,0.44919479927638484,up,caltech
2_39_79_379_2019-08-12 15:35:58.862989,2.0,0.6031700394992622,down,caltech
2_39_79_379_2019-08-19 15:42:16.135265,2.0,1.8419946138150394,down,caltech
2_39_79_379_2019-09-08 23:11:44.297514,0.0,0.4389861123831871,up,caltech
2_39_79_379_2019-09-09 13:36:50.943581,0.44441421012849575,0.4473933140654068,up,caltech
2_39_79_379_2019-09-16 16:17:33.183276,0.39827882960413086,1.0,up,caltech
2_39_79_379_2019-09-24 14:52:47.780791,0.9437372799657232,0.25081700351484726,down,caltech
2_39_79_379_2019-09-25 16:09:49.867478,0.05822337855417218,0.0,down,caltech
2_39_79_379_2019-09-26 15:24:05.698321,0.0,0.5646823922734027,up,caltech
2_39_79_379_2019-09-30 15:49:51.619204,2.0,0.5574614354614764,down,caltech
2_39_79_379_2019-10-03 15:16:50.937535,0.015699141847551737,0.5948461501650953,up,caltech
2_39_79_379_2019-10-04 15:10:11.514259,1.9221091230954046,2.0,down,caltech
2_39_79_379_2019-10-09 15:41:08.809893,0.0016945634427807975,0.0,up,caltech
2_39_79_379_2019-10-16 15:13:19.923819,0.003842118315877687,0.2740747520168593,down,caltech
2_39_79_379_2019-10-17 15:29:36.274041,2.0,0.038392837634988256,down,caltech
2_39_79_379_2019-10-18 02:10:56.893450,0.0005659629860208403,1.0024617996604415,up,caltech
2_39_79_379_2019-10-21 16:09:17.301864,0.9164956540667228,0.871937376345898,up,caltech
2_39_79_379_2019-10-23 15:15:24.274941,0.17883008356545957,0.0,up,caltech
2_39_79_379_2019-10-25 15:32:05.446830,1.8084849610100253,0.0,up,caltech
2_39_79_379_2019-10-28 16:07:57.008801,1.219204892966361,0.8886887009992313,down,caltech
2_39_79_379_2019-11-04 16:37:04.743698,0.7695285615966967,0.29534324027651654,down,caltech
2_39_79_379_2019-11-08 01:28:46.043136,0.8448912597455884,0.2518996395035949,up,caltech
2_39_79_379_2019-11-11 15:40:26.279566,0.0,0.19323894697972668,down,caltech
2_39_79_379_2019-11-15 00:48:52.085172,0.6639304941101223,2.0,down,caltech
2_39_79_379_2019-11-18 17:05:51.276677,0.7213164046618784,0.42621113760577634,up,caltech
2_39_79_379_2019-11-20 18:19:11.264736,0.7907682478837244,0.22574490593223187,up,caltech
2_39_79_379_2019-11-20 21:38:14.889261,0.5371097612657153,0.1360509489975092,up,caltech
2_39_79_379_2019-11-26 16:48:47.260252,0.01708522025524902,0.8638244382435194,up,caltech
2_39_79_379_2020-01-06 16:07:15.399027,0.0,1.601707137321666,up,caltech
2_39_79_379_2020-01-13 14:10:41.235156,0.007567559120334426,1.5640064577316162,down,caltech
2_39_79_379_2020-01-14 15:18:30.984173,0.2128585073099592,0.668447376811972,down,caltech
2_39_79_379_2020-01-15 16:59:42.512914,0.0,0.24129340322831752,up,caltech
2_39_79_379_2020-01-23 15:53:02.522354,0.0,0.060734270080127536,up,caltech
2_39_79_379_2020-01-30 15:41:18.551665,1.5355830712112608,1.1785381206451906,up,caltech
2_39_79_380_2018-11-06 03:05:26.224506,0.368718040835878,0.0017285989540325097,up,caltech
2_39_79_380_2018-11-08 15:05:50.914103,1.3906115240872314,1.4991147669408542,down,caltech
2_39_79_380_2018-11-09 15:57:15.462016,0.2347234428599778,0.7342471682864637,up,caltech
2_39_79_380_2018-11-13 00:37:55.604598,0.3209369455835733,0.3565476857912716,up,caltech
2_39_79_380_2018-11-13 14:23:34.124820,0.7437602820211517,1.1673678761353472,up,caltech
2_39_79_380_2018-11-14 15:02:11.148090,0.0,0.0,up,caltech
2_39_79_380_2018-11-16 15:19:49.341968,0.0,0.5591093427194118,up,caltech
2_39_79_380_2018-11-20 14:54:45.731224,1.6509604677060141,0.0,down,caltech
2_39_79_380_2018-11-21 20:13:29.053504,0.964902845488706,1.2350899888291946,up,caltech
2_39_79_380_2018-11-23 22:52:59.656850,1.794556341861731,0.0,up,caltech
2_39_79_380_2018-11-26 14:40:14.983173,0.0,0.09409637803129478,up,caltech
2_39_79_380_2018-11-29 14:57:53.088499,0.479246105240222,0.0,up,caltech
2_39_79_380_2018-11-30 15:13:06.799090,1.1239772794160927,0.5857002910075778,down,caltech
2_39_79_380_2018-12-05 16:16:02.637841,2.0,0.7715592582849817,down,caltech
2_39_79_380_2018-12-07 15:41:48.263274,0.0,0.8324058741185765,up,caltech
2_39_79_380_2018-12-11 16:33:26.972533,1.5473757320326438,1.3228486402638988,down,caltech
2_39_79_380_2018-12-13 16:03:14.729698,2.0,0.47212174615759217,down,caltech
2_39_79_380_2018-12-15 23:02:06.844589,0.0,0.260483627453218,down,caltech
2_39_79_380_2018-12-18 16:29:47.796174,2.0,0.1869162174416846,down,caltech
2_39_79_380_2018-12-27 16:43:40.671404,0.04315723014692361,0.287975267073248,down,caltech
2_39_79_380_2018-12-29 03:33:48.216537,0.0,0.0,down,caltech
2_39_79_380_2019-01-02 18:52:56.330038,0.0,0.6446974692895059,up,caltech
2_39_79_380_2019-01-03 16:20:00.197405,0.005182608866762705,0.9029053988407906,down,caltech
2_39_79_380_2019-01-06 20:06:29.177954,0.033907650104075066,0.5560466191546692,down,caltech
2_39_79_380_2019-01-07 03:44:35.495065,0.0,0.43684314223998527,down,caltech
2_39_79_380_2019-01-07 16:34:24.552497,0.8109399303755277,0.5796513172667273,up,caltech
2_39_79_380_2019-01-08 17:43:14.726206,1.4957610745815106,1.5763179000691783,up,caltech
2_39_79_380_2019-01-09 15:52:04.746105,0.0,0.5923879638434474,down,caltech
2_39_79_380_2019-01-10 01:51:19.837751,0.015731641642086885,0.7630890595924629,down,caltech
2_39_79_380_2019-01-11 07:17:36.312406,1.6314828897338407,0.18720049734031116,down,caltech
2_39_79_380_2019-01-14 18:20:47.348199,0.43994845289780193,0.4328727484418875,up,caltech
2_39_79_380_2019-01-16 15:38:43.882113,0.0,0.863143892915828,down,caltech
2_39_79_380_2019-01-18 16:43:48.163978,2.0,1.1984316371535777,down,caltech
2_39_79_380_2019-01-19 21:28:45.510363,0.3709342015120376,0.24623549155436975,up,caltech
2_39_79_380_2019-01-22 16:55:59.845905,1.4035431043361828,1.097867602210968,up,caltech
2_39_79_380_2019-01-24 17:57:50.024588,0.5108726549175667,0.13165414086777158,up,caltech
2_39_79_380_2019-01-25 17:35:51.926863,1.0388774373722096,1.0552872635608919,up,caltech
2_39_79_380_2019-01-28 17:24:43.687261,2.0,1.3371270109654425,down,caltech
2_39_79_380_2019-02-01 16:00:37.466390,0.002804051226249238,0.3997934226306457,up,caltech
2_39_79_380_2019-02-04 16:57:31.598772,0.945545874822191,1.1835082211673817,up,caltech
2_39_79_380_2019-02-07 17:08:33.848165,0.0,0.0,up,caltech
2_39_79_380_2019-02-12 16:33:13.673770,0.0,1.5154155570151997,up,caltech
2_39_79_380_2019-02-26 17:16:03.827133,0.0,0.9990606710417484,up,caltech
2_39_79_380_2019-03-15 17:20:36.401306,1.5758815232722148,1.3745558807705482,down,caltech
2_39_79_380_2019-03-25 16:13:57.531660,1.4738400789733466,0.5076472167002615,down,caltech
2_39_79_380_2019-03-27 16:01:31.522597,2.0,0.5842845840867994,down,caltech
2_39_79_380_2019-04-05 19:02:14.655038,0.0,0.9732568042801591,up,caltech
2_39_79_380_2019-04-17 14:34:37.514095,1.5327090746405312,0.38610186267881735,down,caltech
2_39_79_380_2019-04-19 14:55:13.617948,1.1433962264150954,0.2105141747226638,down,caltech
2_39_79_380_2019-04-26 15:38:42.327623,0.08594363983383861,0.30455271149242746,up,caltech
2_39_79_380_2019-05-02 16:20:28.952918,1.0610709544180557,0.9621932043481232,up,caltech
2_39_79_380_2019-05-03 15:53:52.921511,1.7639308217379888,0.17146113073475588,up,caltech
2_39_79_380_2019-05-10 14:43:36.027579,0.7181246176701912,0.5432687750781965,up,caltech
2_39_79_380_2019-05-14 04:00:42.385441,0.8312668383370793,0.40487147376594734,up,caltech
2_39_79_380_2019-05-17 15:48:41.219605,1.5410741785573143,1.0778643809178985,down,caltech
2_39_79_380_2019-05-19 19:00:07.449455,0.010360526639596333,1.3683683728913796,up,caltech
2_39_79_380_2019-05-21 16:24:18.801510,0.5550858890187965,2.0,up,caltech
2_39_79_380_2019-06-03 15:49:06.823449,1.206734275986575,0.0027666931493987193,up,caltech
2_39_79_380_2019-06-05 16:54:34.931762,0.036002042885346835,0.36882330559588095,up,caltech
2_39_79_380_2019-06-12 16:02:21.948924,0.7630811869833228,0.8009712976345872,down,caltech
2_39_79_380_2019-06-21 18:04:07.673285,0.05113119914869093,0.2215586400829828,up,caltech
2_39_79_380_2019-06-24 16:04:30.059190,0.852522007847602,0.21536624800384035,up,caltech
2_39_79_380_2019-07-03 16:54:18.340052,0.8419311210935614,0.6248725779504986,up,caltech
2_39_79_380_2019-07-17 15:50:12.164976,1.3672093825457055,0.7950292070341118,down,caltech
2_39_79_380_2019-07-25 14:49:27.538289,1.1083969714770578,0.7292295554335894,up,caltech
2_39_79_380_2019-07-31 16:03:38.620034,0.0,0.682632021505327,up,caltech
2_39_79_380_2019-08-08 17:23:55.036448,2.0,0.7548127312572454,down,caltech
2_39_79_380_2019-08-14 15:47:03.827968,1.5990252507650122,0.00019529011803353275,down,caltech
2_39_79_380_2019-08-21 15:50:25.944824,2.0,0.34157874536907257,down,caltech
2_39_79_380_2019-08-21 21:54:05.544800,0.1805206819082859,0.028497687923432706,up,caltech
2_39_79_380_2019-08-23 19:08:40.858468,0.8619413887594667,0.20313932172318977,up,caltech
2_39_79_380_2019-08-26 15:48:53.881685,0.8462681608119129,0.22361845223566817,down,caltech
2_39_79_380_2019-08-27 16:03:35.791038,0.4331066512299784,0.8121769214157837,up,caltech
2_39_79_380_2019-08-29 17:03:09.372243,0.6141102325445684,1.1032109554698777,up,caltech
2_39_79_380_2019-08-30 16:53:23.261539,0.601582514003682,0.5659132421542458,down,caltech
2_39_79_380_2019-09-18 18:38:38.902832,0.007822193450935754,1.2979226221201032,down,caltech
2_39_79_380_2019-09-27 14:39:46.890052,1.5663743562366532,0.2341556110778759,up,caltech
2_39_79_380_2019-10-18 16:24:06.117772,1.8579182391749014,0.4089917336487948,down,caltech
2_39_79_380_2019-10-21 16:06:12.972476,0.02725661660033127,0.2846114083559013,up,caltech
2_39_79_380_2019-10-22 16:00:05.799836,2.0,0.792667180469118,down,caltech
2_39_79_380_2019-10-25 16:30:24.769754,0.6352307174132701,1.3333333333333333,up,caltech
2_39_79_380_2019-11-01 16:30:36.940183,0.7994033970748647,0.9960476962351539,up,caltech
2_39_79_380_2019-11-04 16:52:23.459010,0.24248021108179427,1.943442522389891,down,caltech
2_39_79_380_2019-11-06 21:01:57.353703,1.0677477777546474,1.0851120373590637,up,caltech
2_39_79_380_2019-11-11 18:00:30.308388,1.0852798894263993,0.6432901631889959,up,caltech
2_39_79_380_2019-11-25 17:50:50.503343,0.0006924704438270847,0.6577571214374947,up,caltech
2_39_79_380_2019-11-26 17:37:02.349841,0.5570919852241563,0.0,up,caltech
2_39_79_380_2020-01-27 16:30:25.599299,0.7572099262240107,0.562199207956349,up,caltech
2_39_79_380_2020-03-05 23:12:32.852119,0.0,0.0036473638796653903,down,caltech
2_39_79_381_2018-11-02 15:10:58.089316,2.0,0.8121654783286586,up,caltech
2_39_79_381_2018-11-07 17:40:40.038027,1.014484610667561,1.103409265373463,up,caltech
2_39_79_381_2018-11-09 18:22:51.560397,0.01305258433689881,0.9582165034512904,up,caltech
2_39_79_381_2018-11-10 08:08:44.810801,0.06858729086953258,0.0,down,caltech
2_39_79_381_2018-11-12 16:10:15.288070,0.7432760305870171,0.8840368552600517,up,caltech
2_39_79_381_2018-11-15 17:41:36.666262,0.5650294936413914,0.0,up,caltech
2_39_79_381_2018-11-20 15:05:38.601773,1.890372908574844,0.16253738748316676,down,caltech
2_39_79_381_2018-11-21 08:31:21.436752,0.0,0.0,down,caltech
2_39_79_381_2018-11-21 21:17:52.652944,0.0,0.0,up,caltech
2_39_79_381_2018-11-26 14:55:39.171397,0.541868699154031,0.6792414633524566,up,caltech
2_39_79_381_2018-11-27 16:51:39.488709,0.5330178975519441,0.328538483970988,up,caltech
2_39_79_381_2018-11-28 14:55:28.436978,1.5299810472796607,0.3843028320564462,down,caltech
2_39_79_381_2018-11-29 18:44:35.990584,0.004545454545454469,0.6443359690181952,up,caltech
2_39_79_381_2018-11-29 22:47:53.821609,0.7656761189817577,1.5294314234831934,up,caltech
2_39_79_381_2018-11-30 15:58:29.053356,0.6512777545035607,0.5191082592067461,up,caltech
2_39_79_381_2018-12-04 17:39:31.862138,1.0966102393014536,0.6662698305672388,up,caltech
2_39_79_381_2018-12-06 18:46:40.887452,0.28429366889886437,0.8243428328684684,up,caltech
2_39_79_381_2018-12-13 16:37:09.130998,0.0,0.09617181883537028,up,caltech
2_39_79_381_2018-12-17 17:51:27.450789,0.012585309099164284,0.0013368983957220747,up,caltech
2_39_79_381_2018-12-20 16:27:34.455174,0.6346534960054501,0.39688714860702273,up,caltech
2_39_79_381_2018-12-23 11:55:38.467728,0.4597897632380391,0.27775319562995765,down,caltech
2_39_79_381_2019-01-04 15:49:59.018592,0.33385415791625384,0.0,up,caltech
2_39_79_381_2019-01-08 16:51:46.297174,1.924575311438279,0.06380542982994825,down,caltech
2_39_79_381_2019-01-09 20:42:11.809455,0.0,0.24903567872936505,up,caltech
2_39_79_381_2019-01-14 17:32:55.930376,0.0,0.4691682127833379,up,caltech
2_39_79_381_2019-01-16 17:22:50.456224,0.23218243819266818,0.8243142094390838,up,caltech
2_39_79_381_2019-01-17 16:29:44.825593,0.3773430700789454,0.0,up,caltech
2_39_79_381_2019-01-18 18:05:08.963497,1.2453893473368338,0.1257088846880908,up,caltech
2_39_79_381_2019-01-22 15:36:02.214460,0.0,0.6298466198427337,up,caltech
2_39_79_381_2019-01-24 17:30:00.359279,1.4301103169229648,0.40862904969270203,down,caltech
2_39_79_381_2019-01-28 16:53:22.089088,0.0,0.380854259129011,up,caltech
2_39_79_381_2019-01-30 20:38:21.825223,0.8632782621997855,0.1910835130512382,up,caltech
2_39_79_381_2019-02-03 03:27:04.392204,0.8784680337756336,0.24951492558124336,down,caltech
2_39_79_381_2019-02-04 17:47:41.083385,0.6563954145958497,0.9352379008693174,up,caltech
2_39_79_381_2019-02-05 19:05:29.478443,0.0,0.10143163016611828,up,caltech
2_39_79_381_2019-02-05 20:52:38.846884,0.0,0.09179968881969865,up,caltech
2_39_79_381_2019-02-06 17:19:24.314521,0.0,1.4177742159373516,up,caltech
2_39_79_381_2019-02-07 17:16:33.520324,0.0004310293504793475,0.1096863590803201,up,caltech
2_39_79_381_2019-02-07 23:33:20.843649,0.6721334003791629,0.6575587561992441,up,caltech
2_39_79_381_2019-02-08 16:59:07.928944,1.6323830611680044,0.22475798129018848,down,caltech
2_39_79_381_2019-02-20 19:29:46.959514,0.0,0.0003801635162069172,up,caltech
2_39_79_381_2019-02-21 17:52:41.684908,0.0,0.28120415312523334,up,caltech
2_39_79_381_2019-02-25 01:56:51.194112,0.0,0.8515583614762864,up,caltech
2_39_79_381_2019-03-04 16:15:25.519704,0.0,0.008694249735345784,up,caltech
2_39_79_381_2019-03-05 16:55:40.519593,0.16319252055509917,0.0007369868937876363,up,caltech
2_39_79_381_2019-03-07 16:53:31.098609,0.0,0.25061697215024975,up,caltech
2_39_79_381_2019-03-08 16:55:55.491823,0.03713880179884615,0.14633033305457457,up,caltech
2_39_79_381_2019-03-11 16:07:26.767476,0.0018150137941051183,0.002066720558721976,up,caltech
2_39_79_381_2019-03-12 17:12:11.019410,0.0,0.02200559017595307,up,caltech
2_39_79_381_2019-03-13 16:06:52.730902,0.0,0.0010140128412528201,up,caltech
2_39_79_381_2019-03-14 05:20:43.349057,2.0,1.3418437073207277,down,caltech
2_39_79_381_2019-03-15 18:06:30.066466,1.443132678975908,0.8691361887544615,down,caltech
2_39_79_381_2019-03-18 19:44:56.700956,0.009236851243422297,0.22697918282046367,up,caltech
2_39_79_381_2019-03-19 05:19:25.541370,0.0,0.15140662407287367,up,caltech
2_39_79_381_2019-03-21 15:46:12.489297,0.0,0.00032818897120961364,up,caltech
2_39_79_381_2019-03-22 17:11:42.191758,0.00040861455629269915,0.0006654281248985389,up,caltech
2_39_79_381_2019-03-25 15:25:17.778618,0.0010473611607827204,0.0036027160130093143,up,caltech
2_39_79_381_2019-03-27 16:42:41.090144,0.0,0.06086507754787436,up,caltech
2_39_79_381_2019-03-28 15:49:00.437700,0.000705218617771588,0.0,up,caltech
2_39_79_381_2019-04-01 22:40:46.712688,0.006345372708310417,0.09146483437449945,up,caltech
2_39_79_381_2019-04-02 20:24:51.928736,0.0,0.00069337609152564,up,caltech
2_39_79_381_2019-04-04 17:23:49.218379,0.0007606061919495941,0.13767518318847513,up,caltech
2_39_79_381_2019-04-05 15:13:25.648864,0.0,0.00039528095508101777,up,caltech
2_39_79_381_2019-04-08 15:26:53.280658,0.0,0.0,up,caltech
2_39_79_381_2019-04-10 15:59:56.604003,0.01066858830146243,8.164849652993437e-05,up,caltech
2_39_79_381_2019-04-11 14:57:21.886209,1.0446006102457042,0.28113711254622337,down,caltech
2_39_79_381_2019-04-15 18:01:59.460819,0.7481892709328237,0.5344227426328004,up,caltech
2_39_79_381_2019-04-16 00:01:06.669853,0.0006398745020330518,0.6290783294895662,down,caltech
2_39_79_381_2019-04-16 15:28:56.440726,0.8593433541161988,0.4605976071595665,up,caltech
2_39_79_381_2019-04-25 16:27:23.243963,0.9779425991615607,1.8181176470588236,up,caltech
2_39_79_381_2019-04-26 15:28:35.426534,0.9562624254473158,1.2880670735543949,up,caltech
2_39_79_381_2019-04-30 15:14:02.803482,0.0,0.5072327840796417,up,caltech
2_39_79_381_2019-05-01 16:04:36.186567,0.12135545025726255,0.7551309287017054,up,caltech
2_39_79_381_2019-05-02 15:59:03.530775,1.1491711494126688,0.42022236280412995,down,caltech
2_39_79_381_2019-05-03 16:32:36.288429,0.0,1.7402435042617543,up,caltech
2_39_79_381_2019-05-07 15:54:48.809060,0.6037612291159433,0.6842005540635807,up,caltech
2_39_79_381_2019-05-08 18:58:17.515427,0.005668684645019248,0.08651126022813448,up,caltech
2_39_79_381_2019-05-10 16:34:13.171779,1.6316504269726262,0.5494993551746346,up,caltech
2_39_79_381_2019-05-15 16:00:04.946727,1.797900253964963,0.6886719316448503,down,caltech
2_39_79_381_2019-05-21 16:13:09.249380,2.0,0.7524537574573595,down,caltech
2_39_79_381_2019-05-24 16:46:54.559329,0.002060530444809917,0.7202184317455841,up,caltech
2_39_79_381_2019-05-29 15:20:10.176565,0.0,0.6338054829776709,up,caltech
2_39_79_381_2019-05-30 15:58:30.126870,1.468390024913051,0.7675140184852797,down,caltech
2_39_79_381_2019-06-05 16:16:21.880077,0.0,0.4519548116000229,up,caltech
2_39_79_381_2019-06-06 15:41:56.595548,0.4994462901439645,0.8083548090442324,down,caltech
2_39_79_381_2019-06-10 04:26:44.508131,0.00021818816547388066,0.8435675797036372,up,caltech
2_39_79_381_2019-06-13 23:45:10.163889,0.38460807114543577,0.7890666087017587,down,caltech
2_39_79_381_2019-06-14 15:29:59.856784,2.0,0.88069318043931,down,caltech
2_39_79_381_2019-06-18 15:41:20.487444,0.5192303298981221,0.0,down,caltech
2_39_79_381_2019-06-19 16:25:27.330834,0.007269632871383426,0.21141975144089767,up,caltech
2_39_79_381_2019-06-21 15:45:16.945873,0.0073563218390804656,0.0,up,caltech
2_39_79_381_2019-06-27 16:21:43.855813,2.0,1.1649425994995737,up,caltech
2_39_79_381_2019-07-08 21:55:49.326517,0.0004821553959260377,0.16751892950419253,up,caltech
2_39_79_381_2019-07-15 17:26:51.137130,0.0,0.39494858157314766,up,caltech
2_39_79_381_2019-07-17 15:42:13.218323,0.9588613088005554,0.6909905484770222,down,caltech
2_39_79_381_2019-07-30 15:47:35.329284,0.4267223551356393,1.4976150095399619,down,caltech
2_39_79_381_2019-08-02 16:41:11.018327,2.0,0.001745839063827548,down,caltech
2_39_79_381_2019-08-05 15:13:34.257561,0.006990926669641747,0.6977646208080064,up,caltech
2_39_79_381_2019-08-08 21:00:40.749826,0.005582527080825842,0.6219932999165496,up,caltech
2_39_79_381_2019-08-12 15:50:04.228053,0.14334604679929894,0.0,up,caltech
2_39_79_381_2019-08-16 17:16:25.106779,0.0,0.8895205593366103,up,caltech
2_39_79_381_2019-08-19 15:39:13.380905,1.287393209200438,0.4130590578617782,up,caltech
2_39_79_381_2019-08-21 17:16:50.204373,0.0,0.002309194504818866,up,caltech
2_39_79_381_2019-08-23 17:30:50.726137,0.0,0.5655295792743101,up,caltech
2_39_79_381_2019-08-28 15:56:06.017467,1.528304690708946,0.13822411957344535,up,caltech
2_39_79_381_2019-08-30 16:09:03.626587,5.323679727425998e-05,0.2624970618672011,up,caltech
2_39_79_381_2019-09-04 15:06:46.980389,2.0,0.6241798519562549,down,caltech
2_39_79_381_2019-09-06 15:38:30.163781,0.3239941937300952,0.39965861984881723,up,caltech
2_39_79_381_2019-09-18 15:34:46.045399,1.065224341026868,0.038946318594656644,up,caltech
2_39_79_381_2019-09-19 15:53:16.815617,0.0,0.2948908960875928,up,caltech
2_39_79_381_2019-09-20 19:24:23.785247,0.7406185934575273,0.438175182574301,up,caltech
2_39_79_381_2019-10-03 04:58:33.329226,0.0,0.0,up,caltech
2_39_79_381_2019-10-21 15:56:50.194835,2.0,1.1161900311398592,down,caltech
2_39_79_381_2019-10-22 17:10:06.795320,0.0,0.0,up,caltech
2_39_79_381_2019-10-25 16:35:26.355137,0.7979612701467403,0.47847287363177066,up,caltech
2_39_79_381_2019-10-29 15:25:35.882576,2.0,0.5032511246378112,down,caltech
2_39_79_381_2019-10-30 16:30:24.843730,0.011760002030868641,0.376753507014028,down,caltech
2_39_79_381_2019-11-02 15:39:48.908914,0.0,0.14927863536558256,up,caltech
2_39_79_381_2019-11-11 17:48:06.032537,0.8405092980398724,0.46752645533586734,up,caltech
2_39_79_381_2019-11-12 17:49:19.319246,0.900311839855145,0.8496234995899502,up,caltech
2_39_79_381_2019-11-13 20:45:46.370923,0.009149113853577166,0.16120464088392844,up,caltech
2_39_79_381_2019-11-18 17:30:52.135568,0.0,0.6093438817501473,up,caltech
2_39_79_381_2020-01-02 18:25:20.402594,4.3927081045459685e-05,0.3494871009885203,up,caltech
2_39_79_381_2020-01-09 18:16:11.053695,0.28664684003786456,0.9974906851190024,up,caltech
2_39_79_381_2020-01-13 16:21:09.500980,0.6438202473918919,0.17931891885160395,up,caltech
2_39_79_381_2020-01-15 17:34:40.208591,0.0,0.6102661178807693,down,caltech
2_39_79_381_2020-01-16 17:30:30.810717,0.49824072716610485,0.3803875882767898,up,caltech
2_39_79_381_2020-01-21 17:34:15.502746,2.0,0.7938308810494592,up,caltech
2_39_79_381_2020-01-23 15:01:04.022791,1.9669053440447084,0.7394787514035417,up,caltech
2_39_79_381_2020-01-30 15:49:43.167580,0.0,0.4811988449331846,up,caltech
2_39_79_381_2020-03-06 18:40:27.645098,0.0,0.0,down,caltech
2_39_79_381_2020-03-09 17:39:21.300829,1.7336431089672673,0.6691404079688866,up,caltech
2_39_79_382_2018-11-06 16:14:10.659502,0.5979647280931989,1.5266597177678,up,caltech
2_39_79_382_2018-11-08 14:59:44.775419,1.2612491644142183,0.7496713278355445,down,caltech
2_39_79_382_2018-11-15 15:45:30.187473,1.7168566291071137,1.0291387793874818,down,caltech
2_39_79_382_2018-11-17 04:46:44.079714,1.0007876220814227,0.6355310852372585,up,caltech
2_39_79_382_2018-11-19 15:58:20.256597,1.0892348585532563,0.5179740721302225,down,caltech
2_39_79_382_2018-11-26 15:07:36.636088,2.0,1.069996692746196,down,caltech
2_39_79_382_2018-12-03 20:28:13.567529,0.7446372798668283,0.9509408602150539,up,caltech
2_39_79_382_2018-12-03 23:42:38.047613,0.40497520688568633,0.0,up,caltech
2_39_79_382_2018-12-04 16:50:49.506306,0.5798810893747602,0.25030704663824965,up,caltech
2_39_79_382_2018-12-07 15:58:43.775893,0.0,0.7449546356214641,down,caltech
2_39_79_382_2018-12-10 16:07:08.462189,0.8488379537742491,0.7026948373202958,up,caltech
2_39_79_382_2018-12-11 17:06:26.074944,1.099075474869726,1.2780050563088945,up,caltech
2_39_79_382_2018-12-15 21:04:01.149589,0.053988298673462845,0.06045994929870746,down,caltech
2_39_79_382_2018-12-17 15:33:10.777838,0.7268882978723408,0.30434376581963224,down,caltech
2_39_79_382_2018-12-18 16:55:00.127200,0.2787244094488188,0.5807524387100892,up,caltech
2_39_79_382_2018-12-19 15:45:45.736676,1.6624885144725887,1.7435391730141458,down,caltech
2_39_79_382_2018-12-20 17:21:43.798794,0.0,1.199713143607891,up,caltech
2_39_79_382_2018-12-21 16:34:16.432786,1.8129120805188514,1.2113449382196548,down,caltech
2_39_79_382_2018-12-23 03:27:06.061432,0.058814408512535096,0.19514501760804817,up,caltech
2_39_79_382_2019-01-02 15:53:25.247434,0.26413206603301626,0.026952206842517458,down,caltech
2_39_79_382_2019-02-08 17:09:08.351841,0.24604604604604588,0.006516828772821372,up,caltech
2_39_79_382_2019-02-12 16:22:20.742291,0.3670212765957448,0.7652171644207103,up,caltech
2_39_79_382_2019-02-19 16:37:47.720000,1.3814324080084508,0.4492884669548748,up,caltech
2_39_79_382_2019-02-20 16:18:48.021494,0.007266639049985816,0.1121542879446865,down,caltech
2_39_79_382_2019-02-21 23:16:22.145616,0.2951007480288431,0.7767498093307603,up,caltech
2_39_79_382_2019-02-22 21:01:07.668070,0.0,0.20966949280558464,up,caltech
2_39_79_382_2019-03-05 17:14:19.323414,0.7718704108850061,0.9375030972616691,up,caltech
2_39_79_382_2019-03-19 17:21:30.147257,0.12630648632032018,0.9247298761835978,down,caltech
2_39_79_382_2019-03-28 16:01:31.903518,0.5554399220661963,1.0206914445093076,up,caltech
2_39_79_382_2019-04-08 15:47:55.855960,1.1,1.4159370405026066,down,caltech
2_39_79_382_2019-04-09 15:55:55.915248,0.7673972995236561,0.41347843164043213,down,caltech
2_39_79_382_2019-04-10 14:52:59.977664,0.35910075435058664,1.2290220495241582,down,caltech
2_39_79_382_2019-04-11 15:32:19.781834,0.0,0.7892027161174167,up,caltech
2_39_79_382_2019-04-15 14:51:18.306209,0.012452643825218648,0.1661596590508501,down,caltech
2_39_79_382_2019-04-16 15:43:37.281749,0.08792048929663615,0.6495857361783857,down,caltech
2_39_79_382_2019-04-17 15:05:00.537965,0.00457322547053168,0.41453004970849694,down,caltech
2_39_79_382_2019-04-19 15:44:04.334690,0.42335592817219736,1.1475485601208146,down,caltech
2_39_79_382_2019-04-22 15:04:37.233934,1.0944126704795425,1.0949430382807077,down,caltech
2_39_79_382_2019-04-29 14:33:08.828313,0.7706279539602704,1.8059777676951008,down,caltech
2_39_79_382_2019-05-03 15:38:39.008387,0.9442352015290346,0.7694303213356826,up,caltech
2_39_79_382_2019-05-07 15:54:53.500492,0.8114513698775491,1.1996695780552749,up,caltech
2_39_79_382_2019-05-16 18:24:48.377292,0.8214059788895316,2.0,up,caltech
2_39_79_382_2019-05-22 16:01:48.641638,0.4762558907141358,0.9418772084881969,up,caltech
2_39_79_382_2019-05-23 16:16:58.316615,0.0,0.593452444634642,up,caltech
2_39_79_382_2019-05-29 15:57:00.110717,0.7386688286618797,0.05143151331407513,up,caltech
2_39_79_382_2019-06-04 15:12:59.643150,0.2237552587509695,0.8127661511125173,down,caltech
2_39_79_382_2019-06-07 17:01:47.690372,0.9873675898053488,0.002229770925877755,up,caltech
2_39_79_382_2019-06-14 15:42:06.784542,0.6511885463769351,0.0,up,caltech
2_39_79_382_2019-06-18 16:08:52.246454,1.631746872477805,1.1265975037763305,down,caltech
2_39_79_382_2019-06-19 15:53:33.337460,0.0,0.676785387003814,up,caltech
2_39_79_382_2019-06-21 16:30:34.860977,0.17568715837938473,0.3223180071180075,up,caltech
2_39_79_382_2019-06-24 15:42:28.233321,1.05783800731938,0.39093202164520374,down,caltech
2_39_79_382_2019-06-25 15:35:06.310577,1.5991989465598595,0.7034248713977181,down,caltech
2_39_79_382_2019-06-27 16:35:53.999787,1.475893326326852,1.5242177396293897,up,caltech
2_39_79_382_2019-07-03 17:14:03.875924,0.0,0.3253978927229773,up,caltech
2_39_79_382_2019-07-08 22:35:06.852234,1.1852006108565876,0.0,up,caltech
2_39_79_382_2019-07-11 17:04:55.321389,2.0,2.0,up,caltech
2_39_79_382_2019-07-23 18:38:23.506181,0.003914654554147748,0.25918439583611885,up,caltech
2_39_79_382_2019-07-24 15:58:07.783529,0.9806195220207959,0.505014163345364,down,caltech
2_39_79_382_2019-08-05 17:03:44.900627,0.589011937293255,0.7171743927178049,down,caltech
2_39_79_382_2019-08-09 17:26:26.626413,0.8890149366609945,0.0,up,caltech
2_39_79_382_2019-08-12 16:20:52.037055,0.8986570364518672,0.4237394806876213,up,caltech
2_39_79_382_2019-08-14 16:15:35.530978,1.7870421498251423,0.1913360139594873,up,caltech
2_39_79_382_2019-08-19 15:54:00.296133,0.7588833296153478,0.8030590016594155,up,caltech
2_39_79_382_2019-08-20 15:43:09.647303,0.656290053832351,1.0193282659077534,up,caltech
2_39_79_382_2019-08-21 16:56:15.431298,0.770880800222284,0.9873497776805635,up,caltech
2_39_79_382_2019-08-23 19:18:41.533122,1.2727522159043398,0.40616977149925904,down,caltech
2_39_79_382_2019-08-28 16:24:53.083673,1.7725744177357083,0.8556808989398267,down,caltech
2_39_79_382_2019-09-06 15:17:42.839693,0.01160211076789638,0.322105186362514,down,caltech
2_39_79_382_2019-09-17 00:33:50.767164,0.014539431305788098,0.6427276310603073,down,caltech
2_39_79_382_2019-09-17 15:44:09.408715,2.0,0.509916552007319,down,caltech
2_39_79_382_2019-09-19 20:12:56.659252,1.999276847053152,0.3584642102083966,down,caltech
2_39_79_382_2019-09-20 16:31:43.830866,1.977439988995116,0.9735547902052459,up,caltech
2_39_79_382_2019-09-25 17:40:38.626387,1.8312965250720643,1.2628672489060602,down,caltech
2_39_79_382_2019-09-30 16:29:24.046021,0.6906946264744428,2.0,up,caltech
2_39_79_382_2019-10-01 17:40:47.232058,0.7800211859187542,0.5870446172738435,up,caltech
2_39_79_382_2019-10-04 19:07:14.889154,2.0,1.2827431002077356,down,caltech
2_39_79_382_2019-10-08 17:18:50.631632,2.0,0.9880439016729374,down,caltech
2_39_79_382_2019-10-24 16:49:34.542568,0.0,1.1769011868832562,up,caltech
2_39_79_382_2019-10-28 15:55:36.715547,1.610625173532097,1.2161003898261413,down,caltech
2_39_79_382_2019-11-04 16:28:37.418426,2.0,1.1288952168273574,down,caltech
2_39_79_382_2019-11-06 21:13:51.278159,0.5457761317923502,0.0,up,caltech
2_39_79_382_2019-11-07 17:36:58.387093,0.3905183312262957,0.7551833196673301,up,caltech
2_39_79_382_2020-01-08 16:51:21.322414,0.0,0.5855228928199788,down,caltech
2_39_79_382_2020-01-10 15:59:42.282278,0.932287061597406,0.6730395905641509,up,caltech
2_39_79_382_2020-01-13 17:34:34.281043,0.6982948294829482,0.07300621610898028,up,caltech
2_39_79_382_2020-01-15 16:14:17.222888,1.2608230320543694,0.5984417697484221,down,caltech
2_39_79_382_2020-01-17 17:34:47.009518,1.0540166204986152,0.03441394477478207,up,caltech
2_39_79_382_2020-01-21 15:56:20.563765,1.1410109552957326,0.6145458732677275,down,caltech
2_39_79_382_2020-01-29 15:45:32.883371,1.0544225192283445,0.675389778981285,up,caltech
2_39_79_383_2018-11-08 16:56:37.364867,0.6903032534475833,0.8245239274366251,up,caltech
2_39_79_383_2018-11-14 17:35:13.537711,0.0,0.8628178284587961,up,caltech
2_39_79_383_2018-11-19 16:11:19.728825,0.7272455146723427,1.0213300728607422,up,caltech
2_39_79_383_2018-11-20 16:12:26.463216,0.5211331225398462,0.0,up,caltech
2_39_79_383_2018-11-21 16:13:56.856963,0.6634400595681311,2.0,up,caltech
2_39_79_383_2018-11-21 23:34:07.246931,0.0026868262464440082,0.1956815125519886,up,caltech
2_39_79_383_2018-11-25 01:28:35.141237,0.003204997067768632,0.0,up,caltech
2_39_79_383_2018-11-26 16:34:01.087765,0.7615328437175799,0.0,up,caltech
2_39_79_383_2018-11-27 17:29:35.429523,0.0033736370506315533,0.0022636577888838897,up,caltech
2_39_79_383_2018-11-29 16:42:52.110745,0.7081651362011585,0.33870881888692395,up,caltech
2_39_79_383_2018-11-30 16:04:42.210238,2.0,0.2689985036340316,down,caltech
2_39_79_383_2018-12-03 16:38:52.351539,0.7275387584832823,0.13636016760572275,up,caltech
2_39_79_383_2018-12-07 18:04:20.033558,0.0,1.185729527229048,down,caltech
2_39_79_383_2018-12-11 16:57:39.215433,0.1466490917329157,1.3817925812145464,down,caltech
2_39_79_383_2018-12-13 17:20:55.388504,0.0,0.05203482375667037,up,caltech
2_39_79_383_2018-12-17 16:43:38.466455,0.0,0.509979744503637,up,caltech
2_39_79_383_2018-12-18 15:14:48.840966,0.041291644277270174,0.5575647067834645,down,caltech
2_39_79_383_2018-12-19 16:59:14.297452,0.00047188890386898823,0.2551947112798657,down,caltech
2_39_79_383_2019-01-07 16:57:28.977434,2.0,0.6548661158281752,down,caltech
2_39_79_383_2019-01-09 17:10:09.438930,2.0,1.3846404087288633,up,caltech
2_39_79_383_2019-01-11 22:13:22.109339,0.0,2.0,up,caltech
2_39_79_383_2019-01-15 19:44:54.951141,0.1499165275459091,0.3201296504271496,down,caltech
2_39_79_383_2019-01-17 18:27:37.601685,0.41972734335960565,0.5392154426126141,up,caltech
2_39_79_383_2019-01-18 17:42:20.219070,1.0589630931458698,0.8114827176597426,up,caltech
2_39_79_383_2019-01-23 18:53:23.487093,0.0,0.08764553602456286,up,caltech
2_39_79_383_2019-01-28 18:14:00.280813,0.02427287379363383,0.29498415780866716,up,caltech
2_39_79_383_2019-01-30 18:09:35.476434,2.0,0.7684243463872664,up,caltech
2_39_79_383_2019-02-04 16:49:51.617317,0.8772232497675838,1.2610242701863452,up,caltech
2_39_79_383_2019-02-06 16:21:45.242748,0.34727811904257594,0.48791460087677696,up,caltech
2_39_79_383_2019-02-07 20:00:35.558200,0.0,0.8650150370424705,up,caltech
2_39_79_383_2019-02-11 19:22:00.442740,1.1210507286683724,0.6478075949384854,down,caltech
2_39_79_383_2019-02-12 16:59:52.248531,0.003997173575703995,0.2046961543312685,up,caltech
2_39_79_383_2019-02-12 21:00:59.039000,2.0,0.7579785365597431,down,caltech
2_39_79_383_2019-02-13 18:26:02.214433,0.0020642658177477476,0.24876571384406027,up,caltech
2_39_79_383_2019-02-13 22:46:46.729252,0.0017068082685378987,0.26871926838256005,up,caltech
2_39_79_383_2019-02-14 17:45:54.199177,0.4296727979117344,0.531147543832173,up,caltech
2_39_79_383_2019-02-19 16:15:02.290093,0.0,0.42805254487094,up,caltech
2_39_79_383_2019-02-20 17:40:08.889707,0.0,1.2249059299003553,up,caltech
2_39_79_383_2019-02-21 19:50:30.679643,0.0,0.966040584600777,up,caltech
2_39_79_383_2019-02-22 18:20:52.989940,1.157570904800034,2.0,up,caltech
2_39_79_383_2019-02-25 17:06:37.271612,2.0,1.0680732206073518,up,caltech
2_39_79_383_2019-02-26 20:29:45.119387,0.5100775193798445,0.1623368918621949,up,caltech
2_39_79_383_2019-02-27 16:34:28.519277,0.006615048739367197,0.0,up,caltech
2_39_79_383_2019-02-28 17:24:48.712692,0.8917607457310746,1.0,down,caltech
2_39_79_383_2019-03-04 15:45:39.834081,0.017664604336560072,0.8171902407909424,down,caltech
2_39_79_383_2019-03-18 17:44:55.868046,0.622857060222844,1.1223990298542406,up,caltech
2_39_79_383_2019-03-19 18:27:28.680241,0.6318351734330174,0.8895211681146389,up,caltech
2_39_79_383_2019-03-20 15:41:06.662155,1.5437262357414454,0.603567925008175,down,caltech
2_39_79_383_2019-03-25 15:42:20.096968,0.1525765101910959,0.5027036785904491,down,caltech
2_39_79_383_2019-03-27 17:16:34.439419,0.3779493211052882,0.7984359132605006,up,caltech
2_39_79_383_2019-04-02 15:19:38.412560,2.0,0.5094445177817644,down,caltech
2_39_79_383_2019-04-03 15:20:56.638371,0.8668208483754511,0.33859513805424885,up,caltech
2_39_79_383_2019-04-05 17:01:13.840069,1.4447778340935975,0.2869129501876763,down,caltech
2_39_79_383_2019-04-09 16:03:59.807942,0.7265223122427981,0.9551060471190824,up,caltech
2_39_79_383_2019-04-10 15:18:25.018379,2.0,0.5793082180578687,down,caltech
2_39_79_383_2019-04-11 20:58:29.444009,0.9944710691756767,1.5970762961508247,up,caltech
2_39_79_383_2019-04-14 03:18:45.491198,0.0,0.08480924759018758,down,caltech
2_39_79_383_2019-04-19 15:30:27.304553,2.0,0.0,down,caltech
2_39_79_383_2019-04-22 15:43:22.859011,1.7368474404460215,1.1574670776127767,down,caltech
2_39_79_383_2019-04-24 15:00:25.425249,1.1099576490032022,1.2874113093958286,down,caltech
2_39_79_383_2019-04-29 19:25:12.561009,0.917899008548981,0.0,up,caltech
2_39_79_383_2019-05-02 15:47:40.138227,0.1813057014023707,1.744344737334081,down,caltech
2_39_79_383_2019-05-07 16:08:12.047206,1.4326798052163272,0.22607030906153497,up,caltech
2_39_79_383_2019-05-09 17:03:57.244871,1.9234481610916958,0.15868859681448694,down,caltech
2_39_79_383_2019-05-15 03:20:46.888816,0.05507129766215187,0.4397863210010124,down,caltech
2_39_79_383_2019-05-16 16:05:52.032632,0.0,0.5918838094234733,down,caltech
2_39_79_383_2019-05-17 16:51:30.206114,1.282284638317904,0.359761159066025,up,caltech
2_39_79_383_2019-05-21 16:52:08.440633,0.967732307488227,1.0439857640668997,up,caltech
2_39_79_383_2019-05-22 15:46:07.765295,0.6297753390620147,0.5842481123087135,up,caltech
2_39_79_383_2019-05-23 19:14:31.638715,1.1492989165073293,0.47101420209361755,up,caltech
2_39_79_383_2019-06-03 14:16:05.937712,0.08798400290856206,0.27632866615070545,up,caltech
2_39_79_383_2019-06-12 17:01:30.194788,0.004534606205250628,0.0011708143387388458,up,caltech
2_39_79_383_2019-06-18 16:50:38.548402,1.1913523459061635,0.5328775560482878,up,caltech
2_39_79_383_2019-06-19 16:49:03.665009,1.3562951238554237,2.0,down,caltech
2_39_79_383_2019-06-21 15:40:49.022496,0.40439604157342496,0.5502347543341515,up,caltech
2_39_79_383_2019-06-24 16:02:37.796424,0.0,0.003671087800802579,up,caltech
2_39_79_383_2019-06-25 16:54:49.225685,0.0,0.007211636127249844,up,caltech
2_39_79_383_2019-07-18 04:55:34.075670,0.05090226979345964,0.0,up,caltech
2_39_79_383_2019-07-23 18:49:32.199099,0.7206366178647803,0.7407471663196854,up,caltech
2_39_79_383_2019-07-24 19:15:32.640029,1.0519529949093673,0.320210812302527,up,caltech
2_39_79_383_2019-07-25 16:00:09.234703,1.3523464423271845,1.2244241761472479,down,caltech
2_39_79_383_2019-07-26 19:16:51.335556,0.0,0.005865615754294046,up,caltech
2_39_79_383_2019-07-29 14:54:19.871856,0.06539373116778147,1.115427424871099,down,caltech
2_39_79_383_2019-07-31 18:44:07.400331,0.0,0.282394252457268,up,caltech
2_39_79_383_2019-08-06 14:42:41.326105,1.2411921732036781,0.6769119663141401,down,caltech
2_39_79_383_2019-08-14 16:56:17.559089,0.008382507031379247,0.0023831391743308413,up,caltech
2_39_79_383_2019-08-16 21:45:06.116793,0.0,0.5612574231098771,up,caltech
2_39_79_383_2019-08-21 15:43:41.358095,0.0,0.08578108864094039,up,caltech
2_39_79_383_2019-08-28 15:38:35.282175,2.0,0.0702586184184196,down,caltech
2_39_79_383_2019-08-29 15:36:25.156818,0.009376527940815381,1.5369450529108692,down,caltech
2_39_79_383_2019-08-30 15:00:13.822189,0.8343837535014001,0.6848717704920864,up,caltech
2_39_79_383_2019-09-05 15:40:35.669156,2.0,0.08820883041757852,down,caltech
2_39_79_383_2019-09-11 15:46:46.021859,0.5305659298439985,0.3119283266579492,up,caltech
2_39_79_383_2019-09-16 15:01:45.966775,0.0,0.0,up,caltech
2_39_79_383_2019-09-23 18:10:06.614966,0.6757333333333334,0.6784900058321399,up,caltech
2_39_79_383_2019-09-25 15:06:39.933087,0.003790340047650295,0.0,down,caltech
2_39_79_383_2019-09-30 15:04:29.167926,0.0,0.44291524486150013,up,caltech
2_39_79_383_2019-10-04 15:20:22.118637,0.4247501116604292,0.0,up,caltech
2_39_79_383_2019-10-07 16:01:32.936869,1.7866857142857144,1.5038826300044552,up,caltech
2_39_79_383_2019-10-09 15:22:50.633069,0.749835750745439,1.3202697008006743,up,caltech
2_39_79_383_2019-10-15 14:45:42.101696,0.0,0.3678867877561063,up,caltech
2_39_79_383_2019-10-17 15:41:16.413624,0.723366114680977,0.8473464669816062,up,caltech
2_39_79_383_2019-10-21 15:38:29.745650,0.8381059751972942,0.0,up,caltech
2_39_79_383_2019-10-22 15:36:59.194538,2.0,0.6187903662948349,down,caltech
2_39_79_383_2019-10-25 16:06:00.587252,0.42414134819538823,0.00040512775993282004,up,caltech
2_39_79_383_2019-10-30 20:06:30.114754,2.0,0.0,down,caltech
2_39_79_383_2019-10-31 15:04:53.987631,2.0,0.32039645439964526,down,caltech
2_39_79_383_2019-11-01 15:59:04.798455,0.0004901308915442508,0.33576766722229123,up,caltech
2_39_79_383_2019-11-04 15:03:30.032641,0.0,0.9678298437475096,up,caltech
2_39_79_383_2019-11-08 17:43:56.112643,0.9122056303288182,1.3264934426932402,up,caltech
2_39_79_383_2019-11-11 17:25:51.542693,1.6527334417474755,0.8480501883786183,down,caltech
2_39_79_383_2019-11-22 16:30:34.699176,2.0,0.7297935481192629,down,caltech
2_39_79_383_2019-11-27 21:28:14.502130,1.3497033859136855,0.3422925758545932,down,caltech
2_39_79_383_2020-01-15 21:55:34.319417,0.0,1.1508668714970627,down,caltech
2_39_79_383_2020-01-16 18:31:58.271901,0.3643299592083392,0.4428480602373589,up,caltech
2_39_79_383_2020-01-21 14:51:31.184574,0.0,0.0,up,caltech
2_39_79_383_2020-01-28 16:35:39.514074,0.0009381075413658235,0.1354717848691912,up,caltech
2_39_79_383_2020-01-29 14:57:27.460060,1.8888804032381235,0.304513864619349,up,caltech
2_39_79_383_2020-01-30 18:31:46.211414,0.9580640629390277,0.48186990474355784,up,caltech
2_39_79_383_2020-03-03 19:48:21.440417,2.0,1.5152936491534055,down,caltech
2_39_79_383_2020-03-09 13:53:04.436432,0.00096800958790469,1.3836446136240714,up,caltech
2_39_79_383_2020-03-11 20:25:17.302310,0.004493263659307838,1.0930317741591598,down,caltech
2_39_83_386_2018-11-26 16:26:50.659363,0.007745310649874882,0.003876363572538131,down,caltech
2_39_83_386_2018-11-27 03:12:08.330759,0.000538472438713275,0.004472984942426877,up,caltech
2_39_83_386_2018-12-04 03:19:33.207747,0.004493420348775226,0.0,up,caltech
2_39_83_386_2018-12-13 15:49:35.741352,0.0,0.24624320098058958,down,caltech
2_39_83_386_2018-12-19 17:28:37.757523,0.3882352410833426,0.28277380737051566,down,caltech
2_39_83_386_2018-12-20 17:27:09.832202,1.0303022283385381,0.3090241571080996,down,caltech
2_39_83_386_2018-12-24 15:33:21.188389,0.17307318022576856,0.0023043516795179003,down,caltech
2_39_83_386_2019-01-05 19:25:44.927488,0.0,0.0,down,caltech
2_39_83_386_2019-01-16 17:25:15.747808,2.0,0.7906224210134053,down,caltech
2_39_83_386_2019-01-17 16:54:33.294546,2.0,0.816607814725561,down,caltech
2_39_83_386_2019-01-22 18:09:31.053737,0.006389038565160311,0.18475132542287295,down,caltech
2_39_83_386_2019-01-24 16:21:16.726953,0.0,0.0,up,caltech
2_39_83_386_2019-01-28 16:35:40.980347,0.765163714439077,0.5093658316407131,up,caltech
2_39_83_386_2019-01-31 17:33:46.937563,2.0,0.0,down,caltech
2_39_83_386_2019-02-07 16:35:49.925701,0.0,0.0,down,caltech
2_39_83_386_2019-02-12 17:19:17.337977,0.0,0.6858893763285242,down,caltech
2_39_83_386_2019-02-20 17:41:08.505521,0.0,0.12989755220145438,down,caltech
2_39_83_386_2019-02-24 22:11:43.007053,0.013188518231186993,0.007586036758357031,up,caltech
2_39_83_386_2019-02-25 16:24:16.540251,2.0,0.013196418615001307,down,caltech
2_39_83_386_2019-04-16 21:06:19.684621,0.05254194172829681,0.0,down,caltech
2_39_83_386_2019-05-16 18:19:40.147213,0.00135277617522433,0.2248638142947085,up,caltech
2_39_83_387_2018-12-13 17:15:37.037623,0.7456005846779972,0.005044456541462586,up,caltech
2_39_83_387_2019-01-14 00:20:20.674352,0.0,0.2654240078253723,down,caltech
2_39_88_24_2018-11-05 16:03:51.357923,2.0,0.7856742021781166,down,caltech
2_39_88_24_2018-11-15 16:06:20.077681,0.0,0.0,up,caltech
2_39_88_24_2018-11-20 19:19:01.100161,0.008818322939077871,1.3606067584126973,up,caltech
2_39_88_24_2018-11-26 15:15:20.057732,1.481055019852524,0.804058501256625,down,caltech
2_39_88_24_2018-11-26 19:36:27.992117,2.0,1.0964807340201317,up,caltech
2_39_88_24_2018-11-27 16:52:40.131740,0.6329169669308993,1.486281165393785,down,caltech
2_39_88_24_2018-11-28 15:05:59.975258,2.0,1.049601290206971,down,caltech
2_39_88_24_2018-11-29 20:14:29.125363,0.0,0.32927028734991276,down,caltech
2_39_88_24_2018-11-30 15:09:32.282225,0.0,0.0,down,caltech
2_39_88_24_2018-12-01 01:40:34.566444,0.7726449840814035,0.629961077929408,up,caltech
2_39_88_24_2018-12-04 19:38:28.608823,0.053989850651720205,0.14500628937989327,down,caltech
2_39_88_24_2018-12-07 15:04:15.667708,0.010466396901411788,0.001271201198063816,down,caltech
2_39_88_24_2018-12-17 16:16:38.519454,1.6024788494077833,2.0,up,caltech
2_39_88_24_2019-01-08 18:22:54.132051,1.8760284864827494,0.0,down,caltech
2_39_88_24_2019-01-11 18:14:23.017474,0.0,0.7854167353952922,up,caltech
2_39_88_24_2019-01-15 18:08:33.802226,0.7316035474592517,0.441819852104166,up,caltech
2_39_88_24_2019-02-01 18:33:22.677967,0.0,0.0,up,caltech
2_39_88_24_2019-02-21 16:00:40.245182,0.0,0.9407721198357932,up,caltech
2_39_88_24_2019-03-01 17:46:49.364018,1.3846977709351367,1.3822657691914912,up,caltech
2_39_88_24_2019-03-04 17:55:06.657883,0.18396288127129434,0.7061768864001776,up,caltech
2_39_88_24_2019-04-16 13:31:13.574288,0.0,0.0017004543401438206,down,caltech
2_39_88_24_2019-04-17 13:42:19.437693,0.0021663290569434554,0.0,down,caltech
2_39_88_24_2019-05-01 13:33:13.958599,0.4562880485210574,0.8654608616848543,down,caltech
2_39_88_24_2019-05-13 13:32:48.775268,1.0515647527775422,0.6679988443759628,down,caltech
2_39_88_24_2019-05-17 13:31:10.087649,0.0,0.0,up,caltech
2_39_88_24_2019-05-20 13:31:33.862922,2.0,0.5354377605717687,down,caltech
2_39_88_24_2019-08-01 22:21:16.486857,0.0,0.0,up,caltech
2_39_88_24_2019-08-14 16:50:04.489913,2.0,0.7402579047057412,down,caltech
2_39_88_24_2019-08-20 16:46:51.767993,0.7204173913043476,0.9554808271431439,up,caltech
2_39_88_24_2019-09-05 22:57:07.277622,0.0014216535607980622,0.003609388839681179,up,caltech
2_39_88_24_2019-10-28 16:35:28.509829,1.4168106238143068,1.2489615065078925,down,caltech
2_39_88_24_2020-01-14 18:22:55.099175,1.5167939497293688,0.006539340856994107,up,caltech
2_39_88_24_2020-03-05 18:40:18.887502,0.0,0.0,up,caltech
2_39_88_24_2020-03-09 16:38:16.588726,2.0,0.45498975982126266,down,caltech
2_39_88_438_2018-11-13 17:06:37.077334,0.4625988326365027,0.0,up,caltech
2_39_88_438_2018-11-26 17:44:49.946078,0.8941472656299668,0.0030729149270182833,up,caltech
2_39_88_438_2018-11-27 16:59:03.677989,2.0,1.1025042413109083,down,caltech
2_39_88_438_2018-12-04 18:10:32.265866,0.18480481391585746,0.0,down,caltech
2_39_88_438_2018-12-07 22:26:32.657211,2.0,0.0,up,caltech
2_39_88_438_2018-12-12 16:30:32.009140,0.0035375075531359442,0.530556264799468,up,caltech
2_39_88_438_2019-01-02 20:01:24.000119,0.34920653831490656,0.20517849934939925,up,caltech
2_39_88_438_2019-01-07 16:06:23.670058,1.7027095403142176,0.5040222395691296,down,caltech
2_39_88_438_2019-01-10 20:30:46.385567,0.040242732371240535,0.35633612840788725,down,caltech
2_39_88_438_2019-01-11 17:17:46.968327,1.2546075455760246,0.030786024622458205,up,caltech
2_39_88_438_2019-01-14 17:19:37.218104,1.472521741581746,0.06191927118894113,down,caltech
2_39_88_438_2019-01-16 17:27:52.760440,0.0,0.0,up,caltech
2_39_88_438_2019-01-17 17:31:41.149958,0.00732099279804746,0.1913971509357714,up,caltech
2_39_88_438_2019-01-22 16:55:41.987190,0.8135084093988205,1.0992379330835031,down,caltech
2_39_88_438_2019-02-05 17:31:07.104912,0.06887401095556879,0.5741669577268543,down,caltech
2_39_88_438_2019-02-07 17:00:13.672124,0.0,0.0,up,caltech
2_39_88_438_2019-02-20 17:51:29.223556,0.0,0.0030267054993807657,up,caltech
2_39_88_438_2019-03-12 16:16:23.455854,0.0,0.0,up,caltech
2_39_88_438_2019-03-13 15:43:04.996934,0.6043629978662871,0.7080921455379441,up,caltech
2_39_88_438_2019-03-19 16:12:29.090616,0.6460802023121388,0.2306368330464718,up,caltech
2_39_88_438_2019-04-16 17:09:06.227643,2.0,0.31976517245148106,down,caltech
2_39_88_438_2019-04-17 17:02:43.920111,0.18097817866816984,0.0,down,caltech
2_39_88_438_2019-04-22 16:32:06.955578,0.9716825296940135,0.49025860766481355,up,caltech
2_39_88_438_2019-09-23 17:06:46.772788,1.3340896714467236,0.7987353028356883,up,caltech
2_39_88_438_2019-09-26 17:45:51.658923,0.0,0.0035818931728845106,up,caltech
2_39_88_438_2019-10-29 17:14:06.268915,1.1639198218262805,0.7654218863402642,down,caltech
2_39_88_438_2020-01-21 18:09:14.007267,0.3141362129891794,0.43115009764328915,up,caltech
2_39_89_25_2018-11-05 16:13:39.918651,1.8972845755900458,0.23212048388818576,down,caltech
2_39_89_25_2018-11-15 16:17:08.386267,2.0,0.0,down,caltech
2_39_89_25_2018-11-26 17:02:21.660868,1.092994978677114,0.1091335674333411,up,caltech
2_39_89_25_2018-11-27 14:26:39.680240,0.0,0.0010677173065414523,up,caltech
2_39_89_25_2018-11-27 16:14:01.025390,0.0,1.1167594006909567,up,caltech
2_39_89_25_2018-11-29 16:37:54.700905,0.00031515915537342894,0.5390967262231157,down,caltech
2_39_89_25_2018-12-13 16:43:26.890704,2.0,2.0,down,caltech
2_39_89_25_2018-12-15 04:34:27.537341,0.0,0.04971393227153263,down,caltech
2_39_89_25_2018-12-18 16:44:40.478171,1.3629166456967243,0.31444502247217415,up,caltech
2_39_89_25_2018-12-20 16:28:17.891243,0.9429576766775698,1.0388214777265474,up,caltech
2_39_89_25_2018-12-21 16:32:53.702323,2.0,0.9308894892707527,down,caltech
2_39_89_25_2019-01-02 17:07:42.946454,0.41686037318153035,0.0,up,caltech
2_39_89_25_2019-01-05 06:38:52.714347,0.0,0.48903068014205553,down,caltech
2_39_89_25_2019-01-07 17:15:16.680788,0.2990228796488383,1.365723393251074,down,caltech
2_39_89_25_2019-01-09 17:05:58.905229,0.833548296789546,0.8797856755438572,up,caltech
2_39_89_25_2019-01-11 17:44:00.403582,0.0,0.0,down,caltech
2_39_89_25_2019-01-13 02:03:35.987520,0.0,0.6548044413134304,down,caltech
2_39_89_25_2019-01-15 16:55:25.024057,0.1577022656207982,0.6674097614191525,down,caltech
2_39_89_25_2019-01-16 16:26:58.117269,0.8981103443292264,0.49369682726204467,down,caltech
2_39_89_25_2019-01-17 16:56:30.807185,0.1799125916101003,0.07221936266624981,down,caltech
2_39_89_25_2019-01-23 16:41:05.273611,0.060009431737797374,0.0,down,caltech
2_39_89_25_2019-02-11 16:51:30.837076,0.4972714695634351,0.0,up,caltech
2_39_89_25_2019-02-19 17:02:42.780853,0.37002172338884926,0.47448835767040665,up,caltech
2_39_89_25_2019-02-20 03:52:19.890680,0.10829046447476333,0.00309944530222455,down,caltech
2_39_89_25_2019-02-27 17:07:16.604698,2.0,1.2747446975648073,down,caltech
2_39_89_25_2019-03-08 14:06:58.131313,0.403594747896158,1.321073709824597,up,caltech
2_39_89_25_2019-03-14 16:40:04.065703,0.324245577523413,0.4767245352588726,up,caltech
2_39_89_25_2019-04-15 13:28:35.774913,0.0,0.366296079578701,down,caltech
2_39_89_25_2019-04-15 15:19:59.304805,1.0678708419288296,0.03009913964033873,up,caltech
2_39_89_25_2019-04-17 15:44:36.491655,1.0109476757242313,0.7596269055650793,down,caltech
2_39_89_25_2019-04-26 15:27:39.430147,1.2812127216065046,0.8062246254910771,up,caltech
2_39_89_25_2019-05-07 16:07:37.287403,0.9291519066472177,0.0,down,caltech
2_39_89_25_2019-05-30 16:09:29.202899,2.0,0.8258042630180358,down,caltech
2_39_89_25_2019-08-14 16:15:32.563607,0.8386474120674862,0.7560507947186946,up,caltech
2_39_89_25_2019-08-21 16:50:31.195534,0.5023616647379027,0.6699609285221789,up,caltech
2_39_89_25_2019-08-27 16:48:47.564334,0.8713280926768721,0.8314104171891982,up,caltech
2_39_89_25_2019-09-11 15:55:16.887185,0.03535422529439101,0.0,up,caltech
2_39_89_25_2019-09-23 16:41:36.165863,0.516322132652247,0.5258190766419234,up,caltech
2_39_89_25_2019-10-08 15:47:32.000440,0.0,0.0024528369945533497,up,caltech
2_39_89_25_2019-10-28 15:40:51.021428,0.0,0.46856440128097243,up,caltech
2_39_89_25_2019-10-29 16:17:01.599233,0.9934014370203823,0.7603004677941709,up,caltech
2_39_89_25_2020-01-13 17:49:41.334141,0.6521588046216661,1.0087111337190813,up,caltech
2_39_89_25_2020-01-17 14:57:45.725587,0.0,0.0,up,caltech
2_39_89_25_2020-03-05 17:09:24.354256,0.040772347211447076,0.0,down,caltech
2_39_89_25_2020-03-06 17:25:44.841953,0.0,0.002772277227722819,down,caltech
2_39_89_25_2020-03-11 16:30:13.447363,0.0,0.44508839527677235,down,caltech
2_39_89_439_2018-11-05 17:59:21.683966,0.04362093855928159,0.0,down,caltech
2_39_89_439_2018-11-20 18:22:14.114257,0.0,0.0,up,caltech
2_39_89_439_2018-11-26 16:48:35.468075,0.021583202921230622,0.770188818053895,down,caltech
2_39_89_439_2018-11-27 22:16:01.922444,0.0,0.6145158071933927,down,caltech
2_39_89_439_2018-11-28 17:07:48.147366,0.9872923588039865,0.0,up,caltech
2_39_89_439_2018-12-13 17:23:06.199914,0.0,1.0359110884765312,up,caltech
2_39_89_439_2018-12-18 17:31:25.294113,0.013346680013346813,0.0,up,caltech
2_39_89_439_2018-12-21 20:39:30.984263,0.6505317565075176,0.2594230395336468,up,caltech
2_39_89_439_2019-01-10 19:29:03.041560,0.9949403261052275,1.1289490651192782,up,caltech
2_39_89_439_2019-01-14 17:23:12.138225,1.3258184759585718,0.0,down,caltech
2_39_89_439_2019-01-15 17:01:54.516847,2.0,1.858851602743267,down,caltech
2_39_89_439_2019-01-16 16:13:40.391513,1.5664423378440306,0.15230335782854149,up,caltech
2_39_89_439_2019-01-17 17:12:40.964060,0.027091115505749656,0.0,down,caltech
2_39_89_439_2019-01-24 17:09:45.868042,0.0,0.0,up,caltech
2_39_89_439_2019-02-05 16:41:29.935089,0.4502902757619738,0.7499154111338101,up,caltech
2_39_89_439_2019-03-04 16:58:36.588196,0.02645336946517993,0.5255070256800717,down,caltech
2_39_89_439_2019-04-15 16:44:31.872255,0.0,0.10677090520612752,up,caltech
2_39_89_439_2019-04-16 16:37:31.455352,0.3289284688307952,0.02177658097643381,down,caltech
2_39_89_439_2019-05-01 16:48:02.613902,0.4603551015444488,0.673020478954039,up,caltech
2_39_89_439_2019-05-07 16:16:26.247682,1.1277749360613814,0.3886412652767791,down,caltech
2_39_89_439_2019-05-13 16:31:42.830709,1.5610061907374027,0.2143717667068244,up,caltech
2_39_89_439_2019-06-28 18:09:20.620498,1.031635558367605,0.38415703495512016,up,caltech
2_39_89_439_2019-08-23 16:57:59.477731,0.0,0.0,up,caltech
2_39_89_439_2019-09-11 16:01:33.167699,0.6478024343469921,0.0,up,caltech
2_39_89_439_2019-10-18 17:11:33.703707,2.0,1.3319288581258193,up,caltech
2_39_89_439_2020-03-06 20:50:31.818203,0.0,0.0020713788326921327,down,caltech
2_39_90_26_2018-11-07 17:24:26.125077,1.9637095694222626,0.7175774877650896,down,caltech
2_39_90_26_2018-11-08 18:07:54.227371,1.0383344141097284,1.1154622847731137,up,caltech
2_39_90_26_2018-11-26 16:07:50.342401,0.3707549634273774,0.1434317104876684,down,caltech
2_39_90_26_2018-11-29 20:31:20.487988,0.4120944453881434,0.10953782831853148,down,caltech
2_39_90_26_2018-12-03 18:39:13.363392,0.1965552553330619,0.4100124836320771,down,caltech
2_39_90_26_2018-12-04 16:27:20.297014,0.5889107945391333,0.07625428533755274,up,caltech
2_39_90_26_2018-12-12 18:29:02.680865,0.0,0.585344331202856,down,caltech
2_39_90_26_2018-12-14 18:03:14.518720,1.162988850058246,0.5042584967110911,down,caltech
2_39_90_26_2019-01-07 20:03:18.208621,0.4329152320052466,0.9966029783007164,up,caltech
2_39_90_26_2019-01-10 22:36:03.087656,0.005980251443539242,0.6516953798614471,down,caltech
2_39_90_26_2019-01-11 19:20:43.659800,1.5637994936197348,0.8909324330655748,down,caltech
2_39_90_26_2019-01-14 15:39:26.443414,0.0,0.4636137129329993,down,caltech
2_39_90_26_2019-01-16 17:59:51.707296,0.8722778003653463,0.8618804498925817,down,caltech
2_39_90_26_2019-01-24 16:41:48.562781,0.0,0.0,up,caltech
2_39_90_26_2019-02-04 18:13:44.028511,0.8013515122648249,0.45361176776930934,up,caltech
2_39_90_26_2019-02-06 23:49:16.580836,0.2925607935780355,0.0,up,caltech
2_39_90_26_2019-02-07 16:07:37.112710,0.0,0.0,up,caltech
2_39_90_26_2019-02-14 17:27:03.662992,0.8932528547454912,1.3717683794829407,up,caltech
2_39_90_26_2019-03-18 16:59:49.548924,0.0,0.8010429636480891,down,caltech
2_39_90_26_2019-03-21 17:03:23.554269,0.86618782072597,0.45938003493270463,up,caltech
2_39_90_26_2019-04-05 18:33:36.920628,0.0,0.00551842102163756,down,caltech
2_39_90_26_2019-04-15 13:28:31.930397,0.0,0.0011732063593589167,down,caltech
2_39_90_26_2019-04-17 13:53:53.345013,0.2968109456135557,0.0038255869764186145,down,caltech
2_39_90_26_2019-05-06 16:37:18.264898,2.0,0.512338913245649,down,caltech
2_39_90_26_2019-05-07 17:09:09.621224,0.9155272134064958,2.0,up,caltech
2_39_90_26_2019-05-28 16:14:51.424235,0.0,0.0,up,caltech
2_39_90_26_2019-06-03 17:07:23.406524,0.0,0.0,up,caltech
2_39_90_26_2019-06-04 19:59:29.309104,0.0,0.0,up,caltech
2_39_90_26_2019-07-09 16:28:35.342186,0.0,0.0,up,caltech
2_39_90_26_2019-09-05 16:29:18.054866,1.2352292105527132,0.6313257647153735,down,caltech
2_39_90_26_2019-10-21 18:46:07.863497,0.0,0.0,up,caltech
2_39_90_26_2019-11-13 17:49:28.725290,1.219280340584359,0.6720538975302214,up,caltech
2_39_90_26_2019-11-21 20:52:51.769383,0.16938441132870466,0.0,down,caltech
2_39_90_26_2020-01-13 16:45:39.410359,0.07600904264776863,1.4472104801433459,down,caltech
2_39_90_26_2020-01-21 18:48:18.969365,2.0,0.3519875896839252,down,caltech
2_39_90_440_2018-11-19 22:21:56.707456,0.36117744787764816,1.157410755798936,up,caltech
2_39_90_440_2018-11-20 17:49:27.156288,0.08899601241217177,0.0,down,caltech
2_39_90_440_2018-11-21 17:00:19.523037,0.0,0.0,up,caltech
2_39_90_440_2018-11-27 17:33:21.940587,0.538293708248874,0.6000174014236539,up,caltech
2_39_90_440_2018-12-03 17:45:59.804816,2.0,0.0,down,caltech
2_39_90_440_2018-12-13 19:25:24.923568,0.0018852818883809462,0.0,up,caltech
2_39_90_440_2018-12-17 16:13:08.879519,2.0,0.978423964522518,down,caltech
2_39_90_440_2018-12-17 21:17:16.096468,0.36869585244778436,0.5128113422520014,up,caltech
2_39_90_440_2018-12-20 17:11:59.974402,0.35819325184055895,0.3340853766712516,down,caltech
2_39_90_440_2019-01-02 20:22:05.703810,0.03358586489977899,0.40026007663215823,down,caltech
2_39_90_440_2019-01-10 17:47:25.010865,2.0,0.44548873734242633,down,caltech
2_39_90_440_2019-01-15 19:23:42.564256,1.1638164675344504,0.2863583460299485,down,caltech
2_39_90_440_2019-01-16 17:21:04.881695,0.0,0.0,up,caltech
2_39_90_440_2019-02-01 18:17:30.793485,0.07582471688823249,0.0,down,caltech
2_39_90_440_2019-02-12 18:39:37.858628,0.0,0.20255987047703639,down,caltech
2_39_90_440_2019-02-20 23:35:15.423400,0.04938211776108413,0.5633228049814436,down,caltech
2_39_90_440_2019-03-19 16:58:33.774367,0.034763747215382765,0.0,down,caltech
2_39_90_440_2019-04-08 17:01:45.826615,1.0223585937871649,1.2205870003359085,up,caltech
2_39_90_440_2019-04-09 17:03:51.174908,0.019589857826115463,0.4778301001256228,up,caltech
2_39_90_440_2019-04-14 09:54:59.414588,0.0,0.021223124050824445,down,caltech
2_39_90_440_2019-04-15 17:35:36.051044,0.9062995594713656,0.7222486119532958,up,caltech
2_39_90_440_2019-04-23 17:36:36.712405,0.14898410269489076,0.0,up,caltech
2_39_90_440_2019-04-30 17:07:32.925111,1.703153342929701,0.7562611533485057,down,caltech
2_39_90_440_2019-05-13 17:54:09.971273,0.0,0.8394998047923622,down,caltech
2_39_90_440_2019-06-10 18:03:07.422194,0.9250983591696127,0.2108778877887791,up,caltech
2_39_90_440_2019-07-24 18:33:20.336489,0.697162787577973,0.3717288306681296,up,caltech
2_39_90_440_2019-08-21 16:12:43.988764,2.0,0.0,down,caltech
2_39_90_440_2019-09-20 16:37:43.213615,1.0741120444473842,0.32031488258615437,up,caltech
2_39_90_440_2019-10-01 17:08:43.946118,0.8607017306652244,0.485724808019467,down,caltech
2_39_90_440_2019-10-15 15:40:36.116033,0.013034646202460658,0.14835806481194835,down,caltech
2_39_90_440_2019-10-22 16:35:44.729668,1.8343331150403843,0.0,up,caltech
2_39_90_440_2019-10-23 16:16:22.660156,0.66368029120365,0.0,up,caltech
2_39_90_440_2019-10-28 16:43:51.455494,0.6541961234829738,1.506743737957611,up,caltech
2_39_90_440_2019-11-12 17:42:26.152207,2.0,2.0,up,caltech
2_39_90_440_2020-01-21 17:45:36.179450,0.7408558430779251,0.4125021722194277,up,caltech
2_39_90_440_2020-01-27 18:38:33.331232,1.3994332366237097,0.0,up,caltech
2_39_90_440_2020-03-06 17:50:14.659026,0.31873981891596487,0.0,up,caltech
2_39_90_440_2020-03-08 18:58:53.314916,2.0,1.0006691540024872,down,caltech
2_39_91_437_2018-11-15 16:36:38.386795,0.0,0.0,up,caltech
2_39_91_437_2018-11-26 20:47:22.181905,1.216881334171063,0.11238076774804118,down,caltech
2_39_91_437_2018-12-06 15:55:54.605608,1.3602575768180865,0.17455240203553352,up,caltech
2_39_91_437_2018-12-06 22:05:40.496087,1.9910962284785232,0.042722922841478474,down,caltech
2_39_91_437_2018-12-13 00:02:07.148248,0.982771822358346,0.7231661454324395,down,caltech
2_39_91_437_2018-12-14 16:09:52.976460,1.6667813523936132,1.5077550784990301,up,caltech
2_39_91_437_2018-12-18 16:55:08.225416,0.0,1.0616082006902592,up,caltech
2_39_91_437_2018-12-18 21:23:13.611815,0.0,0.9112808879028441,down,caltech
2_39_91_437_2019-01-02 17:44:09.322050,0.005497514072322101,0.0,down,caltech
2_39_91_437_2019-01-08 16:21:11.243402,0.37242130679308605,2.0,down,caltech
2_39_91_437_2019-01-11 17:15:18.104036,1.323100800747181,0.37395403653506176,down,caltech
2_39_91_437_2019-01-15 03:30:54.262174,0.0752506701082098,0.14130230527584509,down,caltech
2_39_91_437_2019-01-16 16:55:48.706798,0.7991840126758857,0.18213447415716402,up,caltech
2_39_91_437_2019-01-17 17:12:24.627530,0.0,0.16346153846153855,up,caltech
2_39_91_437_2019-01-23 17:01:37.044473,0.0037638566640887028,0.0,up,caltech
2_39_91_437_2019-02-07 20:48:58.416891,0.0,0.0,up,caltech
2_39_91_437_2019-02-28 18:13:03.616725,0.7944633725559087,2.0,up,caltech
2_39_91_437_2019-03-08 18:09:57.951811,0.029804369384258785,0.03803843605036646,down,caltech
2_39_91_437_2019-03-11 01:18:20.006896,0.018002392344496822,0.06537539857009873,down,caltech
2_39_91_437_2019-04-16 15:31:35.755884,0.0,0.057158868071083224,down,caltech
2_39_91_437_2019-04-17 15:30:13.286331,0.023601847101077905,0.0,down,caltech
2_39_91_437_2019-05-10 01:28:45.888224,0.0,0.0,up,caltech
2_39_91_437_2019-06-19 21:13:11.047478,0.007576138338592782,0.0034484227969288515,up,caltech
2_39_91_437_2019-06-27 16:21:03.623940,0.5656842458475474,0.6385783504420206,up,caltech
2_39_91_437_2019-08-20 16:28:58.542880,1.5324322008482936,0.0,down,caltech
2_39_91_437_2019-08-21 16:33:48.266196,0.17775467775467754,0.718805830204378,down,caltech
2_39_91_437_2019-09-03 05:25:56.036086,0.048395837849556415,2.0,down,caltech
2_39_91_437_2019-09-04 15:54:57.726304,0.03361344537815136,0.05763116371826835,down,caltech
2_39_91_437_2019-10-08 23:09:05.637852,0.003538440329028913,0.00030956091045716513,up,caltech
2_39_91_437_2019-10-21 17:14:59.188668,0.0,0.0,up,caltech
2_39_91_437_2019-10-22 17:18:47.634369,0.0002478990555045712,0.7923183573561294,up,caltech
2_39_91_437_2019-11-21 19:54:17.682404,0.0,0.0,down,caltech
2_39_91_437_2020-01-14 23:19:31.909198,0.0,0.004785460802236986,up,caltech
2_39_91_437_2020-01-21 16:57:13.789163,0.0,0.0,up,caltech
2_39_91_437_2020-01-27 01:01:39.151278,0.0,0.11361148098831188,down,caltech
2_39_91_437_2020-03-03 16:49:48.114129,0.9356363636363635,0.0,up,caltech
2_39_91_437_2020-03-05 17:00:11.265388,1.5921334212213418,0.01990411112490731,up,caltech
2_39_91_437_2020-03-07 00:33:20.365569,0.053768531207175646,0.0,down,caltech
2_39_91_437_2020-03-11 16:07:05.132494,0.24333491866333604,0.019637822996553127,down,caltech
2_39_91_437_2020-03-12 18:05:14.606067,0.15656115242986562,0.2303125777441228,down,caltech
2_39_91_441_2018-11-15 16:58:01.969513,0.0,0.0,up,caltech
2_39_91_441_2018-11-20 15:34:03.564090,0.0,0.0,up,caltech
2_39_91_441_2018-11-26 16:21:03.194382,0.006043224418724129,0.99112754273645,down,caltech
2_39_91_441_2018-11-27 16:19:26.485648,0.0,0.10909043102330748,down,caltech
2_39_91_441_2018-11-28 21:39:33.039912,1.1244872650958695,0.08408884859474001,up,caltech
2_39_91_441_2018-11-29 18:02:41.731511,1.538572305368018,1.391548352336435,down,caltech
2_39_91_441_2018-11-30 17:00:17.990749,0.0,0.34468568358998936,down,caltech
2_39_91_441_2018-12-03 16:17:37.328600,0.0,0.3415450491383404,down,caltech
2_39_91_441_2018-12-05 17:04:43.732275,0.003652160541288594,0.018710849856343265,down,caltech
2_39_91_441_2018-12-12 22:27:00.906878,0.1294837844344327,0.3303167126236137,up,caltech
2_39_91_441_2018-12-13 20:47:51.073209,0.0005991809361515249,0.000809184241136885,up,caltech
2_39_91_441_2018-12-14 23:41:03.375922,0.0,0.7365939223976451,down,caltech
2_39_91_441_2018-12-18 21:44:02.078735,0.14840361675282968,0.4792911380745724,down,caltech
2_39_91_441_2018-12-20 18:06:50.911298,0.0,2.0,down,caltech
2_39_91_441_2018-12-27 06:26:20.777720,0.49852901545095235,0.3571961316101651,down,caltech
2_39_91_441_2019-01-02 16:18:35.672653,1.9910404009361466,0.549545750295803,down,caltech
2_39_91_441_2019-01-03 16:46:35.434678,0.0704109086462031,0.5904370125941499,down,caltech
2_39_91_441_2019-01-07 19:52:52.102209,0.9737561193663973,0.02742401850542944,down,caltech
2_39_91_441_2019-01-08 17:38:59.954666,0.5145525579674965,1.074606722871803,down,caltech
2_39_91_441_2019-01-11 16:45:33.532632,0.0,0.20648519068066304,down,caltech
2_39_91_441_2019-01-15 21:51:38.164056,0.0,0.44426748255411896,down,caltech
2_39_91_441_2019-01-16 17:51:11.354558,0.018260781226189723,0.08646493929279082,up,caltech
2_39_91_441_2019-01-29 17:00:02.262281,0.019024551109291164,0.052638190954772325,down,caltech
2_39_91_441_2019-03-25 14:44:11.912031,0.598221695317131,0.0015106500830855884,up,caltech
2_39_91_441_2019-04-16 17:23:29.893722,0.7028516940314076,1.439954526663911,down,caltech
2_39_91_441_2019-06-03 16:34:24.917271,0.008059999512991214,1.9838823902903608,down,caltech
2_39_91_441_2019-07-03 17:10:06.654073,0.6822668265780666,0.0,down,caltech
2_39_91_441_2019-07-24 17:47:10.568176,1.0236651382931519,0.5423895941992328,up,caltech
2_39_91_441_2019-10-21 17:52:19.439835,0.0,0.8836262326969454,down,caltech
2_39_91_441_2019-10-23 16:46:20.259695,1.1586486587044684,0.850466144640097,up,caltech
2_39_91_441_2020-01-17 18:29:05.043699,2.0,0.6205641881768762,down,caltech
2_39_91_441_2020-01-21 18:18:08.127744,0.0,0.0,up,caltech
2_39_91_441_2020-03-05 18:21:20.576347,0.6132338211606754,1.3617374283706192,up,caltech
2_39_91_441_2020-03-06 20:01:02.646107,0.033334265167345487,0.030366128752386035,down,caltech
2_39_91_441_2020-03-12 18:06:52.313654,0.03212940482970112,0.005715495342929275,down,caltech
2_39_92_436_2018-11-05 16:47:03.923502,1.4115562694888029,1.102860507335263,up,caltech
2_39_92_436_2018-11-15 15:49:02.912619,2.0,0.5919139942737833,down,caltech
2_39_92_436_2018-11-26 17:29:49.766261,0.09842726081258192,0.0,up,caltech
2_39_92_436_2018-11-28 17:53:08.076228,2.0,1.0687148217636022,up,caltech
2_39_92_436_2018-11-29 16:49:09.541728,1.3399583812731535,0.9176731821061558,up,caltech
2_39_92_436_2018-11-30 17:46:03.713787,0.0,0.0,down,caltech
2_39_92_436_2018-12-04 19:28:44.379367,1.7989182298840651,0.7656372951220025,down,caltech
2_39_92_436_2018-12-14 17:33:52.880076,0.009540897512294335,0.7991211414332404,down,caltech
2_39_92_436_2018-12-17 17:23:42.655046,0.04590155716040339,0.8210600549087429,up,caltech
2_39_92_436_2018-12-19 17:56:24.479686,0.1408236768659465,0.7690766518352207,down,caltech
2_39_92_436_2018-12-23 21:39:52.082472,0.12632744298870513,0.5092606024076042,down,caltech
2_39_92_436_2019-01-07 17:21:19.465064,0.8590534999239209,0.6489685834849028,up,caltech
2_39_92_436_2019-01-10 17:50:16.182141,0.0,1.1654079300407434,down,caltech
2_39_92_436_2019-01-14 18:27:21.763356,0.0,0.0,down,caltech
2_39_92_436_2019-01-15 17:56:52.587767,1.364189776960331,0.20336085931203035,up,caltech
2_39_92_436_2019-01-16 17:31:11.132978,0.4818870243728704,0.0,up,caltech
2_39_92_436_2019-01-18 21:33:43.524053,0.16129476110212929,1.0,down,caltech
2_39_92_436_2019-01-24 18:16:39.407076,0.0,0.0,up,caltech
2_39_92_436_2019-01-25 22:35:39.244738,0.012578188740821476,0.004707577234826003,up,caltech
2_39_92_436_2019-02-05 17:05:24.143934,0.046734832649155414,0.005846212631600663,down,caltech
2_39_92_436_2019-02-06 16:32:41.315489,0.48970930357789855,0.0,down,caltech
2_39_92_436_2019-02-22 23:37:58.572485,2.0,0.19896719333015903,down,caltech
2_39_92_436_2019-02-26 19:07:48.409378,0.0,1.7783523489014752,down,caltech
2_39_92_436_2019-03-14 16:26:33.159947,0.38747027809366413,0.2977908689248894,down,caltech
2_39_92_436_2019-03-28 19:43:03.848809,0.5979862751715606,0.8096088723736555,up,caltech
2_39_92_436_2019-04-08 17:14:55.096611,0.8886204651637776,2.0,up,caltech
2_39_92_436_2019-04-09 17:51:25.985547,1.545689937725336,0.9279733052173018,down,caltech
2_39_92_436_2019-04-16 16:58:20.973374,0.0,0.0,down,caltech
2_39_92_436_2019-05-21 21:36:10.980237,0.0,0.0,up,caltech
2_39_92_436_2019-05-28 17:00:52.299503,2.0,1.6177793556226692,down,caltech
2_39_92_436_2019-08-14 16:28:26.175189,2.0,0.2218512113142136,down,caltech
2_39_92_436_2019-09-09 15:53:45.888809,0.40463082901554376,0.6137843553564262,up,caltech
2_39_92_436_2019-09-20 16:14:59.688203,0.002567039524606076,0.4764765545759536,up,caltech
2_39_92_436_2019-10-09 23:30:38.856142,0.45992547211520235,0.01207853378724993,up,caltech
2_39_92_436_2019-10-28 17:19:57.110315,0.0,1.1773792567655057,up,caltech
2_39_92_436_2019-11-21 21:05:19.520491,0.011329467353951813,0.004838727753620508,down,caltech
2_39_92_436_2019-11-22 17:40:32.186232,0.3247732426303855,0.9067985217911924,up,caltech
2_39_92_436_2020-01-16 18:52:06.508068,1.0415958437484683,1.0378531819382095,down,caltech
2_39_92_436_2020-01-17 17:25:08.610068,0.008763115536418084,0.006003484872485424,up,caltech
2_39_92_436_2020-01-21 18:06:49.788292,1.8584571235651584,0.3275181530441258,down,caltech
2_39_92_436_2020-01-22 18:11:49.082619,2.0,0.8476552063559022,down,caltech
2_39_92_436_2020-03-02 21:14:24.595868,0.9657646637627544,0.6905705234099264,up,caltech
2_39_92_436_2020-03-05 19:17:47.102205,0.002683150494175388,0.1385437749753489,down,caltech
2_39_92_442_2018-11-05 16:19:08.657093,1.6761887871225454,0.638490010980257,down,caltech
2_39_92_442_2018-11-20 17:43:15.162156,0.09901584253480593,0.0,down,caltech
2_39_92_442_2018-11-26 16:55:15.885361,0.0,0.25,down,caltech
2_39_92_442_2018-11-30 16:07:13.662627,0.0,0.0,down,caltech
2_39_92_442_2018-12-04 17:10:58.174877,0.16696096372974828,0.6974515126523568,down,caltech
2_39_92_442_2018-12-06 16:18:40.473784,0.005180714721638093,1.0907985302391423,down,caltech
2_39_92_442_2018-12-12 19:38:42.224811,0.0,0.030101191583515576,up,caltech
2_39_92_442_2018-12-14 17:38:47.961503,0.031061519903496985,0.39368620606458093,down,caltech
2_39_92_442_2018-12-17 18:06:02.577118,0.6410783365570599,0.2812104215668536,up,caltech
2_39_92_442_2018-12-18 16:36:46.434122,0.0,0.8604545567329536,up,caltech
2_39_92_442_2018-12-19 17:18:39.865750,0.09382940108892972,0.6549078145334452,down,caltech
2_39_92_442_2018-12-28 21:24:17.788615,0.0033250952159224177,0.28317981009195387,down,caltech
2_39_92_442_2019-01-02 21:53:56.467640,0.0,0.027617382617382565,down,caltech
2_39_92_442_2019-01-07 16:27:30.838965,1.2001618727431211,0.34501616723658673,down,caltech
2_39_92_442_2019-01-08 16:54:18.559070,2.0,0.779782279877551,down,caltech
2_39_92_442_2019-01-11 16:14:37.142204,0.0,0.7215443455790611,down,caltech
2_39_92_442_2019-01-14 16:21:35.849786,0.8180176057285918,0.7888187266959052,down,caltech
2_39_92_442_2019-01-15 16:15:02.544677,0.0,0.6190034914017826,down,caltech
2_39_92_442_2019-01-16 20:52:54.997181,0.6922710186119008,0.0,up,caltech
2_39_92_442_2019-01-17 18:15:53.409611,0.5189767523775975,0.6011034932369468,up,caltech
2_39_92_442_2019-01-22 16:08:36.805631,0.906168045780851,0.0836375174194114,down,caltech
2_39_92_442_2019-01-25 16:20:08.878705,1.182690688668126,0.6556145653003137,down,caltech
2_39_92_442_2019-01-29 00:27:54.955378,0.0,0.0,down,caltech
2_39_92_442_2019-01-29 16:52:49.580235,0.0,0.01518646608855656,down,caltech
2_39_92_442_2019-02-01 16:26:35.821655,1.2151996684566917,0.0,down,caltech
2_39_92_442_2019-02-04 17:12:09.010876,2.0,0.6802230208729093,down,caltech
2_39_92_442_2019-02-08 21:55:39.052119,1.6941899208663067,1.2707832868781574,down,caltech
2_39_92_442_2019-02-12 16:41:00.188584,0.3241271934130979,0.7977869986168742,down,caltech
2_39_92_442_2019-02-22 16:13:35.969373,0.009994009899428318,0.45287472776196785,down,caltech
2_39_92_442_2019-02-27 18:10:03.990861,2.0,0.5872323121869552,up,caltech
2_39_92_442_2019-02-28 16:23:11.434152,1.0259424470083176,2.0,down,caltech
2_39_92_442_2019-02-28 20:10:10.657008,0.5563585088569668,0.3749134576129515,up,caltech
2_39_92_442_2019-03-04 17:06:40.230617,0.0,0.04270914777169618,down,caltech
2_39_92_442_2019-03-05 16:42:48.358356,2.0,0.6671978656757305,down,caltech
2_39_92_442_2019-03-07 18:20:46.487950,0.0033011272141704384,0.004565380923970527,down,caltech
2_39_92_442_2019-03-12 15:22:54.140318,0.3466037550378451,0.009608540925267276,down,caltech
2_39_92_442_2019-04-17 16:11:25.309228,0.000924733313517518,0.0,down,caltech
2_39_92_442_2019-05-13 15:21:17.725252,0.05407138277409687,0.5527027411257641,down,caltech
2_39_92_442_2019-05-17 15:14:11.226523,0.19836819885204648,0.15180980764413957,down,caltech
2_39_92_442_2019-05-30 17:14:01.747072,2.0,0.6949948816295748,up,caltech
2_39_92_442_2019-05-31 15:15:12.881459,2.0,0.6412785750218613,down,caltech
2_39_92_442_2019-06-21 15:56:30.424120,0.0,0.17837291281688922,down,caltech
2_39_92_442_2019-07-15 00:12:55.276321,1.2826031906811852,0.6916450282029842,up,caltech
2_39_92_442_2019-08-12 16:21:36.454497,0.03635230393966399,1.0,down,caltech
2_39_92_442_2019-08-20 15:49:16.074903,2.0,1.0415103365632385,down,caltech
2_39_92_442_2019-08-20 21:35:19.554468,1.6459891843172605,0.0,up,caltech
2_39_92_442_2019-08-29 15:53:42.825383,1.3982412828289954,2.0,down,caltech
2_39_92_442_2019-10-01 16:54:38.064210,2.0,0.8352864974133901,down,caltech
2_39_92_442_2019-10-18 15:19:35.253613,0.015389168393016045,0.613271971496437,down,caltech
2_39_92_442_2019-10-23 15:31:50.964665,0.3563421486002129,0.44790286289026415,down,caltech
2_39_92_442_2019-10-29 16:26:08.184641,0.6234883532180828,0.46096726716481917,up,caltech
2_39_92_442_2019-11-08 17:45:28.839095,2.0,0.3162492344984118,up,caltech
2_39_92_442_2019-11-15 18:36:52.162545,0.3805381944444444,0.9733687130623568,up,caltech
2_39_92_442_2020-01-13 17:06:13.422989,1.4632556649851873,1.3773998266473073,down,caltech
2_39_92_442_2020-01-15 18:09:51.086363,1.3758670753347313,0.7384599616432262,up,caltech
2_39_95_27_2018-11-09 16:28:55.043811,1.5117412682265174,1.1372136453232449,down,caltech
2_39_95_27_2018-11-20 16:03:35.504940,0.0,1.3877377316932296,down,caltech
2_39_95_27_2018-11-26 17:05:12.786141,1.9788480834838456,0.7467545786355454,down,caltech
2_39_95_27_2018-11-26 21:13:40.519178,0.0008935855752580448,1.0020086412089984,up,caltech
2_39_95_27_2018-11-27 01:40:08.040345,0.7157649757150565,0.002251120842795668,up,caltech
2_39_95_27_2018-11-27 16:23:02.995122,0.539221741815936,0.11225056001972922,down,caltech
2_39_95_27_2018-11-29 17:40:23.495380,0.4484550285376892,1.1062945381609626,down,caltech
2_39_95_27_2018-11-30 18:03:13.384604,0.0,0.5215116618927923,down,caltech
2_39_95_27_2018-12-04 17:02:48.333131,0.5131333333333331,0.0,up,caltech
2_39_95_27_2018-12-04 19:36:56.632803,0.19480943514441285,0.0,down,caltech
2_39_95_27_2018-12-14 17:42:13.168268,0.6217793437568823,0.31563717524515056,down,caltech
2_39_95_27_2018-12-17 21:02:50.769627,0.860018253923382,0.7065732610907095,up,caltech
2_39_95_27_2018-12-18 20:35:49.522622,1.9483714687696054,2.0,down,caltech
2_39_95_27_2018-12-21 18:13:02.670740,1.4717487290446283,1.0368427175041568,up,caltech
2_39_95_27_2019-01-02 19:04:51.295367,0.0,0.0,up,caltech
2_39_95_27_2019-01-03 16:42:03.746450,0.2798837794746998,0.13896285271888545,down,caltech
2_39_95_27_2019-01-07 16:25:56.121567,0.03363872014563612,1.2056138138038461,down,caltech
2_39_95_27_2019-01-08 16:37:36.739428,2.0,0.8219141426934466,down,caltech
2_39_95_27_2019-01-09 16:33:11.068553,1.5340636461406947,0.8479662397532106,down,caltech
2_39_95_27_2019-01-13 17:02:05.135759,0.00594028393901663,0.005559073065721163,down,caltech
2_39_95_27_2019-01-14 17:33:52.545813,0.22931305547534203,0.0,down,caltech
2_39_95_27_2019-01-16 17:37:44.764081,0.0,0.0,up,caltech
2_39_95_27_2019-02-07 16:29:34.282057,0.0,0.0,up,caltech
2_39_95_27_2019-02-19 18:30:09.758655,0.0,0.0,up,caltech
2_39_95_27_2019-02-20 18:05:57.960485,0.10614288683559141,0.1692209820137643,up,caltech
2_39_95_27_2019-03-03 04:50:39.759006,2.0,1.0043931019703611,down,caltech
2_39_95_27_2019-03-08 18:09:42.487144,0.0,0.018544012879250008,down,caltech
2_39_95_27_2019-03-25 23:05:16.906056,0.005320575874094619,0.0,up,caltech
2_39_95_27_2019-04-10 15:10:51.135179,0.0,1.7418997271487033,down,caltech
2_39_95_27_2019-04-14 00:55:48.119540,0.3348408179022984,0.0044601197012373,down,caltech
2_39_95_27_2019-04-16 14:42:18.448987,0.5763744427934623,0.5436389367475852,up,caltech
2_39_95_27_2019-04-17 15:42:56.475564,2.0,1.7557323541411667,down,caltech
2_39_95_27_2019-04-19 22:20:06.190004,0.0,0.0,up,caltech
2_39_95_27_2019-04-22 17:09:15.120407,1.3573883161512021,0.707077113378639,up,caltech
2_39_95_27_2019-05-01 15:35:21.813898,1.8440409683426446,0.011994059673281869,down,caltech
2_39_95_27_2019-05-13 15:11:39.232158,0.09974808642573378,1.7379305654951018,up,caltech
2_39_95_27_2019-05-20 15:12:01.894093,1.5205968352253176,2.0,up,caltech
2_39_95_27_2019-05-30 17:06:52.938574,0.0,0.42002355014222986,up,caltech
2_39_95_27_2019-06-06 17:02:15.387970,0.004137443049393123,0.0,up,caltech
2_39_95_27_2019-06-12 15:07:08.541550,1.0614160533411057,0.6414945886883999,up,caltech
2_39_95_27_2019-07-11 17:05:20.179569,0.6952322684962633,2.0,down,caltech
2_39_95_27_2019-07-15 15:57:42.320883,0.6534558115415959,0.0,up,caltech
2_39_95_27_2019-07-22 16:58:54.236810,0.0,0.0028595901693353027,up,caltech
2_39_95_27_2019-07-30 17:07:41.956278,2.0,2.0,down,caltech
2_39_95_27_2019-07-31 22:29:08.226726,0.00020827909398591827,0.0018007202881152146,up,caltech
2_39_95_27_2019-08-29 17:01:41.427178,0.17136732851985606,0.0,down,caltech
2_39_95_27_2019-09-04 17:02:39.457157,0.5201845444059976,0.4801900744763693,up,caltech
2_39_95_27_2019-09-12 17:09:44.883452,0.0,0.0,up,caltech
2_39_95_27_2019-09-16 17:14:30.164295,0.0,0.6103253535908842,up,caltech
2_39_95_27_2019-09-23 16:51:22.248255,2.0,0.49270733524965404,down,caltech
2_39_95_27_2019-10-02 16:57:59.404703,0.0,0.0,up,caltech
2_39_95_27_2019-10-18 17:06:17.073684,0.5926656943099415,0.9328655826317972,down,caltech
2_39_95_27_2019-10-21 17:20:41.567806,0.0,0.0,up,caltech
2_39_95_27_2019-11-20 00:27:54.791844,0.005613583030414573,0.0,up,caltech
2_39_95_27_2020-01-13 15:08:49.156069,0.4133235485975214,1.0872224923554046,up,caltech
2_39_95_27_2020-01-17 18:08:23.376343,0.0,0.005612214820491539,up,caltech
2_39_95_27_2020-01-21 15:00:36.512280,0.0,0.0,up,caltech
2_39_95_27_2020-01-24 17:52:09.868787,0.0,0.00029443254817983916,up,caltech
2_39_95_27_2020-03-11 16:06:39.404436,0.07097145346650179,0.5203530057028064,down,caltech
2_39_95_444_2018-11-20 15:58:16.210241,1.6246007729534306,1.7407345478013436,down,caltech
2_39_95_444_2018-11-26 21:32:28.483082,2.0,0.4506588488707334,down,caltech
2_39_95_444_2018-11-27 17:33:41.968211,0.4071960478925338,0.5476388143806857,up,caltech
2_39_95_444_2018-12-03 17:59:17.183606,0.0,0.34634216607494633,down,caltech
2_39_95_444_2018-12-05 16:33:11.640672,0.0,0.0,down,caltech
2_39_95_444_2018-12-10 16:19:24.922585,0.5703703703703705,0.07870370370370393,down,caltech
2_39_95_444_2018-12-12 16:13:41.682863,0.7327621871968076,0.680806778111532,up,caltech
2_39_95_444_2018-12-14 22:23:12.579266,0.012438825448613324,0.32157226905897485,up,caltech
2_39_95_444_2018-12-17 15:57:07.589419,0.0,0.8086755176415611,up,caltech
2_39_95_444_2018-12-18 17:56:42.773684,0.49357358665178697,0.050025639970934926,up,caltech
2_39_95_444_2018-12-20 16:09:07.294435,0.1124641747670108,0.3799914807767472,down,caltech
2_39_95_444_2018-12-20 20:39:07.007671,0.6343481581980397,0.025161207693422005,down,caltech
2_39_95_444_2019-01-02 18:35:53.872924,0.0712892942099791,0.12185089458887634,down,caltech
2_39_95_444_2019-01-03 16:56:35.653277,1.7308479567013675,0.03941355425470718,down,caltech
2_39_95_444_2019-01-04 16:15:17.272653,2.0,0.9554247318032181,down,caltech
2_39_95_444_2019-01-07 16:00:12.659040,0.0,0.5843776988809091,up,caltech
2_39_95_444_2019-01-14 16:04:58.630096,1.5492285856966383,0.524363254388423,up,caltech
2_39_95_444_2019-01-15 20:09:37.716828,0.00565739248346666,0.48468644459184473,down,caltech
2_39_95_444_2019-01-16 17:45:43.434742,2.0,0.23825397102814658,down,caltech
2_39_95_444_2019-01-17 16:26:20.970127,1.7588434140547797,0.26869469529657813,down,caltech
2_39_95_444_2019-01-22 15:34:26.213557,0.028188686728338824,0.9178755402898674,down,caltech
2_39_95_444_2019-01-28 15:32:16.656494,1.5565151512589266,0.28793423607220403,down,caltech
2_39_95_444_2019-01-31 18:13:55.101608,0.0,0.048308866326068976,down,caltech
2_39_95_444_2019-02-07 17:20:51.123765,0.26486463852853387,0.017951974838202107,down,caltech
2_39_95_444_2019-02-20 16:05:42.184641,2.0,1.110329851146061,down,caltech
2_39_95_444_2019-02-26 16:11:36.606667,1.2098508117595448,0.0,down,caltech
2_39_95_444_2019-03-04 16:17:55.614694,0.032285083377750226,0.07985496168975188,down,caltech
2_39_95_444_2019-03-19 15:34:00.398165,0.2316841103710756,0.0699397803754871,down,caltech
2_39_95_444_2019-04-15 16:56:53.964684,0.0,0.5080967797202014,down,caltech
2_39_95_444_2019-04-24 16:49:11.173066,0.0,0.0,down,caltech
2_39_95_444_2019-06-10 17:07:41.856337,1.3968339103157967,0.8839539439109452,down,caltech
2_39_95_444_2019-06-11 20:44:14.228520,2.0,0.4552589677735779,down,caltech
2_39_95_444_2019-06-14 17:25:35.208969,2.0,0.9221033689893032,down,caltech
2_39_95_444_2019-08-07 19:03:16.998190,2.0,0.0,up,caltech
2_39_95_444_2019-08-14 16:24:23.007995,0.0,0.0,up,caltech
2_39_95_444_2019-09-05 17:24:27.351109,1.3184537889961876,0.6511551890403201,down,caltech
2_39_95_444_2019-09-10 19:31:43.264391,0.0,0.0,up,caltech
2_39_95_444_2019-09-17 18:10:00.196356,0.00031647208428520684,0.45495879031051767,up,caltech
2_39_95_444_2019-10-21 18:35:22.295097,0.6990955611091275,0.0,up,caltech
2_39_95_444_2019-11-18 18:20:20.256800,2.0,1.544521733187948,up,caltech
2_39_95_444_2020-01-13 18:11:37.109301,0.786607237610103,0.41444663717660446,down,caltech
2_39_95_444_2020-03-05 18:20:22.677540,0.0,0.0,down,caltech
2_6_3_1623_2019-03-23 04:45:07.535341,0.0,2.0,up,caltech
2_6_3_1623_2019-03-28 00:20:24.625411,0.03269325455440672,0.4305454878905328,up,caltech
2_6_3_1623_2019-03-29 15:27:07.255581,1.0915088383838385,1.397612873444797,down,caltech
2_6_3_1623_2019-04-09 15:09:18.470347,0.37556037774245044,0.10586410664544364,up,caltech
2_6_3_1623_2019-04-09 23:00:12.278874,0.0,0.8326362848148777,down,caltech
2_6_3_1623_2019-04-12 21:22:54.466662,0.0,0.8656426247810438,down,caltech
2_6_3_1623_2019-04-14 14:50:28.942317,0.0,0.0816617898066309,up,caltech
2_6_3_1623_2019-04-20 18:27:32.338035,0.07825180085711707,0.4311829364260975,up,caltech
2_6_3_1623_2019-04-22 15:24:46.198874,0.7442780060573316,0.533063334039131,up,caltech
2_6_3_1623_2019-04-25 15:49:21.301837,0.9953976345352789,0.0,up,caltech
2_6_3_1623_2019-05-01 15:50:05.932886,0.0017828462727777362,0.22972320267508825,up,caltech
2_6_3_1623_2019-05-06 17:17:14.465127,0.8024570468295396,0.10648346668380752,up,caltech
2_6_3_1623_2019-05-08 15:00:49.000243,0.0,0.09717523566206136,up,caltech
2_6_3_1623_2019-05-09 15:55:25.203650,0.004905461728823872,0.00142861071719641,up,caltech
2_6_3_1623_2019-05-10 15:56:48.681577,0.9650181932429271,1.8488825702605773,up,caltech
2_6_3_1623_2019-05-14 00:39:49.747472,0.005582701488346464,0.019165629440198416,up,caltech
2_6_3_1623_2019-05-15 02:18:34.773851,0.0018360098839913617,0.023278050526174595,up,caltech
2_6_3_1623_2019-05-17 02:15:07.663796,0.0,0.004504154673029498,up,caltech
2_6_3_1623_2019-05-18 02:10:26.728737,0.0,0.15496253744340044,up,caltech
2_6_3_1623_2019-05-20 21:34:46.085765,0.09808191004904353,0.02417161541360746,up,caltech
2_6_3_1623_2019-05-21 20:50:24.901651,0.16563666286543596,0.22975947393120036,up,caltech
2_6_3_1623_2019-05-26 18:46:34.013942,0.5563335021516936,0.0015588446482754637,up,caltech
2_6_3_1623_2019-06-01 16:36:57.175099,0.0,0.004040932437115656,up,caltech
2_6_3_1623_2019-06-01 21:05:32.827811,0.00716039279869075,0.5,up,caltech
2_6_3_1623_2019-06-03 15:44:15.957650,0.0,0.0,up,caltech
2_6_3_1623_2019-06-06 15:00:07.615876,0.22314730340725494,0.19334045130041178,up,caltech
2_6_3_1623_2019-06-07 15:25:26.686281,0.8538015065637143,0.0,up,caltech
2_6_3_1623_2019-06-17 14:40:50.160413,0.025085968498256755,0.046259659033893716,up,caltech
2_6_3_1623_2019-06-17 23:46:27.194305,0.01985080617835478,0.020655839205912328,up,caltech
2_6_3_1623_2019-06-22 16:29:24.832189,0.0013267644793449876,0.0,up,caltech
2_6_3_1623_2019-06-23 22:49:04.348631,1.018132645045449,0.19174239157545728,up,caltech
2_6_3_1623_2019-06-25 15:07:47.907042,0.0,0.9022296402957464,up,caltech
2_6_3_1623_2019-06-26 02:07:52.649454,0.0,0.18268026593019543,up,caltech
2_6_3_1623_2019-06-28 17:11:39.419223,0.006538530576918502,0.017102362334444815,up,caltech
2_6_3_1623_2019-06-29 16:02:23.724714,0.009903389838724186,0.0018408941485862933,up,caltech
2_6_3_1623_2019-07-04 00:00:33.267285,0.0,0.012332781119253029,up,caltech
2_6_3_1623_2019-07-08 00:06:57.967791,0.01316398340112309,0.8160854956647815,up,caltech
2_6_3_1623_2019-07-08 15:27:37.069542,0.0,0.40223315589808084,up,caltech
2_6_3_1623_2019-07-10 16:57:52.026835,0.0,0.0,up,caltech
2_6_3_1623_2019-07-11 15:08:55.963785,0.0068038281334374265,0.3372487371107844,up,caltech
2_6_3_1623_2019-07-12 16:34:33.506200,0.5885180787186286,0.657496000047336,up,caltech
2_6_3_1623_2019-07-14 14:27:01.705414,0.0,0.005620539687635874,up,caltech
2_6_3_1623_2019-07-26 15:36:30.039684,1.3127979956012419,0.8591830678860914,down,caltech
2_6_3_1623_2019-07-29 15:20:54.692657,1.9826897374974297,1.1748776645801364,up,caltech
2_6_3_1623_2019-07-30 15:41:46.014619,0.5516543032715742,1.0542808002002448,up,caltech
2_6_3_1623_2019-07-31 15:43:25.888053,0.0,2.0,up,caltech
2_6_3_1623_2019-08-01 15:18:22.143507,0.4509647495361781,1.2916394186254254,up,caltech
2_6_3_1623_2019-08-02 15:31:22.890382,0.0,1.1222096126246588,up,caltech
2_6_3_1623_2019-08-11 14:26:24.773902,0.1971613615701339,0.0,up,caltech
2_6_3_1623_2019-08-11 23:30:29.579884,0.0,0.0,up,caltech
2_6_3_1623_2019-08-14 14:55:35.962843,0.5195709978556973,1.878924479465285,up,caltech
2_6_3_1623_2019-08-16 15:05:48.746594,0.426773453994796,0.6730214317316249,down,caltech
2_6_3_1623_2019-08-19 23:23:40.959336,0.346822044728671,1.6106816366430778,up,caltech
2_6_3_1623_2019-08-24 06:35:01.746246,0.9402429593031839,0.6821064789683928,up,caltech
2_6_3_1623_2019-08-26 15:27:53.606249,0.8897152152756563,0.0,up,caltech
2_6_3_1623_2019-08-27 15:35:19.781307,0.0,0.0,up,caltech
2_6_3_1623_2019-08-28 13:38:04.793012,1.3427989997654524,0.47652560714421915,up,caltech
2_6_3_1623_2019-08-29 15:14:13.918203,0.024192997414749947,0.0,down,caltech
2_6_3_1623_2019-09-06 15:21:23.807484,1.4484367660472908,0.8788860771075027,down,caltech
2_6_3_1623_2019-09-06 20:44:18.693105,1.4171021324542936,0.5449851646369783,up,caltech
2_6_3_1623_2019-09-14 16:38:55.914424,0.0,0.0,up,caltech
2_6_3_1623_2019-09-21 02:41:10.615488,1.0028423555319528,1.4627038821112766,down,caltech
2_6_3_1623_2019-09-24 15:30:39.643260,0.0,0.0,up,caltech
2_6_3_1623_2019-09-25 15:09:07.990454,0.7879351490436635,0.0,up,caltech
2_6_3_1623_2019-09-26 15:34:04.986366,1.3481559356708515,0.0,up,caltech
2_6_3_1623_2019-09-27 17:03:38.129875,0.0,1.4080546858399337,down,caltech
2_6_3_1623_2019-09-28 22:32:47.887217,0.990705692351939,0.7269256929395489,up,caltech
2_6_3_1623_2019-09-29 03:09:30.038315,0.8490486628630196,0.9054146697059229,up,caltech
2_6_3_1623_2019-09-30 15:50:01.074807,1.0151490916423191,1.100130268350261,down,caltech
2_6_3_1623_2019-10-01 15:23:37.807803,0.0,0.9464511007737753,up,caltech
2_6_3_1623_2019-10-03 15:22:40.646099,0.8571887005316489,0.5233092878032747,up,caltech
2_6_3_1623_2019-10-03 17:33:36.230469,0.0,0.0,up,caltech
2_6_3_1623_2019-10-06 23:47:38.044133,2.0,1.655509517027062,down,caltech
2_6_3_1623_2019-10-07 15:22:15.207933,2.0,0.6655363770018123,down,caltech
2_6_3_1623_2019-10-08 14:32:21.906491,0.16910112630516,0.7536426855508938,up,caltech
2_6_3_1623_2019-10-11 19:42:48.669154,0.0,0.0,up,caltech
2_6_3_1623_2019-10-14 14:35:29.738770,2.0,1.0698852869614408,down,caltech
2_6_3_1623_2019-10-18 15:11:44.708904,2.0,1.1419830241519593,down,caltech
2_6_3_1623_2019-10-21 15:56:12.948447,2.0,1.3161948852670207,down,caltech
2_6_3_1623_2019-10-23 15:25:57.713939,0.5318075601789379,1.3075016062799116,up,caltech
2_6_3_1623_2019-10-28 15:30:33.254786,0.0,0.9372192066454486,down,caltech
2_6_3_1623_2019-10-30 03:06:08.991320,0.0,0.030150117941520175,up,caltech
2_6_3_1623_2019-10-31 15:07:53.887265,2.0,0.749296690127714,down,caltech
2_6_3_1623_2019-11-08 03:04:02.279178,0.0,0.0,up,caltech
2_6_3_1623_2019-11-08 16:00:13.690112,0.27577137471916907,0.1739420892367519,up,caltech
2_6_3_1623_2019-11-11 16:38:23.607788,1.5920201475596731,2.0,down,caltech
2_6_3_1623_2019-11-13 16:36:44.901560,0.6559932564915167,0.0,down,caltech
2_6_3_1623_2019-11-16 02:46:28.162697,2.0,2.0,down,caltech
2_6_3_1623_2019-11-16 06:18:20.272448,0.07550344599886703,1.663490469684489,up,caltech
2_6_3_1623_2019-11-18 19:09:48.933972,0.0,0.7963229658829116,up,caltech
2_6_3_1623_2019-11-24 21:11:41.925720,2.0,0.9295179274616564,down,caltech
2_6_3_1623_2020-01-02 19:47:45.887568,1.2821884496161982,0.0,down,caltech
2_6_3_1623_2020-01-14 16:28:16.266525,1.7753046555677174,0.7478508667986979,down,caltech
2_6_3_1623_2020-01-15 16:40:28.697137,0.3945561032639869,0.0022288933213467556,up,caltech
2_6_3_1623_2020-01-17 16:18:50.255389,0.0,0.9395222560222639,up,caltech
2_6_3_1623_2020-01-29 17:26:24.535753,0.0016225573136840253,0.3295532506407427,up,caltech
2_6_3_1623_2020-03-03 16:50:11.763797,1.142641958467267,1.1791309897955158,up,caltech
2_6_3_1623_2020-03-06 16:01:00.977013,0.03417101819204707,0.48228889068273817,up,caltech
2_6_3_1623_2020-03-13 14:22:31.857583,0.4203659917237924,0.2294187646188502,up,caltech
2_6_3_1623_2020-03-14 23:47:18.008711,0.04479965231052222,0.0,down,caltech
2_6_3_1623_2020-03-18 17:01:40.790595,0.0,0.9694280033455195,down,caltech
2_6_3_1623_2020-03-25 00:46:32.547116,2.0,0.0,down,caltech
2_6_3_1623_2020-05-04 02:26:31.619664,0.9204874398510472,0.7461592799293516,up,caltech
2_6_3_1623_2020-05-04 19:57:11.007429,1.4997544538924243,2.0,up,caltech
2_6_3_1624_2019-04-01 16:59:20.172954,0.0,0.1471248793217825,up,caltech
2_6_3_1624_2019-04-02 15:31:40.692327,1.3260390833843279,1.0,up,caltech
2_6_3_1624_2019-04-06 00:10:25.720709,0.0930187412778691,1.546455561942991,up,caltech
2_6_3_1624_2019-04-14 00:47:52.322990,0.021154163859141536,0.07342184656295149,up,caltech
2_6_3_1624_2019-04-15 00:58:26.874374,0.0,0.5411097059028928,up,caltech
2_6_3_1624_2019-05-02 16:21:36.209865,0.0,0.10457066842626424,up,caltech
2_6_3_1624_2019-05-03 15:50:53.924806,0.010106831015729808,0.012664446692857753,up,caltech
2_6_3_1624_2019-05-05 14:49:14.208633,0.008383793331540903,0.0,up,caltech
2_6_3_1624_2019-05-06 15:38:21.830347,1.2049626971253116,0.8181462934318753,down,caltech
2_6_3_1624_2019-05-10 15:25:21.523998,0.0,0.5112585626189398,up,caltech
2_6_3_1624_2019-05-11 02:15:36.925262,0.030324727032903242,0.010790722795022573,up,caltech
2_6_3_1624_2019-05-13 15:16:49.411149,0.6271310646900269,0.5547343659111169,down,caltech
2_6_3_1624_2019-05-18 15:09:48.883568,0.0,0.0,up,caltech
2_6_3_1624_2019-05-24 02:14:38.183149,0.015929256019604838,0.0,up,caltech
2_6_3_1624_2019-05-25 20:49:30.096093,0.1299613988781108,0.0,up,caltech
2_6_3_1624_2019-05-29 15:20:49.883335,0.008665275527829504,0.002718185947250555,up,caltech
2_6_3_1624_2019-06-03 15:26:47.901521,0.008012315987740196,0.005154615059826786,up,caltech
2_6_3_1624_2019-06-09 21:23:48.767549,0.0,0.005200590153444402,up,caltech
2_6_3_1624_2019-06-12 23:23:21.942027,0.017334250667024938,0.0029181870160576583,up,caltech
2_6_3_1624_2019-06-13 16:12:07.249695,0.00025146836235302955,0.0,up,caltech
2_6_3_1624_2019-06-13 21:29:02.436642,0.0160072010985621,0.01383631676499647,up,caltech
2_6_3_1624_2019-06-14 15:56:56.917263,0.0,0.1847471693073394,up,caltech
2_6_3_1624_2019-06-18 15:28:41.678644,0.005678931707671235,0.0027766926934071536,up,caltech
2_6_3_1624_2019-06-19 15:38:12.093423,0.0,0.09508893071040474,up,caltech
2_6_3_1624_2019-06-23 01:04:55.967348,0.0020420009227698666,0.0035590677606535683,up,caltech
2_6_3_1624_2019-06-25 20:38:30.975378,0.0,0.007747244710649109,up,caltech
2_6_3_1624_2019-06-27 02:31:34.343778,0.43307959516849853,0.4910300850163042,up,caltech
2_6_3_1624_2019-07-04 03:56:07.380082,0.0,0.008919973110813753,up,caltech
2_6_3_1624_2019-07-07 14:54:35.425131,0.004840913498551063,0.003660151883599489,up,caltech
2_6_3_1624_2019-07-08 15:56:12.006130,0.007014493665366278,0.006686387510937758,up,caltech
2_6_3_1624_2019-07-08 21:33:35.064858,0.010376709346441491,0.08066025746176207,up,caltech
2_6_3_1624_2019-07-15 12:35:25.930143,0.0,0.001696508212736048,up,caltech
2_6_3_1624_2019-07-26 14:59:55.115517,0.0,1.120754716981132,up,caltech
2_6_3_1624_2019-07-26 20:37:16.640212,1.0851206303416425,0.666177401395342,up,caltech
2_6_3_1624_2019-07-28 14:37:47.349327,0.0,0.006364340982102322,up,caltech
2_6_3_1624_2019-07-29 16:58:17.923896,0.010236485097297679,0.04219348732394815,up,caltech
2_6_3_1624_2019-07-31 17:19:19.960440,0.0,1.0524263762784982,up,caltech
2_6_3_1624_2019-08-09 15:37:24.969585,1.2099369952180954,1.2270659705432334,up,caltech
2_6_3_1624_2019-08-16 14:56:50.099379,0.5192790271416943,1.0910860844429549,down,caltech
2_6_3_1624_2019-08-19 15:49:23.337939,0.7055857198178934,1.0,up,caltech
2_6_3_1624_2019-08-25 14:20:09.289077,0.0,0.8397328881469116,up,caltech
2_6_3_1624_2019-08-29 15:48:15.155273,1.5481379650902451,0.6081803172316422,down,caltech
2_6_3_1624_2019-09-03 14:44:03.879036,2.0,0.8427556060010727,down,caltech
2_6_3_1624_2019-09-06 15:11:07.041506,0.8304599354732278,0.35800831029218005,up,caltech
2_6_3_1624_2019-09-10 18:36:06.189838,0.0,0.4287276959467075,up,caltech
2_6_3_1624_2019-09-12 14:50:43.037355,0.7731863738637244,0.2658238795044089,up,caltech
2_6_3_1624_2019-09-14 20:43:52.014220,0.0417071416332416,0.0,up,caltech
2_6_3_1624_2019-09-16 19:51:12.822908,0.37332087871999187,0.6963178781104427,up,caltech
2_6_3_1624_2019-09-19 15:13:13.040028,1.5627990274255534,1.5179901051103704,up,caltech
2_6_3_1624_2019-09-27 15:39:16.751558,0.4494168427579042,0.6519789526209634,down,caltech
2_6_3_1624_2019-09-28 15:12:40.102015,0.5176390592379222,0.8754726786741723,down,caltech
2_6_3_1624_2019-10-03 19:19:22.111294,0.0006197585420718996,2.0,up,caltech
2_6_3_1624_2019-10-04 15:42:06.395546,1.2826975724563054,0.6306327627401281,down,caltech
2_6_3_1624_2019-10-07 15:45:46.969054,0.9856236297177018,0.8561720097074501,up,caltech
2_6_3_1624_2019-10-10 14:39:29.739998,1.6858627671935547,0.4473551799110347,down,caltech
2_6_3_1624_2019-10-11 15:45:04.145998,0.6246275492218777,0.6258180577884017,up,caltech
2_6_3_1624_2019-10-16 15:21:51.826593,0.8884372890520958,1.0983860311682296,up,caltech
2_6_3_1624_2019-10-17 15:39:17.893857,0.9060056955330437,1.8113256249744694,up,caltech
2_6_3_1624_2019-10-18 15:14:32.361873,0.8711207437416532,1.1142779520801447,up,caltech
2_6_3_1624_2019-10-20 20:18:43.135664,1.0017605150530084,2.0,down,caltech
2_6_3_1624_2019-10-24 20:26:18.440614,0.010784683110019528,0.0,up,caltech
2_6_3_1624_2019-10-30 15:58:42.101205,1.0446569822160658,2.0,up,caltech
2_6_3_1624_2019-11-01 15:28:01.747713,1.8019644073395287,0.27603639477450215,up,caltech
2_6_3_1624_2019-11-04 16:08:09.701943,0.9539725389545435,0.22717879946354208,up,caltech
2_6_3_1624_2019-11-08 16:27:00.485524,0.763453956670467,0.6860881439013914,up,caltech
2_6_3_1624_2019-11-11 16:10:47.481353,0.0,0.0,up,caltech
2_6_3_1624_2019-11-12 16:17:37.000102,2.0,0.0,down,caltech
2_6_3_1624_2019-11-14 16:01:45.729129,0.9907245423092783,1.099216083631022,up,caltech
2_6_3_1624_2019-11-15 16:07:36.663599,0.0,0.28298970075147606,down,caltech
2_6_3_1624_2019-11-18 16:02:35.687002,1.5298535419967498,0.20285821227516845,down,caltech
2_6_3_1624_2019-11-25 20:14:17.715857,0.0,1.0,up,caltech
2_6_3_1624_2020-01-08 16:09:25.841743,0.0011131716992976556,0.0,up,caltech
2_6_3_1624_2020-01-13 16:36:00.981131,0.8343112362474197,0.07541289576163547,up,caltech
2_6_3_1624_2020-01-21 16:58:15.300416,0.18081778330259668,0.2910656861444375,up,caltech
2_6_3_1624_2020-01-24 16:38:40.745025,0.007333311011143121,0.02042537564538122,up,caltech
2_6_3_1624_2020-01-25 20:00:10.650143,2.0,1.0,down,caltech
2_6_3_1624_2020-01-28 16:17:14.020305,0.0,0.0,up,caltech
2_6_3_1624_2020-01-29 15:41:13.660115,0.23674190494589092,2.0,up,caltech
2_6_3_1624_2020-01-30 16:59:04.140384,0.0,0.20014925556941737,up,caltech
2_6_3_1624_2020-03-02 16:31:34.637590,2.0,0.4171373070958252,up,caltech
2_6_3_1624_2020-03-03 17:47:12.833215,1.1367019741553455,0.0,up,caltech
2_6_3_1624_2020-03-04 17:59:17.620980,1.3288681339579222,1.3333333333333333,up,caltech
2_6_3_1624_2020-05-06 03:24:08.150794,0.0,2.0,down,caltech
2_6_3_1625_2019-03-28 15:55:26.053218,0.6962301540839265,1.528963969915454,up,caltech
2_6_3_1625_2019-03-31 22:17:35.441972,0.35357505448316223,0.027108761272662336,up,caltech
2_6_3_1625_2019-04-04 16:16:27.660660,0.6844938231649413,0.5751326733312877,up,caltech
2_6_3_1625_2019-04-09 14:49:15.845136,0.0,0.3546577436747761,up,caltech
2_6_3_1625_2019-04-12 16:15:27.301390,1.3235744917902186,2.0,down,caltech
2_6_3_1625_2019-04-20 16:15:09.270215,1.3013036795949737,0.0,down,caltech
2_6_3_1625_2019-04-22 16:04:46.399341,0.0,0.017178427885972833,up,caltech
2_6_3_1625_2019-04-27 18:27:08.186280,0.0,0.03349823934124241,up,caltech
2_6_3_1625_2019-04-29 15:34:17.026655,1.0341716566866266,0.36011343857817474,up,caltech
2_6_3_1625_2019-05-01 14:55:08.456780,0.7889019024456786,1.134331416901024,up,caltech
2_6_3_1625_2019-05-12 14:40:59.010929,0.010353557790306993,0.0,up,caltech
2_6_3_1625_2019-05-13 15:39:23.995052,2.0,0.6813195541404701,down,caltech
2_6_3_1625_2019-05-17 15:36:56.644050,1.6275928932178936,0.9491573549339261,down,caltech
2_6_3_1625_2019-05-20 16:06:26.866766,0.10150459161953457,0.004350752949246949,up,caltech
2_6_3_1625_2019-05-24 04:56:39.337239,0.0012053025364004639,0.0206088663588264,up,caltech
2_6_3_1625_2019-05-25 00:16:13.967643,0.0,0.0,up,caltech
2_6_3_1625_2019-05-28 01:30:09.832805,0.0,0.01315177919288465,up,caltech
2_6_3_1625_2019-05-28 15:08:43.971747,1.0999876332362257,1.036731455292997,up,caltech
2_6_3_1625_2019-05-30 15:30:08.009678,1.2272747361847265,0.022206618500602446,up,caltech
2_6_3_1625_2019-05-31 15:27:04.642142,0.03274371261208056,0.02583748465814734,up,caltech
2_6_3_1625_2019-06-09 14:24:47.860836,0.0,0.011929701227096922,up,caltech
2_6_3_1625_2019-06-11 02:14:28.644471,0.0,0.0025261096080484748,up,caltech
2_6_3_1625_2019-06-13 16:07:00.269758,0.0,1.0732024309447923,down,caltech
2_6_3_1625_2019-06-15 04:17:19.753817,0.015414480475941732,0.005960050428986009,up,caltech
2_6_3_1625_2019-06-15 18:46:33.012552,0.0,0.015828854850827474,up,caltech
2_6_3_1625_2019-06-20 15:35:12.169188,0.0,0.7366110563714505,up,caltech
2_6_3_1625_2019-06-21 02:07:42.778646,0.0,0.0,up,caltech
2_6_3_1625_2019-06-27 15:17:53.483891,0.00807320391599778,0.0008953442101075755,up,caltech
2_6_3_1625_2019-06-27 22:20:32.602606,0.01677127141192593,0.006764625531426778,up,caltech
2_6_3_1625_2019-06-29 02:09:38.248190,0.012115719257540446,0.0,up,caltech
2_6_3_1625_2019-07-01 00:52:59.601011,1.025920927278501,1.3596229203836894,down,caltech
2_6_3_1625_2019-07-07 02:46:21.859737,0.0,0.003069589394836598,up,caltech
2_6_3_1625_2019-07-08 23:23:45.704566,1.5105146491904409,0.40165546100910116,down,caltech
2_6_3_1625_2019-07-10 23:41:24.084399,0.0,0.009180627504064908,up,caltech
2_6_3_1625_2019-07-11 01:39:27.235860,0.010131368402086704,0.016712841048650173,up,caltech
2_6_3_1625_2019-07-11 22:04:24.919423,0.004838993567962454,0.005032415566197487,up,caltech
2_6_3_1625_2019-07-12 20:09:39.402286,0.05786294309389097,0.010895178206424841,up,caltech
2_6_3_1625_2019-07-13 14:24:09.626319,0.0,0.0,up,caltech
2_6_3_1625_2019-07-15 15:09:45.644821,0.003848959652992973,0.003862586292740908,up,caltech
2_6_3_1625_2019-07-29 15:41:34.708480,2.0,0.7809063519928356,down,caltech
2_6_3_1625_2019-07-30 15:48:57.408965,0.499343847361779,1.557847906440027,up,caltech
2_6_3_1625_2019-07-31 16:29:30.568592,0.0,0.0,up,caltech
2_6_3_1625_2019-08-01 15:52:43.039387,0.663164381896289,0.9736077034689636,up,caltech
2_6_3_1625_2019-08-02 15:04:16.950020,0.010540383791007902,1.209121781314559,up,caltech
2_6_3_1625_2019-08-04 14:22:08.089532,0.0,0.2842794141873649,up,caltech
2_6_3_1625_2019-08-14 15:08:52.025347,1.5155494442749189,0.31857570541867564,down,caltech
2_6_3_1625_2019-08-16 14:34:19.958251,0.988512070728049,1.8230779801864554,up,caltech
2_6_3_1625_2019-08-20 15:33:15.019965,1.8411919483260528,1.1734958583075692,down,caltech
2_6_3_1625_2019-08-28 15:41:48.295847,0.41640491525788537,0.44607937386432583,up,caltech
2_6_3_1625_2019-08-29 15:32:33.035856,0.0,0.22517879074773423,up,caltech
2_6_3_1625_2019-09-04 14:44:58.175708,1.0220445142694017,0.8237283475218611,up,caltech
2_6_3_1625_2019-09-10 15:11:57.688244,2.0,0.41139850212223494,down,caltech
2_6_3_1625_2019-09-13 14:44:39.488240,1.4523021437782084,0.7019113773292763,down,caltech
2_6_3_1625_2019-09-15 18:38:20.983811,0.46101577237985986,2.0,up,caltech
2_6_3_1625_2019-09-19 15:52:54.860606,1.3793701498898516,1.0831890652136231,up,caltech
2_6_3_1625_2019-09-20 14:46:01.143698,0.00304250893912852,0.9952174572757876,up,caltech
2_6_3_1625_2019-09-26 15:14:01.660132,1.3639409974261025,1.0191982920564655,down,caltech
2_6_3_1625_2019-09-27 02:09:21.137917,0.6477108267735369,2.0,up,caltech
2_6_3_1625_2019-09-27 16:16:18.903643,0.09340650429502298,0.0,up,caltech
2_6_3_1625_2019-09-30 15:05:48.817858,0.9827209758986833,0.8937571632054649,down,caltech
2_6_3_1625_2019-10-01 00:09:26.020364,2.0,2.0,down,caltech
2_6_3_1625_2019-10-01 20:24:34.851091,1.1805197979344033,1.391780723937319,down,caltech
2_6_3_1625_2019-10-07 15:44:24.126319,0.9748896176811664,0.09035871800549546,up,caltech
2_6_3_1625_2019-10-08 15:10:07.938238,0.9325637409267006,1.3973584950211542,up,caltech
2_6_3_1625_2019-10-11 15:55:42.172267,0.645794798081782,0.8009227036260056,up,caltech
2_6_3_1625_2019-10-14 14:56:16.305236,0.7956387345738395,1.037035123711517,up,caltech
2_6_3_1625_2019-10-15 15:20:55.856917,0.01821001714778815,1.2195527636005619,up,caltech
2_6_3_1625_2019-10-25 15:27:08.931511,0.0,0.3118206521739131,up,caltech
2_6_3_1625_2019-10-28 15:17:25.982333,0.9718318522775343,1.1156867295965542,up,caltech
2_6_3_1625_2019-11-07 16:03:24.598152,1.5552823643007265,0.5249805552531314,down,caltech
2_6_3_1625_2019-11-08 16:45:05.214249,1.1027917938372522,1.085227050251578,down,caltech
2_6_3_1625_2019-11-11 15:56:12.758971,0.27576935096243244,0.9908759378355967,up,caltech
2_6_3_1625_2019-11-12 15:43:53.729019,2.0,1.0238440328642782,down,caltech
2_6_3_1625_2019-11-13 20:40:56.063334,0.2501963881575028,2.0,up,caltech
2_6_3_1625_2019-11-14 03:52:18.738899,2.0,0.0,up,caltech
2_6_3_1625_2019-11-17 02:30:03.753120,1.692569357579477,2.0,down,caltech
2_6_3_1625_2019-11-18 16:00:05.740289,0.681107594204094,0.8992967959663691,up,caltech
2_6_3_1625_2019-11-22 16:11:28.527671,2.0,0.7391278121671991,down,caltech
2_6_3_1625_2019-11-27 19:38:53.100909,1.7581294380994703,0.42970159429971666,up,caltech
2_6_3_1625_2020-01-03 15:28:55.919670,1.9703049425442174,1.0480354866181607,up,caltech
2_6_3_1625_2020-01-13 16:09:13.387904,0.5854860280097666,1.343090245838797,up,caltech
2_6_3_1625_2020-01-13 20:12:31.071874,2.0,0.0,up,caltech
2_6_3_1625_2020-01-23 17:11:20.428081,0.0,0.12635080703857998,up,caltech
2_6_3_1625_2020-01-28 16:45:23.442766,0.02141506153363363,0.39367959831598304,up,caltech
2_6_3_1625_2020-01-31 15:33:30.836602,2.0,1.6263633940934699,down,caltech
2_6_3_1625_2020-03-02 16:18:32.361664,0.9909392222327287,0.0,up,caltech
2_6_3_1625_2020-03-06 16:05:17.604635,1.6164353577032717,1.0085475745662125,down,caltech
2_6_3_1625_2020-03-11 04:40:13.087502,0.020184278816038806,0.0,down,caltech
2_6_3_1626_2019-03-25 15:34:47.404312,1.1589590459007628,0.0,down,caltech
2_6_3_1626_2019-03-31 04:18:24.349643,2.0,1.1029933624927788,down,caltech
2_6_3_1626_2019-04-02 23:12:39.009054,0.10598041258595572,0.6854639507547038,down,caltech
2_6_3_1626_2019-04-05 03:36:27.827435,0.001830553631216266,0.2157747311974573,up,caltech
2_6_3_1626_2019-04-12 01:48:34.167316,0.003726675368359315,0.0033455885760133976,up,caltech
2_6_3_1626_2019-04-21 23:24:42.925476,0.006953198749316441,0.002399777789106602,up,caltech
2_6_3_1626_2019-04-25 19:58:04.549216,0.004459993374647697,0.007995089884192348,up,caltech
2_6_3_1626_2019-04-29 15:27:28.627488,0.6105034588720263,0.926949150178645,up,caltech
2_6_3_1626_2019-05-06 20:35:01.924544,0.148895062446668,0.0003678011467356546,up,caltech
2_6_3_1626_2019-05-09 15:49:26.309700,0.00085336534924728,0.013195595560896422,up,caltech
2_6_3_1626_2019-05-10 14:37:33.932045,0.5586429207077999,0.6445274047317149,up,caltech
2_6_3_1626_2019-05-14 15:32:37.475896,0.0,0.0019044628574187122,up,caltech
2_6_3_1626_2019-05-21 16:02:40.234532,0.0,0.7516418298117364,up,caltech
2_6_3_1626_2019-06-02 01:44:59.523451,1.7692138043289745,1.0,down,caltech
2_6_3_1626_2019-06-02 22:25:10.280778,0.09567530504411283,0.00839178608724672,up,caltech
2_6_3_1626_2019-06-04 15:35:36.633778,0.007766486104001769,0.005087183803460718,up,caltech
2_6_3_1626_2019-06-07 15:26:04.997508,0.0,0.0240583586124238,up,caltech
2_6_3_1626_2019-06-07 17:54:29.672580,0.0,0.0,up,caltech
2_6_3_1626_2019-06-14 20:03:59.058948,0.009936500205201607,0.0036685090975422567,up,caltech
2_6_3_1626_2019-06-16 14:54:48.939261,0.0,0.001846421201260045,up,caltech
2_6_3_1626_2019-06-17 16:05:38.901580,2.0,0.27381734762521487,down,caltech
2_6_3_1626_2019-06-18 15:49:10.773486,0.0,0.00295642931140248,up,caltech
2_6_3_1626_2019-06-20 15:01:53.611772,0.003047162320294482,0.013453457316475296,up,caltech
2_6_3_1626_2019-06-24 15:15:54.829900,0.4508548656639668,1.9138093141725099,up,caltech
2_6_3_1626_2019-06-26 20:43:59.069073,0.2773052555789592,0.21531215885003246,up,caltech
2_6_3_1626_2019-06-27 01:29:49.569287,0.0,0.3700593815122767,down,caltech
2_6_3_1626_2019-06-28 01:46:00.065262,0.33624335435490077,0.004339898130142946,up,caltech
2_6_3_1626_2019-07-01 14:26:08.728635,1.957267852177855,1.3540704268208348,up,caltech
2_6_3_1626_2019-07-06 17:49:20.662562,0.0,0.00966160561091837,up,caltech
2_6_3_1626_2019-07-13 17:07:37.037279,0.003701794809604539,0.01533542665439827,up,caltech
2_6_3_1626_2019-07-14 21:48:45.019869,0.862601462385539,0.29188208099806845,up,caltech
2_6_3_1626_2019-07-15 14:50:42.509592,0.7650857949021181,0.6832464577869537,down,caltech
2_6_3_1626_2019-07-26 15:11:39.826254,1.2479205272177554,0.8585451719868491,down,caltech
2_6_3_1626_2019-07-29 15:48:07.736749,0.0,0.0026091539448324075,up,caltech
2_6_3_1626_2019-08-02 16:01:19.662612,1.4902386996860035,0.032523520413339765,up,caltech
2_6_3_1626_2019-08-09 01:32:05.826141,0.0067004992224384404,0.5742202512426362,up,caltech
2_6_3_1626_2019-08-14 16:07:24.588688,0.2630234830532269,1.3101624038090183,up,caltech
2_6_3_1626_2019-08-15 16:00:48.076416,1.6397862112074977,2.0,down,caltech
2_6_3_1626_2019-08-16 12:56:41.176171,1.4024302518582012,2.0,down,caltech
2_6_3_1626_2019-08-18 19:16:55.532546,0.8181908183274403,0.48632260520021464,up,caltech
2_6_3_1626_2019-08-19 15:52:54.028890,0.6359549052226097,0.8686803417539427,up,caltech
2_6_3_1626_2019-08-22 16:05:38.801590,0.931098708259159,1.1023529537947174,up,caltech
2_6_3_1626_2019-08-24 23:11:15.863157,0.665703740908918,0.4436183267880375,up,caltech
2_6_3_1626_2019-08-27 18:28:42.004900,1.0043753425637687,1.4756596060943887,down,caltech
2_6_3_1626_2019-08-30 15:42:02.854418,1.7717906345738017,1.0,down,caltech
2_6_3_1626_2019-09-06 15:04:09.840274,0.6615164904134204,0.685248304634714,up,caltech
2_6_3_1626_2019-09-12 15:35:00.744850,1.0210039080574638,0.16632506739130562,down,caltech
2_6_3_1626_2019-09-13 19:06:27.063847,1.086215690868107,1.0,up,caltech
2_6_3_1626_2019-09-18 15:34:05.147001,1.8668462268559918,1.1561827351480398,up,caltech
2_6_3_1626_2019-09-24 15:12:40.637698,0.0071788426123315565,1.9943868687107469,up,caltech
2_6_3_1626_2019-09-27 15:05:36.928764,0.9932536423962478,1.359193470197259,up,caltech
2_6_3_1626_2019-09-28 14:41:43.959223,0.41451711855250084,0.6269090672083891,down,caltech
2_6_3_1626_2019-09-30 16:11:24.002692,2.0,0.454317638565156,down,caltech
2_6_3_1626_2019-10-04 15:06:37.396482,1.179447008675465,1.0294526040510485,down,caltech
2_6_3_1626_2019-10-11 15:34:27.584874,0.03564839305265943,0.7327971107591155,up,caltech
2_6_3_1626_2019-10-18 15:19:34.662057,2.0,0.7793056219300487,down,caltech
2_6_3_1626_2019-10-21 14:54:02.404842,0.04287380146461689,1.209360835762064,up,caltech
2_6_3_1626_2019-10-22 13:43:25.857103,0.23304675786617213,0.6646920729206727,down,caltech
2_6_3_1626_2019-10-25 15:50:11.954700,0.48429756678782315,0.09391802805084,up,caltech
2_6_3_1626_2019-10-30 00:09:21.186614,2.0,2.0,down,caltech
2_6_3_1626_2019-10-30 15:26:50.890796,0.7428009263289856,0.0210627482985748,up,caltech
2_6_3_1626_2019-10-31 15:17:25.140960,1.3936166366836809,1.0605449413954928,down,caltech
2_6_3_1626_2019-11-01 15:10:21.708763,0.0,1.8915565199942752,up,caltech
2_6_3_1626_2019-11-04 15:52:53.755906,0.7857845583103884,0.606136558816975,up,caltech
2_6_3_1626_2019-11-06 16:18:12.327839,0.3413965500232856,0.9024839498814496,up,caltech
2_6_3_1626_2019-11-07 16:44:39.385361,0.7432712058734139,0.5771237325632617,down,caltech
2_6_3_1626_2019-11-08 19:02:11.864048,0.0,0.0,up,caltech
2_6_3_1626_2019-11-14 16:05:06.329630,0.0,0.43176598011363637,up,caltech
2_6_3_1626_2019-11-15 16:21:15.178371,0.9547960939135848,0.3108434982369557,up,caltech
2_6_3_1626_2019-11-18 16:29:56.027493,0.008948483604167461,1.7406967288978212,up,caltech
2_6_3_1626_2019-11-19 16:45:42.987881,1.0962442338761387,1.4120627961573597,down,caltech
2_6_3_1626_2019-11-20 16:16:00.167683,1.0822643314117681,0.06105432181238172,up,caltech
2_6_3_1626_2019-11-20 20:35:46.053082,0.0,1.0,up,caltech
2_6_3_1626_2019-11-22 16:45:30.059648,0.9604560589809515,0.9069366255129485,up,caltech
2_6_3_1626_2020-01-02 16:21:46.978147,0.8103922905322256,0.0,up,caltech
2_6_3_1626_2020-01-09 16:09:16.919771,1.452589744178023,0.32323035699221014,down,caltech
2_6_3_1626_2020-01-10 16:23:56.873630,0.9330747030182301,0.18712114378793962,up,caltech
2_6_3_1626_2020-01-12 20:49:54.903405,1.3041782474596386,0.506147962037317,up,caltech
2_6_3_1626_2020-01-15 16:43:30.057508,0.2558347616839265,1.81494105766663,up,caltech
2_6_3_1626_2020-01-17 16:02:45.692293,0.0,0.0,up,caltech
2_6_3_1626_2020-01-27 15:50:54.319702,0.028670219570628052,2.0,up,caltech
2_6_3_1626_2020-03-02 16:12:31.995126,1.3006001925733082,0.0,up,caltech
2_6_3_1626_2020-03-03 16:49:20.523517,0.0,0.6666666666666666,up,caltech
2_6_3_1626_2020-03-04 18:09:07.871037,0.0,0.0,up,caltech
2_6_3_1626_2020-03-10 20:36:38.145512,2.0,1.149446389540808,up,caltech
2_6_3_1626_2020-03-12 15:56:24.355700,0.0,0.0,up,caltech
2_6_3_1626_2020-03-13 15:04:30.966867,0.045301659024370985,0.9705577735852227,down,caltech
2_6_3_1626_2020-03-15 02:48:22.229059,0.0,0.6622167386511777,up,caltech
2_6_3_1626_2020-03-22 19:54:37.591431,0.9971192176911117,1.199040702879096,up,caltech
2_6_3_1627_2019-04-01 15:20:41.908354,0.7763648913355982,0.5771253776385386,up,caltech
2_6_3_1627_2019-04-07 19:41:21.047204,0.003154945266874846,0.008749124914651981,up,caltech
2_6_3_1627_2019-04-18 16:22:39.657233,0.0,0.0,up,caltech
2_6_3_1627_2019-04-19 02:28:13.228662,0.0,0.07475592538315777,up,caltech
2_6_3_1627_2019-04-20 17:12:54.783127,1.833413693622293,0.0035238258021017582,up,caltech
2_6_3_1627_2019-04-20 22:58:35.937499,2.0,0.43032404672124147,down,caltech
2_6_3_1627_2019-04-21 18:27:38.168633,0.0,0.10682065534340728,up,caltech
2_6_3_1627_2019-04-25 15:27:08.022554,0.00024369472422624075,0.2950814645518352,up,caltech
2_6_3_1627_2019-04-25 21:53:44.401059,1.9395046229835036,1.7645301858478588,up,caltech
2_6_3_1627_2019-04-30 04:23:40.744824,0.0019960245866013247,0.0,up,caltech
2_6_3_1627_2019-05-06 15:26:36.760863,0.8189981050983371,0.9827410999196644,up,caltech
2_6_3_1627_2019-05-14 18:43:27.754382,0.00027209179517930166,0.004443644072482105,up,caltech
2_6_3_1627_2019-05-15 15:31:21.304195,0.5492764586773083,0.015188312000018009,up,caltech
2_6_3_1627_2019-05-15 21:34:04.900291,0.0,0.002821644444991487,up,caltech
2_6_3_1627_2019-05-24 15:40:47.130424,1.5014215843017398,1.6219503203658432,down,caltech
2_6_3_1627_2019-05-28 15:22:57.926482,1.0622524242854767,0.0048347431839627945,up,caltech
2_6_3_1627_2019-06-04 15:26:06.898979,0.05128209731856389,0.0,up,caltech
2_6_3_1627_2019-06-07 15:05:50.082607,0.0,0.09486405325364018,up,caltech
2_6_3_1627_2019-06-08 01:24:20.006396,0.0,0.0014552461115266153,up,caltech
2_6_3_1627_2019-06-08 18:29:32.054538,2.0,1.422059651097355,down,caltech
2_6_3_1627_2019-06-11 15:25:25.674444,0.0,0.010819696075994577,up,caltech
2_6_3_1627_2019-06-11 21:14:37.130301,0.0015130394412578773,0.3921664080008077,up,caltech
2_6_3_1627_2019-06-14 15:40:10.900546,0.00923937275884361,0.05722870727933671,up,caltech
2_6_3_1627_2019-06-17 01:13:54.736946,2.0,0.12441260967763834,down,caltech
2_6_3_1627_2019-06-17 15:08:09.906306,2.0,1.1515885588925254,down,caltech
2_6_3_1627_2019-06-20 01:58:21.566192,0.0,0.0,up,caltech
2_6_3_1627_2019-06-27 01:22:23.625922,0.1315931409962857,0.08286961536006777,up,caltech
2_6_3_1627_2019-06-28 00:07:22.010658,0.002696478544776492,0.1600090816693079,up,caltech
2_6_3_1627_2019-06-28 15:26:28.735809,0.0,1.6024563939760175,up,caltech
2_6_3_1627_2019-06-29 16:02:11.219096,0.016676028647662343,2.0,up,caltech
2_6_3_1627_2019-07-01 15:27:27.936344,0.0,0.0,up,caltech
2_6_3_1627_2019-07-01 21:34:58.622008,0.014479645587853906,0.0005710852184156187,up,caltech
2_6_3_1627_2019-07-02 16:23:15.228021,2.0,0.8645990706734226,down,caltech
2_6_3_1627_2019-07-06 02:01:29.607663,0.013696279987418953,0.003022538021448448,up,caltech
2_6_3_1627_2019-07-10 19:15:44.687711,0.0206833029121586,0.16521581312202802,up,caltech
2_6_3_1627_2019-07-15 14:25:06.969728,0.635978509285344,1.5075545072038758,down,caltech
2_6_3_1627_2019-07-30 15:46:13.503414,0.4528923539529793,1.8520155492837742,up,caltech
2_6_3_1627_2019-08-02 15:22:15.058504,2.0,0.36180140875255296,down,caltech
2_6_3_1627_2019-08-04 21:45:51.077558,0.0,0.4791484872821202,up,caltech
2_6_3_1627_2019-08-19 15:13:58.385709,0.7268128898810275,0.0,up,caltech
2_6_3_1627_2019-08-30 15:08:49.077160,0.8378312632630284,0.35331435051559845,up,caltech
2_6_3_1627_2019-09-06 15:09:32.395768,1.356236068107627,1.6326709022652703,down,caltech
2_6_3_1627_2019-09-06 19:58:25.056161,0.7358049140975841,0.8007238454794928,up,caltech
2_6_3_1627_2019-09-09 15:11:48.149348,1.0333211477990532,1.2426170806503696,up,caltech
2_6_3_1627_2019-09-12 15:43:00.866063,0.6317849839825923,1.3719264832703857,up,caltech
2_6_3_1627_2019-09-16 15:49:17.995959,0.1942883561737011,0.9268558322362269,up,caltech
2_6_3_1627_2019-09-23 15:38:51.613238,0.6268362510719926,1.0335363698587292,up,caltech
2_6_3_1627_2019-09-25 15:49:38.646451,2.0,0.699565491002752,up,caltech
2_6_3_1627_2019-09-27 15:47:43.618838,0.8035500364068107,1.0,down,caltech
2_6_3_1627_2019-09-30 15:00:25.146113,1.0121016241005545,0.8608472227694696,up,caltech
2_6_3_1627_2019-10-01 19:29:31.048986,0.9927117332501761,1.0,down,caltech
2_6_3_1627_2019-10-04 01:25:04.353482,2.0,0.713944557903766,down,caltech
2_6_3_1627_2019-10-04 15:42:26.123838,0.0,0.35330476970892016,up,caltech
2_6_3_1627_2019-10-09 15:25:24.715497,0.4332228575165599,1.4587765574441185,up,caltech
2_6_3_1627_2019-10-10 15:29:16.149082,0.0,1.3574597160346986,up,caltech
2_6_3_1627_2019-10-11 15:15:44.044662,0.7438748118983524,1.5641913464105905,up,caltech
2_6_3_1627_2019-10-16 15:11:46.074765,0.46561120765233655,0.6258442764466055,up,caltech
2_6_3_1627_2019-10-17 14:40:25.713212,1.1059680560900444,2.0,up,caltech
2_6_3_1627_2019-10-23 15:06:35.768846,0.16148019602282934,0.144910081550412,up,caltech
2_6_3_1627_2019-10-26 16:55:53.275901,1.7458011197014134,0.0,up,caltech
2_6_3_1627_2019-10-28 15:11:35.832545,1.2251045373145575,1.3570942406308835,down,caltech
2_6_3_1627_2019-10-30 15:11:53.152366,2.0,1.3716880951359054,down,caltech
2_6_3_1627_2019-10-31 15:18:05.087066,1.1908047147348992,1.0022678663858429,down,caltech
2_6_3_1627_2019-11-04 16:54:39.984413,1.1031719412911363,1.5289348009869457,up,caltech
2_6_3_1627_2019-11-08 16:33:53.917490,1.6278455410141384,0.9600819910164659,down,caltech
2_6_3_1627_2019-11-10 03:41:58.866335,0.09894466574788972,1.0,down,caltech
2_6_3_1627_2019-11-13 16:10:02.585686,0.3622999523706138,1.323820616769547,up,caltech
2_6_3_1627_2019-11-18 16:06:12.278817,1.116514176764204,1.2429151716465867,up,caltech
2_6_3_1627_2019-11-21 16:29:12.918496,0.7442236787089271,0.009494505184681918,up,caltech
2_6_3_1627_2019-11-22 17:04:55.991813,0.7334593305817844,1.3301901248541244,up,caltech
2_6_3_1627_2019-11-26 17:12:03.188178,0.076107009926623,1.5,up,caltech
2_6_3_1627_2019-11-29 16:43:19.709908,0.8570468430352701,0.4838088248431169,up,caltech
2_6_3_1627_2020-01-02 16:00:42.707828,0.0,0.3270884899871756,up,caltech
2_6_3_1627_2020-01-04 03:26:27.175691,1.8315054455414082,1.4111374992771446,up,caltech
2_6_3_1627_2020-01-08 03:01:10.827334,1.7840450124311535,1.1579390084257712,up,caltech
2_6_3_1627_2020-01-23 16:10:43.159809,0.0,0.14448571478060404,up,caltech
2_6_3_1627_2020-01-29 16:09:24.372469,0.0,0.04265037547861174,up,caltech
2_6_3_1627_2020-01-30 16:39:09.178301,1.0808176247771835,0.0,up,caltech
2_6_3_1627_2020-01-31 16:35:19.392675,1.0128739319606954,0.3385384503763264,up,caltech
2_6_3_1627_2020-03-04 15:33:14.851629,0.7603001999160546,0.2206281188737396,up,caltech
2_6_3_1627_2020-03-06 16:32:49.663379,0.0,0.0,up,caltech
2_6_3_1627_2020-03-09 00:20:24.982483,0.04865126455837893,2.0,down,caltech
2_6_3_1627_2020-03-09 14:42:34.847529,0.0,0.0,down,caltech
2_6_3_1627_2020-03-16 15:10:55.760181,0.0,2.0,down,caltech
2_6_3_1627_2020-03-17 16:02:35.871834,0.005289291418238525,1.302398126216082,up,caltech
2_6_3_1627_2020-03-30 00:20:52.927120,1.5817416019403463,0.8055379479916797,up,caltech
2_6_3_1627_2020-05-06 00:45:47.016080,1.957043756670224,2.0,up,caltech
2_6_3_1628_2019-03-22 15:32:28.772170,0.6699554932105891,1.1837589150516101,up,caltech
2_6_3_1628_2019-04-19 00:18:15.786018,0.0,0.503657875867851,up,caltech
2_6_3_1628_2019-04-21 01:12:04.806539,0.0,0.45069589488016437,up,caltech
2_6_3_1628_2019-04-24 00:17:25.806602,0.0,0.010069432884496394,up,caltech
2_6_3_1628_2019-04-28 17:05:21.251657,0.0072376001676003774,0.007854172440542529,up,caltech
2_6_3_1628_2019-05-01 15:36:38.075445,1.2747013168221857,0.608604043953291,down,caltech
2_6_3_1628_2019-05-08 15:30:37.025367,0.0,0.011641274348724938,up,caltech
2_6_3_1628_2019-05-13 15:19:35.755524,0.8386013989378077,0.36377656313966317,up,caltech
2_6_3_1628_2019-05-16 15:58:37.093749,0.006124234470691736,1.396276066429314,up,caltech
2_6_3_1628_2019-05-17 15:33:49.769324,0.016100696097916253,0.3501299377205754,up,caltech
2_6_3_1628_2019-05-31 01:40:09.784427,0.0,0.007440748662666472,up,caltech
2_6_3_1628_2019-06-05 02:30:11.983041,0.0,0.09351510291365943,up,caltech
2_6_3_1628_2019-06-06 01:45:45.273085,0.005571982901726508,0.011019385480149536,up,caltech
2_6_3_1628_2019-06-08 15:36:35.780550,0.0,0.005064610053016817,up,caltech
2_6_3_1628_2019-06-08 22:58:01.960962,2.0,0.5915646227941833,down,caltech
2_6_3_1628_2019-06-09 21:40:54.635790,2.0,2.0,down,caltech
2_6_3_1628_2019-06-18 03:40:32.246433,0.0014765043051889993,0.005851060987239299,up,caltech
2_6_3_1628_2019-06-20 03:24:39.765361,0.020311884014349187,0.018823227554896384,up,caltech
2_6_3_1628_2019-06-22 14:14:30.220730,0.0,0.0022115547985126025,up,caltech
2_6_3_1628_2019-06-24 15:20:14.908574,1.1960836574151967,0.03742976961372241,down,caltech
2_6_3_1628_2019-06-26 20:04:09.918308,2.0,0.7129915772543662,down,caltech
2_6_3_1628_2019-06-28 04:38:04.715044,0.0,0.0077312596241384274,up,caltech
2_6_3_1628_2019-06-28 15:48:41.739401,0.022805382839916462,0.002747569607337476,up,caltech
2_6_3_1628_2019-07-01 15:52:53.100625,0.004678575768623051,0.04480553797579249,up,caltech
2_6_3_1628_2019-07-02 15:52:07.705551,0.9498693750789662,2.0,down,caltech
2_6_3_1628_2019-07-03 15:29:40.314205,0.0,0.07782032715519352,up,caltech
2_6_3_1628_2019-07-08 16:10:35.297869,0.0,1.75572260030287,down,caltech
2_6_3_1628_2019-07-10 01:15:23.192081,0.010211366240565437,0.0,up,caltech
2_6_3_1628_2019-07-10 15:21:19.210118,0.003426163763208671,1.9400490819566125,up,caltech
2_6_3_1628_2019-07-13 21:54:32.256378,0.0,0.31481022607089393,up,caltech
2_6_3_1628_2019-07-15 05:58:45.847935,0.010994086007467428,0.011174912784566926,up,caltech
2_6_3_1628_2019-07-15 16:04:08.165638,0.12006992956785749,0.015055092889966613,up,caltech
2_6_3_1628_2019-07-30 15:02:12.825141,1.632359883891529,0.8244016376759374,down,caltech
2_6_3_1628_2019-07-31 01:35:22.954773,1.111488476803877,1.5388299224042816,down,caltech
2_6_3_1628_2019-08-06 14:57:47.057288,1.731266106442577,0.6360338737997844,up,caltech
2_6_3_1628_2019-08-09 14:58:09.741291,0.012257259059609527,1.4948095615779289,up,caltech
2_6_3_1628_2019-08-14 15:11:42.025319,1.6310882708585264,0.6771133069014762,down,caltech
2_6_3_1628_2019-08-19 15:35:52.691338,0.7335213515073333,0.1159580329891246,up,caltech
2_6_3_1628_2019-08-23 14:40:01.067528,1.7543873748586742,1.1182244748963373,down,caltech
2_6_3_1628_2019-08-28 14:30:16.998592,0.3366356249740385,0.9038495369856793,up,caltech
2_6_3_1628_2019-09-03 15:45:25.107722,0.779977654700442,1.027800086165394,up,caltech
2_6_3_1628_2019-09-09 15:37:49.339158,0.9416537989098922,0.9505935585570495,up,caltech
2_6_3_1628_2019-09-10 15:35:37.110103,0.38730959796746184,0.8052996599517807,up,caltech
2_6_3_1628_2019-09-16 15:05:18.871739,1.6497515366070863,0.8814019969836283,down,caltech
2_6_3_1628_2019-09-23 15:20:48.418337,0.7051968518087943,1.1508657645144664,up,caltech
2_6_3_1628_2019-09-25 15:08:45.147084,0.8470665403264505,1.4886473355339063,up,caltech
2_6_3_1628_2019-09-30 15:25:40.060107,0.0035622206754840845,1.0569716892107959,up,caltech
2_6_3_1628_2019-10-04 15:20:48.793955,2.0,0.9062221340824688,down,caltech
2_6_3_1628_2019-10-07 22:31:19.989254,2.0,0.5789727128760181,down,caltech
2_6_3_1628_2019-10-11 14:58:05.779465,0.6808250469438593,1.4178338141797686,up,caltech
2_6_3_1628_2019-10-14 14:52:28.985176,2.0,1.1062357569541537,down,caltech
2_6_3_1628_2019-10-16 15:46:57.987398,2.0,1.433336742412764,down,caltech
2_6_3_1628_2019-10-21 15:11:29.852274,1.2335463879133695,0.3386396905826367,up,caltech
2_6_3_1628_2019-10-22 15:17:19.126551,0.8041996594069447,1.101637370638003,up,caltech
2_6_3_1628_2019-10-23 15:19:13.983318,2.0,1.121163802719247,up,caltech
2_6_3_1628_2019-10-25 15:03:56.740253,1.6940828888552273,0.0,up,caltech
2_6_3_1628_2019-10-26 17:18:10.812046,0.0,0.0,up,caltech
2_6_3_1628_2019-10-28 14:57:54.019290,0.11067392178333578,0.47187189752666175,up,caltech
2_6_3_1628_2019-10-31 15:50:28.850675,1.3553822469765564,1.2978232114080634,down,caltech
2_6_3_1628_2019-11-05 16:32:07.921639,2.0,0.7948970540803478,down,caltech
2_6_3_1628_2019-11-08 15:41:07.604708,1.665908570878043,1.1989132790257935,down,caltech
2_6_3_1628_2019-11-13 15:51:23.960708,1.1802226360047996,1.1593543092653027,down,caltech
2_6_3_1628_2019-11-17 17:37:21.964074,0.2873957804635628,0.7871329833909524,down,caltech
2_6_3_1628_2019-11-18 15:44:22.184148,0.0,0.5999173808504257,up,caltech
2_6_3_1628_2019-11-19 00:54:26.379720,0.8850119406101353,1.2505448077064318,up,caltech
2_6_3_1628_2019-11-19 16:59:22.889700,0.5588429620736461,2.0,up,caltech
2_6_3_1628_2019-11-21 03:58:11.123912,1.40903835810421,1.1016222757671839,down,caltech
2_6_3_1628_2019-11-22 16:30:01.500859,1.6259060817218518,0.12218479997384565,down,caltech
2_6_3_1628_2019-11-25 19:59:35.688088,0.42264107587213917,2.0,up,caltech
2_6_3_1628_2019-11-27 04:19:33.838970,0.0,1.0583910472617932,up,caltech
2_6_3_1628_2019-11-27 17:20:39.669311,0.007974991766845196,1.0933329185203622,up,caltech
2_6_3_1628_2020-01-03 16:21:32.865854,1.1223229985538725,1.4444444444444446,down,caltech
2_6_3_1628_2020-01-06 15:52:40.119075,0.014083357049044943,1.5,up,caltech
2_6_3_1628_2020-01-10 02:46:56.095268,2.0,2.0,down,caltech
2_6_3_1628_2020-01-18 05:22:12.927637,0.0031396156640229045,0.4122602385698689,up,caltech
2_6_3_1628_2020-01-18 18:03:23.962956,0.0,0.0,up,caltech
2_6_3_1628_2020-01-19 01:46:05.979536,1.9746991678249144,2.0,down,caltech
2_6_3_1628_2020-01-29 21:14:41.803210,1.0619101979303693,0.0,up,caltech
2_6_3_1628_2020-01-30 16:08:16.299995,0.0,0.0,up,caltech
2_6_3_1628_2020-03-03 17:12:58.913354,2.0,1.59468824107618,down,caltech
2_6_3_1628_2020-03-05 15:55:19.690920,1.4195621881602012,0.6579658559202981,down,caltech
2_6_3_1628_2020-03-06 01:26:00.040299,0.0,0.13451953919931994,down,caltech
2_6_3_1628_2020-03-06 03:42:28.213146,0.03506331215683442,2.0,down,caltech
2_6_3_1628_2020-03-13 15:56:51.764785,0.0,0.0,down,caltech
2_6_3_1628_2020-03-14 16:15:31.039489,0.0198728788426056,2.0,down,caltech
2_6_3_1628_2020-03-15 20:17:32.798483,0.0,0.033836209266775566,down,caltech
2_6_3_1628_2020-03-16 15:21:19.878677,2.0,0.0,down,caltech
2_6_3_1628_2020-03-20 00:14:24.625590,0.0,0.5236187260007542,down,caltech
2_6_3_1628_2020-03-21 02:01:12.308186,2.0,0.0,up,caltech
2_6_3_1628_2020-05-01 21:55:08.583863,0.037492865563434626,0.0,down,caltech
2_6_3_1629_2019-04-01 15:27:16.019283,0.7747720655576366,0.7804026520799895,down,caltech
2_6_3_1629_2019-04-01 21:37:12.616943,0.6652504214703819,0.8013129695157619,up,caltech
2_6_3_1629_2019-04-05 22:01:33.851541,0.059932523431042405,1.0760506908591985,up,caltech
2_6_3_1629_2019-04-05 23:22:16.809112,0.17427038521705054,0.5642848817436378,up,caltech
2_6_3_1629_2019-04-06 23:42:59.922533,0.0,1.2021942869970257,down,caltech
2_6_3_1629_2019-04-11 02:09:04.424022,0.06285391317330156,0.0,up,caltech
2_6_3_1629_2019-04-13 17:09:45.081879,0.04371584699453707,0.0,down,caltech
2_6_3_1629_2019-04-18 03:36:27.980387,0.0,0.0,up,caltech
2_6_3_1629_2019-04-21 21:52:42.998186,0.0,1.408685524126456,up,caltech
2_6_3_1629_2019-04-26 15:25:36.628845,0.0008249614846690457,0.07539123554063204,up,caltech
2_6_3_1629_2019-04-27 14:32:30.817989,0.05279252645893715,0.002714446289865276,up,caltech
2_6_3_1629_2019-04-30 15:12:20.554202,0.0,0.5840625155480544,up,caltech
2_6_3_1629_2019-05-01 15:13:48.995099,1.691108324264198,0.2361093089933788,down,caltech
2_6_3_1629_2019-05-06 15:18:07.722519,1.367337364645378,0.6795338565552546,up,caltech
2_6_3_1629_2019-05-10 18:43:01.567942,0.013896786936821313,0.0067216548009275635,up,caltech
2_6_3_1629_2019-05-12 20:35:22.138636,0.0,0.05604338966774272,up,caltech
2_6_3_1629_2019-05-18 00:19:43.916372,0.042308593821728926,2.0,up,caltech
2_6_3_1629_2019-05-25 21:13:24.427737,0.0,0.006235348747500686,up,caltech
2_6_3_1629_2019-05-30 01:55:48.841018,0.0,0.0,up,caltech
2_6_3_1629_2019-06-03 02:08:11.978925,0.5307655812868781,0.0,up,caltech
2_6_3_1629_2019-06-05 01:40:10.188935,0.05925056992983728,0.33010853880419105,up,caltech
2_6_3_1629_2019-06-17 14:38:52.866522,0.47506821080341577,2.0,down,caltech
2_6_3_1629_2019-06-27 03:20:14.496823,0.022664850215855646,0.007049237626691596,up,caltech
2_6_3_1629_2019-06-29 01:27:40.155181,0.0,0.08110592188832734,up,caltech
2_6_3_1629_2019-07-02 02:38:49.603478,0.2595715203689614,0.0,up,caltech
2_6_3_1629_2019-07-03 20:57:41.437496,0.019415085943149186,0.009673927781238,up,caltech
2_6_3_1629_2019-07-07 02:55:53.662911,0.0,0.005415840056538801,up,caltech
2_6_3_1629_2019-07-10 02:53:52.297455,0.01603859887272385,0.030608255556898615,up,caltech
2_6_3_1629_2019-07-12 14:51:47.584244,0.17225220150306783,0.3532158295782536,up,caltech
2_6_3_1629_2019-07-15 02:54:50.034890,0.020120098468384192,0.020181919328297326,up,caltech
2_6_3_1629_2019-07-26 14:46:25.765279,1.675757645079662,0.6532293684240635,up,caltech
2_6_3_1629_2019-07-29 14:58:29.233888,1.4266796631091307,0.2910023835264637,up,caltech
2_6_3_1629_2019-07-30 14:48:43.895187,0.0,0.4915934835582525,up,caltech
2_6_3_1629_2019-07-31 14:20:35.836783,0.0,0.0,up,caltech
2_6_3_1629_2019-08-01 19:38:14.092901,1.7162458485948984,0.4417955754179171,up,caltech
2_6_3_1629_2019-08-04 19:12:48.847411,0.0,0.0,up,caltech
2_6_3_1629_2019-08-05 20:56:05.918329,0.004689945360422932,0.0,up,caltech
2_6_3_1629_2019-08-07 14:45:46.925869,2.0,1.6081985808729422,down,caltech
2_6_3_1629_2019-08-09 14:45:05.706942,1.8643666258877767,1.2035813661678123,down,caltech
2_6_3_1629_2019-08-11 19:53:53.698399,2.0,1.6395562955208232,down,caltech
2_6_3_1629_2019-08-12 02:30:02.017509,0.0,1.7219890294120286,up,caltech
2_6_3_1629_2019-08-14 15:55:46.044203,2.0,2.0,up,caltech
2_6_3_1629_2019-08-16 14:40:24.896139,2.0,0.4601895471137079,down,caltech
2_6_3_1629_2019-08-19 15:03:29.849938,0.2034602771062798,1.70467755098659,up,caltech
2_6_3_1629_2019-08-21 15:43:43.144163,0.32229164726240594,0.0016359597212499387,up,caltech
2_6_3_1629_2019-08-25 21:39:30.639099,1.3176932717961265,1.6198517886124584,up,caltech
2_6_3_1629_2019-08-30 14:31:29.715117,1.314912389985074,1.5967752258756058,up,caltech
2_6_3_1629_2019-09-03 15:27:47.689456,0.5991217360908755,0.8243910563691322,up,caltech
2_6_3_1629_2019-09-05 15:09:01.824639,0.0642606956551833,0.42726577182934705,up,caltech
2_6_3_1629_2019-09-11 15:53:21.056212,0.8353402405864485,1.1133308523416259,up,caltech
2_6_3_1629_2019-09-13 14:47:41.054116,0.1923779624282706,0.0,up,caltech
2_6_3_1629_2019-09-20 23:52:50.989416,0.8237677189278072,0.5796688391709892,up,caltech
2_6_3_1629_2019-09-23 15:06:10.610769,0.012064012987331093,0.9649920522227389,up,caltech
2_6_3_1629_2019-09-26 20:40:29.149016,0.0,0.5938347872450372,up,caltech
2_6_3_1629_2019-09-30 14:59:15.158693,2.0,1.5761417898758823,down,caltech
2_6_3_1629_2019-10-02 15:03:32.237861,0.03721086590119105,0.6797308820940969,down,caltech
2_6_3_1629_2019-10-04 15:57:48.220432,0.4030255532399122,0.2821489532934607,up,caltech
2_6_3_1629_2019-10-07 14:49:45.799427,1.8921240065472738,0.7002279899069604,down,caltech
2_6_3_1629_2019-10-11 15:06:41.262108,0.36168237596397973,0.2917270829503505,up,caltech
2_6_3_1629_2019-10-17 15:09:56.757106,1.084104812952509,0.9789624895802277,up,caltech
2_6_3_1629_2019-10-20 16:21:47.948438,0.12614096910999964,1.711932701224232,up,caltech
2_6_3_1629_2019-10-21 15:45:15.546910,1.256504318117549,0.9810299053460348,up,caltech
2_6_3_1629_2019-10-23 00:44:08.133757,0.9840829606431865,2.0,down,caltech
2_6_3_1629_2019-10-25 15:26:31.571569,2.0,1.3033795514774098,down,caltech
2_6_3_1629_2019-10-28 14:41:03.233763,1.4591802279656154,1.2220618747427567,up,caltech
2_6_3_1629_2019-10-30 15:10:15.154715,2.0,0.0,down,caltech
2_6_3_1629_2019-10-30 19:28:49.557811,0.0,0.0,up,caltech
2_6_3_1629_2019-10-31 15:07:13.222298,2.0,0.9249629233712088,down,caltech
2_6_3_1629_2019-11-01 16:00:04.753812,0.0,1.2262172114813148,up,caltech
2_6_3_1629_2019-11-08 15:38:30.399872,0.0,0.30604966600004574,up,caltech
2_6_3_1629_2019-11-18 15:44:12.012711,0.6475005793314513,0.5896240859074547,down,caltech
2_6_3_1629_2019-11-20 15:54:47.636064,0.8343347481976622,0.7239322295995624,up,caltech
2_6_3_1629_2019-11-22 01:58:24.022596,2.0,1.1377974630353913,down,caltech
2_6_3_1629_2019-11-25 15:40:42.932955,0.5911825572302962,0.11439554265175986,up,caltech
2_6_3_1629_2019-11-27 02:53:05.273286,0.8268235170823726,0.9156526454649526,up,caltech
2_6_3_1629_2019-11-27 22:40:10.764999,2.0,0.0,down,caltech
2_6_3_1629_2019-11-30 16:28:54.636074,2.0,2.0,down,caltech
2_6_3_1629_2020-01-01 22:11:41.177226,0.0,0.0,up,caltech
2_6_3_1629_2020-01-02 15:35:30.069002,1.9301583773398177,0.9052609293648876,up,caltech
2_6_3_1629_2020-01-06 16:26:33.538028,1.9619208913880175,0.7249025340626105,down,caltech
2_6_3_1629_2020-01-07 16:16:33.886149,2.0,0.14144848674696942,up,caltech
2_6_3_1629_2020-01-08 02:55:33.904111,1.2102331142027167,1.081885711674049,up,caltech
2_6_3_1629_2020-01-10 02:14:49.971091,1.68362067682196,0.0,down,caltech
2_6_3_1629_2020-01-13 15:53:47.681715,2.0,0.8705131607120327,down,caltech
2_6_3_1629_2020-01-17 16:13:02.736259,1.1645377909613084,0.778861505892271,up,caltech
2_6_3_1629_2020-01-19 05:08:23.145182,1.2222156257421042,0.46573041305993673,up,caltech
2_6_3_1629_2020-01-20 03:23:01.745068,1.2539440429073305,1.4178538370850562,up,caltech
2_6_3_1629_2020-01-21 16:32:33.150421,2.0,0.0,up,caltech
2_6_3_1629_2020-01-27 15:42:20.672548,0.0,0.0,up,caltech
2_6_3_1629_2020-03-01 23:13:04.044179,2.0,0.4727250641776107,down,caltech
2_6_3_1629_2020-03-06 04:04:59.418625,0.020088418638206287,2.0,down,caltech
2_6_3_1629_2020-03-06 16:05:11.348484,0.13136673395873608,0.9835390678922847,down,caltech
2_6_3_1629_2020-03-13 15:36:51.894380,0.010974969503250139,1.0672288014624831,up,caltech
2_6_3_1629_2020-03-16 14:40:08.969193,0.14775309362358088,0.0,down,caltech
2_6_3_1629_2020-03-29 04:26:54.989438,0.8222304626216226,0.0,up,caltech
2_6_3_1629_2020-03-31 17:33:33.699363,0.8817679585696333,0.7232377610432698,up,caltech
2_6_3_1629_2020-03-31 21:55:03.994510,0.06800328783777335,2.0,down,caltech
2_6_3_1629_2020-05-01 22:30:03.992492,0.0,1.0,down,caltech
2_6_3_1629_2020-05-05 20:01:20.275313,0.08541810360572445,1.0241891981111506,down,caltech
2_6_3_1630_2019-03-22 14:36:29.215830,0.7584653518698137,1.1928653204236235,up,caltech
2_6_3_1630_2019-04-01 15:00:40.803635,2.0,1.3676905529843308,down,caltech
2_6_3_1630_2019-04-06 13:37:27.858456,1.0752934860415175,1.1437316627163812,up,caltech
2_6_3_1630_2019-04-13 23:21:15.080565,0.31087720060148444,0.3076293714641766,up,caltech
2_6_3_1630_2019-04-18 02:14:32.806384,0.0,0.0,up,caltech
2_6_3_1630_2019-05-09 00:01:08.833455,0.01630415125992242,0.0,up,caltech
2_6_3_1630_2019-05-13 14:16:32.455726,0.4137546424818975,0.6887848240194819,up,caltech
2_6_3_1630_2019-05-15 14:31:02.810639,0.0,0.010722260481228736,up,caltech
2_6_3_1630_2019-05-24 16:12:43.264569,0.016862607611702357,0.002900644665619903,up,caltech
2_6_3_1630_2019-05-27 00:55:21.790105,0.02837698685584174,0.002490595946245608,up,caltech
2_6_3_1630_2019-05-28 15:37:04.940837,0.9728371558608089,0.0027216893925104567,up,caltech
2_6_3_1630_2019-06-04 02:09:36.732013,0.0,0.0028916254989186842,up,caltech
2_6_3_1630_2019-06-07 19:57:30.535157,0.0,0.0023892691655573624,up,caltech
2_6_3_1630_2019-06-08 22:04:38.833069,1.6958689057455092,0.7970267624988341,down,caltech
2_6_3_1630_2019-06-15 18:50:28.839471,0.014937630791333888,0.023054479423644473,up,caltech
2_6_3_1630_2019-06-20 15:29:08.753457,1.8137558097643283,1.285490398839998,down,caltech
2_6_3_1630_2019-06-22 00:00:35.037459,0.023547636745783525,0.004404674718948324,up,caltech
2_6_3_1630_2019-06-22 16:52:42.585612,0.3068007949527272,0.014004601991420477,up,caltech
2_6_3_1630_2019-07-01 15:48:37.234492,0.011052607421298771,0.01299329919150633,up,caltech
2_6_3_1630_2019-07-08 14:51:17.229706,0.0,0.6325267339061829,up,caltech
2_6_3_1630_2019-07-12 15:26:26.634649,0.8185793949312379,0.009166541069086733,up,caltech
2_6_3_1630_2019-07-30 15:13:20.865155,0.36184456382602764,0.0,up,caltech
2_6_3_1630_2019-08-01 14:55:18.530803,0.7728061974276603,0.9890227997160492,up,caltech
2_6_3_1630_2019-08-05 14:40:21.458754,0.015427292885738735,0.07300980957887765,up,caltech
2_6_3_1630_2019-08-07 14:50:09.769252,1.1278374758521048,0.19749078273211937,down,caltech
2_6_3_1630_2019-08-09 15:23:10.722880,1.3359972442301062,1.3780560123679453,up,caltech
2_6_3_1630_2019-08-19 14:50:40.867763,1.1454599337606615,0.9510841565080136,up,caltech
2_6_3_1630_2019-08-20 15:43:07.368247,0.9842933495071791,1.617953353042015,down,caltech
2_6_3_1630_2019-08-24 23:07:46.870836,1.4092526594577195,0.8044519268605241,up,caltech
2_6_3_1630_2019-08-25 01:33:22.976623,2.0,0.0,down,caltech
2_6_3_1630_2019-08-28 02:38:48.836554,1.6190850132587276,2.0,up,caltech
2_6_3_1630_2019-08-28 18:18:21.951861,2.0,1.6214902569856986,down,caltech
2_6_3_1630_2019-09-04 14:44:09.800934,1.2649380008189302,0.8995790542242598,up,caltech
2_6_3_1630_2019-09-09 15:35:17.107941,0.718922330991115,1.900591622355961,up,caltech
2_6_3_1630_2019-09-10 14:56:43.939393,0.0,0.6127690872475181,up,caltech
2_6_3_1630_2019-09-11 01:30:37.499719,0.0,0.22733897559110205,up,caltech
2_6_3_1630_2019-09-11 15:53:21.232796,1.0711483560772177,0.5455293472278618,up,caltech
2_6_3_1630_2019-09-16 17:05:41.264259,1.3269979563909338,0.623713726273111,up,caltech
2_6_3_1630_2019-09-17 15:14:20.879732,1.389429915086098,1.6668683088519733,up,caltech
2_6_3_1630_2019-09-20 15:08:02.978376,0.7729898898801438,0.6796307780927947,up,caltech
2_6_3_1630_2019-09-25 14:51:55.910490,1.310848408728904,0.62147968597423,down,caltech
2_6_3_1630_2019-09-27 15:47:33.033111,1.8452041691845287,1.6165189775023863,down,caltech
2_6_3_1630_2019-09-30 14:36:14.959033,0.27988456372590576,0.9623060173513325,down,caltech
2_6_3_1630_2019-10-04 01:49:46.182513,0.0,0.8366375631174141,up,caltech
2_6_3_1630_2019-10-04 15:14:10.427059,1.9152554721949804,0.0226241081130157,down,caltech
2_6_3_1630_2019-10-08 00:30:23.202520,1.7186985578215714,0.7976197263428941,down,caltech
2_6_3_1630_2019-10-12 04:13:54.992222,0.5834996051778106,1.3358055006579543,up,caltech
2_6_3_1630_2019-10-13 02:21:13.812100,1.628524737249837,0.594230203704395,up,caltech
2_6_3_1630_2019-10-13 22:15:26.829642,1.0605893455767674,1.392369914282265,down,caltech
2_6_3_1630_2019-10-14 14:40:22.287286,0.08128294877509129,0.20526408817827824,up,caltech
2_6_3_1630_2019-10-18 14:40:51.618966,1.477873694022063,0.9080878600798014,down,caltech
2_6_3_1630_2019-10-20 18:15:12.868119,1.119922856870945,1.598489515328696,down,caltech
2_6_3_1630_2019-10-21 15:06:32.726828,0.43168744914273516,1.1716194906468624,up,caltech
2_6_3_1631_2019-03-30 06:00:00.111182,0.6971344173405182,0.0,up,caltech
2_6_3_1631_2019-04-04 01:24:40.999533,1.072195487436851,2.0,down,caltech
2_6_3_1631_2019-04-05 01:57:16.607465,2.0,1.5068296189791517,down,caltech
2_6_3_1631_2019-04-07 01:56:20.601109,1.5252277611307876,0.6706310879125396,down,caltech
2_6_3_1631_2019-04-26 04:18:46.517934,0.0,0.01485536370203783,up,caltech
2_6_3_1631_2019-04-27 01:48:18.935110,0.01169219865913971,0.0005644794458234838,up,caltech
2_6_3_1631_2019-04-29 01:22:40.950304,0.5371927064576658,0.0012910771241096246,up,caltech
2_6_3_1631_2019-05-01 01:41:43.012109,0.0,0.08417972846724107,up,caltech
2_6_3_1631_2019-05-01 14:36:15.734181,0.0,0.5593158801640652,up,caltech
2_6_3_1631_2019-05-04 23:11:22.638668,0.0,0.0,up,caltech
2_6_3_1631_2019-05-12 13:58:41.078274,0.0,0.008520222436542345,up,caltech
2_6_3_1631_2019-05-12 22:44:47.076528,0.013520899175439442,0.007274159253294717,up,caltech
2_6_3_1631_2019-05-17 01:43:40.409356,0.46014408172065374,1.2209559693787604,up,caltech
2_6_3_1631_2019-05-20 15:21:58.986780,0.8977923949340437,1.339642543054281,down,caltech
2_6_3_1631_2019-05-22 14:40:07.959810,0.01105480384906602,2.0,up,caltech
2_6_3_1631_2019-05-24 15:42:09.273017,0.28391195273933817,0.001575419767285942,down,caltech
2_6_3_1631_2019-05-25 00:13:07.917395,0.0,0.0038024750517343655,up,caltech
2_6_3_1631_2019-05-25 17:23:45.007435,0.0874723054849673,0.650711874503196,up,caltech
2_6_3_1631_2019-05-28 14:35:20.377677,0.2830033832883056,2.0,up,caltech
2_6_3_1631_2019-05-30 14:48:03.196726,1.4112814390419517,0.48584516803318956,down,caltech
2_6_3_1631_2019-05-31 14:38:19.869587,1.1204485831654156,1.0221417999136673,up,caltech
2_6_3_1631_2019-06-08 00:02:16.684226,0.0,0.01049298584463247,up,caltech
2_6_3_1631_2019-06-17 19:54:32.738137,0.0,0.013216118812934654,up,caltech
2_6_3_1631_2019-06-24 14:38:11.074573,2.0,1.582821298259301,down,caltech
2_6_3_1631_2019-06-27 02:01:17.735739,0.11526125115251486,0.11837399677958574,up,caltech
2_6_3_1631_2019-06-28 14:38:36.500274,0.0035062300782382036,0.005031203828346074,up,caltech
2_6_3_1631_2019-07-02 02:23:09.321321,0.0,0.04427093561718483,up,caltech
2_6_3_1631_2019-07-03 14:59:29.090579,0.0,0.41027078271053363,up,caltech
2_6_3_1631_2019-07-08 14:32:29.781297,0.9818583192510928,0.0,up,caltech
2_6_3_1631_2019-07-12 14:39:11.337428,0.0,0.7850191938506982,up,caltech
2_6_3_1631_2019-07-26 14:40:29.741200,0.14460904092852833,0.2903925937485285,up,caltech
2_6_3_1631_2019-07-27 01:30:28.336362,0.04453504452428575,0.05191676935618982,up,caltech
2_6_3_1631_2019-08-02 14:40:39.938443,0.8836603768284683,0.36449951101265554,up,caltech
2_6_3_1631_2019-08-09 14:37:04.829738,1.4036762790266837,0.4501406371018515,down,caltech
2_6_3_1631_2019-08-16 14:42:34.616517,0.0,0.44104728509462093,up,caltech
2_6_3_1631_2019-08-18 20:20:02.940406,2.0,1.0393545364097103,down,caltech
2_6_3_1631_2019-08-19 14:51:38.612193,0.828199649485031,1.3244105290064239,up,caltech
2_6_3_1631_2019-08-21 14:39:34.899187,0.9429691000065955,0.566299633187563,up,caltech
2_6_3_1631_2019-08-23 14:39:09.569565,1.4732737739394908,0.13959052559512125,down,caltech
2_6_3_1631_2019-08-26 15:33:49.005542,0.9118497171879807,0.0610752656918241,up,caltech
2_6_3_1631_2019-08-29 14:38:12.550111,1.0241250445739272,0.02726991114301056,up,caltech
2_6_3_1631_2019-08-30 14:43:24.856735,0.1317918690068169,0.04615054505034038,up,caltech
2_6_3_1631_2019-09-03 14:53:45.795345,0.02189812628229123,1.1468113178690202,up,caltech
2_6_3_1631_2019-09-06 02:33:29.034507,0.5776843657041798,0.0,up,caltech
2_6_3_1631_2019-09-06 14:43:25.864335,1.1760484484265987,1.3226944882172007,up,caltech
2_6_3_1631_2019-09-09 14:36:38.842301,0.643118516040404,0.7764920573079095,up,caltech
2_6_3_1631_2019-09-10 15:59:36.667737,1.2884159514679792,0.4314067837385536,up,caltech
2_6_3_1631_2019-09-11 15:53:21.671920,1.3749644396551723,0.43723028190089575,up,caltech
2_6_3_1631_2019-09-13 14:43:18.344096,1.4025405536213322,0.3183115869370541,down,caltech
2_6_3_1631_2019-09-16 14:37:44.816345,2.0,1.5452465410634708,down,caltech
2_6_3_1631_2019-09-19 03:47:52.304292,2.0,1.0654111808149007,down,caltech
2_6_3_1631_2019-09-19 15:28:46.350534,0.9019291521188963,0.07993940454360772,up,caltech
2_6_3_1631_2019-09-20 14:38:31.492986,0.9668941664963518,0.5918617189429041,up,caltech
2_6_3_1631_2019-09-23 14:38:39.818132,0.6790505929595604,0.2567784563760116,up,caltech
2_6_3_1631_2019-09-26 15:27:57.028864,0.0,0.10017170609344885,up,caltech
2_6_3_1631_2019-09-27 14:35:52.235184,1.1431203500883187,0.7762681424459948,up,caltech
2_6_3_1631_2019-09-30 15:40:33.682843,0.14738098801491462,1.2757605751512553,up,caltech
2_6_3_1631_2019-10-07 14:39:30.051617,0.0,0.5400303213246441,up,caltech
2_6_3_1631_2019-10-09 15:41:09.730033,1.2878401838962206,0.0,up,caltech
2_6_3_1631_2019-10-11 14:43:27.145480,0.8574886589230029,0.33104187563446674,up,caltech
2_6_3_1631_2019-10-13 00:18:57.190121,0.8607725389915709,1.539565182599747,up,caltech
2_6_3_1631_2019-10-18 14:42:43.170662,1.0224871740869417,1.0989210923474277,up,caltech
2_6_3_1631_2019-10-25 14:39:34.642519,0.7318307865741769,0.47047902717161766,up,caltech
2_6_3_1631_2019-10-28 14:38:50.415712,0.6605687045390043,0.47357683673631246,up,caltech
2_6_3_1631_2019-11-01 14:42:04.315276,0.0,0.40395855931028357,down,caltech
2_6_3_1631_2019-11-02 02:02:45.735485,2.0,1.7370927229817956,up,caltech
2_6_3_1631_2019-11-04 15:38:36.677460,0.0,0.379238523123065,up,caltech
2_6_3_1631_2019-11-05 15:51:24.943638,0.6835215605079098,0.4724209685600482,up,caltech
2_6_3_1631_2019-11-08 16:16:27.959454,0.88425829991789,1.2089970973213935,up,caltech
2_6_3_1631_2019-11-11 15:34:40.949119,1.4920233720223148,0.6954970798667753,down,caltech
2_6_3_1631_2019-11-12 16:20:06.369410,2.0,1.1497414746631285,down,caltech
2_6_3_1631_2019-11-15 15:40:05.199609,0.9147882983196657,0.3876082071211955,down,caltech
2_6_3_1631_2019-11-16 16:35:27.989896,1.179205183105588,1.0723955306349422,up,caltech
2_6_3_1631_2019-11-18 15:35:11.876176,0.0,0.05507905837214809,up,caltech
2_6_3_1631_2019-11-19 16:27:39.923342,1.2622854216802102,1.3409973059504179,down,caltech
2_6_3_1631_2019-11-22 15:42:09.025176,1.3491912464319695,0.4832885759969659,up,caltech
2_6_3_1631_2020-01-03 15:38:17.020901,0.0,0.27945297851037243,up,caltech
2_6_3_1631_2020-01-06 15:44:07.271345,0.0,0.2595058259992666,up,caltech
2_6_3_1631_2020-01-10 15:37:30.667102,1.624950729069499,0.0,up,caltech
2_6_3_1631_2020-01-12 21:46:26.834998,0.045752360479570896,1.0,down,caltech
2_6_3_1631_2020-01-13 15:42:24.194164,1.5421750017124187,0.5556416753734698,up,caltech
2_6_3_1631_2020-01-14 23:12:21.871819,1.0025478650664474,1.2999554753591263,down,caltech
2_6_3_1631_2020-01-17 15:45:24.418959,2.0,0.37846536423026844,up,caltech
2_6_3_1631_2020-01-18 22:11:07.691693,0.0,1.1705398880592282,up,caltech
2_6_3_1631_2020-01-21 15:50:25.059633,0.02689157085755056,0.4840572304003843,up,caltech
2_6_3_1631_2020-01-23 16:39:07.335330,0.24373137580799592,0.034373397901259505,up,caltech
2_6_3_1631_2020-01-31 15:48:39.128752,0.0,0.35383041865349985,up,caltech
2_6_3_1631_2020-03-01 22:21:29.857515,0.14477045684306242,0.19038395316804402,down,caltech
2_6_3_1631_2020-03-04 15:44:48.608481,0.0,0.6515681005208936,down,caltech
2_6_3_1631_2020-03-05 16:01:40.481931,2.0,0.0,down,caltech
2_6_3_1631_2020-03-06 15:46:10.539677,0.0,0.0,up,caltech
2_6_3_1631_2020-03-07 19:58:48.778574,1.4229843577129553,2.0,down,caltech
2_6_3_1631_2020-03-09 15:20:21.009629,1.0386446249573946,2.0,up,caltech
2_6_3_1631_2020-03-13 14:41:35.909880,0.0,0.243183987030232,up,caltech
2_6_3_1631_2020-03-14 16:57:45.200308,0.04337028870634426,1.6147771118325387,down,caltech
2_6_3_1631_2020-03-20 23:52:14.600151,2.0,0.0,down,caltech
2_6_3_1631_2020-03-21 03:52:59.404272,0.7313685785459487,0.2619502157409915,up,caltech
2_6_3_1631_2020-03-24 21:30:50.246986,1.7865211979895703,0.7964639258644575,up,caltech
2_6_3_1631_2020-05-02 16:36:46.498922,2.0,0.7615440703747185,up,caltech
2_6_3_1632_2019-04-03 02:00:26.355732,0.001092981497384661,0.0013998499362943783,up,caltech
2_6_3_1632_2019-04-03 19:23:22.546359,1.3998741966466288,1.3247224828912132,down,caltech
2_6_3_1632_2019-04-05 04:04:20.057817,0.0,0.7199499431567556,down,caltech
2_6_3_1632_2019-04-18 02:41:25.164249,0.0,0.003980738095696126,up,caltech
2_6_3_1632_2019-04-23 02:29:15.172223,0.0,2.0,up,caltech
2_6_3_1632_2019-04-24 14:42:10.954551,0.0,0.07863388564687734,up,caltech
2_6_3_1632_2019-04-28 22:09:09.823292,2.0,0.7980160451116871,down,caltech
2_6_3_1632_2019-04-29 14:56:28.710747,0.0,0.028520803425071854,up,caltech
2_6_3_1632_2019-05-17 15:20:28.212424,0.3919801926484554,0.009629686834809357,up,caltech
2_6_3_1632_2019-05-20 23:58:13.664248,0.030613780606920694,0.02706021251475827,up,caltech
2_6_3_1632_2019-05-24 14:31:38.495329,0.026796563127946645,0.5558160831228438,up,caltech
2_6_3_1632_2019-05-28 14:47:16.439966,2.0,0.40064246580479873,down,caltech
2_6_3_1632_2019-06-01 04:59:23.523637,0.0,0.005688400672596081,up,caltech
2_6_3_1632_2019-06-02 01:52:46.916107,0.012758027287775203,0.0,up,caltech
2_6_3_1632_2019-06-03 14:53:48.947161,0.0,1.4586039310716208,up,caltech
2_6_3_1632_2019-06-04 15:09:29.028787,0.06334038570235878,1.1810012362142643,up,caltech
2_6_3_1632_2019-06-05 01:55:20.915311,0.0,0.004243090036229012,down,caltech
2_6_3_1632_2019-06-06 02:00:47.494970,0.02828491557642816,0.017313736733811837,up,caltech
2_6_3_1632_2019-06-10 01:51:12.794780,0.0,0.45815711228058764,up,caltech
2_6_3_1632_2019-06-10 13:04:11.069204,0.0,0.009837892195853097,up,caltech
2_6_3_1632_2019-06-12 18:31:34.105131,0.0008216593834977708,0.14375634525563874,up,caltech
2_6_3_1632_2019-06-20 00:07:25.004412,0.0,0.016014667621884675,up,caltech
2_6_3_1632_2019-06-21 15:41:13.486509,0.0,0.0008562003342979382,up,caltech
2_6_3_1632_2019-06-21 21:02:29.194892,0.9425071694967935,0.7997697743127039,up,caltech
2_6_3_1632_2019-06-23 00:14:18.973351,0.018662177759486587,0.011040636623176886,up,caltech
2_6_3_1632_2019-06-24 14:44:22.854033,0.2653812729987385,1.0057769861980566,up,caltech
2_6_3_1632_2019-06-24 19:06:52.486466,1.4560371874261666,0.182164774018048,down,caltech
2_6_3_1632_2019-06-24 20:08:08.077996,0.27932405646050795,0.0179295820939524,up,caltech
2_6_3_1632_2019-06-25 15:37:45.962105,0.0,0.6744023159277185,up,caltech
2_6_3_1632_2019-07-09 14:39:01.256410,0.0,0.038928374912364984,up,caltech
2_6_3_1632_2019-07-12 13:15:53.962911,0.0,0.045552766491860845,up,caltech
2_6_3_1632_2019-07-14 01:17:56.791073,0.8317933073861478,0.05707221902725182,up,caltech
2_6_3_1632_2019-07-15 04:30:22.956704,0.0,0.004662938180858403,up,caltech
2_6_3_1632_2019-07-26 15:35:19.967036,2.0,0.8414051038897016,down,caltech
2_6_3_1632_2019-07-27 23:23:43.043930,0.0,0.011457837053559853,up,caltech
2_6_3_1632_2019-08-03 19:48:44.626339,1.007974144449306,0.00048213641056173736,down,caltech
2_6_3_1632_2019-08-09 15:01:48.574639,2.0,1.5156888364211465,down,caltech
2_6_3_1632_2019-08-12 15:21:54.632676,0.9957520073716504,0.35260346338805526,up,caltech
2_6_3_1632_2019-08-16 15:34:38.705537,0.32672358503314325,0.4984121052814957,up,caltech
2_6_3_1632_2019-08-16 19:55:55.947229,0.0,0.15272796545408862,up,caltech
2_6_3_1632_2019-08-23 15:44:40.172457,0.0,0.1478629607653332,up,caltech
2_6_3_1632_2019-08-25 00:37:08.814109,1.499542241856223,2.0,down,caltech
2_6_3_1632_2019-08-26 17:17:08.465275,2.0,0.0,down,caltech
2_6_3_1632_2019-09-02 23:36:00.817722,1.5323928893619705,2.0,down,caltech
2_6_3_1632_2019-09-03 14:54:11.861151,0.7731474429242667,1.1290391356499339,up,caltech
2_6_3_1632_2019-09-05 04:11:13.835038,0.0,1.56932421231079,up,caltech
2_6_3_1632_2019-09-08 15:25:53.247788,2.0,0.4052675588962391,up,caltech
2_6_3_1632_2019-09-08 23:55:04.248780,2.0,1.0,down,caltech
2_6_3_1632_2019-09-09 15:21:03.677735,0.00707207410627087,0.0,up,caltech
2_6_3_1632_2019-09-11 04:17:50.077513,0.7472321769594658,0.12552998182919464,up,caltech
2_6_3_1632_2019-09-14 02:23:06.409739,0.1439140261011105,1.0677663346467798,up,caltech
2_6_3_1632_2019-09-15 02:13:47.832067,0.8338896896264134,0.0,up,caltech
2_6_3_1632_2019-09-19 15:34:35.634987,1.4141796671583657,0.41249809799798254,down,caltech
2_6_3_1632_2019-09-20 14:42:59.658348,1.0252918877407724,1.120514837269734,up,caltech
2_6_3_1632_2019-09-23 14:48:38.556582,0.9481806513717312,0.28972572779422323,up,caltech
2_6_3_1632_2019-09-30 15:18:20.620031,2.0,0.6873848115511546,down,caltech
2_6_3_1632_2019-10-01 14:42:18.026689,1.2593123998728735,0.20587029174527743,down,caltech
2_6_3_1632_2019-10-04 14:38:00.786752,0.0,0.709279104476797,up,caltech
2_6_3_1632_2019-10-10 15:00:13.101249,0.03832209911090552,0.5758579770980166,up,caltech
2_6_3_1632_2019-10-14 14:13:51.202216,1.1781283573175314,0.5317364168763197,up,caltech
2_6_3_1632_2019-10-18 15:09:10.924616,0.3156260704508201,0.42090400036528297,down,caltech
2_6_3_1632_2019-10-20 17:32:43.122083,0.9326365113966434,0.0,up,caltech
2_6_3_1632_2019-10-21 15:01:32.977001,1.0985530758017057,0.6044636381536778,up,caltech
2_6_3_1632_2019-10-26 18:30:21.887280,0.2929171656322904,0.03464112886543953,up,caltech
2_6_3_1632_2019-10-28 14:47:57.897632,2.0,0.9014267461423845,down,caltech
2_6_3_1632_2019-10-31 15:06:00.753272,0.9417091310316948,1.009151844372607,down,caltech
2_6_3_1632_2019-11-04 15:39:14.900900,2.0,1.0098521682463226,down,caltech
2_6_3_1632_2019-11-18 16:49:24.331539,1.8489596919480469,1.3029114077820387,down,caltech
2_6_3_1632_2019-11-19 15:59:55.453925,0.0,1.2135582702938263,down,caltech
2_6_3_1632_2019-11-20 02:50:48.986390,1.3777469429347826,1.972978855135326,down,caltech
2_6_3_1632_2019-11-23 15:48:50.826123,2.0,2.0,down,caltech
2_6_3_1632_2019-11-28 22:51:20.825884,0.0,1.0,up,caltech
2_6_3_1632_2020-01-01 17:02:16.331072,1.790001524772392,1.4164001150810963,up,caltech
2_6_3_1632_2020-01-09 16:55:57.281493,0.0,0.1402372311441712,up,caltech
2_6_3_1632_2020-01-13 16:08:05.517580,2.0,1.2104167892826017,down,caltech
2_6_3_1632_2020-01-19 03:49:37.848111,2.0,2.0,down,caltech
2_6_3_1632_2020-03-05 04:03:36.650676,0.7907461491356165,0.7908817801399208,up,caltech
2_6_3_1632_2020-03-06 16:45:18.602214,1.5715292415001025,1.5728288320626063,down,caltech
2_6_3_1632_2020-03-14 02:37:31.799008,0.11972096802312195,1.0667606708428494,down,caltech
2_6_3_1632_2020-03-19 02:10:22.821983,0.10434604890860481,0.9509687109144132,up,caltech
2_6_3_1632_2020-03-24 19:11:02.733622,1.5904076063917716,1.4341907092233865,down,caltech
2_6_3_1632_2020-03-27 05:29:06.265235,0.0,0.0,up,caltech
2_6_3_1632_2020-03-29 23:16:35.724245,0.0,2.0,up,caltech
2_6_3_1632_2020-05-01 08:56:19.339235,0.8352551706930199,0.2833201376723626,up,caltech
