session_id,charging_minutes,work_energy_kwh,n_events,gap_energy_kwh,max_duration_min,has_event
2_39_123_23_2018-11-02 17:33:15.411733,61,102.90803716634673,0.0,0.0,0.0,False
2_39_123_23_2018-11-02 20:40:02.895705,119,218.43349501887002,0.0,0.0,0.0,False
2_39_123_23_2018-11-05 16:42:22.366162,77,252.1534007936508,1.0,0.3341099264705882,7.0,True
2_39_123_23_2018-11-06 06:12:47.216874,88,582.1342069444444,0.0,0.0,0.0,False
2_39_123_23_2018-11-06 17:19:37.210492,80,459.7970053221288,1.0,0.15130257352941173,5.0,True
2_39_123_23_2018-11-07 16:24:07.255283,276,958.7257901260505,1.0,0.5552211574074074,18.0,True
2_39_123_23_2018-11-08 16:02:06.013901,91,290.88580609243695,1.0,0.33574645833333333,8.0,True
2_39_123_23_2018-11-09 15:59:49.734040,120,387.45125431839404,2.0,0.6368056944444445,9.0,True
2_39_123_23_2018-11-09 23:35:26.642470,87,582.584389414099,0.0,0.0,0.0,False
2_39_123_23_2018-11-10 17:46:45.567035,29,175.29063532851737,0.0,0.0,0.0,False
2_39_123_23_2018-11-12 16:08:46.787968,130,831.6101245331465,1.0,0.5967317197712418,7.0,True
2_39_123_23_2018-11-13 15:55:46.254768,118,383.34084295051355,2.0,0.7089657175925925,9.0,True
2_39_123_23_2018-11-14 00:58:55.942402,52,79.49455765362089,0.0,0.0,0.0,False
2_39_123_23_2018-11-14 16:49:10.682064,129,838.8650405462184,1.0,0.5898722222222222,7.0,True
2_39_123_23_2018-11-15 16:00:54.079519,126,405.03102690242764,1.0,0.3556416339869281,8.0,True
2_39_123_23_2018-11-16 01:39:43.833042,121,775.2904867905056,1.0,0.6409490808823529,7.0,True
2_39_123_23_2018-11-16 15:57:21.640131,128,406.8294961484594,1.0,0.4036353174603175,10.0,True
2_39_123_23_2018-11-17 00:45:33.163917,104,659.7350541549953,0.0,0.0,0.0,False
2_39_123_23_2018-11-18 21:51:42.176388,8,13.289983333333334,0.0,0.0,0.0,False
2_39_123_23_2018-11-19 00:21:58.462386,31,52.74380049019608,0.0,0.0,0.0,False
2_39_123_23_2018-11-19 19:43:02.270674,184,1224.5183912372843,0.0,0.0,0.0,False
2_39_123_23_2018-11-20 18:40:50.808187,61,92.56702048139769,0.0,0.0,0.0,False
2_39_123_23_2018-11-20 20:56:16.590808,136,872.3242621163623,0.0,0.0,0.0,False
2_39_123_23_2018-11-21 16:38:21.366310,115,381.82644618347337,3.0,6.320715174486461,80.0,True
2_39_123_23_2018-11-25 17:13:14.390504,84,252.51665710784314,2.0,6.047476965452848,49.0,True
2_39_123_23_2018-11-26 18:21:43.162547,277,872.2968496881128,15.0,5.000389234470595,14.0,True
2_39_123_23_2018-11-27 16:00:22.013104,91,273.17957872691034,2.0,2.0044371426530985,25.0,True
2_39_123_23_2018-11-28 16:25:33.851774,128,729.628409133127,0.0,0.0,0.0,False
2_39_123_23_2018-11-29 00:55:49.294149,122,423.4520195961718,4.0,0.6014625667211329,10.0,True
2_39_123_23_2018-11-29 16:33:31.090861,146,819.7167371274624,0.0,0.0,0.0,False
2_39_123_23_2018-11-30 16:38:26.677452,142,822.4054354234001,0.0,0.0,0.0,False
2_39_123_23_2018-11-30 22:31:24.027960,13,65.00986666666667,1.0,0.3052725,6.0,True
2_39_123_23_2019-03-01 15:57:09.682113,90,283.2600155994934,1.0,0.38752739379084966,9.0,True
2_39_123_23_2019-03-03 22:09:25.699541,125,819.572994117647,1.0,0.6399331372549019,7.0,True
2_39_123_23_2019-03-04 16:02:36.943042,114,365.12140167637233,2.0,0.6838758006535948,8.0,True
2_39_123_23_2019-03-05 15:59:19.961478,88,275.26334828431374,1.0,0.35927972222222226,9.0,True
2_39_123_23_2019-03-06 00:05:25.215575,81,245.1732317343604,1.0,0.45423115740740744,17.0,True
2_39_123_23_2019-03-06 03:59:53.566560,68,466.8064830341227,0.0,0.0,0.0,False
2_39_123_23_2019-03-06 18:45:41.791362,45,131.28019224654773,1.0,0.4250137132352941,10.0,True
2_39_123_23_2019-03-07 16:01:46.019372,64,195.23252779932486,0.0,0.0,0.0,False
2_39_123_23_2019-03-08 04:08:45.832253,108,724.7654,0.0,0.0,0.0,False
2_39_123_23_2019-03-08 20:24:32.984265,135,448.03750903361345,6.0,1.495868066643324,16.0,True
2_39_123_23_2019-03-11 15:03:34.855674,119,377.06208123534964,1.0,0.42239698412698423,9.0,True
2_39_123_23_2019-03-11 23:57:28.552776,210,730.2494496424328,6.0,2.1520504330065355,25.0,True
2_39_123_23_2019-03-12 15:02:47.542967,97,304.2216495098039,1.0,0.4169980555555556,11.0,True
2_39_123_23_2019-03-13 00:04:42.138653,105,328.25920833333333,1.0,0.2941277083333333,11.0,True
2_39_123_23_2019-03-13 15:50:51.955589,223,1442.040387745098,1.0,0.9923249387254902,20.0,True
2_39_123_23_2019-03-14 15:00:13.980242,120,384.1523904607647,1.0,0.4081118055555556,9.0,True
2_39_123_23_2019-03-15 14:59:11.041497,72,216.2961038499899,1.0,0.48074911861967007,10.0,True
2_39_123_23_2019-03-18 02:52:55.234729,123,798.9099770082859,1.0,0.5508515277777779,7.0,True
2_39_123_23_2019-03-18 16:08:05.392375,97,308.02213180438844,1.0,0.47704854166666677,12.0,True
2_39_123_23_2019-03-19 02:27:35.504913,103,650.6715922619047,1.0,0.5743090972222222,8.0,True
2_39_123_23_2019-03-19 15:00:14.446500,98,306.5999834383754,1.0,0.4238617261904762,11.0,True
2_39_123_23_2019-03-20 00:26:07.811194,102,340.80301168390434,0.0,0.0,0.0,False
2_39_123_23_2019-03-20 16:00:32.604370,77,239.27293203781514,2.0,0.499144375,9.0,True
2_39_123_23_2019-03-20 23:33:51.309015,86,291.49812299750903,0.0,0.0,0.0,False
2_39_123_23_2019-03-21 14:59:31.403109,111,355.59293732492995,1.0,0.3964667361111111,9.0,True
2_39_123_23_2019-03-22 00:48:43.951273,107,330.80229852941176,1.0,0.4129770138888889,17.0,True
2_39_123_23_2019-03-22 18:57:16.986484,65,131.82336617647059,1.0,0.25881020833333335,8.0,True
2_39_123_23_2019-03-24 04:31:46.405983,55,334.4623625,1.0,0.5401082638888889,7.0,True
2_39_123_23_2019-03-25 16:34:42.215325,138,868.2548980392156,1.0,0.6748915277777777,8.0,True
2_39_123_23_2019-03-26 15:05:23.182949,96,301.35240416666664,1.0,0.3843745833333333,9.0,True
2_39_123_23_2019-03-27 00:23:07.097088,83,251.57825833333334,1.0,0.4260089186507936,15.0,True
2_39_123_23_2019-03-27 15:28:41.862495,91,283.94992916666666,1.0,0.3106847916666667,8.0,True
2_39_123_23_2019-03-27 20:17:21.177134,25,70.05177340901272,2.0,0.526860278709437,7.0,True
2_39_123_23_2019-03-28 17:17:39.765788,196,1247.9002601190475,0.0,0.0,0.0,False
2_39_123_23_2019-03-29 02:39:36.360277,107,692.9677244047618,1.0,0.5407321527777778,7.0,True
2_39_123_23_2019-03-29 20:42:42.535267,34,100.00527321428571,1.0,0.26689409722222224,7.0,True
2_39_123_23_2019-03-31 07:36:48.299563,170,1062.8264083333333,0.0,0.0,0.0,False
2_39_123_23_2019-04-01 19:44:04.044943,45,281.08051964285715,0.0,0.0,0.0,False
2_39_123_23_2019-04-02 19:06:06.487180,108,685.4060553571428,1.0,0.63961875,7.0,True
2_39_123_23_2019-04-03 16:36:29.659416,52,150.85446547619048,1.0,0.43824298611111107,10.0,True
2_39_123_23_2019-04-04 14:58:06.694477,125,405.9373967006033,1.0,0.38669034722222223,9.0,True
2_39_123_23_2019-04-04 20:33:16.085581,76,243.7827531512605,0.0,0.0,0.0,False
2_39_123_23_2019-04-04 22:26:02.378645,69,226.60298838702147,2.0,0.5205991069483349,8.0,True
2_39_123_23_2019-04-05 16:45:46.040437,115,378.29057727860373,4.0,0.9497388299486459,15.0,True
2_39_123_23_2019-04-06 15:14:56.321267,73,238.68032962184873,1.0,0.315234375,6.0,True
2_39_123_23_2019-04-08 18:20:48.735854,124,662.7254916666667,1.0,1.0715667851307191,20.0,True
2_39_123_23_2019-04-08 23:26:13.006850,31,49.984953386809266,0.0,0.0,0.0,False
2_39_123_23_2019-04-09 16:10:58.362137,85,281.97846805555554,4.0,0.8221914351851852,12.0,True
2_39_123_23_2019-04-10 20:26:44.632663,22,58.058242647058826,1.0,0.27998062500000004,7.0,True
2_39_123_23_2019-04-11 15:04:14.851321,63,193.01226735739752,1.0,0.347119285130719,8.0,True
2_39_123_23_2019-04-12 18:51:02.235842,116,376.81631684891903,0.0,0.0,0.0,False
2_39_123_23_2019-04-12 20:51:13.690449,129,855.041587084076,0.0,0.0,0.0,False
2_39_123_23_2019-04-12 23:16:42.244072,121,377.08659660364145,3.0,0.6101933695144726,11.0,True
2_39_123_23_2019-04-13 16:52:05.754033,114,731.3917530354449,1.0,0.7237395833333334,18.0,True
2_39_123_23_2019-04-15 16:45:55.887332,113,408.9998443627451,3.0,1.6517607557189542,26.0,True
2_39_123_23_2019-04-16 18:14:21.662895,58,115.42948413865547,2.0,0.5397057638888889,8.0,True
2_39_123_23_2019-04-18 20:54:55.736636,31,56.21314093137255,0.0,0.0,0.0,False
2_39_123_23_2019-04-18 22:08:29.209358,81,266.0851838585434,1.0,0.17246131944444443,7.0,True
2_39_123_23_2019-04-19 16:47:23.518645,100,331.65343790849676,2.0,0.49823006944444437,8.0,True
2_39_123_23_2019-04-22 14:58:02.631982,69,215.41527142857143,1.0,0.39161131944444444,8.0,True
2_39_123_23_2019-04-22 23:37:41.626688,56,166.72800833333332,2.0,0.6716526388888888,10.0,True
2_39_123_23_2019-04-23 15:02:14.009386,97,306.5270199929972,1.0,0.38692433006535953,9.0,True
2_39_123_23_2019-04-24 16:12:32.625931,198,645.9752056372549,1.0,0.2850811111111111,7.0,True
2_39_123_23_2019-04-24 20:27:57.820955,43,111.44530833333333,1.0,0.5548911111111111,15.0,True
2_39_123_23_2019-04-25 14:56:24.973276,107,343.2880666666667,1.0,0.40026284722222216,9.0,True
2_39_123_23_2019-04-26 14:58:31.347500,111,357.94198970588235,1.0,0.29833483796296295,7.0,True
2_39_123_23_2019-04-29 20:22:00.051779,87,295.8260488095238,1.0,0.24222756944444443,5.0,True
2_39_123_23_2019-04-29 22:15:17.972618,183,1268.3703332516338,0.0,0.0,0.0,False
2_39_123_23_2019-04-30 15:50:13.833702,81,476.17257727272727,0.0,0.0,0.0,False
2_39_123_23_2019-04-30 17:33:08.771760,131,441.26972495421245,6.0,2.401525684523809,29.0,True
2_39_123_23_2019-04-30 23:46:59.499525,15,87.46791666666667,0.0,0.0,0.0,False
2_39_123_23_2019-05-01 16:21:33.604642,96,299.06189404761903,1.0,0.3311004861111111,9.0,True
2_39_123_23_2019-05-01 21:09:06.461400,30,87.33587916666667,1.0,0.2595155555555556,7.0,True
2_39_123_23_2019-05-03 16:40:24.938897,102,344.5545,2.0,0.7264092361111112,9.0,True
2_39_123_23_2019-05-06 16:22:21.991037,87,276.10094166666664,1.0,0.24792138888888887,6.0,True
2_39_123_23_2019-05-07 16:19:32.714612,106,351.91894044117646,1.0,0.45163423611111114,9.0,True
2_39_123_23_2019-05-08 16:35:02.905697,112,377.60237916666665,1.0,0.34553500000000004,9.0,True
2_39_123_23_2019-05-09 20:28:05.156721,36,109.0050863095238,1.0,0.24996673611111112,7.0,True
2_39_123_23_2019-05-10 14:56:56.061762,84,266.11792083333336,2.0,0.4582904861111111,8.0,True
2_39_123_23_2019-05-10 23:55:33.765469,41,116.93978333333334,1.0,0.375713125,13.0,True
2_39_123_23_2019-05-11 18:43:31.655175,32,55.08242114845938,0.0,0.0,0.0,False
2_39_123_23_2019-05-11 20:30:58.673491,31,55.37899754901961,0.0,0.0,0.0,False
2_39_123_23_2019-05-13 16:10:22.328837,69,219.2662367647059,1.0,0.3938509027777778,8.0,True
2_39_123_23_2019-05-14 16:16:13.425370,100,336.9074757352941,2.0,0.48808752450980386,8.0,True
2_39_123_23_2019-05-16 15:07:55.722587,75,231.2350625,2.0,0.6304526388888889,9.0,True
2_39_123_23_2019-05-17 01:42:03.103207,53,365.1512488095238,0.0,0.0,0.0,False
2_39_123_23_2019-05-17 15:00:22.688625,93,296.18686388888887,2.0,0.6243451388888888,9.0,True
2_39_123_23_2019-05-17 23:16:51.536057,96,315.6639916666667,1.0,0.3294702777777777,5.0,True
2_39_123_23_2019-05-20 15:00:27.039601,66,206.33500416666666,2.0,0.8932716666666666,25.0,True
2_39_123_23_2019-05-21 15:05:11.192556,53,155.92012115384614,1.0,0.4003085416666667,10.0,True
2_39_123_23_2019-05-22 15:57:55.570274,239,788.7839762371615,7.0,3.78420779528478,86.0,True
2_39_123_23_2019-05-23 17:33:25.610476,93,606.3224713235294,1.0,0.6054378472222222,7.0,True
2_39_123_23_2019-05-24 16:49:45.125888,105,344.96135833333335,3.0,1.5674645833333332,43.0,True
2_39_123_23_2019-05-28 15:14:43.486918,89,281.3940125,1.0,0.4241106250000001,9.0,True
2_39_123_23_2019-05-29 15:56:22.262236,93,296.29241348039216,2.0,1.6525941966230935,33.0,True
2_39_123_23_2019-05-30 15:07:18.632138,98,314.10030367647056,1.0,0.3898145833333334,8.0,True
2_39_123_23_2019-05-31 15:02:11.447760,78,245.37567092760182,1.0,0.3524740972222222,8.0,True
2_39_123_23_2019-08-01 16:55:40.693463,224,1442.4641140522876,0.0,0.0,0.0,False
2_39_123_23_2019-08-02 01:00:27.196631,280,956.2544309320624,7.0,2.6444723080065353,49.0,True
2_39_123_23_2019-08-02 20:32:37.659159,75,237.95593333333332,1.0,0.2963205555555556,7.0,True
2_39_123_23_2019-08-05 19:10:44.883585,188,1184.7453448529411,0.0,0.0,0.0,False
2_39_123_23_2019-08-05 23:28:55.955571,280,966.6061480392157,8.0,4.000638656045751,63.0,True
2_39_123_23_2019-08-06 20:19:48.700480,33,74.545425,3.0,0.7990829861111111,12.0,True
2_39_123_23_2019-08-07 16:46:28.102116,135,425.1302915849673,3.0,0.8471808333333335,28.0,True
2_39_123_23_2019-08-08 17:03:01.476379,56,338.39409607843135,1.0,0.6174598611111112,7.0,True
2_39_123_23_2019-08-09 17:05:20.045424,80,477.527675,0.0,0.0,0.0,False
2_39_123_23_2019-08-09 19:42:22.586077,79,350.06674444444445,2.0,1.1084195138888888,20.0,True
2_39_123_23_2019-08-10 17:25:42.172550,24,40.60756862745098,0.0,0.0,0.0,False
2_39_123_23_2019-08-12 17:01:48.227174,291,1837.8447678921568,0.0,0.0,0.0,False
2_39_123_23_2019-08-13 00:49:30.414323,110,360.4596287815126,1.0,0.658519087301587,10.0,True
2_39_123_23_2019-08-14 15:47:24.600094,96,293.58021463675215,3.0,0.3661294648692811,8.0,True
2_39_123_23_2019-08-14 19:47:04.065259,59,117.86278057359307,1.0,0.2862046590909091,9.0,True
2_39_123_23_2019-08-15 16:50:35.664442,83,478.80089107142857,0.0,0.0,0.0,False
2_39_123_23_2019-08-16 00:08:04.947040,31,52.47,0.0,0.0,0.0,False
2_39_123_23_2019-08-16 20:44:29.106426,30,39.84052401960784,1.0,0.21677652777777776,13.0,True
2_39_123_23_2019-08-19 16:06:09.935976,84,265.48671666666667,1.0,0.201481875,5.0,True
2_39_123_23_2019-08-19 23:31:55.794982,284,957.2097458333334,5.0,3.106601458333333,43.0,True
2_39_123_23_2019-08-20 16:08:59.471101,94,279.73499166666664,5.0,0.9626433333333334,8.0,True
2_39_123_23_2019-08-20 20:26:03.449523,40,99.3924,2.0,0.4626649305555556,9.0,True
2_39_123_23_2019-08-21 15:49:02.159328,90,268.8881639705882,3.0,0.5626109027777778,8.0,True
2_39_123_23_2019-08-22 16:36:03.874339,53,319.51381726190476,1.0,0.5564047222222221,6.0,True
2_39_123_23_2019-08-23 16:48:52.854836,137,458.3489993229509,5.0,2.8801623528136666,65.0,True
2_39_123_23_2019-08-24 23:03:39.400536,67,179.55441904761904,2.0,0.5414525000000001,12.0,True
2_39_123_23_2019-08-26 19:09:58.918172,59,118.15010833333334,1.0,0.2569652083333333,8.0,True
2_39_123_23_2019-08-27 16:04:38.904743,111,450.17367083333335,2.0,1.561801458333333,43.0,True
2_39_123_23_2019-08-28 16:26:19.789379,76,239.66075073529413,3.0,0.8831219934640522,17.0,True
2_39_123_23_2019-08-29 15:43:18.953786,31,51.285133333333334,0.0,0.0,0.0,False
2_39_123_23_2019-08-29 16:30:51.956859,31,51.80249901960784,0.0,0.0,0.0,False
2_39_123_23_2019-08-29 20:11:05.350799,122,397.3662036423544,1.0,0.5481557175925926,9.0,True
2_39_123_23_2019-08-30 01:02:18.457958,31,53.0988946969697,0.0,0.0,0.0,False
2_39_123_23_2019-08-30 17:21:34.925694,296,1927.6354786414565,0.0,0.0,0.0,False
2_39_123_23_2019-08-30 23:48:14.361700,75,222.57958039215686,1.0,0.47728692401960787,15.0,True
2_39_123_23_2019-10-01 16:22:38.909533,103,628.9678951447245,1.0,0.7511874305555555,16.0,True
2_39_123_23_2019-10-01 21:22:12.641472,70,224.6193399509804,1.0,1.0412888194444445,30.0,True
2_39_123_23_2019-10-02 16:18:42.810427,70,227.00535833333333,1.0,0.9580583547008547,16.0,True
2_39_123_23_2019-10-03 02:38:31.260183,163,911.7529333333333,1.0,0.3530464583333333,16.0,True
2_39_123_23_2019-10-03 16:43:56.215485,174,554.741825,1.0,0.38064437500000003,12.0,True
2_39_123_23_2019-10-04 19:37:04.338736,126,737.2204321428571,0.0,0.0,0.0,False
2_39_123_23_2019-10-05 21:13:37.434872,95,290.80954404761906,2.0,0.9960320833333334,14.0,True
2_39_123_23_2019-10-07 16:58:04.754400,57,159.56117853641456,1.0,0.34280193627450983,10.0,True
2_39_123_23_2019-10-08 15:55:45.729483,81,272.5780375,2.0,1.489266458333333,33.0,True
2_39_123_23_2019-10-09 16:27:17.401162,130,824.9966829545455,1.0,0.5700193055555557,7.0,True
2_39_123_23_2019-10-10 16:35:26.190308,54,319.91312202380954,1.0,0.6301266666666665,7.0,True
2_39_123_23_2019-10-11 17:02:38.403867,20,86.85446666666667,0.0,0.0,0.0,False
2_39_123_23_2019-10-13 19:10:07.791172,108,359.472816025641,0.0,0.0,0.0,False
2_39_123_23_2019-10-14 16:56:32.761838,65,340.28549278711483,0.0,0.0,0.0,False
2_39_123_23_2019-10-14 18:07:21.105148,233,1602.0824435807656,0.0,0.0,0.0,False
2_39_123_23_2019-10-15 16:47:02.926108,302,1714.1459019491128,2.0,1.537523941993464,30.0,True
2_39_123_23_2019-10-15 23:32:19.848702,57,168.98038434065936,1.0,0.37167157051282046,13.0,True
2_39_123_23_2019-10-16 16:37:22.775207,99,311.9810888888889,0.0,0.0,0.0,False
2_39_123_23_2019-10-16 18:32:03.227456,255,1645.003657457983,1.0,0.8470678472222224,20.0,True
2_39_123_23_2019-10-17 18:46:58.205870,26,43.62540714285714,0.0,0.0,0.0,False
2_39_123_23_2019-10-18 16:48:21.337099,151,478.4474898809524,1.0,0.6433544444444443,10.0,True
2_39_123_23_2019-10-19 22:30:52.690421,75,230.39205416666667,1.0,0.4300405555555556,15.0,True
2_39_123_23_2019-10-20 20:47:22.475027,30,51.42491713458111,0.0,0.0,0.0,False
2_39_123_23_2019-10-21 17:04:47.855111,57,169.4902619047619,1.0,0.36618756944444447,11.0,True
2_39_123_23_2019-10-22 16:45:05.600771,63,358.67103663273,1.0,0.5145513194444444,6.0,True
2_39_123_23_2019-10-22 21:31:05.331780,53,136.16085865384616,1.0,0.5209886645299145,15.0,True
2_39_123_23_2019-10-24 15:09:12.861222,31,53.18762348484848,0.0,0.0,0.0,False
2_39_123_23_2019-10-24 15:48:53.100447,31,51.60895,0.0,0.0,0.0,False
2_39_123_23_2019-10-24 21:37:03.159243,75,208.7073281512605,2.0,0.5279325367647059,11.0,True
2_39_123_23_2019-10-25 16:22:15.412398,24,44.50954490950226,0.0,0.0,0.0,False
2_39_123_23_2019-10-25 17:23:08.333713,31,52.91945892857143,0.0,0.0,0.0,False
2_39_123_23_2019-10-25 19:44:09.085249,62,122.77230384615385,2.0,0.6097351388888889,8.0,True
2_39_123_23_2019-10-28 01:18:04.536085,69,399.75426666666664,0.0,0.0,0.0,False
2_39_123_23_2019-10-28 15:51:44.502249,53,122.13593846153846,2.0,1.109963888888889,16.0,True
2_39_123_23_2019-10-29 16:51:26.335180,44,216.86731388888887,1.0,0.799013611111111,16.0,True
2_39_123_23_2019-10-29 19:49:17.906489,193,242.54538333333332,3.0,2.068313611111111,90.0,True
2_39_123_23_2019-10-30 18:34:29.602184,63,188.39956369047619,1.0,0.3361138194444445,12.0,True
2_39_123_23_2019-10-31 16:37:20.875443,172,680.8619426693405,2.0,2.1911557843137257,76.0,True
2_39_123_557_2018-11-02 17:27:25.379905,155,567.216617986537,0.0,0.0,0.0,False
2_39_123_557_2018-11-06 16:45:06.617668,153,968.402502233714,1.0,0.7219854616013072,14.0,True
2_39_123_557_2018-11-07 21:10:27.109649,138,899.8447672619047,0.0,0.0,0.0,False
2_39_123_557_2018-11-08 17:48:58.659108,211,706.5792988795519,1.0,0.5144923120915033,17.0,True
2_39_123_557_2018-11-09 17:54:55.297356,337,1916.603488762347,2.0,1.321455486111111,37.0,True
2_39_123_557_2018-11-12 22:40:12.901031,31,58.33114833161335,0.0,0.0,0.0,False
2_39_123_557_2018-11-13 18:31:32.987707,53,337.9014858055343,0.0,0.0,0.0,False
2_39_123_557_2018-11-13 22:00:44.330687,83,477.00926444665583,0.0,0.0,0.0,False
2_39_123_557_2018-11-14 17:15:57.269288,150,974.2469073980628,1.0,0.6279847313238162,12.0,True
2_39_123_557_2018-11-15 16:51:17.374732,31,48.28516526610644,0.0,0.0,0.0,False
2_39_123_557_2018-11-19 19:00:41.093922,100,584.1869431372548,1.0,0.1713729166666667,5.0,True
2_39_123_557_2018-11-20 20:18:50.518551,35,57.05423695683401,0.0,0.0,0.0,False
2_39_123_557_2018-11-21 18:46:45.055444,101,596.8927791666666,1.0,0.5170304398148148,11.0,True
2_39_123_557_2018-11-25 18:25:19.317839,68,459.99937308802305,0.0,0.0,0.0,False
2_39_123_557_2018-11-26 19:07:29.007087,100,297.68503039692933,3.0,2.2362362157538453,15.0,True
2_39_123_557_2018-11-27 17:54:58.064449,219,594.198846796079,4.0,1.350626238813789,15.0,True
2_39_123_557_2018-11-28 18:01:04.274868,74,480.21343970588237,0.0,0.0,0.0,False
2_39_123_557_2018-11-29 21:15:08.874252,68,245.39393731146305,0.0,0.0,0.0,False
2_39_123_557_2019-03-12 19:46:35.060944,57,112.05953974089635,2.0,0.6341102777777777,8.0,True
2_39_123_557_2019-03-19 17:06:21.190353,147,740.4069653011204,0.0,0.0,0.0,False
2_39_123_557_2019-03-20 20:31:32.128737,26,141.6488198529412,0.0,0.0,0.0,False
2_39_123_557_2019-03-28 16:09:57.003048,28,43.263466666666666,0.0,0.0,0.0,False
2_39_123_557_2019-04-14 20:27:08.112987,112,688.2007825980392,0.0,0.0,0.0,False
2_39_123_557_2019-04-23 16:26:13.616051,156,990.6979386904761,0.0,0.0,0.0,False
2_39_123_557_2019-05-13 14:39:15.536849,88,533.1206814728572,0.0,0.0,0.0,False
2_39_123_557_2019-05-16 21:11:16.998451,131,806.9043041666666,1.0,0.17778562499999997,5.0,True
2_39_123_557_2019-08-07 16:24:59.542260,85,475.45769583333333,1.0,0.07871347222222222,8.0,True
2_39_123_557_2019-08-14 17:20:16.383945,109,677.3313801948052,1.0,0.6282411805555556,7.0,True
2_39_123_557_2019-08-20 16:12:09.747366,48,280.83170213278294,1.0,0.540858112745098,6.0,True
2_39_123_557_2019-08-28 20:21:24.449642,21,105.90515269607843,1.0,0.536696111111111,6.0,True
2_39_123_557_2019-10-02 19:34:04.688281,132,401.55837647058826,1.0,0.5801452083333333,19.0,True
2_39_123_557_2019-10-04 19:30:43.415209,42,205.18394166666667,1.0,0.05942048611111111,5.0,True
2_39_123_557_2019-10-29 20:13:13.225837,31,55.26914089267286,0.0,0.0,0.0,False
2_39_123_557_2019-10-29 20:46:40.593167,31,53.7142149923533,0.0,0.0,0.0,False
2_39_123_557_2019-10-29 22:24:22.341336,117,345.88327256707413,2.0,0.7956295819716777,16.0,True
2_39_123_557_2019-10-30 20:44:28.592223,126,800.4968069534912,1.0,0.6291800017460466,7.0,True
2_39_124_22_2018-11-02 15:46:31.957846,119,801.884418837535,0.0,0.0,0.0,False
2_39_124_22_2018-11-05 16:22:28.287145,321,2173.4278167139664,0.0,0.0,0.0,False
2_39_124_22_2018-11-06 16:58:43.086837,131,847.808187556561,1.0,0.5674888194444444,7.0,True
2_39_124_22_2018-11-07 17:38:39.136481,32,47.11268333333333,0.0,0.0,0.0,False
2_39_124_22_2018-11-08 18:10:58.162521,86,263.5867399509804,1.0,0.5314907189542485,14.0,True
2_39_124_22_2018-11-09 17:20:50.659768,134,447.2574821127574,0.0,0.0,0.0,False
2_39_124_22_2018-11-10 00:03:55.527932,116,400.3610909098727,1.0,0.3286189583333334,11.0,True
2_39_124_22_2018-11-11 00:04:19.437896,219,1394.751256127451,0.0,0.0,0.0,False
2_39_124_22_2018-11-12 17:31:33.985850,74,207.3471900560224,2.0,0.9748900420168068,17.0,True
2_39_124_22_2018-11-13 17:41:33.012643,50,79.19929173178043,0.0,0.0,0.0,False
2_39_124_22_2018-11-14 17:05:45.183771,128,768.8350821895425,1.0,0.4189996527777778,5.0,True
2_39_124_22_2018-11-15 16:55:54.216752,75,227.240218627451,0.0,0.0,0.0,False
2_39_124_22_2018-11-15 18:48:44.252564,177,1152.7251337965956,0.0,0.0,0.0,False
2_39_124_22_2018-11-16 18:16:17.685371,32,53.274979236694676,0.0,0.0,0.0,False
2_39_124_22_2018-11-16 21:59:28.201960,22,112.86857075163398,1.0,0.6021289583333332,9.0,True
2_39_124_22_2018-11-18 18:14:50.924066,23,41.29840280291604,0.0,0.0,0.0,False
2_39_124_22_2018-11-19 18:04:55.880268,22,37.840277681224,0.0,0.0,0.0,False
2_39_124_22_2018-11-19 20:15:26.046539,131,393.1648369221293,1.0,0.4237533123249301,9.0,True
2_39_124_22_2018-11-20 18:51:38.180943,69,136.84092903375864,2.0,0.6781315536492375,9.0,True
2_39_124_22_2018-11-21 20:17:55.842406,51,160.7378137605042,1.0,2.2540143469887957,24.0,True
2_39_124_22_2018-11-24 15:23:17.804307,18,111.89434903846154,0.0,0.0,0.0,False
2_39_124_22_2018-11-26 16:33:26.499634,216,837.521627054155,1.0,0.5603442075163397,7.0,True
2_39_124_22_2018-11-27 05:24:06.710439,31,54.6570318627451,0.0,0.0,0.0,False
2_39_124_22_2018-11-27 17:31:23.426100,142,256.0544794844861,0.0,0.0,0.0,False
2_39_124_22_2018-11-28 17:29:20.233354,102,605.1673784345556,0.0,0.0,0.0,False
2_39_124_22_2018-11-29 18:27:55.531891,93,507.4333451563959,0.0,0.0,0.0,False
2_39_124_22_2018-11-30 22:11:01.937115,20,55.065931583247334,1.0,0.20095879084967322,6.0,True
2_39_124_22_2019-03-01 21:16:31.391199,247,884.4733357843137,1.0,0.32238408088235293,9.0,True
2_39_124_22_2019-03-06 18:41:19.700703,6,20.08921607142857,0.0,0.0,0.0,False
2_39_124_22_2019-03-07 00:40:34.995762,79,270.20989404761906,1.0,0.28920430555555554,5.0,True
2_39_124_22_2019-03-12 01:14:51.846588,79,477.62045,0.0,0.0,0.0,False
2_39_124_22_2019-03-12 18:42:05.721489,31,40.99993365384615,1.0,0.24673694444444444,25.0,True
2_39_124_22_2019-03-13 16:58:03.654963,107,306.663206162465,2.0,0.5541286111111111,15.0,True
2_39_124_22_2019-03-14 20:48:19.681914,13,51.79673946078431,0.0,0.0,0.0,False
2_39_124_22_2019-03-16 14:39:40.648349,227,1499.3014229341736,1.0,0.7583228431372548,19.0,True
2_39_124_22_2019-03-16 18:44:39.232892,41,102.92983897058824,2.0,0.8074424795751634,15.0,True
2_39_124_22_2019-03-20 18:42:48.835417,64,166.13389215686274,1.0,0.5172587908496732,16.0,True
2_39_124_22_2019-03-26 00:24:00.610965,31,53.42476666666666,0.0,0.0,0.0,False
2_39_124_22_2019-03-26 20:55:16.837410,114,558.5804016806723,2.0,1.1348097747432306,20.0,True
2_39_124_22_2019-03-26 23:23:07.518690,31,53.7130564668175,0.0,0.0,0.0,False
2_39_124_22_2019-03-27 17:13:40.972079,46,117.99096666666667,1.0,0.5430228472222223,16.0,True
2_39_124_22_2019-03-28 19:36:40.433929,33,57.887432352941175,0.0,0.0,0.0,False
2_39_124_22_2019-03-29 00:17:34.437344,31,50.79886071428571,0.0,0.0,0.0,False
2_39_124_22_2019-03-29 17:33:11.539499,44,112.28770416666667,1.0,0.5211077777777777,16.0,True
2_39_124_22_2019-03-30 17:20:54.512632,78,476.1235791666667,0.0,0.0,0.0,False
2_39_124_22_2019-04-01 16:37:53.256149,287,963.7330279411765,10.0,2.437142226307189,16.0,True
2_39_124_22_2019-04-02 15:51:23.262954,125,821.5946077317291,1.0,0.6235883333333334,7.0,True
2_39_124_22_2019-04-03 02:37:00.488206,31,53.45865833333333,0.0,0.0,0.0,False
2_39_124_22_2019-04-04 18:32:08.111610,45,115.79980297619048,1.0,0.5299890277777778,16.0,True
2_39_124_22_2019-04-05 18:33:09.376475,31,51.44302788461538,0.0,0.0,0.0,False
2_39_124_22_2019-04-08 16:58:22.793341,5,8.440394805194805,0.0,0.0,0.0,False
2_39_124_22_2019-04-09 17:42:29.949416,50,109.10626299019607,1.0,0.30885948529411766,13.0,True
2_39_124_22_2019-04-10 16:19:22.190813,57,173.65964737394958,1.0,0.19519805555555556,5.0,True
2_39_124_22_2019-04-11 19:59:56.253449,31,54.86753259803921,0.0,0.0,0.0,False
2_39_124_22_2019-04-12 18:17:51.301278,48,128.3727125,1.0,0.5552894444444445,16.0,True
2_39_124_22_2019-04-15 17:50:04.471722,59,149.9499031862745,1.0,0.4873549632352941,15.0,True
2_39_124_22_2019-04-16 15:48:57.932420,55,348.88997222222224,0.0,0.0,0.0,False
2_39_124_22_2019-04-16 17:26:29.858227,35,206.1047619047619,0.0,0.0,0.0,False
2_39_124_22_2019-04-18 19:21:57.677145,104,703.9528465686275,0.0,0.0,0.0,False
2_39_124_22_2019-04-18 21:17:25.455973,32,72.18729166666667,2.0,0.7757666666666667,15.0,True
2_39_124_22_2019-04-19 20:33:17.561611,18,56.87557916666667,0.0,0.0,0.0,False
2_39_124_22_2019-04-19 21:49:44.695015,58,207.70646348039216,2.0,0.9951645833333334,21.0,True
2_39_124_22_2019-04-19 23:21:45.549585,73,467.4011003205128,0.0,0.0,0.0,False
2_39_124_22_2019-04-20 17:19:01.178993,63,183.44723333333334,1.0,0.47497451388888895,15.0,True
2_39_124_22_2019-04-22 20:29:40.929352,50,135.56455416666665,2.0,0.7215936111111112,15.0,True
2_39_124_22_2019-04-23 19:28:44.254761,31,51.1295125,0.0,0.0,0.0,False
2_39_124_22_2019-04-23 21:17:22.019378,199,1361.7084731325863,0.0,0.0,0.0,False
2_39_124_22_2019-04-24 16:38:57.377070,121,783.2881718137255,1.0,0.7317169281045751,8.0,True
2_39_124_22_2019-04-25 20:43:52.435733,105,355.2878004901961,1.0,0.38117985702614376,8.0,True
2_39_124_22_2019-04-26 21:10:13.298527,43,128.23878141025642,2.0,1.0284669444444443,18.0,True
2_39_124_22_2019-04-28 16:54:27.629761,158,445.86680294117645,0.0,0.0,0.0,False
2_39_124_22_2019-04-29 16:01:43.569647,72,239.4413125,1.0,0.33808562499999995,8.0,True
2_39_124_22_2019-04-30 17:16:47.592064,148,749.2860906862745,2.0,1.1448173529411765,31.0,True
2_39_124_22_2019-05-01 17:59:37.023704,99,267.2000088235294,1.0,0.353780625,8.0,True
2_39_124_22_2019-05-03 16:36:36.174787,70,188.40830896358543,2.0,0.5974155555555556,10.0,True
2_39_124_22_2019-05-06 17:40:18.761496,123,398.7011725490196,1.0,0.37396909722222227,8.0,True
2_39_124_22_2019-05-07 16:49:56.428997,155,510.4597416666667,0.0,0.0,0.0,False
2_39_124_22_2019-05-07 19:37:09.556499,275,1873.5945138888887,1.0,0.701572222222222,16.0,True
2_39_124_22_2019-05-08 16:07:26.818038,90,476.4705833333333,0.0,0.0,0.0,False
2_39_124_22_2019-05-08 18:41:00.139481,45,114.63506666666666,1.0,0.4971932638888889,16.0,True
2_39_124_22_2019-05-10 20:06:50.702615,112,384.8862586601307,2.0,0.6942983333333332,12.0,True
2_39_124_22_2019-05-13 04:05:31.116710,203,1098.96115,2.0,1.2495727083333332,32.0,True
2_39_124_22_2019-05-14 16:55:08.465841,121,503.3007488095238,2.0,1.6848497222222223,46.0,True
2_39_124_22_2019-05-15 16:23:52.713104,101,310.78067831996435,1.0,0.5773565482026143,16.0,True
2_39_124_22_2019-05-16 18:03:06.986702,46,120.44668817873303,1.0,0.5381360784313726,16.0,True
2_39_124_22_2019-05-17 17:03:56.275620,110,361.05532773109246,1.0,0.39700284722222223,8.0,True
2_39_124_22_2019-05-19 05:46:43.740614,318,2167.3869475840334,0.0,0.0,0.0,False
2_39_124_22_2019-05-20 16:06:40.362413,78,273.1098333333333,2.0,0.6915179289215685,18.0,True
2_39_124_22_2019-05-20 17:48:12.692554,87,548.72552590612,1.0,0.535352169117647,7.0,True
2_39_124_22_2019-05-21 16:33:39.919218,127,387.8796225140056,1.0,0.31612277777777786,11.0,True
2_39_124_22_2019-05-22 17:05:39.100918,102,343.3729671568627,1.0,0.4710761111111111,9.0,True
2_39_124_22_2019-05-23 18:55:04.212310,56,111.68914166666667,1.0,0.25662624999999994,8.0,True
2_39_124_22_2019-05-24 18:42:03.983361,49,132.03556666666665,1.0,0.518644375,16.0,True
2_39_124_22_2019-05-28 17:46:22.339483,62,122.69727941176471,1.0,0.31860333333333335,9.0,True
2_39_124_22_2019-05-29 16:38:55.325873,48,128.6781239973262,2.0,0.8793808374183005,15.0,True
2_39_124_22_2019-05-30 20:06:51.563394,30,84.62849281045752,1.0,0.1982645601851852,6.0,True
2_39_124_22_2019-05-31 18:01:13.015421,65,130.57769881907308,1.0,0.28791125,8.0,True
2_39_124_22_2019-08-01 20:28:50.326348,80,477.07291666666663,0.0,0.0,0.0,False
2_39_124_22_2019-08-02 12:57:25.881335,102,575.2101583333333,1.0,0.5093988194444444,9.0,True
2_39_124_22_2019-08-02 20:57:44.532862,31,183.50121348039215,0.0,0.0,0.0,False
2_39_124_22_2019-08-05 23:05:45.546084,62,200.1061368697479,0.0,0.0,0.0,False
2_39_124_22_2019-08-06 18:50:56.024419,31,48.6552375,0.0,0.0,0.0,False
2_39_124_22_2019-08-06 21:38:08.969041,166,1111.4491319444444,0.0,0.0,0.0,False
2_39_124_22_2019-08-08 19:33:29.757094,45,135.2841487745098,2.0,1.025820383986928,17.0,True
2_39_124_22_2019-08-12 23:19:58.143301,279,949.2693192307693,10.0,3.9532153418803415,40.0,True
2_39_124_22_2019-08-14 17:20:15.195115,153,355.0156958333333,1.0,0.5190817361111112,15.0,True
2_39_124_22_2019-08-15 20:11:13.462784,179,1007.6190360294117,2.0,1.0014652083333333,17.0,True
2_39_124_22_2019-08-16 16:39:05.343292,82,301.2125093137255,1.0,1.260261094771242,38.0,True
2_39_124_22_2019-08-19 18:28:30.886479,76,216.56020325630251,3.0,1.0950233455882352,24.0,True
2_39_124_22_2019-08-20 17:01:33.329777,74,243.4606399859944,2.0,0.6520552246732026,14.0,True
2_39_124_22_2019-08-21 16:58:52.381298,32,54.58268545751634,0.0,0.0,0.0,False
2_39_124_22_2019-08-22 16:28:31.781491,35,57.154715873015874,0.0,0.0,0.0,False
2_39_124_22_2019-08-23 00:30:36.737202,32,54.2468875,0.0,0.0,0.0,False
2_39_124_22_2019-08-23 17:07:06.694604,118,759.3723530572755,1.0,0.5086588888888889,6.0,True
2_39_124_22_2019-08-24 00:34:44.892997,209,1158.4922458333333,1.0,1.0770705555555555,26.0,True
2_39_124_22_2019-08-27 17:19:54.288378,203,645.9190333333333,2.0,0.3332141666666666,7.0,True
2_39_124_22_2019-08-28 02:53:20.936248,161,948.7169763888888,1.0,0.3694796527777778,8.0,True
2_39_124_22_2019-08-28 17:03:02.527260,94,460.8197661764706,1.0,0.6002768055555555,10.0,True
2_39_124_22_2019-08-29 16:47:32.311831,53,322.2680291666667,1.0,0.6290754861111111,7.0,True
2_39_124_22_2019-08-30 17:14:31.973697,47,121.89286337719298,1.0,0.5424717909356727,14.0,True
2_39_124_22_2019-10-01 17:23:42.185697,253,1681.606987359944,0.0,0.0,0.0,False
2_39_124_22_2019-10-02 16:24:39.790218,78,224.93028287815127,2.0,0.8555370337301588,11.0,True
2_39_124_22_2019-10-03 16:32:36.676225,127,818.9708041666667,1.0,0.5676533333333333,7.0,True
2_39_124_22_2019-10-04 18:41:48.179592,355,2235.7929184173668,0.0,0.0,0.0,False
2_39_124_22_2019-10-06 22:27:44.874484,11,66.2953375,0.0,0.0,0.0,False
2_39_124_22_2019-10-08 18:39:03.220768,315,2167.3611369047617,0.0,0.0,0.0,False
2_39_124_22_2019-10-09 19:20:14.257685,356,2407.9285709733895,0.0,0.0,0.0,False
2_39_124_22_2019-10-11 22:07:11.925669,163,833.1668736577964,1.0,1.0961104861111113,29.0,True
2_39_124_22_2019-10-13 00:56:15.442197,114,710.5627166666667,0.0,0.0,0.0,False
2_39_124_22_2019-10-14 16:39:04.521067,64,393.9142839285714,1.0,0.5381418055555556,6.0,True
2_39_124_22_2019-10-14 22:48:54.930190,97,304.3110488390093,2.0,1.4596877339181287,38.0,True
2_39_124_22_2019-10-15 16:34:32.823278,33,55.27814828431372,0.0,0.0,0.0,False
2_39_124_22_2019-10-16 17:08:14.340499,35,84.27611941930618,2.0,0.7832816421568627,14.0,True
2_39_124_22_2019-10-17 18:55:37.457591,63,123.43344583333334,2.0,0.6772572222222222,9.0,True
2_39_124_22_2019-10-18 20:19:18.611273,57,373.57132083333335,0.0,0.0,0.0,False
2_39_124_22_2019-10-21 16:47:49.504597,61,378.30990721288515,1.0,0.5543388095238095,6.0,True
2_39_124_22_2019-10-22 17:35:50.387127,32,56.69297916666667,0.0,0.0,0.0,False
2_39_124_22_2019-10-22 21:33:51.377128,110,359.2937101190476,3.0,0.7475633333333332,10.0,True
2_39_124_22_2019-10-23 16:14:00.279638,55,343.1790806372549,1.0,0.5422737949346406,6.0,True
2_39_124_22_2019-10-24 16:20:38.339017,31,54.36982916666667,0.0,0.0,0.0,False
2_39_124_22_2019-10-24 23:20:15.808905,85,268.5118553030303,1.0,0.32813562499999993,11.0,True
2_39_124_22_2019-10-28 17:16:17.215365,464,3155.148351090821,0.0,0.0,0.0,False
2_39_124_22_2019-10-29 17:38:40.693889,113,353.5460093137255,1.0,0.5290013888888888,6.0,True
2_39_124_22_2019-10-31 01:44:11.312676,108,678.9637966503268,0.0,0.0,0.0,False
2_39_124_558_2018-11-07 21:16:51.666775,118,391.2232401260504,1.0,0.3158385130718955,8.0,True
2_39_124_558_2018-11-19 16:30:04.529303,85,254.3171893557423,1.0,0.5634677001633986,16.0,True
2_39_124_558_2018-11-20 19:57:02.494418,84,219.28378078579917,2.0,1.9284277927559912,18.0,True
2_39_124_558_2018-11-21 17:02:16.938478,164,1128.0917625236218,0.0,0.0,0.0,False
2_39_124_558_2018-11-26 16:50:43.343185,31,50.86864117647059,0.0,0.0,0.0,False
2_39_124_558_2019-03-01 17:23:14.990250,104,335.73440664335664,0.0,0.0,0.0,False
2_39_124_558_2019-03-04 17:06:16.722572,149,481.56960709404973,1.0,0.12197777777777778,5.0,True
2_39_124_558_2019-03-11 15:34:47.858205,123,398.39125,0.0,0.0,0.0,False
2_39_124_558_2019-03-20 15:01:48.135082,270,880.4779171811032,0.0,0.0,0.0,False
2_39_124_558_2019-03-26 15:50:56.235090,93,306.4045588622291,2.0,0.3085022426470588,8.0,True
2_39_124_558_2019-04-01 16:34:05.412669,293,961.367937640056,0.0,0.0,0.0,False
2_39_124_558_2019-04-09 15:07:37.997768,98,321.5387789215686,0.0,0.0,0.0,False
2_39_124_558_2019-04-10 15:06:31.888314,93,285.5624869209222,0.0,0.0,0.0,False
2_39_124_558_2019-04-25 15:48:54.723737,203,673.0901007352941,0.0,0.0,0.0,False
2_39_124_558_2019-04-26 15:42:09.926682,86,278.9512135854342,0.0,0.0,0.0,False
2_39_124_558_2019-04-29 15:54:48.851021,308,1017.9655755980217,0.0,0.0,0.0,False
2_39_124_558_2019-04-30 15:45:30.152741,116,288.40291859166973,0.0,0.0,0.0,False
2_39_124_558_2019-05-01 16:03:34.809336,234,511.99186299059426,0.0,0.0,0.0,False
2_39_124_558_2019-05-03 15:46:27.946885,227,745.6250309124526,0.0,0.0,0.0,False
2_39_124_558_2019-05-06 16:21:42.771770,218,717.6882807692308,0.0,0.0,0.0,False
2_39_124_558_2019-05-08 16:16:21.293411,264,875.2572740306391,0.0,0.0,0.0,False
2_39_124_558_2019-05-15 15:49:12.005221,87,287.0823235294118,0.0,0.0,0.0,False
2_39_124_558_2019-05-16 15:35:36.976513,182,596.6875532679738,1.0,0.11787145833333332,5.0,True
2_39_124_558_2019-05-17 15:14:44.784903,97,316.97933970588235,1.0,0.27452573120915036,5.0,True
2_39_124_558_2019-05-21 14:39:35.972553,156,513.6681899859944,0.0,0.0,0.0,False
2_39_124_558_2019-05-22 14:55:18.163137,85,265.7886735644258,3.0,0.528761736111111,10.0,True
2_39_124_558_2019-05-23 15:02:36.659581,33,60.203925,0.0,0.0,0.0,False
2_39_124_558_2019-05-24 15:31:23.684115,246,812.0886266456582,0.0,0.0,0.0,False
2_39_124_558_2019-05-30 15:04:12.892610,165,476.5764291666667,0.0,0.0,0.0,False
2_39_124_558_2019-05-31 15:16:42.605483,97,319.8023332584083,3.0,1.600264894411144,35.0,True
2_39_124_558_2019-08-14 17:38:36.368972,195,1261.7130681372548,0.0,0.0,0.0,False
2_39_124_558_2019-08-29 15:48:44.484848,94,294.4614032051282,0.0,0.0,0.0,False
2_39_124_558_2019-08-30 16:26:12.386127,169,558.4644389265962,0.0,0.0,0.0,False
2_39_124_558_2019-10-25 15:34:14.266837,116,385.7237583333333,0.0,0.0,0.0,False
2_39_125_21_2018-11-02 18:50:41.554366,317,1164.0909263892154,0.0,0.0,0.0,False
2_39_125_21_2018-11-03 21:30:14.040778,32,57.26675631844506,0.0,0.0,0.0,False
2_39_125_21_2018-11-05 17:28:08.762181,67,390.51595952773147,1.0,0.20367977824463127,6.0,True
2_39_125_21_2018-11-06 16:35:52.689437,32,53.48581495098039,0.0,0.0,0.0,False
2_39_125_21_2018-11-07 16:01:59.184209,127,401.8025027003784,1.0,0.34873472222222224,8.0,True
2_39_125_21_2018-11-08 04:06:25.228860,116,754.2779002450981,1.0,0.6073172630718954,7.0,True
2_39_125_21_2018-11-08 15:34:40.023807,44,111.92438970588235,1.0,0.49818723039215684,15.0,True
2_39_125_21_2018-11-09 04:04:42.869319,119,773.9649522550247,1.0,0.5371642361111112,7.0,True
2_39_125_21_2018-11-09 17:09:11.146248,114,374.2151691867773,1.0,0.3904915277777778,8.0,True
2_39_125_21_2018-11-10 17:34:28.997073,32,54.80373970588236,0.0,0.0,0.0,False
2_39_125_21_2018-11-12 16:35:53.743238,119,703.8455295920428,1.0,0.3008520641882484,8.0,True
2_39_125_21_2018-11-13 03:00:10.233583,31,53.13990017613106,0.0,0.0,0.0,False
2_39_125_21_2018-11-13 16:38:51.242683,128,758.0484665567104,0.0,0.0,0.0,False
2_39_125_21_2018-11-14 04:20:34.071822,133,912.754100140056,0.0,0.0,0.0,False
2_39_125_21_2018-11-14 16:36:01.697773,129,772.770683426704,1.0,0.25664320261437906,8.0,True
2_39_125_21_2018-11-15 16:38:39.592175,132,763.6501428921569,1.0,0.1972990400326798,6.0,True
2_39_125_21_2018-11-16 00:11:03.720179,26,87.00922182539682,0.0,0.0,0.0,False
2_39_125_21_2018-11-16 16:17:23.010119,142,475.39731508857926,1.0,0.32102886846405226,6.0,True
2_39_125_21_2018-11-17 04:45:11.958993,144,448.1194739182022,1.0,0.1836300490196079,10.0,True
2_39_125_21_2018-11-19 00:40:13.386801,195,1191.5540479820875,0.0,0.0,0.0,False
2_39_125_21_2018-11-19 14:27:30.585436,274,1854.5906545800776,0.0,0.0,0.0,False
2_39_125_21_2018-11-20 02:52:02.848124,31,56.64999275210084,0.0,0.0,0.0,False
2_39_125_21_2018-11-20 03:22:42.877439,30,55.22192916666667,0.0,0.0,0.0,False
2_39_125_21_2018-11-20 16:37:33.617093,69,225.84500115669076,1.0,0.2915046710526316,6.0,True
2_39_125_21_2018-11-21 14:00:39.226552,202,1309.8891495589464,1.0,0.9989879588779955,14.0,True
2_39_125_21_2018-11-25 23:40:28.066577,19,92.95493553921568,0.0,0.0,0.0,False
2_39_125_21_2018-11-26 03:52:01.050147,19,30.858900980392157,0.0,0.0,0.0,False
2_39_125_21_2018-11-26 16:24:49.646308,85,480.38115946913854,0.0,0.0,0.0,False
2_39_125_21_2018-11-27 16:27:00.167709,153,703.0877111997609,0.0,0.0,0.0,False
2_39_125_21_2018-11-27 23:26:17.230998,158,1015.6139835983676,0.0,0.0,0.0,False
2_39_125_21_2018-11-28 17:52:50.348372,98,311.7996953431373,1.0,0.3560315972222223,8.0,True
2_39_125_21_2018-11-29 16:56:13.952876,84,259.3412878267974,1.0,0.2507403717320262,7.0,True
2_39_125_21_2018-11-30 14:35:05.361641,267,1694.3876509742493,1.0,1.0160715032679737,23.0,True
2_39_125_21_2018-11-30 21:46:16.065825,122,399.575840028049,2.0,0.8928938602941177,9.0,True
2_39_125_21_2019-03-01 02:22:48.568546,108,680.2083162878788,0.0,0.0,0.0,False
2_39_125_21_2019-03-01 17:39:40.833858,72,231.85711845238094,1.0,0.3272542857142858,7.0,True
2_39_125_21_2019-03-02 18:50:20.958854,174,1121.774573401027,1.0,0.8360207638888887,22.0,True
2_39_125_21_2019-03-05 05:03:04.211456,64,442.148412920168,0.0,0.0,0.0,False
2_39_125_21_2019-03-05 17:30:25.452160,103,646.2942341269841,1.0,0.6575745833333333,8.0,True
2_39_125_21_2019-03-06 17:35:56.301536,30,101.80929873680242,0.0,0.0,0.0,False
2_39_125_21_2019-03-07 18:36:53.615839,31,54.13764166666667,0.0,0.0,0.0,False
2_39_125_21_2019-03-07 21:11:53.440329,137,858.5650761904761,1.0,0.6498300694444445,8.0,True
2_39_125_21_2019-03-08 03:39:27.620638,126,808.1293117063492,1.0,0.5734244444444444,7.0,True
2_39_125_21_2019-03-08 15:58:20.775877,107,335.61286574675324,1.0,0.4095073511904762,9.0,True
2_39_125_21_2019-03-09 22:52:15.220567,115,269.3395594017094,1.0,0.27381520833333334,11.0,True
2_39_125_21_2019-03-11 02:36:21.240285,70,436.43565372405374,0.0,0.0,0.0,False
2_39_125_21_2019-03-11 15:30:10.062770,138,794.4422116716617,1.0,0.7169981944444445,8.0,True
2_39_125_21_2019-03-12 15:42:11.516939,129,811.5161234728506,1.0,0.7409793831699346,8.0,True
2_39_125_21_2019-03-13 15:38:46.621716,127,810.7846916666666,1.0,0.5495056944444444,7.0,True
2_39_125_21_2019-03-14 15:38:15.030533,128,809.1038673701298,1.0,0.6462050694444444,8.0,True
2_39_125_21_2019-03-15 02:34:14.882134,117,756.7451049242424,1.0,0.6151438888888889,7.0,True
2_39_125_21_2019-03-18 22:05:37.664688,65,204.54292916666668,1.0,0.21521513888888888,9.0,True
2_39_125_21_2019-03-18 23:33:18.536160,70,236.9048512955182,2.0,0.3901748611111111,6.0,True
2_39_125_21_2019-03-19 16:30:01.472260,120,740.7742944920276,1.0,0.6127602083333333,8.0,True
2_39_125_21_2019-03-20 20:26:40.320839,31,89.40177916666667,1.0,0.2572209027777778,7.0,True
2_39_125_21_2019-03-21 02:28:40.507342,230,711.7377292043741,2.0,0.615695515873016,13.0,True
2_39_125_21_2019-03-22 16:57:28.113743,96,295.8499185897436,2.0,1.7997049999999999,56.0,True
2_39_125_21_2019-03-23 17:08:02.652222,80,487.469506456044,0.0,0.0,0.0,False
2_39_125_21_2019-03-24 22:30:47.390490,125,807.8022833333333,1.0,0.5403969444444444,6.0,True
2_39_125_21_2019-03-25 14:54:03.738388,117,368.27379782913164,1.0,0.41025351307189545,10.0,True
2_39_125_21_2019-03-25 23:34:54.066577,30,50.02525833333333,0.0,0.0,0.0,False
2_39_125_21_2019-03-26 18:40:39.418160,44,110.57476715686275,2.0,0.7343333946078432,16.0,True
2_39_125_21_2019-03-27 02:48:07.505714,76,512.1647523809523,0.0,0.0,0.0,False
2_39_125_21_2019-03-27 23:35:13.466643,45,125.54586267507003,1.0,0.4134509027777779,15.0,True
2_39_125_21_2019-03-28 01:31:48.533142,65,219.04312090336134,0.0,0.0,0.0,False
2_39_125_21_2019-03-29 15:46:01.047987,86,269.30638233433234,1.0,0.2937852083333334,8.0,True
2_39_125_21_2019-03-29 20:34:44.612436,82,258.1665141941392,1.0,0.10083069444444445,5.0,True
2_39_125_21_2019-03-30 17:51:20.201213,158,1011.9255742424242,1.0,0.7238904861111111,19.0,True
2_39_125_21_2019-03-30 22:54:58.118978,73,221.7084875,1.0,0.4672875694444445,14.0,True
2_39_125_21_2019-04-01 17:24:16.826653,31,48.91505,0.0,0.0,0.0,False
2_39_125_21_2019-04-01 21:04:06.505235,27,44.058773755656105,0.0,0.0,0.0,False
2_39_125_21_2019-04-02 18:22:20.607296,40,98.61871666666667,1.0,0.5306552777777778,15.0,True
2_39_125_21_2019-04-03 20:00:24.600596,62,123.02607638888888,2.0,0.6625820138888889,9.0,True
2_39_125_21_2019-04-05 23:38:27.542824,31,49.974720833333336,0.0,0.0,0.0,False
2_39_125_21_2019-04-06 16:57:49.382854,30,44.401129166666664,0.0,0.0,0.0,False
2_39_125_21_2019-04-06 20:26:09.307609,226,716.7945006410256,1.0,0.2356531944444444,8.0,True
2_39_125_21_2019-04-08 16:07:58.624459,7,7.321055952380952,0.0,0.0,0.0,False
2_39_125_21_2019-04-09 14:59:48.385366,112,357.2780580532213,2.0,0.7419883578431371,10.0,True
2_39_125_21_2019-04-10 17:16:13.360388,53,138.78283333333334,1.0,0.5393380555555557,16.0,True
2_39_125_21_2019-04-11 19:19:02.916605,62,124.83188175770307,1.0,0.2667233333333333,8.0,True
2_39_125_21_2019-04-13 15:41:35.379309,32,58.25361071428571,0.0,0.0,0.0,False
2_39_125_21_2019-04-15 23:32:50.485777,87,296.5444958333333,0.0,0.0,0.0,False
2_39_125_21_2019-04-16 15:23:55.926114,37,58.87039432773109,0.0,0.0,0.0,False
2_39_125_21_2019-04-18 17:26:06.052456,45,118.09321602564103,2.0,0.7484750694444444,15.0,True
2_39_125_21_2019-04-19 14:55:57.790470,95,303.94610416666666,1.0,0.30911215277777776,7.0,True
2_39_125_21_2019-04-20 22:33:29.137627,90,295.28010416666666,0.0,0.0,0.0,False
2_39_125_21_2019-04-23 16:10:27.176004,112,371.19654623015873,1.0,0.12435986111111112,6.0,True
2_39_125_21_2019-04-26 16:02:07.251361,81,270.4873425770308,1.0,0.2413126388888889,7.0,True
2_39_125_21_2019-04-28 00:33:45.668151,88,290.9188291666667,0.0,0.0,0.0,False
2_39_125_21_2019-04-29 15:05:35.178817,63,189.06430714285713,1.0,0.3968917361111111,9.0,True
2_39_125_21_2019-04-30 00:20:18.268622,31,50.52492954545454,0.0,0.0,0.0,False
2_39_125_21_2019-04-30 15:01:26.857533,87,268.850375,1.0,0.4087321527777778,9.0,True
2_39_125_21_2019-05-06 23:32:58.144607,84,287.92482083333334,0.0,0.0,0.0,False
2_39_125_21_2019-05-07 15:04:05.834357,63,189.97056602564103,1.0,0.38286625,9.0,True
2_39_125_21_2019-05-09 15:06:00.222097,56,168.60957083333332,1.0,0.3838815972222222,9.0,True
2_39_125_21_2019-05-11 22:02:56.433509,86,265.7990375,1.0,0.3547000694444444,13.0,True
2_39_125_21_2019-05-14 15:00:46.074270,78,243.58029583333334,2.0,0.6745460416666667,8.0,True
2_39_125_21_2019-05-20 15:28:33.948259,82,476.60896249999996,0.0,0.0,0.0,False
2_39_125_21_2019-05-21 16:03:50.109267,104,343.6741107142857,3.0,0.8462605059523809,18.0,True
2_39_125_21_2019-05-22 16:04:33.738250,100,318.12922951680673,1.0,0.3843989583333334,9.0,True
2_39_125_21_2019-05-24 01:02:16.328999,61,193.48788333333334,1.0,1.1581904166666668,31.0,True
2_39_125_21_2019-05-24 13:31:28.010296,207,1146.3150458333332,3.0,1.2466765972222222,21.0,True
2_39_125_21_2019-05-24 20:03:06.677096,44,119.26548365384615,2.0,1.1502038194444446,23.0,True
2_39_125_21_2019-05-25 22:24:07.725014,63,184.64735625942686,1.0,0.447767308006536,15.0,True
2_39_125_21_2019-05-28 13:39:29.391422,204,1108.797912780112,1.0,1.2121599060457513,33.0,True
2_39_125_21_2019-05-28 20:07:54.729768,47,128.001775,1.0,1.1756846527777778,29.0,True
2_39_125_21_2019-05-29 13:28:15.888282,198,1092.9669436720142,1.0,1.0347224305555556,25.0,True
2_39_125_21_2019-05-29 19:36:15.524193,38,98.18926856060605,2.0,0.9925828472222222,17.0,True
2_39_125_21_2019-05-30 13:30:37.941718,200,1122.698968137255,1.0,1.0001381944444447,22.0,True
2_39_125_21_2019-05-31 13:29:07.286110,203,1145.823255952381,2.0,0.8135097916666667,19.0,True
2_39_125_21_2019-08-01 00:05:04.263992,47,137.5615549019608,1.0,0.3832805433006536,11.0,True
2_39_125_21_2019-08-01 13:25:53.563898,189,1049.4421589285714,2.0,1.0305984722222221,21.0,True
2_39_125_21_2019-08-01 19:43:13.417002,66,281.5214208333333,2.0,1.1033196527777775,17.0,True
2_39_125_21_2019-08-02 00:35:05.677195,90,545.6321816849817,0.0,0.0,0.0,False
2_39_125_21_2019-08-02 13:34:57.983755,195,1094.6519609432235,1.0,1.4862036965811964,29.0,True
2_39_125_21_2019-08-02 19:37:38.827961,40,106.47820416666667,2.0,1.0433555555555556,16.0,True
2_39_125_21_2019-08-05 13:33:24.916949,197,1076.2466409313724,2.0,1.0894061642156863,21.0,True
2_39_125_21_2019-08-06 04:21:15.468207,32,213.02912817460316,0.0,0.0,0.0,False
2_39_125_21_2019-08-06 16:09:13.221428,72,234.45629358974358,1.0,0.341746875,8.0,True
2_39_125_21_2019-08-12 20:50:29.207226,56,147.0001830882353,3.0,0.9836069076797385,15.0,True
2_39_125_21_2019-08-15 23:27:48.837667,97,322.97295833333334,0.0,0.0,0.0,False
2_39_125_21_2019-08-16 16:27:24.536137,52,314.40159166666666,1.0,0.6508306944444444,7.0,True
2_39_125_21_2019-08-19 16:09:02.055059,74,233.04255238095237,1.0,0.37382604166666666,9.0,True
2_39_125_21_2019-08-23 16:59:49.743354,78,249.12280416666667,4.0,1.2541256944444443,19.0,True
2_39_125_21_2019-08-26 16:15:59.277732,84,264.704275,1.0,0.3201932638888889,8.0,True
2_39_125_21_2019-08-28 15:48:56.061206,95,293.7886880952381,5.0,0.8784052777777779,11.0,True
2_39_125_21_2019-08-28 19:44:31.467251,58,115.20212202380952,1.0,0.2764681746031745,8.0,True
2_39_125_21_2019-08-30 16:41:04.012367,127,792.0113261904762,1.0,0.5956984027777777,7.0,True
2_39_125_21_2019-08-31 23:16:14.170250,29,64.19844583333334,2.0,0.47634916666666666,8.0,True
2_39_125_21_2019-10-03 01:10:00.704719,263,892.6436958333334,4.0,4.485763749999999,89.0,True
2_39_125_21_2019-10-07 23:45:03.010336,28,46.25028809523809,0.0,0.0,0.0,False
2_39_125_21_2019-10-08 02:41:47.776301,158,964.1180458333333,0.0,0.0,0.0,False
2_39_125_21_2019-10-09 02:32:32.123900,121,682.1423583333333,2.0,0.48258687499999997,11.0,True
2_39_125_21_2019-10-13 22:17:08.303765,31,52.82289642857143,0.0,0.0,0.0,False
2_39_125_21_2019-10-14 20:29:13.683731,54,317.63510851158645,1.0,0.6504454166666667,11.0,True
2_39_125_21_2019-10-16 20:09:08.786356,119,768.5165857466063,0.0,0.0,0.0,False
2_39_125_21_2019-10-17 01:55:32.137693,130,786.5440071428571,0.0,0.0,0.0,False
2_39_125_21_2019-10-22 15:52:02.163698,31,50.518187499999996,0.0,0.0,0.0,False
2_39_125_21_2019-10-22 16:51:05.183285,95,274.503975,1.0,0.4591493055555556,14.0,True
2_39_125_21_2019-10-22 23:22:59.156420,92,281.6619666666667,1.0,0.3459070833333333,13.0,True
2_39_125_21_2019-10-23 07:30:07.587362,31,56.39854903846154,0.0,0.0,0.0,False
2_39_125_21_2019-10-26 21:49:53.198303,127,391.44816904761905,1.0,0.5932871527777779,18.0,True
2_39_125_21_2019-10-28 15:30:20.022747,88,277.16679166666665,2.0,1.0603463194444445,19.0,True
2_39_125_21_2019-10-30 00:05:59.845921,223,703.3467583333334,1.0,0.19193770833333332,7.0,True
2_39_125_559_2018-11-12 23:01:49.194364,31,58.644521886824904,0.0,0.0,0.0,False
2_39_125_559_2019-03-21 20:43:28.931385,177,1120.7344946023748,0.0,0.0,0.0,False
2_39_125_559_2019-05-22 20:12:03.899712,31,53.86569130178387,0.0,0.0,0.0,False
2_39_125_559_2019-10-08 20:07:43.103156,31,44.23051666666667,1.0,0.155818125,10.0,True
2_39_126_20_2018-11-03 00:03:02.359145,31,50.93231503267974,0.0,0.0,0.0,False
2_39_126_20_2018-11-04 18:30:24.126026,31,55.08293954248366,0.0,0.0,0.0,False
2_39_126_20_2018-11-05 16:34:42.151858,131,376.37534886112337,0.0,0.0,0.0,False
2_39_126_20_2018-11-05 18:52:37.855450,128,399.9870366713352,2.0,0.490929783496732,8.0,True
2_39_126_20_2018-11-06 20:20:28.504069,120,396.99617780112044,1.0,0.37271020833333335,8.0,True
2_39_126_20_2018-11-07 01:26:36.289876,32,54.825636169467785,0.0,0.0,0.0,False
2_39_126_20_2018-11-08 17:22:44.174963,113,437.72992539252544,0.0,0.0,0.0,False
2_39_126_20_2018-11-08 23:17:12.386367,99,675.0001111928104,0.0,0.0,0.0,False
2_39_126_20_2018-11-14 23:12:38.270653,136,866.4058675301779,0.0,0.0,0.0,False
2_39_126_20_2018-11-15 16:58:37.209014,45,188.38997554609563,0.0,0.0,0.0,False
2_39_126_20_2018-11-15 19:56:52.364637,66,135.08829187736498,2.0,0.6221680035259718,8.0,True
2_39_126_20_2018-11-16 16:43:57.069000,136,805.2454322695908,0.0,0.0,0.0,False
2_39_126_20_2018-11-18 18:06:40.403823,74,212.18606740196077,1.0,0.5706225816993464,17.0,True
2_39_126_20_2018-11-19 18:56:21.225067,67,137.37626544117646,2.0,0.5795341421568627,8.0,True
2_39_126_20_2018-11-21 01:50:56.873540,31,45.79450315126051,0.0,0.0,0.0,False
2_39_126_20_2018-11-24 22:34:55.865923,102,697.6405068160598,0.0,0.0,0.0,False
2_39_126_20_2018-11-25 00:36:30.139974,145,970.6220931956116,0.0,0.0,0.0,False
2_39_126_20_2019-03-03 22:06:57.187110,168,1158.659994222689,0.0,0.0,0.0,False
2_39_126_20_2019-03-04 01:02:07.227159,19,126.63374187675069,0.0,0.0,0.0,False
2_39_126_20_2019-03-06 03:36:38.851835,93,334.6570936759319,0.0,0.0,0.0,False
2_39_126_20_2019-03-11 20:52:31.791134,33,95.77279821428571,1.0,0.3027865277777778,8.0,True
2_39_126_20_2019-03-13 19:48:28.634942,58,181.05945616246498,2.0,1.1919589186507935,30.0,True
2_39_126_20_2019-03-16 15:44:56.527353,30,48.22509562693499,0.0,0.0,0.0,False
2_39_126_20_2019-03-18 16:27:17.432979,139,878.9135127569326,0.0,0.0,0.0,False
2_39_126_20_2019-03-27 20:22:12.292548,132,824.7809104665072,1.0,0.6284638194444445,8.0,True
2_39_126_20_2019-03-27 23:40:44.250780,282,963.3057252578304,13.0,4.142054785565741,43.0,True
2_39_126_20_2019-03-31 23:07:32.517614,40,236.73622549019606,0.0,0.0,0.0,False
2_39_126_20_2019-04-03 15:27:43.639886,127,812.3102264705882,1.0,0.5892283333333334,7.0,True
2_39_126_20_2019-04-13 23:59:14.520913,31,52.76183068181818,0.0,0.0,0.0,False
2_39_126_20_2019-04-20 18:11:39.379906,53,304.0893208333333,1.0,0.21142256944444443,6.0,True
2_39_126_20_2019-04-21 22:21:19.823422,33,219.5999143493761,0.0,0.0,0.0,False
2_39_126_20_2019-04-23 01:12:24.711979,88,291.66717083333333,0.0,0.0,0.0,False
2_39_126_20_2019-04-25 02:51:17.401134,239,1473.8774848707665,0.0,0.0,0.0,False
2_39_126_20_2019-04-29 21:15:24.651036,80,257.009225,0.0,0.0,0.0,False
2_39_126_20_2019-04-29 23:33:20.189288,85,293.47889696969696,1.0,0.26538402777777775,5.0,True
2_39_126_20_2019-04-30 16:10:13.557853,183,394.9418600713012,1.0,0.42376118055555545,20.0,True
2_39_126_20_2019-05-02 01:21:53.704574,61,355.2883625,0.0,0.0,0.0,False
2_39_126_20_2019-05-02 17:10:10.452245,31,53.60389583333333,0.0,0.0,0.0,False
2_39_126_20_2019-05-04 00:12:31.489862,31,51.295295833333334,0.0,0.0,0.0,False
2_39_126_20_2019-05-06 00:38:39.918068,6,39.12792857142857,0.0,0.0,0.0,False
2_39_126_20_2019-05-06 01:10:22.389181,22,148.80107976190476,0.0,0.0,0.0,False
2_39_126_20_2019-05-09 17:07:08.982445,102,338.79053284313727,1.0,0.38441993055555557,9.0,True
2_39_126_20_2019-05-10 20:20:08.483145,31,53.22560297619047,0.0,0.0,0.0,False
2_39_126_20_2019-05-15 23:38:09.941850,73,250.9499419817927,0.0,0.0,0.0,False
2_39_126_20_2019-05-19 02:07:38.483253,61,416.82102499999996,0.0,0.0,0.0,False
2_39_126_20_2019-05-20 02:22:56.016206,83,493.397106267507,0.0,0.0,0.0,False
2_39_126_20_2019-05-21 19:22:10.496443,64,127.10501021062271,1.0,0.22611215277777774,8.0,True
2_39_126_20_2019-05-23 17:36:10.196176,84,249.24368021978023,4.0,1.5910484226190476,24.0,True
2_39_126_20_2019-05-26 00:38:24.422338,7,44.40530654761905,0.0,0.0,0.0,False
2_39_126_20_2019-05-28 16:20:41.228372,34,62.29114166666667,1.0,0.5861327083333333,17.0,True
2_39_126_20_2019-05-29 02:16:08.150619,111,657.6153452874739,1.0,0.17699833333333334,5.0,True
2_39_126_20_2019-05-29 23:28:21.167806,87,302.4025237394958,1.0,0.2534459027777778,5.0,True
2_39_126_20_2019-08-01 04:53:49.198649,13,87.28012132352941,0.0,0.0,0.0,False
2_39_126_20_2019-08-08 04:59:02.088397,21,138.19820476190475,0.0,0.0,0.0,False
2_39_126_20_2019-08-14 15:08:07.731903,31,45.62334649321267,0.0,0.0,0.0,False
2_39_126_20_2019-08-16 17:59:49.115907,31,44.547420833333334,0.0,0.0,0.0,False
2_39_126_20_2019-08-22 02:49:16.861302,125,732.5466710784314,1.0,0.24316743055555556,7.0,True
2_39_126_20_2019-08-22 19:37:24.349481,48,164.4535875,2.0,0.9385773611111112,16.0,True
2_39_126_20_2019-10-06 23:12:14.637540,26,37.373217424242426,1.0,0.04239972222222222,5.0,True
2_39_126_20_2019-10-11 02:50:04.891767,121,656.3398552871148,2.0,0.425326875,13.0,True
2_39_126_20_2019-10-13 21:17:49.702346,204,1352.3129999999999,0.0,0.0,0.0,False
2_39_126_20_2019-10-17 16:29:20.962008,98,531.3860138888889,1.0,0.3639120138888889,10.0,True
2_39_126_20_2019-10-21 16:38:15.900713,62,329.11226723325694,1.0,0.8769933175770307,16.0,True
2_39_126_20_2019-10-23 04:16:32.137625,72,486.78486428571426,0.0,0.0,0.0,False
2_39_126_20_2019-10-24 22:56:24.276445,111,347.0264007798574,0.0,0.0,0.0,False
2_39_126_20_2019-10-25 03:29:49.767200,74,501.3868166666666,0.0,0.0,0.0,False
2_39_126_20_2019-10-28 19:45:28.368454,121,399.0133135620915,4.0,1.426292389705882,30.0,True
2_39_126_560_2018-11-05 17:09:39.766161,501,1154.5401432008007,4.0,3.3669904226181027,104.0,True
2_39_126_560_2018-11-09 18:07:10.380783,93,234.2314496381886,0.0,0.0,0.0,False
2_39_126_560_2018-11-27 18:09:01.164645,196,530.133972840279,0.0,0.0,0.0,False
2_39_126_560_2018-11-28 18:22:48.180789,70,197.5227232843137,1.0,0.5058444812091504,16.0,True
2_39_126_560_2018-11-28 20:34:29.468744,48,286.09300021065104,0.0,0.0,0.0,False
2_39_126_560_2019-03-06 17:03:37.092354,30,99.1710016025641,0.0,0.0,0.0,False
2_39_126_560_2019-03-07 16:47:12.867964,135,440.66005678088254,0.0,0.0,0.0,False
2_39_126_560_2019-03-21 15:24:14.885379,174,571.3175958301503,0.0,0.0,0.0,False
2_39_126_560_2019-03-26 16:51:17.494188,113,678.0417958296476,1.0,0.21057902369281048,6.0,True
2_39_126_560_2019-04-03 15:00:37.848724,93,306.0729807422969,0.0,0.0,0.0,False
2_39_126_560_2019-04-08 15:12:32.892745,137,309.07305476190476,0.0,0.0,0.0,False
2_39_126_560_2019-04-11 16:15:22.924573,96,316.84631119281045,0.0,0.0,0.0,False
2_39_126_560_2019-04-15 15:27:56.283502,230,1359.8945616946778,0.0,0.0,0.0,False
2_39_126_560_2019-04-23 15:35:58.527945,160,489.1977910130719,0.0,0.0,0.0,False
2_39_126_560_2019-05-03 21:37:55.815261,77,231.5961,1.0,0.4955775,14.0,True
2_39_126_560_2019-05-10 16:02:16.272461,183,594.6251208333333,0.0,0.0,0.0,False
2_39_126_560_2019-05-28 16:30:00.092143,114,375.98057401960784,0.0,0.0,0.0,False
2_39_126_560_2019-10-22 15:59:30.075693,83,242.30998630952382,0.0,0.0,0.0,False
2_39_127_19_2018-11-02 17:10:25.588822,156,491.4743724347548,0.0,0.0,0.0,False
2_39_127_19_2018-11-03 16:03:58.023925,31,53.22409604833161,0.0,0.0,0.0,False
2_39_127_19_2018-11-05 03:53:51.073246,32,52.67052990196078,0.0,0.0,0.0,False
2_39_127_19_2018-11-05 13:44:33.661641,307,1711.49365359673,1.0,0.3287478793183941,7.0,True
2_39_127_19_2018-11-06 00:17:34.551488,32,52.06097675070028,0.0,0.0,0.0,False
2_39_127_19_2018-11-06 16:57:56.398269,31,54.565252322595704,0.0,0.0,0.0,False
2_39_127_19_2018-11-06 20:17:35.806100,97,325.79352474412843,2.0,0.6340261805555556,8.0,True
2_39_127_19_2018-11-07 13:44:15.681189,394,2619.1178463752103,1.0,0.7994009471288517,19.0,True
2_39_127_19_2018-11-08 02:55:10.237299,83,569.3278450531494,0.0,0.0,0.0,False
2_39_127_19_2018-11-08 16:39:54.200325,127,402.2936382352941,1.0,0.32686784722222223,7.0,True
2_39_127_19_2018-11-09 10:33:02.342605,47,75.69441990534824,0.0,0.0,0.0,False
2_39_127_19_2018-11-19 16:56:04.406759,77,522.0090443160598,0.0,0.0,0.0,False
2_39_127_19_2018-11-19 20:48:54.359631,62,202.76381450746965,0.0,0.0,0.0,False
2_39_127_19_2018-11-20 07:09:14.713298,48,307.6543994949495,0.0,0.0,0.0,False
2_39_127_19_2018-11-20 13:57:50.151518,204,1322.7100829856504,1.0,0.8547715849673201,19.0,True
2_39_127_19_2018-11-20 22:59:05.898265,28,105.71005312285753,0.0,0.0,0.0,False
2_39_127_19_2018-11-21 18:00:08.340331,32,58.618979003267974,0.0,0.0,0.0,False
2_39_127_19_2018-11-25 04:18:48.706448,79,372.1608201805547,1.0,1.1823627982026144,15.0,True
2_39_127_19_2018-11-26 02:21:11.378520,43,237.66709334464554,1.0,1.0263913194444443,11.0,True
2_39_127_19_2018-11-26 14:07:14.109097,296,1798.2077585200745,0.0,0.0,0.0,False
2_39_127_19_2018-11-27 02:04:58.674200,114,737.2410574929971,1.0,0.4880614583333333,6.0,True
2_39_127_19_2018-11-27 14:14:40.227748,202,1284.5884278416845,0.0,0.0,0.0,False
2_39_127_19_2018-11-27 19:24:32.840689,29,34.162527110716084,1.0,0.0885078027065527,5.0,True
2_39_127_19_2018-11-27 20:18:20.217180,117,284.24478206959446,2.0,0.47677891189370486,10.0,True
2_39_127_19_2018-11-28 02:36:43.215388,114,729.3522514705882,1.0,0.5975445506535948,7.0,True
2_39_127_19_2018-11-28 20:41:20.259271,101,315.40931508467025,2.0,0.5399204534313725,8.0,True
2_39_127_19_2018-11-29 03:06:28.806800,119,760.52665,1.0,0.6019758946078431,8.0,True
2_39_127_19_2018-11-29 14:39:59.381966,435,2734.1355388205147,1.0,1.1638646263227514,19.0,True
2_39_127_19_2018-11-29 23:09:31.560525,148,841.41632535014,0.0,0.0,0.0,False
2_39_127_19_2018-11-30 16:45:07.130462,32,54.85434047619047,0.0,0.0,0.0,False
2_39_127_19_2018-11-30 20:31:15.584584,56,364.9702645148969,0.0,0.0,0.0,False
2_39_127_19_2019-03-01 17:11:33.762646,167,584.3646355042017,1.0,0.2512170138888889,8.0,True
2_39_127_19_2019-03-02 17:42:29.055130,17,112.86853457792208,0.0,0.0,0.0,False
2_39_127_19_2019-03-02 18:13:16.871261,61,416.72375906862743,0.0,0.0,0.0,False
2_39_127_19_2019-03-04 17:12:06.200853,84,255.71930562293744,2.0,0.43774436799719896,11.0,True
2_39_127_19_2019-03-04 23:05:58.599339,164,571.1449787667699,3.0,0.6654801195390436,10.0,True
2_39_127_19_2019-03-05 17:05:32.120930,108,364.98586901260506,1.0,0.38885604166666676,9.0,True
2_39_127_19_2019-03-07 02:01:33.243762,77,478.3418089285714,0.0,0.0,0.0,False
2_39_127_19_2019-03-07 17:01:25.731190,147,597.8181210003232,2.0,1.89293045926704,62.0,True
2_39_127_19_2019-03-08 18:33:19.094455,134,865.8913930258467,1.0,0.6499213194444444,8.0,True
2_39_127_19_2019-03-09 00:53:28.258372,221,1422.7543245214752,1.0,0.913635,24.0,True
2_39_127_19_2019-03-11 18:10:41.488475,268,933.0388176470589,2.0,0.5733112499999999,13.0,True
2_39_127_19_2019-03-12 05:07:44.494336,222,704.1961800177763,1.0,0.2909152083333333,11.0,True
2_39_127_19_2019-03-14 16:04:21.796448,144,799.6880223856209,1.0,0.6331912268518518,7.0,True
2_39_127_19_2019-03-14 23:32:17.705931,22,148.04629289215686,0.0,0.0,0.0,False
2_39_127_19_2019-03-15 00:48:24.846758,80,241.07538088235293,1.0,0.46945604166666666,17.0,True
2_39_127_19_2019-03-15 16:42:20.551511,150,624.9204536764706,2.0,1.818845833333333,62.0,True
2_39_127_19_2019-03-16 18:07:40.236305,84,561.7571953431373,0.0,0.0,0.0,False
2_39_127_19_2019-03-17 20:35:54.683746,31,49.48817916666667,0.0,0.0,0.0,False
2_39_127_19_2019-03-18 15:49:14.211368,88,277.31501470588233,1.0,0.32722444444444443,8.0,True
2_39_127_19_2019-03-19 15:58:50.118573,125,444.256075,2.0,1.8652398611111114,58.0,True
2_39_127_19_2019-03-19 23:49:02.056044,40,128.61935892857142,1.0,0.35939263888888895,11.0,True
2_39_127_19_2019-03-20 15:49:31.405741,91,285.36293333333333,1.0,0.2475572916666667,7.0,True
2_39_127_19_2019-03-20 20:13:14.151598,31,56.77742083333333,0.0,0.0,0.0,False
2_39_127_19_2019-03-20 22:49:12.066033,98,317.7528977833441,1.0,0.18093234616282414,9.0,True
2_39_127_19_2019-03-21 02:17:21.020495,66,384.4528305555555,0.0,0.0,0.0,False
2_39_127_19_2019-03-21 04:50:42.708039,498,3297.3049951680673,1.0,0.820537638888889,21.0,True
2_39_127_19_2019-03-21 15:33:50.422811,90,284.3247928571429,1.0,0.3209752281746032,8.0,True
2_39_127_19_2019-03-22 15:28:43.718403,90,283.3341375,1.0,0.2289010416666667,6.0,True
2_39_127_19_2019-03-22 20:25:00.493905,23,64.0264,1.0,0.20338069444444445,6.0,True
2_39_127_19_2019-03-23 17:00:14.653881,77,475.92922397186146,0.0,0.0,0.0,False
2_39_127_19_2019-03-23 22:34:51.994207,72,213.08957083333334,1.0,0.446391875,16.0,True
2_39_127_19_2019-03-25 15:35:51.602907,124,804.1308301470588,1.0,0.6469217361111111,7.0,True
2_39_127_19_2019-03-27 04:41:51.111565,209,658.5842352941177,4.0,1.4773389950980393,24.0,True
2_39_127_19_2019-03-28 16:44:12.065295,103,317.85005416666667,4.0,1.0459669444444444,13.0,True
2_39_127_19_2019-03-30 00:23:39.965740,89,269.5920291666667,1.0,0.326534513888889,10.0,True
2_39_127_19_2019-03-30 16:30:26.032390,151,988.2239263888889,0.0,0.0,0.0,False
2_39_127_19_2019-04-01 16:38:48.027813,102,321.275775,2.0,0.6071075694444444,10.0,True
2_39_127_19_2019-04-02 16:02:02.383299,68,219.4527107492997,1.0,0.36417909722222225,8.0,True
2_39_127_19_2019-04-03 02:43:19.558101,198,1324.6645033963584,0.0,0.0,0.0,False
2_39_127_19_2019-04-03 22:24:29.813296,68,200.06139614845938,1.0,0.3927945138888889,13.0,True
2_39_127_19_2019-04-04 19:27:02.603090,121,718.2302535714285,0.0,0.0,0.0,False
2_39_127_19_2019-04-05 19:23:19.594302,61,182.19281078431374,1.0,0.3650816380718955,15.0,True
2_39_127_19_2019-04-08 15:46:21.065342,17,30.015585822510822,0.0,0.0,0.0,False
2_39_127_19_2019-04-09 15:48:04.324525,88,277.8785833333333,1.0,0.2783484027777778,8.0,True
2_39_127_19_2019-04-09 20:03:22.043087,46,125.1629378968254,2.0,1.0662300694444444,21.0,True
2_39_127_19_2019-04-11 03:44:26.834055,24,34.855694444444445,0.0,0.0,0.0,False
2_39_127_19_2019-04-12 01:59:34.270888,78,516.7121781162465,0.0,0.0,0.0,False
2_39_127_19_2019-04-12 06:06:51.262929,37,61.07103210784314,0.0,0.0,0.0,False
2_39_127_19_2019-04-17 15:58:29.786073,110,248.57283214285715,0.0,0.0,0.0,False
2_39_127_19_2019-04-18 01:55:46.739007,43,238.65687916666667,0.0,0.0,0.0,False
2_39_127_19_2019-04-18 15:01:41.620155,124,397.9183375,1.0,0.4048286111111111,8.0,True
2_39_127_19_2019-04-19 02:39:08.343538,240,849.5327886904762,2.0,0.26842680555555554,8.0,True
2_39_127_19_2019-04-20 03:51:54.682148,156,554.1992836834734,0.0,0.0,0.0,False
2_39_127_19_2019-04-20 17:04:16.919308,76,475.67084166666666,0.0,0.0,0.0,False
2_39_127_19_2019-04-22 00:18:45.642673,267,1753.6951450980391,1.0,0.8591676388888888,23.0,True
2_39_127_19_2019-04-23 23:52:34.850008,34,75.08070416666666,2.0,0.7971467361111111,16.0,True
2_39_127_19_2019-04-24 17:14:19.160504,82,475.1924334733893,0.0,0.0,0.0,False
2_39_127_19_2019-04-24 20:52:34.233683,19,51.68890952380952,2.0,0.4778470833333332,5.0,True
2_39_127_19_2019-04-27 17:23:09.737112,50,295.5946049019608,0.0,0.0,0.0,False
2_39_127_19_2019-04-28 18:45:36.390798,162,1039.5898900910363,1.0,0.7263409027777779,18.0,True
2_39_127_19_2019-04-29 15:39:56.667684,234,831.3301049019608,1.0,0.26080854166666667,8.0,True
2_39_127_19_2019-04-30 14:18:11.303447,52,321.445859478022,0.0,0.0,0.0,False
2_39_127_19_2019-05-01 01:19:02.861477,60,350.31927619047616,1.0,0.7459104166666666,16.0,True
2_39_127_19_2019-05-01 03:27:30.968615,133,816.4912239010989,0.0,0.0,0.0,False
2_39_127_19_2019-05-01 15:39:18.925731,84,281.6143916666667,1.0,0.23742826388888888,10.0,True
2_39_127_19_2019-05-02 16:25:14.187512,31,41.25066666666667,1.0,0.24451763888888886,25.0,True
2_39_127_19_2019-05-02 17:24:56.355403,94,318.85031593137256,2.0,0.5712805514705881,9.0,True
2_39_127_19_2019-05-03 16:11:51.417585,130,449.65174656862746,1.0,0.29606722222222226,8.0,True
2_39_127_19_2019-05-04 18:35:42.242225,147,456.26181299019606,0.0,0.0,0.0,False
2_39_127_19_2019-05-05 16:52:24.210678,354,2376.55265122549,1.0,0.8620580555555555,20.0,True
2_39_127_19_2019-05-06 02:08:34.544085,161,981.8779053921569,0.0,0.0,0.0,False
2_39_127_19_2019-05-06 16:19:15.140380,88,458.3993290138783,0.0,0.0,0.0,False
2_39_127_19_2019-05-08 02:40:11.760693,140,845.8235360294117,0.0,0.0,0.0,False
2_39_127_19_2019-05-08 18:54:52.441841,322,2142.7250026960783,1.0,0.7547252777777779,20.0,True
2_39_127_19_2019-05-09 15:28:35.482330,84,266.17762843137257,2.0,0.3071227083333333,5.0,True
2_39_127_19_2019-05-10 16:32:19.081504,100,343.05061694890077,1.0,0.3150276388888889,10.0,True
2_39_127_19_2019-05-11 15:35:50.538883,192,680.3732148809523,0.0,0.0,0.0,False
2_39_127_19_2019-05-11 19:10:17.584746,113,783.9018692307692,0.0,0.0,0.0,False
2_39_127_19_2019-05-12 05:21:53.368755,31,51.11244166666666,0.0,0.0,0.0,False
2_39_127_19_2019-05-12 22:11:18.721176,145,921.5825412655971,0.0,0.0,0.0,False
2_39_127_19_2019-05-13 19:09:31.592521,32,54.67150955882353,0.0,0.0,0.0,False
2_39_127_19_2019-05-13 21:46:37.987216,32,55.882891666666666,0.0,0.0,0.0,False
2_39_127_19_2019-05-15 15:59:44.607209,103,355.84564747899157,0.0,0.0,0.0,False
2_39_127_19_2019-05-17 00:43:52.724774,46,268.56561666666664,1.0,0.654197361111111,12.0,True
2_39_127_19_2019-05-17 04:06:37.609447,167,521.2372982843137,1.0,0.32515194444444445,10.0,True
2_39_127_19_2019-05-19 20:05:14.335840,51,173.0864379901961,1.0,0.10726513888888886,5.0,True
2_39_127_19_2019-05-20 15:32:41.075334,272,947.9527160977625,6.0,4.306289609154938,112.0,True
2_39_127_19_2019-05-21 15:30:08.296784,89,280.1389713989442,1.0,0.3111908333333333,8.0,True
2_39_127_19_2019-05-22 15:40:00.585449,82,274.8121625,3.0,0.8301640972222221,14.0,True
2_39_127_19_2019-05-23 16:34:27.798269,130,840.7555475840336,1.0,0.6118079942810457,7.0,True
2_39_127_19_2019-05-23 23:35:48.122959,124,373.02032028478055,0.0,0.0,0.0,False
2_39_127_19_2019-05-24 01:51:29.723054,84,462.7977591970121,1.0,0.9589010375816994,24.0,True
2_39_127_19_2019-05-24 16:20:02.103741,76,255.38042235060692,3.0,1.0145382053376906,26.0,True
2_39_127_19_2019-05-25 06:07:31.077102,217,692.8412964635854,1.0,0.2437756944444444,7.0,True
2_39_127_19_2019-05-28 15:55:11.337275,142,493.8142117673993,4.0,1.7118969246031743,37.0,True
2_39_127_19_2019-08-01 16:08:40.622200,66,211.2818237529627,2.0,0.7088665073529412,13.0,True
2_39_127_19_2019-08-03 19:16:25.209112,187,1202.4440451797386,0.0,0.0,0.0,False
2_39_127_19_2019-08-06 15:58:19.370627,86,269.9655263071895,3.0,1.2308993695533768,27.0,True
2_39_127_19_2019-08-07 01:22:58.080904,63,413.0406375,0.0,0.0,0.0,False
2_39_127_19_2019-08-07 17:16:18.160628,74,235.71150900178253,2.0,1.2726211315359475,29.0,True
2_39_127_19_2019-08-08 15:52:57.878766,113,367.33581008341935,5.0,1.1861650797643617,17.0,True
2_39_127_19_2019-08-10 16:20:35.024203,271,1669.8221481235998,1.0,1.0953193084631516,29.0,True
2_39_127_19_2019-08-12 16:17:35.874329,74,235.97295,3.0,1.1049213194444443,23.0,True
2_39_127_19_2019-08-14 03:17:09.766469,9,50.579451307189544,0.0,0.0,0.0,False
2_39_127_19_2019-08-16 21:17:33.204461,32,55.23284138655462,0.0,0.0,0.0,False
2_39_127_19_2019-08-17 18:58:15.971808,31,50.917422549019605,0.0,0.0,0.0,False
2_39_127_19_2019-08-21 00:24:40.411577,74,249.8981431022409,3.0,1.2898788153594771,26.0,True
2_39_127_19_2019-08-21 15:13:15.014247,32,53.19694919786096,0.0,0.0,0.0,False
2_39_127_19_2019-08-22 16:02:31.434677,89,279.670068627451,1.0,0.2543667361111111,7.0,True
2_39_127_19_2019-08-26 03:12:10.212678,128,764.9298810708899,1.0,0.27356215277777785,8.0,True
2_39_127_19_2019-08-26 15:43:40.458663,97,290.15254730392155,2.0,0.4302075,11.0,True
2_39_127_19_2019-08-28 15:53:09.974642,186,797.4334860294117,1.0,0.6394940277777778,7.0,True
2_39_127_19_2019-08-28 20:05:22.427682,42,265.3128625,0.0,0.0,0.0,False
2_39_127_19_2019-08-28 21:30:22.572237,272,1774.9438355392156,0.0,0.0,0.0,False
2_39_127_19_2019-08-29 15:54:18.403464,96,295.36712751782534,0.0,0.0,0.0,False
2_39_127_19_2019-08-30 16:08:23.006607,241,817.0926204365079,8.0,3.5960514583333327,62.0,True
2_39_127_19_2019-10-01 16:23:49.378022,132,584.3638522058824,1.0,0.46579260620915025,6.0,True
2_39_127_19_2019-10-02 00:18:13.261882,76,261.4716080882353,3.0,1.4159336151960782,33.0,True
2_39_127_19_2019-10-02 15:58:52.662947,95,295.7332067747612,0.0,0.0,0.0,False
2_39_127_19_2019-10-04 00:44:27.308684,51,245.59327581699347,1.0,0.8571807271241828,20.0,True
2_39_127_19_2019-10-07 19:40:37.177679,48,142.23024999999998,1.0,0.9226082638888887,21.0,True
2_39_127_19_2019-10-10 01:58:14.495828,107,644.4938458333334,0.0,0.0,0.0,False
2_39_127_19_2019-10-12 16:50:19.428860,198,1221.9558241755792,0.0,0.0,0.0,False
2_39_127_19_2019-10-17 01:02:50.664183,49,167.26641486928105,0.0,0.0,0.0,False
2_39_127_19_2019-10-17 01:59:31.767402,32,52.884118452380946,0.0,0.0,0.0,False
2_39_127_19_2019-10-17 16:36:00.864196,31,53.60351071428571,0.0,0.0,0.0,False
2_39_127_19_2019-10-18 15:37:53.973567,83,281.4129,2.0,0.4889172222222222,9.0,True
2_39_127_19_2019-10-21 22:41:46.188733,31,48.80810833333334,0.0,0.0,0.0,False
2_39_127_19_2019-10-23 02:49:55.782860,149,903.9653085784314,1.0,0.3265925694444444,9.0,True
2_39_127_19_2019-10-24 01:52:39.952964,86,475.7914882352941,0.0,0.0,0.0,False
2_39_127_19_2019-10-25 01:48:44.424995,107,719.9365327380953,0.0,0.0,0.0,False
2_39_127_19_2019-10-25 16:07:10.112744,162,1099.9691696428572,0.0,0.0,0.0,False
2_39_127_19_2019-10-26 17:20:41.289967,250,1361.3712083333332,2.0,1.4938280555555554,39.0,True
2_39_127_19_2019-10-30 16:11:15.209252,70,235.9743,2.0,0.5679711805555555,9.0,True
2_39_127_561_2018-11-06 18:23:56.848160,193,577.1294557880844,0.0,0.0,0.0,False
2_39_127_561_2018-11-09 20:26:53.648009,67,137.61447573529412,2.0,0.6172471732026144,8.0,True
2_39_127_561_2018-11-15 18:51:02.967755,313,2105.5103405031714,0.0,0.0,0.0,False
2_39_127_561_2019-05-20 19:22:01.580156,89,566.7625553921569,1.0,0.4751802410130718,8.0,True
2_39_128_18_2018-11-02 22:15:18.554146,104,552.5897295510862,0.0,0.0,0.0,False
2_39_128_18_2018-11-04 23:35:07.465662,31,48.17695323924441,0.0,0.0,0.0,False
2_39_128_18_2018-11-05 17:37:46.620139,273,1199.8387120589464,0.0,0.0,0.0,False
2_39_128_18_2018-11-06 17:07:22.407989,197,1063.6499486215582,1.0,1.122353747306615,33.0,True
2_39_128_18_2018-11-08 14:33:45.873369,67,449.7470916971573,0.0,0.0,0.0,False
2_39_128_18_2018-11-09 16:14:07.519979,233,1321.2508113752517,0.0,0.0,0.0,False
2_39_128_18_2018-11-15 16:45:10.022281,33,57.024972028629264,0.0,0.0,0.0,False
2_39_128_18_2018-11-15 23:13:11.223612,298,1980.5948590734945,0.0,0.0,0.0,False
2_39_128_18_2018-11-19 20:04:23.497207,94,280.47299928062137,1.0,0.5767781600140054,15.0,True
2_39_128_18_2018-11-20 20:50:03.135547,32,56.32431080047403,0.0,0.0,0.0,False
2_39_128_18_2018-11-20 21:26:48.604417,12,20.499483653846156,0.0,0.0,0.0,False
2_39_128_18_2018-11-20 22:17:47.252875,26,46.34815474035768,0.0,0.0,0.0,False
2_39_128_18_2018-11-21 00:24:04.309508,107,714.3850257703081,0.0,0.0,0.0,False
2_39_128_18_2018-11-21 18:15:15.753085,112,755.1670354066986,0.0,0.0,0.0,False
2_39_128_18_2018-11-22 01:36:07.412617,114,734.5453990651205,0.0,0.0,0.0,False
2_39_128_18_2018-11-24 18:52:28.555915,60,165.07832083333332,2.0,4.369026458333334,29.0,True
2_39_128_18_2018-11-26 16:52:13.540312,57,72.49979081465919,0.0,0.0,0.0,False
2_39_128_18_2018-11-27 20:42:06.278530,70,117.90853276249894,2.0,0.6317250221755368,8.0,True
2_39_128_18_2018-11-28 20:41:23.254549,33,49.398743627450976,0.0,0.0,0.0,False
2_39_128_18_2018-11-28 23:48:42.135861,139,908.050956701142,0.0,0.0,0.0,False
2_39_128_18_2018-11-30 16:56:34.614050,105,310.1891354638009,2.0,0.7746637091503268,17.0,True
2_39_128_18_2019-03-05 00:35:22.182081,85,290.5397421551316,0.0,0.0,0.0,False
2_39_128_18_2019-03-05 16:27:42.399597,121,365.0922171009632,2.0,0.774462216703933,17.0,True
2_39_128_18_2019-03-10 21:31:09.477634,249,1349.5871503124326,3.0,1.2569759027777776,29.0,True
2_39_128_18_2019-03-11 21:43:42.401079,80,247.13825897705235,0.0,0.0,0.0,False
2_39_128_18_2019-03-11 23:34:57.668213,85,289.25473446455504,2.0,0.3853424893162393,5.0,True
2_39_128_18_2019-03-12 01:46:23.095089,97,596.4013375,0.0,0.0,0.0,False
2_39_128_18_2019-03-13 16:09:47.904534,114,716.8578546568627,1.0,0.6595622916666667,8.0,True
2_39_128_18_2019-03-14 16:30:25.598546,471,3160.536187663399,0.0,0.0,0.0,False
2_39_128_18_2019-03-15 02:34:56.208275,53,352.0348632352941,0.0,0.0,0.0,False
2_39_128_18_2019-03-16 14:33:04.014545,106,656.3141041666667,0.0,0.0,0.0,False
2_39_128_18_2019-03-25 16:55:09.897259,31,51.91215980392157,0.0,0.0,0.0,False
2_39_128_18_2019-04-01 16:53:17.042576,98,300.50593570261435,6.0,1.822926151960784,30.0,True
2_39_128_18_2019-04-04 02:11:10.022330,98,572.7120625816993,0.0,0.0,0.0,False
2_39_128_18_2019-04-04 15:29:53.075613,125,813.0577117296918,1.0,0.6438221527777778,7.0,True
2_39_128_18_2019-04-04 23:52:23.509076,270,943.6829465686275,6.0,1.0885828553921568,12.0,True
2_39_128_18_2019-04-06 17:18:39.592381,77,476.7457632352941,0.0,0.0,0.0,False
2_39_128_18_2019-04-06 19:40:15.696010,29,43.14270871212121,0.0,0.0,0.0,False
2_39_128_18_2019-04-06 21:31:03.702755,85,234.9547,1.0,0.7328718750000001,24.0,True
2_39_128_18_2019-04-07 03:02:28.782064,85,495.3250658613445,0.0,0.0,0.0,False
2_39_128_18_2019-04-08 15:34:06.569144,31,108.59340708874458,1.0,0.4262317361111111,6.0,True
2_39_128_18_2019-04-11 17:48:34.381478,45,114.97604940476191,1.0,0.48304319444444443,15.0,True
2_39_128_18_2019-04-18 02:50:38.790340,82,483.7343299019608,1.0,0.2595613888888888,7.0,True
2_39_128_18_2019-04-21 01:49:54.510280,62,361.19620416666663,1.0,0.18539743055555558,5.0,True
2_39_128_18_2019-04-28 21:04:22.869438,144,835.905079248366,1.0,0.5409819444444445,7.0,True
2_39_128_18_2019-05-01 15:19:15.333912,93,528.5814201393378,1.0,0.7612256563180828,18.0,True
2_39_128_18_2019-05-01 20:50:20.478241,83,265.71488712121214,0.0,0.0,0.0,False
2_39_128_18_2019-05-08 01:52:49.457746,107,724.3330791666666,0.0,0.0,0.0,False
2_39_128_18_2019-05-10 16:23:48.115268,81,247.3585763655462,4.0,0.8851987599206348,14.0,True
2_39_128_18_2019-05-10 20:09:09.962051,68,451.9293759171212,0.0,0.0,0.0,False
2_39_128_18_2019-05-12 22:12:23.059253,60,164.67544583333333,1.0,0.5198734722222222,16.0,True
2_39_128_18_2019-05-20 16:01:55.044520,48,286.47596666666664,1.0,0.6614672916666666,7.0,True
2_39_128_18_2019-05-20 23:40:17.567084,75,257.35813333333334,3.0,1.0823635416666664,28.0,True
2_39_128_18_2019-05-21 15:43:12.127465,80,475.3028347985348,0.0,0.0,0.0,False
2_39_128_18_2019-05-21 18:54:43.228647,157,790.0461964285714,2.0,1.2375971726190476,33.0,True
2_39_128_18_2019-05-24 20:55:11.394554,84,283.11049287330314,1.0,0.38239715277777775,10.0,True
2_39_128_18_2019-05-28 01:12:35.737167,42,140.45485,1.0,0.28892083333333324,5.0,True
2_39_128_18_2019-05-29 15:51:14.946113,99,344.0594571969697,1.0,1.5187524305555558,47.0,True
2_39_128_18_2019-08-02 16:07:28.277023,21,34.49253311965812,1.0,1.3788763568376072,15.0,True
2_39_128_18_2019-08-04 18:52:11.010100,81,476.6690791666667,1.0,0.2947660416666667,8.0,True
2_39_128_18_2019-08-07 02:52:30.645253,265,897.4520488095238,4.0,5.543028849206348,94.0,True
2_39_128_18_2019-08-08 01:00:24.458470,41,137.75281666666666,0.0,0.0,0.0,False
2_39_128_18_2019-08-08 21:34:46.520675,43,144.12981666666667,2.0,0.916387691993464,14.0,True
2_39_128_18_2019-08-09 18:33:26.808326,123,528.6553130952381,0.0,0.0,0.0,False
2_39_128_18_2019-08-10 17:49:39.194340,76,467.40799642857144,0.0,0.0,0.0,False
2_39_128_18_2019-08-10 19:11:40.797463,31,38.569182352941176,1.0,0.27623487745098035,25.0,True
2_39_128_18_2019-08-15 15:47:07.859679,148,685.9839317307692,1.0,1.4937050694444445,42.0,True
2_39_128_18_2019-08-17 22:26:52.164317,87,278.6496795231729,0.0,0.0,0.0,False
2_39_128_18_2019-08-18 20:24:46.977850,44,113.81099068627451,2.0,0.8404733333333334,15.0,True
2_39_128_18_2019-08-20 00:53:01.308686,148,991.1601938683049,0.0,0.0,0.0,False
2_39_128_18_2019-10-01 19:15:05.559537,367,2409.1282402472525,0.0,0.0,0.0,False
2_39_128_18_2019-10-02 03:21:58.183511,84,563.9978125,0.0,0.0,0.0,False
2_39_128_18_2019-10-04 15:44:24.813050,72,186.43683333333334,0.0,0.0,0.0,False
2_39_128_18_2019-10-09 00:21:59.650967,78,269.6574125,0.0,0.0,0.0,False
2_39_128_18_2019-10-09 22:30:11.432666,41,255.00483462885154,0.0,0.0,0.0,False
2_39_128_18_2019-10-10 15:48:04.091030,94,476.6325762021475,0.0,0.0,0.0,False
2_39_128_18_2019-10-11 16:33:55.615421,66,392.3029914215686,1.0,0.5494260375816994,7.0,True
2_39_128_18_2019-10-13 18:25:15.661730,62,177.41261098484847,1.0,0.4927224305555556,15.0,True
2_39_128_18_2019-10-19 01:02:23.319835,32,66.69738333333333,2.0,0.8521009027777778,15.0,True
2_39_128_18_2019-10-22 00:41:23.706576,140,945.4652789215686,0.0,0.0,0.0,False
2_39_128_18_2019-10-23 00:38:06.712085,46,306.63187435897436,0.0,0.0,0.0,False
2_39_128_18_2019-10-23 15:50:23.749209,32,53.518568055555555,0.0,0.0,0.0,False
2_39_128_18_2019-10-30 00:24:18.660946,76,257.50532279411766,1.0,0.26687111111111106,5.0,True
2_39_128_562_2018-11-08 17:55:48.938290,69,446.63758037599655,0.0,0.0,0.0,False
2_39_128_562_2018-11-27 18:31:49.878432,211,1091.935913248572,1.0,0.5744411805555555,11.0,True
2_39_128_562_2019-03-04 17:40:41.693652,113,669.0305720410093,1.0,0.20392314133986927,6.0,True
2_39_128_562_2019-03-13 16:13:45.670160,119,386.41302103174604,0.0,0.0,0.0,False
2_39_128_562_2019-04-22 16:08:44.682137,175,444.3015833333333,1.0,0.3108505555555555,5.0,True
2_39_128_562_2019-05-13 16:13:11.916556,180,592.974838095238,0.0,0.0,0.0,False
2_39_128_562_2019-05-14 16:05:58.813306,129,428.95498333333336,0.0,0.0,0.0,False
2_39_128_562_2019-08-28 15:54:05.863780,189,444.70615295733677,0.0,0.0,0.0,False
2_39_128_562_2019-10-29 22:52:22.385118,115,696.625331617647,0.0,0.0,0.0,False
2_39_129_17_2018-11-02 15:37:34.937166,97,305.89268216067126,0.0,0.0,0.0,False
2_39_129_17_2018-11-02 20:06:24.447908,161,272.943550903345,0.0,0.0,0.0,False
2_39_129_17_2018-11-02 23:40:58.995691,31,51.93781419848641,0.0,0.0,0.0,False
2_39_129_17_2018-11-03 16:00:26.822764,31,49.30900350447197,0.0,0.0,0.0,False
2_39_129_17_2018-11-04 03:56:16.817298,19,31.88077900326797,0.0,0.0,0.0,False
2_39_129_17_2018-11-05 02:52:18.812406,140,813.1272624225447,0.0,0.0,0.0,False
2_39_129_17_2018-11-05 14:58:27.409381,32,54.78750276712134,0.0,0.0,0.0,False
2_39_129_17_2018-11-05 15:47:03.172314,33,55.69353725490196,0.0,0.0,0.0,False
2_39_129_17_2018-11-06 16:36:19.043865,99,314.81174610071304,1.0,0.3924650694444445,8.0,True
2_39_129_17_2018-11-07 03:30:01.103580,107,693.6548516456583,1.0,0.5739890972222222,7.0,True
2_39_129_17_2018-11-07 16:24:29.863235,129,836.4829465686274,1.0,0.6168426756535949,7.0,True
2_39_129_17_2018-11-08 03:32:54.726964,107,645.9849960538601,0.0,0.0,0.0,False
2_39_129_17_2018-11-08 16:07:57.053467,139,855.2631171396629,1.0,0.9357660995012039,23.0,True
2_39_129_17_2018-11-09 05:44:32.265215,31,58.557568833235045,0.0,0.0,0.0,False
2_39_129_17_2018-11-09 06:37:28.292480,210,673.1837997241879,1.0,0.3025899957717004,10.0,True
2_39_129_17_2018-11-10 15:58:19.282443,79,243.09641086601306,1.0,0.499291617647059,13.0,True
2_39_129_17_2018-11-10 18:14:15.846197,22,37.7669319009422,0.0,0.0,0.0,False
2_39_129_17_2018-11-10 21:25:11.297862,31,52.6534254318394,0.0,0.0,0.0,False
2_39_129_17_2018-11-12 16:00:09.176760,128,783.8333086978381,1.0,0.45992583333333337,5.0,True
2_39_129_17_2018-11-13 14:26:29.687251,301,2077.9436353192086,0.0,0.0,0.0,False
2_39_129_17_2018-11-13 20:02:34.119716,123,762.0989250319426,1.0,0.852217172936426,22.0,True
2_39_129_17_2018-11-13 23:30:34.437713,127,837.8173450083939,0.0,0.0,0.0,False
2_39_129_17_2018-11-15 01:41:16.616934,411,2743.5039923995037,1.0,0.6283960036938753,13.0,True
2_39_129_17_2018-11-15 14:18:33.551158,451,2999.9594029410086,1.0,1.5194070382553606,20.0,True
2_39_129_17_2018-11-15 23:25:39.394856,67,460.0472280357757,0.0,0.0,0.0,False
2_39_129_17_2018-11-16 04:09:11.699310,144,991.0146385233918,0.0,0.0,0.0,False
2_39_129_17_2018-11-16 16:07:27.348047,366,2452.7993050578248,1.0,0.6145938868822383,20.0,True
2_39_129_17_2018-11-17 18:55:20.830147,192,1094.1963398016155,1.0,0.4987078186274509,11.0,True
2_39_129_17_2018-11-18 21:40:23.060085,231,783.7344706293921,1.0,0.27794616443068454,8.0,True
2_39_129_17_2018-11-19 04:28:03.133023,182,1240.848003878569,0.0,0.0,0.0,False
2_39_129_17_2018-11-19 17:59:11.851401,31,52.889406265711415,0.0,0.0,0.0,False
2_39_129_17_2018-11-20 03:33:20.858201,119,761.8623376633986,1.0,0.3628607407407408,5.0,True
2_39_129_17_2018-11-20 17:49:04.136786,229,714.6270853874884,0.0,0.0,0.0,False
2_39_129_17_2018-11-21 16:46:30.003350,84,250.81785287237702,2.0,5.932140140035546,49.0,True
2_39_129_17_2018-11-22 18:30:07.290914,42,278.82901200980393,0.0,0.0,0.0,False
2_39_129_17_2018-11-25 00:17:57.395393,65,448.09511241830063,0.0,0.0,0.0,False
2_39_129_17_2018-11-25 02:59:11.614785,598,3762.9612363894576,2.0,3.6139082203159036,29.0,True
2_39_129_17_2018-11-26 11:48:49.982062,33,53.9725068627451,0.0,0.0,0.0,False
2_39_129_17_2018-11-27 00:45:40.635816,78,263.25305473856207,4.0,2.3521745220588235,19.0,True
2_39_129_17_2018-11-27 16:48:15.693319,128,373.0825988999906,4.0,2.1887163971100136,34.0,True
2_39_129_17_2018-11-28 16:44:27.728475,130,382.117122661433,2.0,0.6342961410675381,25.0,True
2_39_129_17_2018-11-30 16:37:41.700977,86,292.81798684210526,1.0,0.3458258864379085,10.0,True
2_39_129_17_2019-03-02 17:38:36.509843,136,908.0642559523809,0.0,0.0,0.0,False
2_39_129_17_2019-03-03 03:14:44.404777,191,668.3431385387488,4.0,1.0418343178104572,26.0,True
2_39_129_17_2019-03-04 17:12:32.096958,72,237.1267408910534,1.0,0.2959273778998779,6.0,True
2_39_129_17_2019-03-05 03:26:02.151930,115,751.8741070970696,1.0,0.569470763888889,7.0,True
2_39_129_17_2019-03-06 02:45:15.155199,144,516.3874597718458,2.0,0.3052022916666666,9.0,True
2_39_129_17_2019-03-06 17:28:37.887258,31,98.35054527310925,0.0,0.0,0.0,False
2_39_129_17_2019-03-07 16:44:27.321126,96,299.4678501537678,1.0,0.32473936027616185,9.0,True
2_39_129_17_2019-03-08 17:07:25.733934,75,254.21262329598505,1.0,0.3781147123015873,8.0,True
2_39_129_17_2019-03-11 16:06:55.569682,72,241.2434,1.0,0.4592502532679738,12.0,True
2_39_129_17_2019-03-12 16:03:30.623426,134,465.1624505135388,3.0,1.0896738235294117,30.0,True
2_39_129_17_2019-03-12 23:47:59.523047,265,909.44591643324,8.0,4.518201637877373,90.0,True
2_39_129_17_2019-03-13 15:47:01.540567,164,535.1077066876751,0.0,0.0,0.0,False
2_39_129_17_2019-03-13 19:52:16.252200,31,57.71209404761905,0.0,0.0,0.0,False
2_39_129_17_2019-03-14 01:40:45.739735,113,736.0386264705882,1.0,0.6207690277777776,7.0,True
2_39_129_17_2019-03-14 04:27:59.021360,47,165.5439161764706,0.0,0.0,0.0,False
2_39_129_17_2019-03-14 15:52:32.840435,246,863.8203176587301,5.0,1.6210693164488013,33.0,True
2_39_129_17_2019-03-15 16:13:37.867562,81,275.965448489011,1.0,0.34220034722222215,10.0,True
2_39_129_17_2019-03-16 03:39:18.918234,77,252.34468333333334,0.0,0.0,0.0,False
2_39_129_17_2019-03-16 22:03:22.054270,86,264.8354872863248,1.0,0.4251750694444445,15.0,True
2_39_129_17_2019-03-17 17:35:16.113133,25,169.4783125,0.0,0.0,0.0,False
2_39_129_17_2019-03-18 15:38:57.541764,227,787.6162269181799,7.0,3.678047143925833,66.0,True
2_39_129_17_2019-03-19 15:58:08.065462,107,663.9142922834518,1.0,0.7035425653594772,13.0,True
2_39_129_17_2019-03-20 03:26:54.358109,124,752.4355453431373,1.0,0.21018849264705877,6.0,True
2_39_129_17_2019-03-20 15:46:14.922345,63,393.6084696969697,1.0,0.36788402777777773,6.0,True
2_39_129_17_2019-03-21 02:00:12.680649,171,576.4790785830999,6.0,1.9096088480392153,22.0,True
2_39_129_17_2019-03-21 15:56:53.291813,89,298.9044128618114,3.0,1.341424474206349,30.0,True
2_39_129_17_2019-03-22 03:12:35.484976,122,746.3770736721611,1.0,0.201323125,6.0,True
2_39_129_17_2019-03-22 16:53:42.254206,101,674.5570927215758,0.0,0.0,0.0,False
2_39_129_17_2019-03-22 19:50:46.640872,39,225.54635,1.0,0.5865735416666666,8.0,True
2_39_129_17_2019-03-23 15:58:59.652894,147,494.9805299046542,2.0,0.5357856500933706,19.0,True
2_39_129_17_2019-03-23 20:20:31.755771,270,949.8965670284781,8.0,2.937401554038282,49.0,True
2_39_129_17_2019-03-24 19:24:30.173061,156,857.7002760854341,2.0,1.431673244631186,29.0,True
2_39_129_17_2019-03-26 01:24:01.712535,107,378.72981285014004,2.0,0.3943954411764705,12.0,True
2_39_129_17_2019-03-26 16:04:30.975643,265,931.8907778361345,9.0,2.1945204820261432,20.0,True
2_39_129_17_2019-03-27 03:33:56.516136,160,546.2705727941177,4.0,1.2157161764705882,19.0,True
2_39_129_17_2019-03-27 19:24:45.519026,70,141.7108171967738,2.0,0.5896363515406162,9.0,True
2_39_129_17_2019-03-28 16:20:32.874574,115,705.9145436409995,0.0,0.0,0.0,False
2_39_129_17_2019-03-28 19:20:02.488536,57,113.77574534313726,2.0,0.5998654452614379,8.0,True
2_39_129_17_2019-03-29 20:30:27.462699,34,59.675868872549025,0.0,0.0,0.0,False
2_39_129_17_2019-03-30 04:46:00.032233,438,2903.7695787698412,1.0,0.8444121527777777,20.0,True
2_39_129_17_2019-03-31 21:16:45.760847,8,38.0903375,0.0,0.0,0.0,False
2_39_129_17_2019-04-02 01:56:29.317011,282,955.8180696078431,6.0,4.871122499999999,82.0,True
2_39_129_17_2019-04-02 15:59:17.023084,77,259.54059645721924,4.0,1.0180402532679738,14.0,True
2_39_129_17_2019-04-03 01:28:50.411251,71,236.5949218137255,0.0,0.0,0.0,False
2_39_129_17_2019-04-03 05:27:42.744303,479,3250.159087406629,1.0,0.7836572222222222,19.0,True
2_39_129_17_2019-04-03 15:57:14.716897,101,345.132836942959,1.0,0.44019006944444444,9.0,True
2_39_129_17_2019-04-04 15:39:23.609397,83,281.56413174603176,3.0,1.0773574305555553,26.0,True
2_39_129_17_2019-04-06 16:44:56.368472,106,683.0163351190477,1.0,0.26116417658730157,5.0,True
2_39_129_17_2019-04-10 04:23:17.833480,180,579.1640090686275,1.0,0.30581826388888894,9.0,True
2_39_129_17_2019-04-11 01:52:58.052883,78,454.321375,1.0,0.37965979166666664,10.0,True
2_39_129_17_2019-04-11 18:39:33.554593,164,1054.8523118347339,0.0,0.0,0.0,False
2_39_129_17_2019-04-12 00:57:00.618904,78,475.6845465686274,0.0,0.0,0.0,False
2_39_129_17_2019-04-12 15:59:57.726690,77,265.1225134803922,3.0,0.6023435130718954,11.0,True
2_39_129_17_2019-04-13 02:52:40.356817,280,973.4813487745098,3.0,0.8400311805555556,17.0,True
2_39_129_17_2019-04-13 18:24:19.431941,55,366.6474587121212,0.0,0.0,0.0,False
2_39_129_17_2019-04-16 14:47:27.484181,302,1872.78681967428,1.0,0.7407687499999999,16.0,True
2_39_129_17_2019-04-17 15:40:08.391369,110,379.22385609243696,1.0,0.3739271527777778,9.0,True
2_39_129_17_2019-04-18 01:19:45.560320,57,189.98150416666667,0.0,0.0,0.0,False
2_39_129_17_2019-04-18 16:02:04.486254,108,369.5711416666667,1.0,0.36589361111111113,9.0,True
2_39_129_17_2019-04-19 16:14:57.634292,32,53.21946593137255,0.0,0.0,0.0,False
2_39_129_17_2019-04-20 02:54:43.636223,274,959.4485125,4.0,0.8334591666666665,14.0,True
2_39_129_17_2019-04-21 23:02:45.281906,144,514.3377333333333,1.0,0.22141833333333327,11.0,True
2_39_129_17_2019-04-22 15:38:34.518095,208,734.381243312325,3.0,0.7412845138888888,10.0,True
2_39_129_17_2019-04-25 15:49:41.088498,82,280.5722709464555,2.0,0.39937875,8.0,True
2_39_129_17_2019-04-26 01:21:17.579681,31,58.420645588235296,0.0,0.0,0.0,False
2_39_129_17_2019-04-26 15:29:51.147587,104,408.6794106092437,1.0,1.3361860725957049,42.0,True
2_39_129_17_2019-04-27 23:12:33.602857,24,41.37727070707071,0.0,0.0,0.0,False
2_39_129_17_2019-04-28 02:06:40.362854,32,56.06508504901961,0.0,0.0,0.0,False
2_39_129_17_2019-04-28 16:50:18.934901,97,635.504975461269,1.0,0.2808494117647059,5.0,True
2_39_129_17_2019-04-28 20:55:01.868569,31,146.12819730392155,0.0,0.0,0.0,False
2_39_129_17_2019-05-01 01:35:21.105598,69,469.0620760620915,0.0,0.0,0.0,False
2_39_129_17_2019-05-01 04:39:07.562205,49,142.19209003267974,1.0,0.287234068627451,10.0,True
2_39_129_17_2019-05-01 14:43:41.837319,280,1787.7040023468362,1.0,0.7439489093137255,16.0,True
2_39_129_17_2019-05-02 15:46:53.346703,85,293.6479,1.0,0.28675402777777775,8.0,True
2_39_129_17_2019-05-02 20:40:23.789901,20,34.598299836601306,0.0,0.0,0.0,False
2_39_129_17_2019-05-03 01:22:56.900026,75,475.2158080882353,0.0,0.0,0.0,False
2_39_129_17_2019-05-04 14:47:58.239568,70,369.6939584443334,1.0,0.9718146527777778,25.0,True
2_39_129_17_2019-05-04 17:10:45.426205,99,597.4405593137254,0.0,0.0,0.0,False
2_39_129_17_2019-05-04 20:15:58.612464,46,150.05596225490197,0.0,0.0,0.0,False
2_39_129_17_2019-05-05 03:04:57.137023,279,972.0753951797386,6.0,3.02008829248366,64.0,True
2_39_129_17_2019-05-06 16:09:25.240309,73,234.2621629901961,2.0,0.6256339583333334,11.0,True
2_39_129_17_2019-05-06 20:41:55.185184,31,54.46945,0.0,0.0,0.0,False
2_39_129_17_2019-05-07 16:00:21.440025,92,316.83606470588234,1.0,0.3177913194444444,9.0,True
2_39_129_17_2019-05-09 03:04:30.129991,84,299.0657761904762,5.0,0.9342923739495796,12.0,True
2_39_129_17_2019-05-09 15:27:43.229563,45,116.81194166666667,2.0,0.7542945833333334,15.0,True
2_39_129_17_2019-05-11 15:22:24.707051,31,54.24084411764706,0.0,0.0,0.0,False
2_39_129_17_2019-05-11 19:02:17.921385,21,36.221155357142855,0.0,0.0,0.0,False
2_39_129_17_2019-05-12 18:54:05.778193,44,115.08125369532428,1.0,0.5272794444444444,16.0,True
2_39_129_17_2019-05-15 15:41:12.174223,90,304.71045935143286,3.0,0.637333623366013,9.0,True
2_39_129_17_2019-05-16 15:55:27.411308,86,293.3035972222222,2.0,0.4818161111111111,9.0,True
2_39_129_17_2019-05-17 15:58:48.398110,119,409.98400490196076,1.0,0.4152477083333333,11.0,True
2_39_129_17_2019-05-18 18:05:34.160863,131,811.3434835784313,0.0,0.0,0.0,False
2_39_129_17_2019-05-19 00:25:03.619071,63,199.09888214285715,0.0,0.0,0.0,False
2_39_129_17_2019-05-19 18:51:24.952692,31,54.678599999999996,0.0,0.0,0.0,False
2_39_129_17_2019-05-20 00:16:47.302720,32,58.46813700980392,0.0,0.0,0.0,False
2_39_129_17_2019-05-20 16:04:47.436558,76,234.71404485294119,2.0,0.2969058333333333,6.0,True
2_39_129_17_2019-05-21 16:01:59.007777,79,270.3048980392157,2.0,0.601076736111111,15.0,True
2_39_129_17_2019-05-22 14:58:27.914718,127,398.39287889822594,1.0,0.45894995778867104,11.0,True
2_39_129_17_2019-05-23 15:56:03.604498,265,946.1250035364146,5.0,1.1755630065359477,15.0,True
2_39_129_17_2019-05-24 01:40:04.615587,24,41.486732738095235,0.0,0.0,0.0,False
2_39_129_17_2019-05-24 19:51:23.690199,32,55.669577205882355,0.0,0.0,0.0,False
2_39_129_17_2019-05-25 17:22:57.599111,45,121.11261666666667,1.0,0.4846225694444445,15.0,True
2_39_129_17_2019-05-26 16:51:07.045703,96,644.1546854691877,0.0,0.0,0.0,False
2_39_129_17_2019-05-26 22:33:48.951010,62,197.30867857142857,0.0,0.0,0.0,False
2_39_129_17_2019-05-27 18:19:30.662603,89,586.1006494047618,0.0,0.0,0.0,False
2_39_129_17_2019-05-29 00:45:14.519887,75,475.90931553030305,0.0,0.0,0.0,False
2_39_129_17_2019-05-29 13:46:29.577510,81,275.24674086134456,4.0,1.0482743055555552,15.0,True
2_39_129_17_2019-05-30 01:52:41.875590,103,274.9383242647059,2.0,1.7801136805555553,49.0,True
2_39_129_17_2019-05-31 16:18:24.467004,211,743.324774859944,3.0,1.3132554166666663,39.0,True
2_39_129_17_2019-08-01 01:57:36.712328,78,476.61355,0.0,0.0,0.0,False
2_39_129_17_2019-08-01 15:50:21.302516,102,327.7537348039216,3.0,1.650383725490196,46.0,True
2_39_129_17_2019-08-02 16:58:43.854981,93,300.152825,0.0,0.0,0.0,False
2_39_129_17_2019-08-03 04:44:22.774173,222,712.5839516573296,2.0,0.9019661706349207,9.0,True
2_39_129_17_2019-08-03 19:08:07.465679,76,473.39736488095235,0.0,0.0,0.0,False
2_39_129_17_2019-08-05 16:09:56.920094,79,264.65466922268905,1.0,0.3086296078431372,7.0,True
2_39_129_17_2019-08-06 23:56:28.325689,292,975.9582175904977,6.0,2.8858741006787327,35.0,True
2_39_129_17_2019-08-07 16:18:25.948469,120,748.2197833333333,0.0,0.0,0.0,False
2_39_129_17_2019-08-08 00:41:55.552419,137,484.986281127451,3.0,0.9596475449346404,21.0,True
2_39_129_17_2019-08-08 14:46:33.454386,61,189.10858210784315,1.0,0.35359909722222227,7.0,True
2_39_129_17_2019-08-10 15:07:11.482260,31,51.79607948717949,0.0,0.0,0.0,False
2_39_129_17_2019-08-10 17:07:22.941726,31,52.15427066993464,0.0,0.0,0.0,False
2_39_129_17_2019-08-10 20:59:21.526566,31,51.83873570261438,0.0,0.0,0.0,False
2_39_129_17_2019-08-12 00:08:58.771492,62,203.03493480392157,0.0,0.0,0.0,False
2_39_129_17_2019-08-14 15:50:06.066672,218,792.7683099017812,0.0,0.0,0.0,False
2_39_129_17_2019-08-15 00:23:34.755103,48,155.09174926470587,1.0,0.3113975694444444,5.0,True
2_39_129_17_2019-08-15 15:44:43.439193,92,291.1416458333333,4.0,1.2764029166666666,18.0,True
2_39_129_17_2019-08-18 23:53:39.102584,173,552.4762169117647,1.0,0.2826376388888889,8.0,True
2_39_129_17_2019-08-21 15:34:26.663209,144,782.5961227941176,1.0,0.4447983333333333,5.0,True
2_39_129_17_2019-08-22 01:47:17.715380,31,55.1330375,0.0,0.0,0.0,False
2_39_129_17_2019-08-23 04:10:09.024625,48,159.05037916666666,1.0,0.7098985416666665,10.0,True
2_39_129_17_2019-08-25 17:37:28.674121,16,46.083023774509805,0.0,0.0,0.0,False
2_39_129_17_2019-08-26 15:12:32.318264,122,388.5896980392157,1.0,0.4400459722222222,9.0,True
2_39_129_17_2019-08-27 03:21:14.969004,131,786.4623644607843,2.0,0.8060635416666666,12.0,True
2_39_129_17_2019-08-27 23:50:12.212846,286,984.0611769130379,3.0,2.7945978075396827,84.0,True
2_39_129_17_2019-08-29 01:51:44.675786,80,465.564843802521,0.0,0.0,0.0,False
2_39_129_17_2019-08-29 15:52:41.243435,129,557.0833875,1.0,1.4851044742063493,43.0,True
2_39_129_17_2019-08-30 16:24:37.139236,80,263.3656413515406,4.0,1.5227278962418298,38.0,True
2_39_129_17_2019-08-31 17:19:02.060911,34,188.86140318627452,1.0,0.6154177083333334,11.0,True
2_39_129_17_2019-08-31 19:49:36.757724,7,36.13579583333333,0.0,0.0,0.0,False
2_39_129_17_2019-08-31 20:34:08.684374,202,717.5620592436975,6.0,3.5930789011437905,61.0,True
2_39_129_17_2019-10-01 01:01:06.420455,127,822.9566917655659,1.0,0.7139960416666666,15.0,True
2_39_129_17_2019-10-01 15:54:12.435659,79,268.83496847686627,2.0,0.6115789747140113,12.0,True
2_39_129_17_2019-10-02 00:36:37.242384,256,892.1794464635855,2.0,0.6976424404761904,14.0,True
2_39_129_17_2019-10-04 00:32:21.172155,253,895.7513522875817,2.0,0.36404670343137246,11.0,True
2_39_129_17_2019-10-04 16:26:51.783251,118,705.2885879901961,1.0,0.2143407638888889,6.0,True
2_39_129_17_2019-10-04 19:34:18.578121,63,122.86997328431373,1.0,0.6096746486928105,12.0,True
2_39_129_17_2019-10-05 17:14:40.774492,95,604.8418509803921,0.0,0.0,0.0,False
2_39_129_17_2019-10-05 20:55:18.631790,31,57.12895892857143,0.0,0.0,0.0,False
2_39_129_17_2019-10-08 13:47:20.664622,214,1424.571347140523,1.0,0.6028215277777778,13.0,True
2_39_129_17_2019-10-10 01:39:15.364748,32,54.6723625,0.0,0.0,0.0,False
2_39_129_17_2019-10-10 16:21:57.854165,32,55.08159166666667,0.0,0.0,0.0,False
2_39_129_17_2019-10-12 17:17:08.414286,88,608.5050497198879,0.0,0.0,0.0,False
2_39_129_17_2019-10-14 17:03:53.307013,31,53.6014625,0.0,0.0,0.0,False
2_39_129_17_2019-10-16 16:16:16.271689,157,1070.9748294673464,0.0,0.0,0.0,False
2_39_129_17_2019-10-17 01:00:11.390352,125,810.2966127639518,1.0,0.6199451633986928,12.0,True
2_39_129_17_2019-10-18 21:07:34.698002,46,121.58840906862746,1.0,1.0655685988562091,23.0,True
2_39_129_17_2019-10-19 19:52:06.284272,109,668.2128360071301,0.0,0.0,0.0,False
2_39_129_17_2019-10-20 15:05:52.790285,31,54.8997556372549,0.0,0.0,0.0,False
2_39_129_17_2019-10-22 16:15:03.149446,229,1590.1549271125116,0.0,0.0,0.0,False
2_39_129_17_2019-10-23 00:00:19.289634,281,986.4302900890776,1.0,0.3259360393323995,15.0,True
2_39_129_17_2019-10-25 01:30:45.962280,218,1208.6402136437907,1.0,1.260952847222222,30.0,True
2_39_129_17_2019-10-25 16:27:41.445905,110,425.39340923202616,2.0,1.8155970683551197,49.0,True
2_39_129_17_2019-10-26 17:16:48.647100,83,288.38891034637874,2.0,0.6513813316993464,15.0,True
2_39_129_17_2019-10-27 01:39:11.561944,151,945.4026183446455,1.0,0.28504267973856207,7.0,True
2_39_129_17_2019-10-28 01:40:10.531237,70,486.27091743966815,0.0,0.0,0.0,False
2_39_129_17_2019-10-28 15:56:25.548573,111,382.61157344771243,2.0,1.7275481454248363,55.0,True
2_39_129_17_2019-10-29 16:59:21.050895,70,389.0882160714286,1.0,0.3085275,5.0,True
2_39_129_17_2019-10-29 23:59:17.877206,100,324.0153131398014,4.0,0.9784002777777775,13.0,True
2_39_129_563_2018-11-06 18:08:42.577904,93,553.2415700214817,0.0,0.0,0.0,False
2_39_129_563_2019-10-16 20:51:33.939055,121,745.0054583333333,0.0,0.0,0.0,False
2_39_130_31_2018-11-02 17:46:45.856961,61,97.91074390756302,0.0,0.0,0.0,False
2_39_130_31_2018-11-03 18:29:39.969544,72,235.23541961951446,0.0,0.0,0.0,False
2_39_130_31_2018-11-04 20:55:56.597110,119,818.8925249883287,0.0,0.0,0.0,False
2_39_130_31_2018-11-05 16:32:11.226682,90,270.75491610374917,1.0,0.3525911710239652,13.0,True
2_39_130_31_2018-11-05 20:34:14.813742,32,57.03063828818241,0.0,0.0,0.0,False
2_39_130_31_2018-11-05 23:40:36.939301,31,54.446006792717085,0.0,0.0,0.0,False
2_39_130_31_2018-11-06 13:45:18.839260,128,838.2492099185129,0.0,0.0,0.0,False
2_39_130_31_2018-11-06 16:59:31.244331,34,58.65797892156863,0.0,0.0,0.0,False
2_39_130_31_2018-11-09 00:57:45.041363,32,49.32175049019608,0.0,0.0,0.0,False
2_39_130_31_2018-11-09 17:04:32.825556,32,57.06561960784313,0.0,0.0,0.0,False
2_39_130_31_2018-11-09 18:03:19.649081,202,716.286124372931,0.0,0.0,0.0,False
2_39_130_31_2018-11-09 21:59:02.937983,59,329.5163423319328,1.0,0.512985763888889,10.0,True
2_39_130_31_2018-11-10 02:56:11.186176,120,815.9818785768153,0.0,0.0,0.0,False
2_39_130_31_2018-11-11 23:55:39.073644,41,261.3727718137255,0.0,0.0,0.0,False
2_39_130_31_2018-11-12 06:12:42.808975,28,48.92806470588235,0.0,0.0,0.0,False
2_39_130_31_2018-11-12 16:51:38.853054,171,807.6938731442576,3.0,3.51905170751634,48.0,True
2_39_130_31_2018-11-13 17:10:48.684501,86,223.69595023547404,0.0,0.0,0.0,False
2_39_130_31_2018-11-14 04:09:31.118169,31,54.11865816993464,0.0,0.0,0.0,False
2_39_130_31_2018-11-14 16:06:36.373346,42,100.27646677170868,2.0,0.7421245594070962,13.0,True
2_39_130_31_2018-11-14 21:13:03.837947,119,400.743611622807,1.0,0.31607904411764703,7.0,True
2_39_130_31_2018-11-16 16:45:34.127032,116,349.27717006855374,2.0,0.7445700694444444,16.0,True
2_39_130_31_2018-11-18 22:15:01.975148,37,249.54479740896357,0.0,0.0,0.0,False
2_39_130_31_2018-11-19 00:12:16.202363,36,238.87794950980393,0.0,0.0,0.0,False
2_39_130_31_2018-11-19 01:22:17.028221,32,53.18865706858501,0.0,0.0,0.0,False
2_39_130_31_2018-11-20 21:15:01.269607,219,1444.3034598932716,0.0,0.0,0.0,False
2_39_130_31_2018-11-21 03:45:28.816617,100,595.8000749703727,1.0,0.2750664583333333,7.0,True
2_39_130_31_2018-11-22 01:34:07.886563,88,557.900768942577,0.0,0.0,0.0,False
2_39_130_31_2018-11-24 21:32:11.883834,79,477.0058344187675,0.0,0.0,0.0,False
2_39_130_31_2018-11-26 16:39:29.180427,160,315.3300447270136,1.0,0.35395597222222225,7.0,True
2_39_130_31_2018-11-26 20:44:16.086360,125,398.27805546536797,6.0,4.250673281395891,19.0,True
2_39_130_31_2018-11-28 17:15:18.166773,116,307.95487781608654,1.0,0.33588625,10.0,True
2_39_130_31_2018-11-29 03:16:11.621360,112,659.6332825603318,1.0,0.20234465277777777,6.0,True
2_39_130_31_2019-03-01 04:13:56.422820,60,349.84910407329596,1.0,0.2628620710784314,7.0,True
2_39_130_31_2019-03-01 22:13:25.653198,114,409.32536355779155,0.0,0.0,0.0,False
2_39_130_31_2019-03-03 20:12:08.276090,256,1775.0075780366692,0.0,0.0,0.0,False
2_39_130_31_2019-03-05 00:32:06.447634,268,928.5103132884014,4.0,0.919277918275896,13.0,True
2_39_130_31_2019-03-07 02:37:37.855296,93,391.1641932900433,3.0,1.3723385714285714,26.0,True
2_39_130_31_2019-03-08 03:53:49.917225,31,52.27235833333333,0.0,0.0,0.0,False
2_39_130_31_2019-03-08 22:31:25.068000,32,54.11470795454545,0.0,0.0,0.0,False
2_39_130_31_2019-03-08 23:44:31.189846,271,932.8564473550958,5.0,2.066898729575163,27.0,True
2_39_130_31_2019-03-13 16:01:11.807890,263,857.9676679038282,7.0,1.4967782230392155,15.0,True
2_39_130_31_2019-03-14 01:28:12.331170,70,234.82934615384616,0.0,0.0,0.0,False
2_39_130_31_2019-03-15 00:00:46.779692,274,938.2096033370525,4.0,1.3708660317460315,26.0,True
2_39_130_31_2019-03-16 00:32:21.209051,70,443.40467051135136,0.0,0.0,0.0,False
2_39_130_31_2019-03-16 15:12:09.802746,31,50.483642075163395,0.0,0.0,0.0,False
2_39_130_31_2019-03-18 01:41:38.230682,67,444.33896785714285,0.0,0.0,0.0,False
2_39_130_31_2019-03-18 15:39:47.408851,192,931.9058442604136,3.0,1.411668761618284,34.0,True
2_39_130_31_2019-03-22 15:29:05.482096,112,349.79331991758244,2.0,0.7814357638888888,15.0,True
2_39_130_31_2019-03-22 21:28:02.120940,417,2835.3703359309807,0.0,0.0,0.0,False
2_39_130_31_2019-03-23 23:22:35.010196,52,175.68951397058825,0.0,0.0,0.0,False
2_39_130_31_2019-03-25 02:48:06.028434,149,893.1175165912518,0.0,0.0,0.0,False
2_39_130_31_2019-03-25 16:04:31.425780,104,359.0155768907563,2.0,1.7230060264939309,53.0,True
2_39_130_31_2019-03-26 01:13:43.769911,78,258.07069534313723,0.0,0.0,0.0,False
2_39_130_31_2019-03-27 17:01:29.226654,64,205.10613472222224,1.0,0.24861756944444444,5.0,True
2_39_130_31_2019-03-28 23:36:33.259325,270,912.945550595238,4.0,0.8426225,12.0,True
2_39_130_31_2019-03-31 18:26:14.851519,65,184.40597916666667,2.0,0.7402563888888889,15.0,True
2_39_130_31_2019-04-02 01:37:53.894071,58,192.65780392156861,1.0,0.2625022222222222,5.0,True
2_39_130_31_2019-04-02 20:43:16.389714,81,256.1862624497235,0.0,0.0,0.0,False
2_39_130_31_2019-04-04 00:41:10.216097,31,52.77098653846154,0.0,0.0,0.0,False
2_39_130_31_2019-04-04 03:01:20.003245,108,655.1498653011205,1.0,0.2047086805555556,6.0,True
2_39_130_31_2019-04-06 05:10:33.358544,142,846.4117583333333,1.0,0.499021875,7.0,True
2_39_130_31_2019-04-11 23:08:15.126127,92,299.7394875,0.0,0.0,0.0,False
2_39_130_31_2019-04-12 01:22:29.696296,31,56.53552202380953,0.0,0.0,0.0,False
2_39_130_31_2019-04-13 00:59:23.158480,65,214.04139583333333,0.0,0.0,0.0,False
2_39_130_31_2019-04-16 15:51:31.810511,85,281.9164131652661,1.0,0.36421076388888896,9.0,True
2_39_130_31_2019-04-19 19:53:43.224495,38,110.31782083333333,1.0,0.20299854166666667,6.0,True
2_39_130_31_2019-04-23 20:39:16.709871,71,227.92891907777465,0.0,0.0,0.0,False
2_39_130_31_2019-04-23 23:14:28.737709,72,218.88988649626518,1.0,0.35756008986928106,13.0,True
2_39_130_31_2019-04-25 01:21:17.564385,156,845.2613696078431,1.0,0.5244615277777778,7.0,True
2_39_130_31_2019-04-28 19:14:16.617854,31,58.33440147058823,0.0,0.0,0.0,False
2_39_130_31_2019-05-03 15:40:16.861912,101,387.1135542006196,2.0,1.4251175231481483,41.0,True
2_39_130_31_2019-05-08 01:33:51.566418,63,191.34134779411764,0.0,0.0,0.0,False
2_39_130_31_2019-05-10 00:43:42.034188,198,694.712817834698,0.0,0.0,0.0,False
2_39_130_31_2019-05-11 23:50:27.281172,20,123.60968888888888,0.0,0.0,0.0,False
2_39_130_31_2019-05-15 03:26:26.318391,75,447.92141805555553,1.0,0.3949695138888889,6.0,True
2_39_130_31_2019-05-16 19:22:12.701074,63,126.55342303921569,2.0,0.5564572916666666,8.0,True
2_39_130_31_2019-05-18 18:10:50.165310,45,118.825075,1.0,0.527510625,16.0,True
2_39_130_31_2019-05-20 15:28:46.786425,130,363.57550066526613,1.0,0.4840504166666667,15.0,True
2_39_130_31_2019-05-21 15:33:18.053266,99,396.7323220588235,1.0,1.28510279003268,37.0,True
2_39_130_31_2019-05-22 00:44:05.181009,31,51.66274464285714,0.0,0.0,0.0,False
2_39_130_31_2019-05-22 15:41:43.680741,32,57.6257375,0.0,0.0,0.0,False
2_39_130_31_2019-05-23 19:44:52.390374,194,1069.4591982492998,2.0,1.1442838848039216,26.0,True
2_39_130_31_2019-05-24 00:28:01.028040,76,476.0725056722689,0.0,0.0,0.0,False
2_39_130_31_2019-05-24 15:51:16.145378,106,358.9287971988795,3.0,1.7450420115546217,55.0,True
2_39_130_31_2019-05-26 05:27:47.511232,265,925.6002450980392,9.0,2.4466702532679734,29.0,True
2_39_130_31_2019-05-27 23:38:15.964803,102,354.1856765151515,3.0,0.8471324999999998,29.0,True
2_39_130_31_2019-05-29 23:52:44.180645,31,57.98025833333333,0.0,0.0,0.0,False
2_39_130_31_2019-05-31 16:15:02.421753,112,428.09218749999997,2.0,1.6814937499999998,49.0,True
2_39_130_31_2019-08-06 16:10:30.427143,32,54.590913725490196,0.0,0.0,0.0,False
2_39_130_31_2019-08-07 02:49:01.920195,63,135.00919569327732,1.0,0.4704945138888889,6.0,True
2_39_130_31_2019-08-10 14:28:29.389896,168,1015.164429493464,0.0,0.0,0.0,False
2_39_130_31_2019-08-10 21:30:16.927240,85,551.2142299019607,0.0,0.0,0.0,False
2_39_130_31_2019-08-12 17:26:49.962555,93,599.3574799019608,0.0,0.0,0.0,False
2_39_130_31_2019-08-12 20:05:03.297828,111,321.73820980392156,2.0,1.6544782594896932,40.0,True
2_39_130_31_2019-08-13 01:08:10.021710,80,477.2320878959276,0.0,0.0,0.0,False
2_39_130_31_2019-08-16 15:40:05.867058,138,592.0993004201681,2.0,0.8658120179738562,19.0,True
2_39_130_31_2019-08-21 00:30:42.472750,400,2485.7319799019606,2.0,1.5801325,27.0,True
2_39_130_31_2019-08-24 16:21:38.949480,179,604.1287632352941,7.0,1.612282569444444,18.0,True
2_39_130_31_2019-08-28 00:23:07.030319,38,89.70645737179487,1.0,0.5717899305555555,16.0,True
2_39_130_31_2019-08-29 01:29:43.729947,102,489.7879708333333,1.0,0.9751379861111111,21.0,True
2_39_130_31_2019-10-02 01:50:33.003269,31,52.38032916666667,0.0,0.0,0.0,False
2_39_130_31_2019-10-04 20:53:34.952333,193,1299.6264999999999,0.0,0.0,0.0,False
2_39_130_31_2019-10-07 16:08:10.942190,31,52.88285833333333,0.0,0.0,0.0,False
2_39_130_31_2019-10-08 01:46:29.555825,46,223.10690858585858,0.0,0.0,0.0,False
2_39_130_31_2019-10-15 19:12:54.003794,60,120.80774730392157,1.0,0.257626875,9.0,True
2_39_130_31_2019-10-17 20:43:21.744760,253,1683.6371616246497,0.0,0.0,0.0,False
2_39_130_31_2019-10-18 01:46:00.835726,448,3011.5842077380953,1.0,0.7791149305555556,19.0,True
2_39_130_31_2019-10-18 15:37:02.788914,32,55.43098214285714,0.0,0.0,0.0,False
2_39_130_31_2019-10-20 02:03:06.896497,39,100.6711592948718,1.0,0.4859714583333334,14.0,True
2_39_130_31_2019-10-21 15:42:39.860238,281,968.9107787464986,9.0,3.7648085521708676,36.0,True
2_39_130_31_2019-10-23 02:59:18.334771,259,884.3433592023173,5.0,2.0628909354575162,43.0,True
2_39_130_31_2019-10-24 03:26:50.058892,267,893.6901633981215,5.0,4.293919756856704,64.0,True
2_39_130_31_2019-10-24 15:59:11.146515,133,454.65881533613447,2.0,2.6278605380485525,89.0,True
2_39_130_31_2019-10-24 19:44:24.086893,65,122.46889027777777,1.0,0.24112618055555554,8.0,True
2_39_130_31_2019-10-25 20:20:00.722226,294,1977.1761549369746,0.0,0.0,0.0,False
2_39_130_31_2019-10-30 01:54:45.448183,32,52.7481568627451,0.0,0.0,0.0,False
2_39_130_31_2019-10-30 15:42:58.254192,143,499.57407650560225,3.0,0.7440604411764704,11.0,True
2_39_130_31_2019-10-31 02:00:12.568993,60,290.6249244397759,1.0,0.9504062021475256,24.0,True
2_39_130_564_2018-11-02 20:12:51.097435,30,54.295273701298704,0.0,0.0,0.0,False
2_39_130_564_2018-11-05 17:35:02.826410,154,256.69826877289375,1.0,0.21032444444444442,12.0,True
2_39_130_564_2018-11-06 16:57:17.679856,87,266.49072556022406,2.0,1.6881341966979098,49.0,True
2_39_130_564_2018-11-16 17:03:56.900157,272,1635.4302602517237,0.0,0.0,0.0,False
2_39_130_564_2018-11-20 20:07:15.274411,251,633.8995748159521,1.0,0.6235938194444445,10.0,True
2_39_130_564_2018-11-27 18:33:47.884735,176,324.27990797071004,3.0,0.45511579403983815,8.0,True
2_39_130_564_2018-11-28 18:34:52.679358,58,302.9796242647059,0.0,0.0,0.0,False
2_39_130_564_2018-11-29 20:07:11.126092,172,638.1154869398575,1.0,0.7639940958605664,32.0,True
2_39_130_564_2019-04-01 16:52:10.658234,129,476.6156705882353,2.0,1.365612573529412,31.0,True
2_39_130_564_2019-04-02 16:18:06.561985,110,361.022916025641,3.0,1.3991004166666667,43.0,True
2_39_130_564_2019-04-11 17:33:37.764016,117,377.65575413165266,3.0,1.7769478869047617,50.0,True
2_39_130_564_2019-10-24 16:00:41.144968,31,54.01674031728076,0.0,0.0,0.0,False
2_39_131_30_2018-11-02 15:19:57.815175,252,1585.0868410765104,1.0,0.9039620749158248,20.0,True
2_39_131_30_2018-11-03 00:27:15.892034,507,3359.5860136363635,2.0,1.0117509027777778,19.0,True
2_39_131_30_2018-11-03 19:37:38.017323,31,53.02885357142857,0.0,0.0,0.0,False
2_39_131_30_2018-11-04 04:48:56.224494,183,644.0512805115636,0.0,0.0,0.0,False
2_39_131_30_2018-11-05 03:08:23.163482,372,2529.269637686741,0.0,0.0,0.0,False
2_39_131_30_2018-11-05 14:58:50.111821,97,311.8023914915966,1.0,0.33032178396358547,7.0,True
2_39_131_30_2018-11-06 02:59:15.694798,112,724.5404405005942,1.0,0.6146840482026144,7.0,True
2_39_131_30_2018-11-06 15:13:09.279838,238,1590.5061505485528,1.0,0.5469733333333333,9.0,True
2_39_131_30_2018-11-07 04:02:38.858385,68,453.8986283619588,0.0,0.0,0.0,False
2_39_131_30_2018-11-08 05:12:00.600588,31,50.33247083333333,0.0,0.0,0.0,False
2_39_131_30_2018-11-08 14:59:57.770851,134,849.2855175303455,1.0,0.7640935539215687,16.0,True
2_39_131_30_2018-11-09 02:31:49.144867,123,848.3522277777778,0.0,0.0,0.0,False
2_39_131_30_2018-11-09 15:55:16.049409,131,767.6679723649717,0.0,0.0,0.0,False
2_39_131_30_2018-11-10 18:36:34.598755,32,53.120565441176474,0.0,0.0,0.0,False
2_39_131_30_2018-11-10 22:00:30.524993,32,54.42210899184235,0.0,0.0,0.0,False
2_39_131_30_2018-11-13 02:30:26.916087,105,715.3925470588235,0.0,0.0,0.0,False
2_39_131_30_2018-11-14 01:24:18.779180,97,518.136748534717,0.0,0.0,0.0,False
2_39_131_30_2018-11-14 03:35:28.561909,118,711.4843566993463,0.0,0.0,0.0,False
2_39_131_30_2018-11-15 01:16:53.691427,87,593.3803375816993,0.0,0.0,0.0,False
2_39_131_30_2018-11-15 16:00:32.062693,113,652.6978931040837,0.0,0.0,0.0,False
2_39_131_30_2018-11-16 05:27:51.196848,228,728.773912294216,1.0,0.36464141203703704,11.0,True
2_39_131_30_2018-11-17 18:18:56.637049,99,677.7047737566957,0.0,0.0,0.0,False
2_39_131_30_2018-11-18 00:17:12.023980,497,3296.5923390198723,1.0,0.8329203553921569,22.0,True
2_39_131_30_2018-11-19 16:07:34.048178,58,174.20932754312253,0.0,0.0,0.0,False
2_39_131_30_2018-11-20 04:56:31.877575,64,309.5846530812325,0.0,0.0,0.0,False
2_39_131_30_2018-11-22 19:14:21.670415,32,59.14568905228758,0.0,0.0,0.0,False
2_39_131_30_2018-11-22 21:21:11.013002,257,895.7090612942613,3.0,17.301295358699033,132.0,True
2_39_131_30_2018-11-24 16:03:53.670818,32,53.06629057078972,0.0,0.0,0.0,False
2_39_131_30_2018-11-24 18:10:59.007855,31,53.6770931372549,0.0,0.0,0.0,False
2_39_131_30_2018-11-25 01:17:57.394980,237,1560.9516963235294,0.0,0.0,0.0,False
2_39_131_30_2018-11-25 21:51:04.353948,77,505.6330454984558,0.0,0.0,0.0,False
2_39_131_30_2018-11-26 00:20:25.550680,25,166.05612083333332,0.0,0.0,0.0,False
2_39_131_30_2018-11-26 02:57:23.652391,114,682.8185968128276,1.0,0.4499819444444444,11.0,True
2_39_131_30_2018-11-26 08:03:43.266573,331,2156.6881461977564,1.0,0.7376537488328663,20.0,True
2_39_131_30_2018-11-28 16:24:51.171005,130,773.0371694700509,0.0,0.0,0.0,False
2_39_131_30_2018-11-28 23:34:11.383727,32,52.81250297619047,0.0,0.0,0.0,False
2_39_131_30_2018-11-29 16:05:20.933458,130,391.1058555290298,1.0,0.40074961309523816,10.0,True
2_39_131_30_2018-11-30 02:15:53.890837,126,810.7050510504201,1.0,0.6588098406862744,8.0,True
2_39_131_30_2018-11-30 16:27:32.742827,105,326.74777894784955,1.0,0.34366773809523815,10.0,True
2_39_131_30_2019-03-01 16:44:39.054829,90,282.5707574579832,1.0,0.33777131944444444,10.0,True
2_39_131_30_2019-03-02 02:58:05.270524,183,628.0644488014436,3.0,0.8629648197227607,13.0,True
2_39_131_30_2019-03-04 16:40:06.973106,109,364.8913118717067,2.0,0.4902313538544788,10.0,True
2_39_131_30_2019-03-05 02:20:47.158830,126,798.119602294764,0.0,0.0,0.0,False
2_39_131_30_2019-03-05 16:32:33.849613,91,308.4085824929972,1.0,0.3565672222222222,9.0,True
2_39_131_30_2019-03-06 02:38:46.816021,109,719.8839998562582,0.0,0.0,0.0,False
2_39_131_30_2019-03-06 16:42:36.799233,28,84.76646598793364,1.0,0.3261368055555556,9.0,True
2_39_131_30_2019-03-07 02:32:52.051600,79,259.7553140873016,2.0,0.27767944444444437,7.0,True
2_39_131_30_2019-03-07 16:42:48.660629,79,262.4272298848211,2.0,0.48716825847763345,10.0,True
2_39_131_30_2019-03-08 01:04:59.844127,68,225.03198095238096,2.0,0.498808611111111,11.0,True
2_39_131_30_2019-03-08 16:37:13.848936,33,57.08462819264069,0.0,0.0,0.0,False
2_39_131_30_2019-03-10 00:24:35.563117,45,113.05904166666667,1.0,0.4715833333333333,15.0,True
2_39_131_30_2019-03-10 19:12:05.574446,64,422.8826814102564,0.0,0.0,0.0,False
2_39_131_30_2019-03-10 20:31:53.566989,171,1073.596066095669,0.0,0.0,0.0,False
2_39_131_30_2019-03-11 03:24:56.619809,134,818.0996025974026,0.0,0.0,0.0,False
2_39_131_30_2019-03-11 15:32:27.788628,213,979.6346904411764,2.0,1.8266465873015871,64.0,True
2_39_131_30_2019-03-12 01:14:06.831904,77,254.43051025641026,0.0,0.0,0.0,False
2_39_131_30_2019-03-12 03:26:15.445863,265,929.484162206421,9.0,2.048156689650219,20.0,True
2_39_131_30_2019-03-12 16:02:20.944894,103,326.97229666199814,1.0,0.24088418300653594,7.0,True
2_39_131_30_2019-03-13 15:33:23.106073,32,53.100070833333334,0.0,0.0,0.0,False
2_39_131_30_2019-03-14 00:59:28.085974,31,51.93940972222222,0.0,0.0,0.0,False
2_39_131_30_2019-03-14 03:35:23.219700,31,52.32169583333333,0.0,0.0,0.0,False
2_39_131_30_2019-03-14 15:41:51.437275,108,344.24867489495796,1.0,0.1979488888888889,7.0,True
2_39_131_30_2019-03-15 15:30:57.228279,109,353.3138576707606,0.0,0.0,0.0,False
2_39_131_30_2019-03-15 20:14:44.826248,84,263.2022747997917,0.0,0.0,0.0,False
2_39_131_30_2019-03-15 22:09:56.886093,28,165.06610469187675,0.0,0.0,0.0,False
2_39_131_30_2019-03-16 02:02:15.404359,152,533.2852418363499,5.0,1.0833798897058824,15.0,True
2_39_131_30_2019-03-16 16:30:15.679043,31,51.70332649286987,0.0,0.0,0.0,False
2_39_131_30_2019-03-17 16:14:14.008255,103,650.4327034536542,1.0,0.3604805555555555,7.0,True
2_39_131_30_2019-03-17 18:16:43.430975,130,440.09872598039215,2.0,0.5679793137254903,16.0,True
2_39_131_30_2019-03-18 14:50:02.090826,285,1802.6932966404981,1.0,0.8893182498832867,18.0,True
2_39_131_30_2019-03-19 02:01:40.168149,32,52.816199999999995,0.0,0.0,0.0,False
2_39_131_30_2019-03-19 15:48:41.833498,84,280.018331127451,4.0,0.6992300694444443,10.0,True
2_39_131_30_2019-03-20 02:07:11.073420,89,595.2249915849673,0.0,0.0,0.0,False
2_39_131_30_2019-03-20 15:41:39.740445,98,327.1020862044818,3.0,0.9012150490196076,16.0,True
2_39_131_30_2019-03-21 01:07:33.103411,78,476.5712426820728,0.0,0.0,0.0,False
2_39_131_30_2019-03-21 04:14:48.383940,56,369.9235559523809,0.0,0.0,0.0,False
2_39_131_30_2019-03-21 15:52:57.605201,113,710.5939353195823,1.0,0.49524395833333335,9.0,True
2_39_131_30_2019-03-22 16:27:11.891068,83,253.23853385217723,3.0,1.2035668154761903,18.0,True
2_39_131_30_2019-03-23 15:10:32.033948,31,53.08757559523809,0.0,0.0,0.0,False
2_39_131_30_2019-03-23 19:19:03.365679,108,349.51664166666666,0.0,0.0,0.0,False
2_39_131_30_2019-03-23 23:03:24.940105,185,642.5094125,1.0,0.23808027777777774,7.0,True
2_39_131_30_2019-03-24 18:36:49.845851,32,53.972387499999996,0.0,0.0,0.0,False
2_39_131_30_2019-03-25 15:40:40.682726,91,289.2499553571429,1.0,0.22279069444444444,7.0,True
2_39_131_30_2019-03-26 04:24:15.421862,238,1556.5506339285714,1.0,0.7856057638888888,19.0,True
2_39_131_30_2019-03-26 15:53:21.199517,86,274.4571634803922,1.0,0.26608993055555563,7.0,True
2_39_131_30_2019-03-27 01:52:40.249312,40,195.34103137254903,1.0,0.7622567524509805,16.0,True
2_39_131_30_2019-03-27 04:32:08.516904,334,2203.7754438393304,1.0,0.8026005555555555,17.0,True
2_39_131_30_2019-03-27 15:11:03.662694,83,276.5596307422969,2.0,0.4637262540849673,10.0,True
2_39_131_30_2019-03-28 01:57:48.044767,45,252.8721088235294,1.0,0.20263867238562097,5.0,True
2_39_131_30_2019-03-28 15:48:10.111496,85,280.2509800070028,4.0,0.9644070138888887,11.0,True
2_39_131_30_2019-03-29 15:43:22.522886,145,567.0500652391726,2.0,1.8902546483037659,64.0,True
2_39_131_30_2019-03-30 00:14:53.111617,277,934.9195517662321,5.0,1.8155542987109783,27.0,True
2_39_131_30_2019-03-30 20:16:33.162954,107,323.10220466652373,0.0,0.0,0.0,False
2_39_131_30_2019-04-01 04:12:22.668145,401,2639.5466979341736,1.0,0.8245691666666666,19.0,True
2_39_131_30_2019-04-01 15:36:40.966759,216,735.4623255252101,10.0,3.0997852170868345,51.0,True
2_39_131_30_2019-04-02 01:17:56.477637,31,50.605756652661064,0.0,0.0,0.0,False
2_39_131_30_2019-04-02 04:05:52.683919,221,708.389200245098,1.0,0.37973145833333344,11.0,True
2_39_131_30_2019-04-03 15:43:03.308762,77,254.59694215686275,3.0,0.72390039624183,9.0,True
2_39_131_30_2019-04-04 15:32:21.120768,175,836.0061649886877,3.0,1.7711269566993464,46.0,True
2_39_131_30_2019-04-05 04:22:45.828998,33,54.31075416666667,0.0,0.0,0.0,False
2_39_131_30_2019-04-05 16:11:29.746484,82,272.33185206582635,3.0,0.7304971527777777,17.0,True
2_39_131_30_2019-04-06 19:45:28.854050,86,289.89274166666667,2.0,0.6057772916666666,13.0,True
2_39_131_30_2019-04-09 16:02:34.240838,105,346.4550509803922,3.0,1.3092731985294117,27.0,True
2_39_131_30_2019-04-10 15:42:24.917196,83,277.8009257326007,2.0,1.1529065476190477,30.0,True
2_39_131_30_2019-04-11 01:46:19.508877,32,48.59064507575757,0.0,0.0,0.0,False
2_39_131_30_2019-04-11 15:49:49.985574,83,273.69083112745096,4.0,0.8372201593137255,9.0,True
2_39_131_30_2019-04-12 03:06:39.159846,233,819.5434166666666,3.0,0.5818165277777777,15.0,True
2_39_131_30_2019-04-12 14:30:45.667741,276,1880.6752468137254,0.0,0.0,0.0,False
2_39_131_30_2019-04-12 19:17:14.967177,60,121.33272123440285,2.0,0.52975875,8.0,True
2_39_131_30_2019-04-13 14:51:15.546685,112,738.0076390151515,0.0,0.0,0.0,False
2_39_131_30_2019-04-13 17:01:49.548015,77,476.56752083333333,0.0,0.0,0.0,False
2_39_131_30_2019-04-14 04:49:06.997343,134,469.9640887820513,0.0,0.0,0.0,False
2_39_131_30_2019-04-14 16:28:19.882456,110,693.8656080882353,1.0,0.27919895833333336,6.0,True
2_39_131_30_2019-04-15 15:38:05.474697,249,856.9137634803922,10.0,2.008470235177404,16.0,True
2_39_131_30_2019-04-17 04:06:53.543187,179,559.0627625,1.0,0.3097414583333333,10.0,True
2_39_131_30_2019-04-18 15:45:03.448671,81,275.43679583333335,1.0,0.2729346527777778,7.0,True
2_39_131_30_2019-04-19 03:42:20.061829,366,2462.831018417367,1.0,0.6527177777777776,14.0,True
2_39_131_30_2019-04-19 15:37:03.032559,79,262.6930456805449,1.0,0.2956608333333334,8.0,True
2_39_131_30_2019-04-20 14:51:40.254630,84,481.0994416666667,1.0,0.8743599999999999,21.0,True
2_39_131_30_2019-04-21 21:39:24.100612,303,2016.1580485347986,1.0,0.8435969444444444,21.0,True
2_39_131_30_2019-04-22 15:59:07.836335,71,204.53336712454214,1.0,0.45977687500000003,16.0,True
2_39_131_30_2019-04-22 17:37:47.019964,41,180.27243333333334,0.0,0.0,0.0,False
2_39_131_30_2019-04-22 20:49:57.030347,56,177.002075,0.0,0.0,0.0,False
2_39_131_30_2019-04-23 15:41:55.261199,77,255.72763750000001,3.0,0.7432890972222221,8.0,True
2_39_131_30_2019-04-24 01:19:49.520264,78,254.2962137254902,0.0,0.0,0.0,False
2_39_131_30_2019-04-24 15:47:58.117568,77,258.84943529411765,2.0,0.6082747263071895,12.0,True
2_39_131_30_2019-04-25 01:53:03.823762,68,382.5788110294117,1.0,0.8790458741830066,19.0,True
2_39_131_30_2019-04-25 15:30:18.507850,155,719.1973899509803,1.0,1.4763494444444443,43.0,True
2_39_131_30_2019-04-26 00:31:53.223923,53,173.1685225490196,2.0,0.23323888071895427,5.0,True
2_39_131_30_2019-04-26 06:57:53.086509,290,1922.6446593137255,1.0,0.8008303472222222,21.0,True
2_39_131_30_2019-04-27 19:50:59.462138,72,458.9017169117647,0.0,0.0,0.0,False
2_39_131_30_2019-04-27 22:51:32.197150,44,234.47503749999998,0.0,0.0,0.0,False
2_39_131_30_2019-04-28 14:14:31.126306,73,143.95120832104772,2.0,0.7127622753267973,13.0,True
2_39_131_30_2019-04-28 17:40:30.336113,44,113.73167853091275,1.0,0.5179327278981769,16.0,True
2_39_131_30_2019-04-28 20:30:00.222139,115,378.5076131864867,0.0,0.0,0.0,False
2_39_131_30_2019-04-29 19:44:41.326016,31,52.47215078259374,0.0,0.0,0.0,False
2_39_131_30_2019-04-30 01:20:18.503797,82,272.77173210784315,0.0,0.0,0.0,False
2_39_131_30_2019-04-30 04:25:50.911724,204,715.0582147015824,3.0,0.574637054738562,12.0,True
2_39_131_30_2019-05-01 08:18:44.595638,398,2662.0764426470587,1.0,0.7625729861111112,20.0,True
2_39_131_30_2019-05-02 15:00:18.523087,61,185.87770416666666,1.0,0.4104402777777778,8.0,True
2_39_131_30_2019-05-04 04:44:54.092420,223,710.7103791666667,1.0,0.23736118055555555,9.0,True
2_39_131_30_2019-05-05 01:40:56.513642,294,969.1351166666667,4.0,1.0571800694444444,15.0,True
2_39_131_30_2019-05-05 19:10:40.815735,32,59.2116375,0.0,0.0,0.0,False
2_39_131_30_2019-05-05 20:28:14.793299,100,322.22334431818183,0.0,0.0,0.0,False
2_39_131_30_2019-05-06 15:36:27.191936,181,622.0045889005602,3.0,1.6576981448412695,48.0,True
2_39_131_30_2019-05-07 20:49:32.354775,32,55.85770833333333,0.0,0.0,0.0,False
2_39_131_30_2019-05-07 22:20:18.379305,46,257.5993840909091,0.0,0.0,0.0,False
2_39_131_30_2019-05-08 00:59:02.602404,40,103.22355,0.0,0.0,0.0,False
2_39_131_30_2019-05-08 03:10:20.138388,21,82.74810151515152,1.0,0.7213140277777779,10.0,True
2_39_131_30_2019-05-08 15:33:53.111063,87,293.3982208333333,2.0,0.46275083333333333,9.0,True
2_39_131_30_2019-05-09 01:47:30.976644,49,276.9739732142857,1.0,0.17266118055555554,5.0,True
2_39_131_30_2019-05-09 15:27:34.822756,83,280.0938933823529,1.0,0.2977381250000001,9.0,True
2_39_131_30_2019-05-11 01:38:31.433319,440,2968.602581652661,1.0,0.8265127532679739,20.0,True
2_39_131_30_2019-05-11 17:58:19.123775,114,374.1805388814617,1.0,0.4357900694444445,10.0,True
2_39_131_30_2019-05-12 17:36:03.258372,66,393.9702973856209,1.0,0.177749375,5.0,True
2_39_131_30_2019-05-13 00:18:36.067880,178,631.4127508169935,1.0,0.16418013480392152,8.0,True
2_39_131_30_2019-05-13 15:35:40.961213,271,931.7130095238095,9.0,3.680574244864612,63.0,True
2_39_131_30_2019-05-13 23:43:47.596207,76,257.56394681372547,1.0,0.25050319444444447,5.0,True
2_39_131_30_2019-05-14 15:50:30.918103,154,531.9422950046685,2.0,0.62515,12.0,True
2_39_131_30_2019-05-15 15:29:02.517461,170,804.9114392857142,2.0,1.6901590972222227,42.0,True
2_39_131_30_2019-05-16 01:23:53.683349,76,249.12854583333333,0.0,0.0,0.0,False
2_39_131_30_2019-05-16 13:45:47.973583,32,55.050155637254896,0.0,0.0,0.0,False
2_39_131_30_2019-05-17 16:01:09.854223,84,260.51139166666667,4.0,0.9614575000000001,13.0,True
2_39_131_30_2019-05-18 14:51:36.958860,108,722.496737009804,0.0,0.0,0.0,False
2_39_131_30_2019-05-18 20:16:33.285587,81,265.1343677547942,0.0,0.0,0.0,False
2_39_131_30_2019-05-19 17:00:20.643607,119,808.0301068627451,0.0,0.0,0.0,False
2_39_131_30_2019-05-20 15:59:51.604026,98,371.69100987394955,2.0,1.4704350805322128,39.0,True
2_39_131_30_2019-05-21 14:26:55.958399,130,835.7826031862745,1.0,0.47565645833333325,6.0,True
2_39_131_30_2019-05-22 04:01:40.167831,78,253.0819600490196,0.0,0.0,0.0,False
2_39_131_30_2019-05-22 15:24:31.502430,87,274.914768872549,1.0,0.26383104166666665,7.0,True
2_39_131_30_2019-05-22 19:36:36.021327,48,136.19631393557424,2.0,1.1096060002334267,24.0,True
2_39_131_30_2019-05-23 04:15:43.425460,78,251.96999093137254,0.0,0.0,0.0,False
2_39_131_30_2019-05-23 15:46:00.336294,86,275.7218815359477,2.0,1.190358171296296,29.0,True
2_39_131_30_2019-05-24 15:09:37.525706,85,341.1268019607843,1.0,1.1338597916666664,31.0,True
2_39_131_30_2019-05-25 18:04:47.110961,125,858.5151957983193,0.0,0.0,0.0,False
2_39_131_30_2019-05-25 23:50:42.993780,451,3034.129123330999,1.0,0.7786911111111112,21.0,True
2_39_131_30_2019-05-29 15:42:39.686999,92,288.87278154761907,1.0,0.29204312500000007,7.0,True
2_39_131_30_2019-05-30 01:31:48.006325,62,355.7105071078431,0.0,0.0,0.0,False
2_39_131_30_2019-05-30 04:41:36.491061,109,338.6457337535014,1.0,0.2751240277777777,8.0,True
2_39_131_30_2019-05-31 15:22:22.275196,83,265.0022225490196,1.0,0.25465578431372554,7.0,True
2_39_131_30_2019-08-01 15:42:48.863451,84,266.75924707172345,1.0,0.23746097222222223,6.0,True
2_39_131_30_2019-08-02 15:42:19.285976,85,265.1322756593896,2.0,1.9557560578718665,32.0,True
2_39_131_30_2019-08-03 15:18:43.522237,74,255.27433333333335,1.0,0.2534045833333333,5.0,True
2_39_131_30_2019-08-03 19:26:27.823472,285,986.6712284313726,7.0,4.696416654411764,80.0,True
2_39_131_30_2019-08-05 12:57:19.762035,86,277.30142331932774,2.0,0.70144431372549,20.0,True
2_39_131_30_2019-08-05 15:37:35.177075,288,960.7400007518797,7.0,5.380368610251117,67.0,True
2_39_131_30_2019-08-06 03:12:47.846545,32,46.714237499999996,0.0,0.0,0.0,False
2_39_131_30_2019-08-06 04:45:51.811627,241,753.2926506535947,1.0,0.16555305555555552,6.0,True
2_39_131_30_2019-08-07 15:46:00.586598,101,311.7182,3.0,2.094478125,34.0,True
2_39_131_30_2019-08-08 01:58:55.344276,62,215.02940416666667,3.0,0.7304382638888887,20.0,True
2_39_131_30_2019-08-08 15:40:18.076964,88,282.01283333333333,1.0,0.17122965277777777,6.0,True
2_39_131_30_2019-08-09 15:30:51.137249,92,294.18087328431375,2.0,1.8317235008169932,48.0,True
2_39_131_30_2019-08-10 17:25:35.942667,32,53.429004166666665,0.0,0.0,0.0,False
2_39_131_30_2019-08-11 22:26:16.831336,118,748.8465009803922,0.0,0.0,0.0,False
2_39_131_30_2019-08-12 15:36:46.875002,301,988.3651870098039,12.0,5.173423970588234,49.0,True
2_39_131_30_2019-08-14 15:36:08.068301,194,942.6640965811965,2.0,1.6383006944444443,40.0,True
2_39_131_30_2019-08-15 01:03:28.172562,112,449.4142362511671,3.0,1.6690279289215684,20.0,True
2_39_131_30_2019-08-16 03:20:44.715217,93,575.5950205882352,1.0,0.38019791666666664,6.0,True
2_39_131_30_2019-08-16 13:35:55.188638,27,174.15506950280113,0.0,0.0,0.0,False
2_39_131_30_2019-08-16 15:30:50.188366,87,280.23271673669467,1.0,0.4813729166666667,14.0,True
2_39_131_30_2019-08-18 21:22:48.919246,97,316.4188073529412,1.0,0.9078819689542483,37.0,True
2_39_131_30_2019-08-18 23:40:32.688322,113,399.8692599089636,3.0,1.286522682072829,38.0,True
2_39_131_30_2019-08-19 14:56:41.797200,120,384.01081911764703,1.0,0.3821197916666667,8.0,True
2_39_131_30_2019-08-20 15:56:59.740207,88,276.86224828431375,3.0,1.2608020138888885,20.0,True
2_39_131_30_2019-08-21 03:25:22.437245,86,587.4898339985995,0.0,0.0,0.0,False
2_39_131_30_2019-08-21 15:46:06.548719,85,265.6717766025641,3.0,1.6595659803921565,30.0,True
2_39_131_30_2019-08-22 01:33:20.162074,85,384.8155469919786,1.0,1.003394007352941,22.0,True
2_39_131_30_2019-08-22 15:59:34.521959,94,292.50751911764706,3.0,1.949714403594771,36.0,True
2_39_131_30_2019-08-23 01:23:05.796474,74,260.5534039489922,2.0,0.9192613439542481,31.0,True
2_39_131_30_2019-08-23 03:32:56.577722,71,433.71471119281046,0.0,0.0,0.0,False
2_39_131_30_2019-08-23 15:37:58.253131,167,550.6873269607843,6.0,2.8198325857843134,34.0,True
2_39_131_30_2019-08-24 04:41:42.919062,112,364.7133971620227,0.0,0.0,0.0,False
2_39_131_30_2019-08-25 20:33:24.511607,89,589.4554902777778,0.0,0.0,0.0,False
2_39_131_30_2019-08-26 00:33:43.703003,192,586.8339464052287,2.0,0.41192340277777784,9.0,True
2_39_131_30_2019-08-27 15:55:44.162920,222,736.5757218137255,8.0,3.9125335171568625,73.0,True
2_39_131_30_2019-08-28 15:35:55.153987,79,241.74169338235293,2.0,1.725234554738562,37.0,True
2_39_131_30_2019-08-28 23:28:28.025719,182,639.5741443627451,1.0,0.9447713194444444,44.0,True
2_39_131_30_2019-08-29 15:52:16.506724,162,534.506165680746,4.0,3.4483510689100196,55.0,True
2_39_131_30_2019-08-29 21:00:37.976415,244,1593.2681771161974,0.0,0.0,0.0,False
2_39_131_30_2019-08-30 02:07:21.139588,209,716.678254037221,3.0,3.212280834111422,67.0,True
2_39_131_30_2019-08-30 16:03:50.364288,132,774.2731123366013,0.0,0.0,0.0,False
2_39_131_30_2019-08-30 22:48:21.274924,105,550.551475490196,2.0,1.1061945996732028,14.0,True
2_39_131_30_2019-08-31 16:33:47.715557,271,1800.0501753417334,0.0,0.0,0.0,False
2_39_131_30_2019-10-01 15:51:26.589469,31,41.02159861111111,1.0,0.24499131944444444,25.0,True
2_39_131_30_2019-10-02 01:39:00.552241,149,526.6436443977591,3.0,2.132614889705882,77.0,True
2_39_131_30_2019-10-02 15:41:04.298217,80,270.5801333333333,3.0,1.154419583333333,21.0,True
2_39_131_30_2019-10-03 00:59:53.426331,32,54.378029166666664,0.0,0.0,0.0,False
2_39_131_30_2019-10-04 15:42:54.940382,162,553.0430947924624,4.0,3.097521874999999,90.0,True
2_39_131_30_2019-10-05 17:06:08.053937,72,239.17317432126697,2.0,1.4395603799019607,29.0,True
2_39_131_30_2019-10-05 21:09:40.240190,32,53.16262916666666,0.0,0.0,0.0,False
2_39_131_30_2019-10-07 15:37:08.977824,225,756.4972419117647,5.0,4.466606801470588,90.0,True
2_39_131_30_2019-10-08 01:25:37.874213,106,611.2822553921568,2.0,1.1014692810457518,14.0,True
2_39_131_30_2019-10-08 04:14:46.856983,253,897.6540084033613,2.0,0.9383579166666665,25.0,True
2_39_131_30_2019-10-08 15:46:29.207436,32,47.739780065359476,0.0,0.0,0.0,False
2_39_131_30_2019-10-09 00:44:02.068484,221,763.0074127576672,2.0,0.8577381176081542,31.0,True
2_39_131_30_2019-10-10 01:12:18.813538,281,969.4858658496732,6.0,3.938811165577341,49.0,True
2_39_131_30_2019-10-11 04:07:17.088781,29,82.143275,1.0,0.31907625000000006,8.0,True
2_39_131_30_2019-10-11 06:04:54.718665,14,58.924791666666664,0.0,0.0,0.0,False
2_39_131_30_2019-10-11 06:38:13.020209,426,2829.7336638888887,1.0,0.7390104861111111,16.0,True
2_39_131_30_2019-10-12 16:02:39.832849,119,391.23943333333335,4.0,2.061502569444444,44.0,True
2_39_131_30_2019-10-13 00:00:40.426854,45,144.90572916666667,1.0,0.431921111111111,18.0,True
2_39_131_30_2019-10-13 19:19:14.569573,31,55.85075378787879,0.0,0.0,0.0,False
2_39_131_30_2019-10-15 01:22:40.727998,47,233.48817916666667,1.0,0.8532543055555557,18.0,True
2_39_131_30_2019-10-17 00:59:40.012246,277,955.7085960784314,7.0,3.6343840849673197,34.0,True
2_39_131_30_2019-10-18 00:52:05.602633,70,444.9679454248366,0.0,0.0,0.0,False
2_39_131_30_2019-10-19 16:30:39.904810,134,470.1470077614379,2.0,0.6644109027777778,19.0,True
2_39_131_30_2019-10-19 19:54:20.104419,58,194.12326856060605,0.0,0.0,0.0,False
2_39_131_30_2019-10-20 02:33:04.200400,143,492.6751789215686,4.0,1.1554727083333334,25.0,True
2_39_131_30_2019-10-21 15:31:33.664525,124,749.8303475828051,0.0,0.0,0.0,False
2_39_131_30_2019-10-23 02:25:47.692878,56,335.55941666666666,0.0,0.0,0.0,False
2_39_131_30_2019-10-23 03:24:42.584830,78,525.983537254902,0.0,0.0,0.0,False
2_39_131_30_2019-10-24 01:37:51.160204,52,204.29345539215686,2.0,1.0454796527777779,16.0,True
2_39_131_30_2019-10-24 15:40:38.653774,170,813.1238721405228,2.0,1.5785484967320262,39.0,True
2_39_131_30_2019-10-26 17:11:17.451967,144,990.0559985888294,0.0,0.0,0.0,False
2_39_131_30_2019-10-26 21:29:16.882569,107,689.9631017156862,0.0,0.0,0.0,False
2_39_131_30_2019-10-28 00:51:49.998884,48,135.3412538730877,1.0,0.5697694818376068,9.0,True
2_39_131_30_2019-10-28 01:43:35.538933,444,3014.2669414215684,0.0,0.0,0.0,False
2_39_131_30_2019-10-29 01:59:31.573304,50,248.12766764705881,1.0,0.8610167892156861,20.0,True
2_39_131_30_2019-10-29 15:50:58.909066,92,297.6036575980392,1.0,0.2107336805555556,5.0,True
2_39_131_30_2019-10-30 00:53:17.691081,128,870.9644892156863,0.0,0.0,0.0,False
2_39_131_30_2019-10-30 03:21:11.795131,68,405.9485693627451,1.0,0.7925876225490195,14.0,True
2_39_131_30_2019-10-30 15:42:30.603972,91,291.2656597338936,0.0,0.0,0.0,False
2_39_131_30_2019-10-31 03:16:20.370622,403,2706.9384738413546,1.0,0.5224876388888888,16.0,True
2_39_131_30_2019-10-31 15:21:53.850924,84,282.5323041666667,4.0,1.4883309027777776,23.0,True
2_39_131_565_2018-11-05 18:12:24.635365,80,235.98538891068083,0.0,0.0,0.0,False
2_39_131_565_2018-11-07 17:11:16.112965,101,345.35317285067873,1.0,1.7185348905138975,55.0,True
2_39_131_565_2018-11-08 19:32:40.076087,51,295.56273455882354,1.0,0.19775902777777776,6.0,True
2_39_131_565_2018-11-13 17:48:19.727973,329,2167.868860894884,0.0,0.0,0.0,False
2_39_131_565_2018-11-15 20:02:19.023250,151,967.4082970084525,1.0,0.677084885620915,14.0,True
2_39_131_565_2018-11-26 18:55:16.344496,249,1171.6779633438457,1.0,0.4758412704248366,9.0,True
2_39_131_565_2018-11-27 19:37:53.891885,187,397.0395301640353,1.0,0.3108513194444445,8.0,True
2_39_131_565_2018-11-28 18:09:53.505974,107,665.9122555506585,1.0,0.7400654537823289,14.0,True
2_39_131_565_2018-11-30 16:34:31.919008,33,53.829866526610644,0.0,0.0,0.0,False
2_39_131_565_2019-04-24 21:57:34.820621,32,53.5078,0.0,0.0,0.0,False
2_39_131_565_2019-08-15 16:19:05.532124,30,49.64338384238311,0.0,0.0,0.0,False
2_39_131_565_2019-10-23 20:48:30.440132,102,661.1523462184874,0.0,0.0,0.0,False
2_39_138_29_2018-11-02 15:29:11.215072,118,480.21993665290677,0.0,0.0,0.0,False
2_39_138_29_2018-11-03 19:44:15.879103,31,56.248846167557936,0.0,0.0,0.0,False
2_39_138_29_2018-11-04 17:49:37.267054,32,52.713929656862746,0.0,0.0,0.0,False
2_39_138_29_2018-11-06 16:26:25.166461,143,650.3761630684675,3.0,1.4877423256563698,31.0,True
2_39_138_29_2018-11-07 02:25:56.145021,57,180.4306856442577,0.0,0.0,0.0,False
2_39_138_29_2018-11-07 16:25:26.626963,101,399.3048963591147,1.0,1.3068061134453786,39.0,True
2_39_138_29_2018-11-08 03:02:59.003644,151,1039.1359885620914,0.0,0.0,0.0,False
2_39_138_29_2018-11-08 16:41:47.968540,105,405.1822262211902,2.0,1.344563827614379,41.0,True
2_39_138_29_2018-11-10 20:21:42.320581,83,543.7973627242125,0.0,0.0,0.0,False
2_39_138_29_2018-11-12 15:24:27.556027,258,1749.6067648163112,0.0,0.0,0.0,False
2_39_138_29_2018-11-14 14:00:43.195577,77,472.8664754110483,0.0,0.0,0.0,False
2_39_138_29_2018-11-15 16:27:26.891503,172,797.7934218020541,3.0,1.6058928145424842,47.0,True
2_39_138_29_2018-11-16 16:26:40.160120,110,413.44685190488474,2.0,1.5284425962475634,44.0,True
2_39_138_29_2018-11-17 22:10:34.016822,84,564.6902382703081,0.0,0.0,0.0,False
2_39_138_29_2018-11-18 19:13:26.097591,32,54.07057475490196,0.0,0.0,0.0,False
2_39_138_29_2018-11-18 20:38:56.895573,439,2578.374426285299,0.0,0.0,0.0,False
2_39_138_29_2018-11-19 16:42:51.010977,103,323.3728646991253,2.0,0.6397384585237604,11.0,True
2_39_138_29_2018-11-20 16:32:55.563671,190,875.3591571587339,3.0,2.612344434750621,37.0,True
2_39_138_29_2018-11-21 13:37:38.048606,32,55.54019471288515,0.0,0.0,0.0,False
2_39_138_29_2018-11-21 17:47:04.801204,109,696.8372402178618,0.0,0.0,0.0,False
2_39_138_29_2018-11-21 23:19:48.528590,162,1084.3070149012235,0.0,0.0,0.0,False
2_39_138_29_2018-11-24 19:41:22.356317,355,2385.3031661531277,0.0,0.0,0.0,False
2_39_138_29_2018-11-26 16:28:17.542204,137,574.5459724366319,1.0,2.018826120448179,41.0,True
2_39_138_29_2018-11-29 15:52:02.660996,23,148.51848092903828,0.0,0.0,0.0,False
2_39_138_29_2018-11-30 16:29:17.263359,168,767.6102014456131,3.0,1.6950861286181136,45.0,True
2_39_138_29_2019-03-01 02:51:42.729638,44,210.45605061182368,1.0,0.8350873173436042,18.0,True
2_39_138_29_2019-03-04 15:37:08.520932,283,1895.5414892132076,0.0,0.0,0.0,False
2_39_138_29_2019-03-05 16:42:09.961089,115,437.76176379060394,1.0,1.295702163609596,47.0,True
2_39_138_29_2019-03-06 21:25:26.683068,32,70.68077777777778,1.0,0.5466992810457517,17.0,True
2_39_138_29_2019-03-06 22:33:41.062016,27,53.570789938080495,2.0,0.8013669732542141,15.0,True
2_39_138_29_2019-03-07 16:29:08.949520,97,296.60461744378773,3.0,0.7993281303954329,16.0,True
2_39_138_29_2019-03-08 04:49:41.565567,106,619.6168952227382,0.0,0.0,0.0,False
2_39_138_29_2019-03-12 16:32:15.680179,95,612.126738092055,0.0,0.0,0.0,False
2_39_138_29_2019-03-14 01:30:30.304628,110,484.95228210784313,2.0,1.236303263888889,29.0,True
2_39_138_29_2019-03-15 15:38:56.613184,110,394.96198139164756,1.0,1.4108686204481795,50.0,True
2_39_138_29_2019-03-16 14:49:17.555703,77,475.8175083333333,0.0,0.0,0.0,False
2_39_138_29_2019-03-18 14:51:28.223930,92,294.22855708270487,3.0,0.8221766765873015,13.0,True
2_39_138_29_2019-03-18 21:18:32.566279,32,91.64884479949875,1.0,0.28061780492898913,7.0,True
2_39_138_29_2019-03-20 15:50:43.037886,138,454.316256442577,5.0,1.6954128455164117,30.0,True
2_39_138_29_2019-03-21 03:02:44.658341,73,456.7531447245565,0.0,0.0,0.0,False
2_39_138_29_2019-03-21 19:37:19.018859,159,872.2917997169496,1.0,0.611069658119658,8.0,True
2_39_138_29_2019-03-23 14:48:43.710663,108,629.7309583333333,1.0,0.6716994444444445,14.0,True
2_39_138_29_2019-03-28 00:55:32.658845,79,476.06685416666664,0.0,0.0,0.0,False
2_39_138_29_2019-03-31 23:35:22.093959,81,272.05279975490197,0.0,0.0,0.0,False
2_39_138_29_2019-04-03 02:08:04.704211,30,51.33130833333333,0.0,0.0,0.0,False
2_39_138_29_2019-04-03 23:38:16.153994,82,280.72351137955184,1.0,0.25316145833333337,5.0,True
2_39_138_29_2019-04-04 15:40:39.539708,68,203.02546715686276,1.0,0.4113473611111111,8.0,True
2_39_138_29_2019-04-05 23:22:31.098985,52,344.49511547619045,0.0,0.0,0.0,False
2_39_138_29_2019-04-06 14:55:40.764473,53,249.52983774509804,1.0,0.9426721364379084,23.0,True
2_39_138_29_2019-04-09 14:30:52.037149,65,212.6932171791444,0.0,0.0,0.0,False
2_39_138_29_2019-04-10 03:23:46.441500,79,475.4708644607843,0.0,0.0,0.0,False
2_39_138_29_2019-04-11 01:32:15.550750,125,594.0412837121212,2.0,1.26258125,30.0,True
2_39_138_29_2019-04-12 01:18:28.915767,85,531.8271676470588,0.0,0.0,0.0,False
2_39_138_29_2019-04-12 15:28:33.197315,106,400.7697281862745,2.0,1.5434234722222218,45.0,True
2_39_138_29_2019-04-13 14:29:46.498911,19,32.102138970588236,0.0,0.0,0.0,False
2_39_138_29_2019-04-15 15:37:30.032139,148,620.7871444677871,5.0,1.656612912581699,25.0,True
2_39_138_29_2019-04-16 01:14:48.910440,64,208.89929331232494,1.0,0.11519999999999998,5.0,True
2_39_138_29_2019-04-16 14:46:04.595018,39,95.61804114145659,1.0,0.41630497140522876,12.0,True
2_39_138_29_2019-04-18 02:15:11.203670,64,223.99756274509804,1.0,0.16383513888888887,8.0,True
2_39_138_29_2019-04-22 16:10:26.983549,73,238.47154166666667,2.0,0.5229879861111111,8.0,True
2_39_138_29_2019-04-23 19:41:04.720577,35,82.08123869047618,2.0,0.7333477777777777,15.0,True
2_39_138_29_2019-04-24 03:18:39.793776,103,714.808906127451,0.0,0.0,0.0,False
2_39_138_29_2019-04-25 15:48:46.930212,84,267.48296111111114,1.0,0.246874375,6.0,True
2_39_138_29_2019-04-26 14:51:11.307234,76,324.35197428086616,1.0,0.9340779125816994,23.0,True
2_39_138_29_2019-04-26 23:36:05.589532,20,32.51253012820513,1.0,0.6158957638888889,14.0,True
2_39_138_29_2019-04-27 01:15:59.475648,89,607.3729411764706,0.0,0.0,0.0,False
2_39_138_29_2019-04-28 01:41:05.225974,31,57.328427976190476,0.0,0.0,0.0,False
2_39_138_29_2019-04-29 15:32:19.269120,32,59.287881439393935,0.0,0.0,0.0,False
2_39_138_29_2019-05-01 01:18:34.430773,88,290.67129163165265,0.0,0.0,0.0,False
2_39_138_29_2019-05-02 15:55:35.116833,88,281.45315238095236,1.0,0.2785311805555556,7.0,True
2_39_138_29_2019-05-03 04:20:30.914594,73,239.61251719187675,0.0,0.0,0.0,False
2_39_138_29_2019-05-04 17:09:36.969474,76,477.4422583333333,0.0,0.0,0.0,False
2_39_138_29_2019-05-05 03:07:25.463972,273,952.2879833333334,7.0,1.8150241666666664,15.0,True
2_39_138_29_2019-05-07 01:39:17.643064,64,212.2456892857143,1.0,0.11299756944444445,5.0,True
2_39_138_29_2019-05-07 19:23:09.477836,43,120.31527019202417,2.0,0.9672601307189543,20.0,True
2_39_138_29_2019-05-08 00:09:11.603397,202,714.6813078431372,1.0,0.10219694444444444,5.0,True
2_39_138_29_2019-05-09 01:29:07.465368,84,353.94322850140054,2.0,1.2865124305555555,23.0,True
2_39_138_29_2019-05-10 00:42:10.400782,77,476.6012061840121,0.0,0.0,0.0,False
2_39_138_29_2019-05-10 21:34:04.344187,75,245.82697777777778,0.0,0.0,0.0,False
2_39_138_29_2019-05-10 23:07:12.247776,86,475.18619487179484,0.0,0.0,0.0,False
2_39_138_29_2019-05-12 20:11:27.538675,32,56.8501419117647,0.0,0.0,0.0,False
2_39_138_29_2019-05-15 15:20:11.681684,91,272.72952598039217,1.0,0.5389554861111112,16.0,True
2_39_138_29_2019-05-17 15:43:23.089190,114,349.07694444444445,1.0,0.5257179861111111,16.0,True
2_39_138_29_2019-05-20 04:22:02.916967,51,289.96798809523807,0.0,0.0,0.0,False
2_39_138_29_2019-05-20 15:25:16.513412,94,309.2301088235294,2.0,1.613571315359477,50.0,True
2_39_138_29_2019-05-22 03:31:17.764985,73,498.71007499999996,0.0,0.0,0.0,False
2_39_138_29_2019-05-22 15:07:13.450522,81,334.67527965686276,1.0,0.9807930555555554,25.0,True
2_39_138_29_2019-05-23 03:04:33.892425,31,53.716854166666664,0.0,0.0,0.0,False
2_39_138_29_2019-05-23 16:18:45.048941,40,64.79482916666666,0.0,0.0,0.0,False
2_39_138_29_2019-05-29 00:37:35.949290,82,531.6625268748409,0.0,0.0,0.0,False
2_39_138_29_2019-05-31 15:27:37.231926,191,957.2598982142857,1.0,1.5237429942810454,44.0,True
2_39_138_29_2019-08-02 17:04:28.334258,55,331.37287900326794,1.0,0.57461,7.0,True
2_39_138_29_2019-08-03 22:16:35.510968,79,148.3350875,1.0,0.3122739583333333,9.0,True
2_39_138_29_2019-08-05 15:48:26.677064,89,496.8780178571428,0.0,0.0,0.0,False
2_39_138_29_2019-08-07 00:17:43.879198,79,265.136523328877,1.0,0.24476722222222225,5.0,True
2_39_138_29_2019-08-07 01:53:37.235640,101,670.7503883241758,0.0,0.0,0.0,False
2_39_138_29_2019-08-07 16:22:16.694565,96,285.0558852941177,1.0,0.5498540972222223,15.0,True
2_39_138_29_2019-08-08 15:40:52.731808,88,258.776693627451,2.0,0.8657151062091504,15.0,True
2_39_138_29_2019-08-09 02:38:14.305887,45,147.947935271836,0.0,0.0,0.0,False
2_39_138_29_2019-08-09 15:42:30.362319,108,484.50074078005326,1.0,0.6919548611111109,25.0,True
2_39_138_29_2019-08-10 00:04:25.545280,268,925.033591678338,6.0,1.3765927480158728,16.0,True
2_39_138_29_2019-08-12 15:37:16.573216,116,504.0556819677871,2.0,1.3218150653594773,31.0,True
2_39_138_29_2019-08-14 19:30:46.862666,59,186.76508014705882,1.0,0.9983935416666666,23.0,True
2_39_138_29_2019-08-14 23:29:23.520628,234,813.6896158882784,4.0,2.8345842559523806,46.0,True
2_39_138_29_2019-08-16 15:02:34.199764,108,510.31220833333333,1.0,1.1506570833333334,29.0,True
2_39_138_29_2019-08-19 15:39:06.615609,99,413.4664346153846,2.0,1.3412304861111108,32.0,True
2_39_138_29_2019-08-20 15:08:38.761553,71,356.91766326243413,0.0,0.0,0.0,False
2_39_138_29_2019-08-22 01:09:33.267295,65,115.43301729691876,4.0,2.1031139379084967,29.0,True
2_39_138_29_2019-08-22 15:26:23.943607,141,656.1669093433527,2.0,1.2694923325163399,33.0,True
2_39_138_29_2019-08-23 01:50:52.851243,46,235.88131348039215,1.0,0.8612938071895424,17.0,True
2_39_138_29_2019-08-23 15:27:35.451335,100,432.1350926470588,1.0,1.2063497222222221,30.0,True
2_39_138_29_2019-08-26 00:20:39.749751,95,314.580910375817,0.0,0.0,0.0,False
2_39_138_29_2019-08-26 15:29:11.649424,152,736.5558089285714,1.0,1.057669037698413,31.0,True
2_39_138_29_2019-08-27 01:54:23.594516,113,382.3908107026144,1.0,0.5565918668300652,25.0,True
2_39_138_29_2019-08-28 02:28:25.481255,67,410.52804285714285,0.0,0.0,0.0,False
2_39_138_29_2019-08-29 00:06:18.440845,12,55.86636628787878,0.0,0.0,0.0,False
2_39_138_29_2019-08-30 02:48:00.921163,94,308.8257505952381,0.0,0.0,0.0,False
2_39_138_29_2019-10-01 00:34:42.925383,269,935.1302449229692,6.0,2.2150447549019603,26.0,True
2_39_138_29_2019-10-03 01:18:59.816020,76,309.94233333333335,2.0,1.0620710416666668,24.0,True
2_39_138_29_2019-10-03 12:38:50.256419,70,204.7476265350877,3.0,1.2419885416666665,22.0,True
2_39_138_29_2019-10-03 15:07:59.703705,260,1636.9579095588235,2.0,0.7817279166666666,12.0,True
2_39_138_29_2019-10-04 05:16:45.654518,108,353.39129583333334,1.0,0.28886576388888885,5.0,True
2_39_138_29_2019-10-07 01:00:30.197891,55,186.23562794117646,3.0,0.9053869648692809,20.0,True
2_39_138_29_2019-10-08 15:51:58.040466,119,374.395156127451,5.0,1.9384419607843135,30.0,True
2_39_138_29_2019-10-11 06:14:21.089425,114,329.4991189542484,1.0,0.501776875,15.0,True
2_39_138_29_2019-10-12 21:34:58.302357,64,220.3969476006192,2.0,0.7776033411449376,20.0,True
2_39_138_29_2019-10-18 04:33:30.476509,31,59.172857598039215,0.0,0.0,0.0,False
2_39_138_29_2019-10-18 05:04:18.898487,31,60.925282776292335,0.0,0.0,0.0,False
2_39_138_29_2019-10-19 02:03:02.640866,31,54.57506011904762,0.0,0.0,0.0,False
2_39_138_29_2019-10-19 19:46:54.453388,68,396.87398104575163,1.0,0.6030109109477122,10.0,True
2_39_138_29_2019-10-21 15:30:24.682539,25,48.649871078431374,1.0,0.51417141748366,13.0,True
2_39_138_29_2019-10-23 02:33:01.532184,30,52.02619464285714,0.0,0.0,0.0,False
2_39_138_29_2019-10-24 00:05:19.436346,280,965.1152936915939,4.0,1.8614932882451223,45.0,True
2_39_138_29_2019-10-25 01:00:33.774999,60,378.5659227941176,0.0,0.0,0.0,False
2_39_138_29_2019-10-25 21:26:51.208335,149,950.5443181659027,0.0,0.0,0.0,False
2_39_138_29_2019-10-26 17:37:30.882169,87,542.5771288865546,0.0,0.0,0.0,False
2_39_138_29_2019-10-27 19:26:40.510310,276,964.1701725840336,3.0,1.0196497140522875,18.0,True
2_39_138_29_2019-10-28 15:47:38.583448,48,124.32418273809523,1.0,1.3197590376984125,26.0,True
2_39_138_29_2019-10-30 00:45:17.920487,281,981.9858838046757,3.0,0.7809763194444443,17.0,True
2_39_138_566_2018-11-05 18:35:52.045840,107,335.5244730957768,2.0,0.7412840114379085,10.0,True
2_39_138_566_2018-11-09 21:00:12.528193,192,1261.2935215680131,0.0,0.0,0.0,False
2_39_138_566_2018-11-12 17:06:22.986529,28,46.87981796218487,0.0,0.0,0.0,False
2_39_138_566_2018-11-13 06:52:57.304993,32,50.50005982726424,0.0,0.0,0.0,False
2_39_138_566_2018-11-19 17:02:36.058472,47,69.8359552514751,0.0,0.0,0.0,False
2_39_138_566_2018-11-26 17:33:17.673221,117,309.3351791903358,5.0,2.3407064942900235,15.0,True
2_39_138_566_2018-11-27 17:23:42.678909,117,289.97651968489026,4.0,2.0918691748366016,19.0,True
2_39_138_566_2018-11-28 17:27:35.478346,82,231.94065463800905,1.0,1.58922933959695,52.0,True
2_39_138_566_2019-03-12 16:47:30.945414,109,641.4879086996336,1.0,0.39252704248366016,9.0,True
2_39_138_566_2019-04-10 00:22:01.891272,68,135.83637822128853,1.0,0.2637597916666667,9.0,True
2_39_138_566_2019-04-24 17:02:38.813734,31,52.549254166666664,0.0,0.0,0.0,False
2_39_138_566_2019-04-30 22:04:16.358463,44,112.52557916666667,2.0,0.8245261111111111,15.0,True
2_39_138_566_2019-05-22 16:15:17.229400,31,45.07047462121212,1.0,0.14938958333333333,7.0,True
2_39_138_566_2019-08-01 16:28:09.540521,31,51.46470769230769,0.0,0.0,0.0,False
2_39_138_566_2019-10-08 16:33:49.232919,33,54.888310784313724,0.0,0.0,0.0,False
2_39_138_566_2019-10-25 15:24:14.550062,27,43.48730118092691,0.0,0.0,0.0,False
2_39_139_28_2018-11-02 14:57:47.665781,100,316.8603148348813,0.0,0.0,0.0,False
2_39_139_28_2018-11-03 03:03:32.314223,32,59.613206676003735,0.0,0.0,0.0,False
2_39_139_28_2018-11-03 14:38:00.970152,66,131.96884362745098,1.0,0.3103006903594771,10.0,True
2_39_139_28_2018-11-03 21:35:51.741173,125,817.6889249999999,1.0,0.6231238194444444,7.0,True
2_39_139_28_2018-11-04 04:33:18.910858,20,127.10754999999999,0.0,0.0,0.0,False
2_39_139_28_2018-11-04 19:13:12.041488,33,59.36761042410892,0.0,0.0,0.0,False
2_39_139_28_2018-11-05 01:43:35.468967,31,50.972712745098036,0.0,0.0,0.0,False
2_39_139_28_2018-11-05 02:52:52.771787,33,58.602239215686275,0.0,0.0,0.0,False
2_39_139_28_2018-11-05 16:18:25.348666,291,822.0671605343015,0.0,0.0,0.0,False
2_39_139_28_2018-11-06 01:57:49.878071,32,58.131145833333335,0.0,0.0,0.0,False
2_39_139_28_2018-11-06 05:38:38.769030,262,1701.7232469537814,1.0,0.8286904942810457,21.0,True
2_39_139_28_2018-11-06 17:09:03.209593,98,299.49545597572364,1.0,0.18325587962962964,8.0,True
2_39_139_28_2018-11-07 04:48:19.961018,29,45.01552945632798,0.0,0.0,0.0,False
2_39_139_28_2018-11-07 15:59:37.215284,130,770.4875782077743,1.0,0.41298347222222226,5.0,True
2_39_139_28_2018-11-08 03:54:51.242659,32,53.09912647058823,0.0,0.0,0.0,False
2_39_139_28_2018-11-08 08:47:50.646936,435,2894.2646471073517,1.0,0.8799674537037037,19.0,True
2_39_139_28_2018-11-09 15:42:39.575750,99,315.0247283496732,1.0,0.36167971405228755,8.0,True
2_39_139_28_2018-11-10 04:16:22.972655,32,53.92092120681606,0.0,0.0,0.0,False
2_39_139_28_2018-11-10 05:48:00.138520,20,34.16594403594771,0.0,0.0,0.0,False
2_39_139_28_2018-11-10 17:37:19.498329,42,105.05570265151515,1.0,0.5222409722222222,16.0,True
2_39_139_28_2018-11-11 20:55:32.107693,31,53.371994117647056,0.0,0.0,0.0,False
2_39_139_28_2018-11-12 02:58:45.400085,203,642.3484252180697,1.0,0.3055508564814815,10.0,True
2_39_139_28_2018-11-13 14:28:28.262479,57,348.42458614182516,0.0,0.0,0.0,False
2_39_139_28_2018-11-13 20:30:29.033054,40,101.7767242862057,2.0,0.9689865611025111,20.0,True
2_39_139_28_2018-11-14 01:21:53.757500,53,142.7256408939438,0.0,0.0,0.0,False
2_39_139_28_2018-11-14 02:31:03.647313,162,830.0744549541746,3.0,1.2160306154684097,19.0,True
2_39_139_28_2018-11-14 15:25:12.186881,101,317.4048023243913,1.0,0.37269826388888894,10.0,True
2_39_139_28_2018-11-15 03:10:07.551130,31,48.46959287330317,0.0,0.0,0.0,False
2_39_139_28_2018-11-15 15:46:25.159344,103,322.14393668235357,1.0,0.49191880952380956,10.0,True
2_39_139_28_2018-11-16 04:10:50.141096,90,587.500330405671,0.0,0.0,0.0,False
2_39_139_28_2018-11-16 14:32:50.514261,189,595.5621885233918,1.0,0.30223753909897283,5.0,True
2_39_139_28_2018-11-17 17:58:16.819147,104,713.3773064195651,0.0,0.0,0.0,False
2_39_139_28_2018-11-17 23:09:48.475902,82,536.4958198787409,0.0,0.0,0.0,False
2_39_139_28_2018-11-18 06:01:39.025850,88,308.4859464862666,0.0,0.0,0.0,False
2_39_139_28_2018-11-18 15:00:51.958384,72,140.80060462289035,2.0,0.6478654721055088,13.0,True
2_39_139_28_2018-11-18 17:23:34.904796,31,50.15400436016512,0.0,0.0,0.0,False
2_39_139_28_2018-11-18 20:59:35.702112,29,48.42885219421102,0.0,0.0,0.0,False
2_39_139_28_2018-11-19 15:31:39.236292,99,312.54239775910366,1.0,0.31914063316993463,8.0,True
2_39_139_28_2018-11-20 02:24:45.611333,104,698.745581231432,0.0,0.0,0.0,False
2_39_139_28_2018-11-20 15:42:44.939969,280,1655.4833548689785,0.0,0.0,0.0,False
2_39_139_28_2018-11-21 16:31:39.928391,109,413.26994577497663,2.0,2.6972528826252717,46.0,True
2_39_139_28_2018-11-22 03:47:17.597332,153,971.0509934990663,1.0,1.4512065277777777,19.0,True
2_39_139_28_2018-11-22 15:17:22.419203,72,139.68991168300653,2.0,6.269034874727668,36.0,True
2_39_139_28_2018-11-22 17:47:07.273890,211,688.9716661727849,3.0,12.528544882764509,90.0,True
2_39_139_28_2018-11-24 00:50:59.463214,30,56.17204219187675,0.0,0.0,0.0,False
2_39_139_28_2018-11-24 15:53:56.046485,29,54.47918426973354,0.0,0.0,0.0,False
2_39_139_28_2018-11-24 16:22:49.666506,252,852.5550067822743,4.0,14.986917971255753,80.0,True
2_39_139_28_2018-11-25 03:36:48.994866,107,368.21752043112116,3.0,4.166063567433383,47.0,True
2_39_139_28_2018-11-25 21:46:52.831624,32,57.66539299719888,0.0,0.0,0.0,False
2_39_139_28_2018-11-26 00:06:02.650198,105,337.80957691409895,2.0,6.62100557500778,64.0,True
2_39_139_28_2018-11-26 05:18:04.981776,55,307.8838728973641,0.0,0.0,0.0,False
2_39_139_28_2018-11-26 06:22:23.014132,92,325.4068655228758,2.0,1.1796321160130718,14.0,True
2_39_139_28_2018-11-26 16:20:12.128936,410,2469.5891061636653,0.0,0.0,0.0,False
2_39_139_28_2018-11-27 02:55:21.529233,26,44.33950093101343,0.0,0.0,0.0,False
2_39_139_28_2018-11-27 16:28:30.675824,139,326.8614077145077,0.0,0.0,0.0,False
2_39_139_28_2018-11-28 02:52:04.018958,73,153.86570084033613,2.0,1.6181951619622208,35.0,True
2_39_139_28_2018-11-28 05:48:49.739171,47,296.7502957613465,0.0,0.0,0.0,False
2_39_139_28_2018-11-28 16:35:55.622452,172,788.2144907024348,2.0,1.6078604073295988,48.0,True
2_39_139_28_2018-11-29 03:44:27.895297,482,3162.9022150804262,1.0,0.7800828472222222,21.0,True
2_39_139_28_2018-11-29 16:55:57.166473,131,359.33222761462395,3.0,0.339027998366013,5.0,True
2_39_139_28_2018-11-30 07:12:39.414534,49,309.5200356891002,0.0,0.0,0.0,False
2_39_139_28_2018-11-30 15:39:26.452580,148,922.6775168067227,1.0,0.9255901488095238,20.0,True
2_39_139_28_2019-03-01 00:47:29.724814,42,118.04665,1.0,0.27233993055555555,12.0,True
2_39_139_28_2019-03-01 02:36:58.674943,31,53.811087745098035,0.0,0.0,0.0,False
2_39_139_28_2019-03-01 05:54:04.846070,257,901.7589705204109,1.0,0.28550569444444446,8.0,True
2_39_139_28_2019-03-01 16:24:15.428931,160,732.1012926470588,2.0,1.786698102824463,47.0,True
2_39_139_28_2019-03-02 15:49:34.078769,80,443.47182499999997,1.0,0.8881766666666666,24.0,True
2_39_139_28_2019-03-02 17:39:26.939731,56,377.8898369047619,0.0,0.0,0.0,False
2_39_139_28_2019-03-02 21:08:53.808315,31,52.00813841036415,0.0,0.0,0.0,False
2_39_139_28_2019-03-03 00:28:33.455681,64,396.69635105042016,0.0,0.0,0.0,False
2_39_139_28_2019-03-03 21:36:47.931236,36,190.85632401960783,0.0,0.0,0.0,False
2_39_139_28_2019-03-03 22:38:36.181515,99,316.54535084033614,0.0,0.0,0.0,False
2_39_139_28_2019-03-04 16:25:54.318258,32,51.94691962901219,0.0,0.0,0.0,False
2_39_139_28_2019-03-04 22:17:50.278960,38,106.68646584249085,1.0,0.37462374007936505,11.0,True
2_39_139_28_2019-03-05 05:02:05.237244,42,147.80159702380953,0.0,0.0,0.0,False
2_39_139_28_2019-03-05 16:38:31.828019,89,280.15620797152195,1.0,0.30697048611111116,8.0,True
2_39_139_28_2019-03-06 01:53:12.780184,74,243.650458466207,0.0,0.0,0.0,False
2_39_139_28_2019-03-06 03:11:43.821930,31,53.509685784313724,0.0,0.0,0.0,False
2_39_139_28_2019-03-06 04:29:33.566803,32,204.9431916267556,0.0,0.0,0.0,False
2_39_139_28_2019-03-06 16:32:48.379865,31,101.61100906862745,0.0,0.0,0.0,False
2_39_139_28_2019-03-07 03:15:15.966548,262,913.7164723133076,1.0,0.3112478373015873,10.0,True
2_39_139_28_2019-03-07 16:24:42.880121,187,880.9597658002945,2.0,1.5802352940577937,52.0,True
2_39_139_28_2019-03-08 01:52:30.053166,31,51.51752380952381,0.0,0.0,0.0,False
2_39_139_28_2019-03-08 03:06:07.559300,31,52.734940010234865,0.0,0.0,0.0,False
2_39_139_28_2019-03-08 16:24:59.546017,113,406.6441668013359,2.0,1.6476432692307692,51.0,True
2_39_139_28_2019-03-09 06:04:33.879307,470,3123.3532785714283,1.0,0.8483840277777778,24.0,True
2_39_139_28_2019-03-09 18:20:33.008992,58,401.46097499999996,0.0,0.0,0.0,False
2_39_139_28_2019-03-09 22:26:34.727252,185,641.3275154627236,5.0,1.1704867994505492,15.0,True
2_39_139_28_2019-03-11 02:31:52.545435,411,2662.0364942845554,1.0,0.7619924999999997,19.0,True
2_39_139_28_2019-03-11 16:07:19.923097,84,262.5695571012321,1.0,0.2882176388888889,9.0,True
2_39_139_28_2019-03-12 01:35:38.645672,273,949.1304454484241,3.0,0.7143333234126985,11.0,True
2_39_139_28_2019-03-12 16:00:17.588460,130,394.38585744541405,0.0,0.0,0.0,False
2_39_139_28_2019-03-13 15:30:24.079606,180,837.2814598739495,3.0,1.9222540283613447,52.0,True
2_39_139_28_2019-03-13 23:43:46.258720,74,252.63059870816747,1.0,0.2750793055555556,5.0,True
2_39_139_28_2019-03-14 00:58:54.452849,260,893.5034247414351,2.0,0.5554884911208072,13.0,True
2_39_139_28_2019-03-14 15:27:29.815497,159,644.8173785667764,2.0,1.1824427861422346,50.0,True
2_39_139_28_2019-03-15 01:25:33.556675,32,52.651188725490194,0.0,0.0,0.0,False
2_39_139_28_2019-03-15 03:25:21.318298,76,516.2366666666667,0.0,0.0,0.0,False
2_39_139_28_2019-03-15 15:08:14.417871,61,224.59403911652072,2.0,0.8070662853119103,17.0,True
2_39_139_28_2019-03-16 02:18:21.355376,280,957.8502954481793,4.0,1.0509328472222221,17.0,True
2_39_139_28_2019-03-16 16:59:21.582724,77,476.0761903244631,0.0,0.0,0.0,False
2_39_139_28_2019-03-16 19:34:49.166944,73,233.20167785947712,0.0,0.0,0.0,False
2_39_139_28_2019-03-17 00:58:52.382627,84,282.34988685897434,1.0,0.17213729166666664,8.0,True
2_39_139_28_2019-03-17 16:37:20.692879,316,2113.797973844538,0.0,0.0,0.0,False
2_39_139_28_2019-03-17 22:30:37.809421,116,376.127718872549,3.0,0.6832299305555556,12.0,True
2_39_139_28_2019-03-18 05:39:10.764564,272,927.4293471638656,3.0,0.7897283864379084,15.0,True
2_39_139_28_2019-03-18 15:38:57.045284,76,213.51690416666668,2.0,0.7225730514705881,15.0,True
2_39_139_28_2019-03-18 23:33:25.880124,86,286.6500197098696,1.0,0.25741679738562095,5.0,True
2_39_139_28_2019-03-19 01:06:56.054303,77,474.88926246498596,0.0,0.0,0.0,False
2_39_139_28_2019-03-19 03:50:32.325090,274,942.9786713673582,7.0,1.6555672635983294,27.0,True
2_39_139_28_2019-03-19 15:46:57.511771,84,262.7979129120879,1.0,0.3354015865384615,8.0,True
2_39_139_28_2019-03-19 20:14:59.215826,20,55.41979779411765,1.0,0.20173875,6.0,True
2_39_139_28_2019-03-20 13:55:48.801223,74,238.30822034313726,0.0,0.0,0.0,False
2_39_139_28_2019-03-21 01:21:33.913043,44,111.3012875,2.0,1.106827013888889,21.0,True
2_39_139_28_2019-03-21 15:24:20.013613,85,259.3261336134454,2.0,0.657022679738562,17.0,True
2_39_139_28_2019-03-22 15:20:39.005511,182,804.2358645694175,1.0,1.5415095940170942,59.0,True
2_39_139_28_2019-03-23 02:36:04.782642,393,2627.4635224789913,1.0,0.8311343055555555,22.0,True
2_39_139_28_2019-03-24 15:48:47.989481,116,747.8351125,0.0,0.0,0.0,False
2_39_139_28_2019-03-24 23:01:25.413361,313,2049.254157936508,1.0,0.8404324305555555,21.0,True
2_39_139_28_2019-03-25 15:25:36.325260,184,832.9114946428572,2.0,1.6483889583333333,52.0,True
2_39_139_28_2019-03-26 01:08:29.843823,67,445.49572916666665,0.0,0.0,0.0,False
2_39_139_28_2019-03-26 04:23:49.458088,272,942.0061833333333,1.0,0.40737631944444447,12.0,True
2_39_139_28_2019-03-26 15:51:48.542593,103,635.3255742647059,1.0,0.6457893055555556,8.0,True
2_39_139_28_2019-03-26 20:21:37.490629,30,86.09286666666667,1.0,0.23128284722222225,6.0,True
2_39_139_28_2019-03-27 03:21:33.288978,87,589.453668452381,0.0,0.0,0.0,False
2_39_139_28_2019-03-27 15:24:48.052153,185,861.4147708333334,2.0,1.5188163888888884,47.0,True
2_39_139_28_2019-03-28 00:53:18.664017,100,648.6589387254902,0.0,0.0,0.0,False
2_39_139_28_2019-03-28 03:34:01.331077,59,204.00362369281046,1.0,0.2844767361111111,13.0,True
2_39_139_28_2019-03-28 05:47:09.192906,401,2639.5076999622925,1.0,0.8770189583333333,21.0,True
2_39_139_28_2019-03-29 01:28:41.779204,68,225.25354583333333,0.0,0.0,0.0,False
2_39_139_28_2019-03-29 15:26:25.309466,162,714.3963812091503,1.0,1.7791893750000003,60.0,True
2_39_139_28_2019-03-30 04:05:59.166110,97,318.92430833333333,0.0,0.0,0.0,False
2_39_139_28_2019-03-30 15:04:48.327204,133,452.8878625,1.0,0.37507999007936504,11.0,True
2_39_139_28_2019-04-01 02:34:04.961671,124,423.45774229691875,2.0,0.3460207434640522,8.0,True
2_39_139_28_2019-04-01 15:32:14.161521,86,267.76138543956046,1.0,0.3244626907814408,8.0,True
2_39_139_28_2019-04-01 20:50:26.570872,94,291.9063598039216,3.0,0.8644743750000001,22.0,True
2_39_139_28_2019-04-02 15:42:00.541559,95,299.09501348039214,1.0,0.26492152777777783,7.0,True
2_39_139_28_2019-04-02 20:13:31.389980,107,693.1796259453781,0.0,0.0,0.0,False
2_39_139_28_2019-04-02 23:05:00.625576,108,358.1171875,0.0,0.0,0.0,False
2_39_139_28_2019-04-03 01:27:23.993190,273,939.3301614262372,2.0,0.6531046527777777,15.0,True
2_39_139_28_2019-04-03 15:52:54.482803,89,280.54839803921567,1.0,0.3386683333333334,8.0,True
2_39_139_28_2019-04-04 15:31:28.950573,85,266.92683788515404,1.0,0.32489347222222226,8.0,True
2_39_139_28_2019-04-05 03:28:25.429567,79,497.22569305555555,0.0,0.0,0.0,False
2_39_139_28_2019-04-05 15:21:49.123303,91,288.10055416666665,1.0,0.3006036805555556,8.0,True
2_39_139_28_2019-04-06 02:00:40.028946,270,916.8557818627451,2.0,1.0454797671568627,20.0,True
2_39_139_28_2019-04-07 00:30:05.200842,276,1587.2205907446312,2.0,1.0369487499999999,28.0,True
2_39_139_28_2019-04-08 14:42:30.780049,295,1901.3534760981665,1.0,0.7541902083333334,17.0,True
2_39_139_28_2019-04-09 15:30:38.832150,86,372.2937625,1.0,1.2395295138888889,36.0,True
2_39_139_28_2019-04-10 15:42:35.374314,112,296.06925731792717,1.0,0.21709020833333337,5.0,True
2_39_139_28_2019-04-10 19:59:47.231309,61,121.51160098039216,2.0,0.6038703513071895,8.0,True
2_39_139_28_2019-04-11 15:27:12.860122,155,695.0351620098039,3.0,1.8882243627450979,45.0,True
2_39_139_28_2019-04-12 15:03:57.207595,72,277.8608187908497,1.0,1.0137227668845314,25.0,True
2_39_139_28_2019-04-13 02:19:47.089122,142,961.9175852124183,0.0,0.0,0.0,False
2_39_139_28_2019-04-13 09:38:14.812534,396,2654.9410240715983,1.0,0.7871480637254902,20.0,True
2_39_139_28_2019-04-14 03:18:01.714617,201,674.916075245098,1.0,0.3914486928104575,11.0,True
2_39_139_28_2019-04-14 18:09:01.036314,31,52.552302100840336,0.0,0.0,0.0,False
2_39_139_28_2019-04-16 15:23:45.030233,91,314.07030427170866,1.0,1.1636110515873017,41.0,True
2_39_139_28_2019-04-17 15:08:18.590283,47,124.72941028873088,2.0,0.7328045110608346,13.0,True
2_39_139_28_2019-04-17 22:59:09.515797,32,54.4460125,0.0,0.0,0.0,False
2_39_139_28_2019-04-18 01:33:13.972586,62,356.9396613636364,0.0,0.0,0.0,False
2_39_139_28_2019-04-18 15:44:33.137599,84,267.12164114145656,1.0,0.22563375000000002,6.0,True
2_39_139_28_2019-04-19 03:31:50.130677,76,514.4767880347594,0.0,0.0,0.0,False
2_39_139_28_2019-04-19 15:18:20.096678,91,289.7155565943044,1.0,0.22990993055555553,7.0,True
2_39_139_28_2019-04-20 02:54:43.227529,31,57.0672080882353,0.0,0.0,0.0,False
2_39_139_28_2019-04-20 17:19:18.234911,116,397.2257837121212,1.0,0.32815194444444445,10.0,True
2_39_139_28_2019-04-21 13:56:44.627240,57,106.79461838235294,2.0,0.7403449714052287,12.0,True
2_39_139_28_2019-04-21 20:24:42.285963,231,1559.8007329248367,0.0,0.0,0.0,False
2_39_139_28_2019-04-22 15:30:00.401983,212,739.1212053921569,3.0,1.4300990277777779,39.0,True
2_39_139_28_2019-04-23 02:31:22.535424,70,247.05251576797386,0.0,0.0,0.0,False
2_39_139_28_2019-04-23 15:30:07.145888,104,400.2470107142857,1.0,1.2759433333333334,42.0,True
2_39_139_28_2019-04-25 01:34:56.433139,46,250.4977850490196,0.0,0.0,0.0,False
2_39_139_28_2019-04-25 15:22:52.713652,25,49.8072625,1.0,0.8020713194444444,20.0,True
2_39_139_28_2019-04-25 21:21:20.867595,109,729.6747820261438,0.0,0.0,0.0,False
2_39_139_28_2019-04-26 01:05:10.876326,96,596.0538495098039,0.0,0.0,0.0,False
2_39_139_28_2019-04-26 03:23:02.252819,66,393.88425731792717,1.0,0.7248638888888888,12.0,True
2_39_139_28_2019-04-26 05:35:54.382976,272,938.1231005252101,2.0,0.5874199999999999,17.0,True
2_39_139_28_2019-04-26 15:15:54.586247,84,264.30830157563025,2.0,0.6100933333333334,7.0,True
2_39_139_28_2019-04-27 01:57:42.958775,31,49.74888480392157,0.0,0.0,0.0,False
2_39_139_28_2019-04-27 05:15:40.131842,220,700.0970431372549,1.0,0.25640763888888884,8.0,True
2_39_139_28_2019-04-27 17:51:25.590446,78,477.2606612745098,0.0,0.0,0.0,False
2_39_139_28_2019-04-27 23:52:12.011301,177,556.9403038515406,1.0,0.20198812499999996,7.0,True
2_39_139_28_2019-04-29 15:58:30.460908,32,51.13990833333333,0.0,0.0,0.0,False
2_39_139_28_2019-04-30 01:59:12.205364,84,555.4988474789916,0.0,0.0,0.0,False
2_39_139_28_2019-04-30 04:49:30.150012,52,166.15323491532976,0.0,0.0,0.0,False
2_39_139_28_2019-04-30 15:33:55.922148,168,601.2879198529412,1.0,0.2644888888888889,17.0,True
2_39_139_28_2019-05-01 01:40:46.205473,72,430.122975,1.0,0.5460382638888889,7.0,True
2_39_139_28_2019-05-01 23:38:44.276748,77,263.34898455882353,0.0,0.0,0.0,False
2_39_139_28_2019-05-02 15:30:41.751896,179,850.778950428768,2.0,1.7491216509717924,47.0,True
2_39_139_28_2019-05-04 03:56:47.408643,463,3111.2670161764704,1.0,0.7754872916666667,20.0,True
2_39_139_28_2019-05-05 08:42:32.827468,103,355.4272772058824,0.0,0.0,0.0,False
2_39_139_28_2019-05-05 22:54:54.882183,97,281.7043370098039,2.0,0.6103066135620915,9.0,True
2_39_139_28_2019-05-06 16:06:19.825120,73,222.59686533613447,0.0,0.0,0.0,False
2_39_139_28_2019-05-07 03:09:12.700904,50,301.44698005050503,1.0,0.6854321064814815,9.0,True
2_39_139_28_2019-05-07 15:28:25.040499,208,767.3983490196078,2.0,1.0955572426470588,28.0,True
2_39_139_28_2019-05-08 03:21:36.901233,72,425.1518857843137,1.0,0.7601664583333334,15.0,True
2_39_139_28_2019-05-08 05:39:55.935884,30,51.20923333333333,0.0,0.0,0.0,False
2_39_139_28_2019-05-08 15:37:08.804899,89,281.81549184981685,1.0,0.29020493055555563,7.0,True
2_39_139_28_2019-05-09 05:01:34.038650,101,311.20776507936506,1.0,0.290949375,9.0,True
2_39_139_28_2019-05-10 01:49:22.989082,31,51.33429527310924,0.0,0.0,0.0,False
2_39_139_28_2019-05-10 03:28:37.353195,86,453.62497263071896,0.0,0.0,0.0,False
2_39_139_28_2019-05-10 14:08:15.889810,109,686.3466193181818,1.0,0.6462199305555556,15.0,True
2_39_139_28_2019-05-11 14:52:19.532341,83,469.1838696078431,1.0,0.9565591870915032,22.0,True
2_39_139_28_2019-05-11 17:24:57.540567,76,476.45974607843135,0.0,0.0,0.0,False
2_39_139_28_2019-05-12 19:36:37.953550,269,939.7700628851541,2.0,0.5015021527777777,11.0,True
2_39_139_28_2019-05-13 14:08:30.028023,246,1595.5723776642474,1.0,0.8403027532679739,17.0,True
2_39_139_28_2019-05-14 01:07:27.102427,79,477.4542711601307,0.0,0.0,0.0,False
2_39_139_28_2019-05-14 04:44:11.107978,224,708.7033571078431,1.0,0.2655760866013072,9.0,True
2_39_139_28_2019-05-16 06:54:32.086138,489,3168.34431685251,1.0,0.7505400694444444,19.0,True
2_39_139_28_2019-05-17 03:24:25.412102,82,563.7791665849672,0.0,0.0,0.0,False
2_39_139_28_2019-05-17 15:18:16.728800,152,749.7035660714286,2.0,1.4184284027777778,30.0,True
2_39_139_28_2019-05-18 00:29:38.615494,143,439.6715031862745,1.0,0.423684554738562,12.0,True
2_39_139_28_2019-05-18 15:10:35.112528,120,738.3914671218487,0.0,0.0,0.0,False
2_39_139_28_2019-05-19 16:50:39.972117,246,860.6242129551821,4.0,1.1166063316993462,17.0,True
2_39_139_28_2019-05-19 22:58:00.204485,115,758.9790814174387,0.0,0.0,0.0,False
2_39_139_28_2019-05-20 14:28:31.912396,154,989.6277932422969,1.0,0.7967827083333333,16.0,True
2_39_139_28_2019-05-21 01:10:04.466161,76,476.12366740196074,0.0,0.0,0.0,False
2_39_139_28_2019-05-21 04:36:26.058298,224,713.4578598039216,1.0,0.2089117361111111,8.0,True
2_39_139_28_2019-05-22 14:13:08.780244,129,825.6064215767076,1.0,0.6709839583333332,7.0,True
2_39_139_28_2019-05-23 01:35:36.407581,80,330.4273941876751,2.0,1.142472638888889,24.0,True
2_39_139_28_2019-05-23 15:18:52.656229,31,53.64841911764706,0.0,0.0,0.0,False
2_39_139_28_2019-05-23 19:06:03.431899,31,54.02644387254902,0.0,0.0,0.0,False
2_39_139_28_2019-05-23 20:20:32.192160,31,53.03895416666667,0.0,0.0,0.0,False
2_39_139_28_2019-05-23 22:45:36.757414,65,206.74549940476192,0.0,0.0,0.0,False
2_39_139_28_2019-05-24 01:12:59.981601,91,294.6486668767507,2.0,0.8269808496732025,21.0,True
2_39_139_28_2019-05-24 15:28:03.555070,92,292.87180416666666,1.0,0.2778882638888889,7.0,True
2_39_139_28_2019-05-25 19:44:55.020712,42,135.84047916666665,1.0,0.2914196527777778,8.0,True
2_39_139_28_2019-05-26 21:08:30.823023,57,186.37676351540617,0.0,0.0,0.0,False
2_39_139_28_2019-05-27 00:14:54.477838,31,54.73419436274509,0.0,0.0,0.0,False
2_39_139_28_2019-05-27 06:12:55.092767,31,51.887950980392155,0.0,0.0,0.0,False
2_39_139_28_2019-05-27 19:55:12.276202,50,160.90496715686274,0.0,0.0,0.0,False
2_39_139_28_2019-05-28 01:22:40.607361,222,703.9615349906629,1.0,0.3032260416666667,10.0,True
2_39_139_28_2019-05-29 03:20:49.218304,75,448.60703235294113,1.0,0.5727811560457515,8.0,True
2_39_139_28_2019-05-29 14:08:08.460453,109,677.7551160364145,1.0,0.7419320138888889,17.0,True
2_39_139_28_2019-05-30 01:24:46.684799,82,289.43127794117646,2.0,0.4532809722222222,15.0,True
2_39_139_28_2019-05-30 04:12:37.823952,204,715.2085625,3.0,1.8643352777777773,43.0,True
2_39_139_28_2019-05-30 15:43:49.564635,100,284.36413749999997,1.0,1.2080449305555556,48.0,True
2_39_139_28_2019-05-30 22:59:43.843070,32,52.02662130018674,0.0,0.0,0.0,False
2_39_139_28_2019-05-31 14:50:52.987379,113,503.3312095238095,2.0,1.3255917361111111,33.0,True
2_39_139_28_2019-05-31 22:41:51.375865,74,480.0649014705882,0.0,0.0,0.0,False
2_39_139_28_2019-08-01 01:36:05.125022,31,57.51304523809524,0.0,0.0,0.0,False
2_39_139_28_2019-08-01 12:56:46.337887,91,296.0181200980392,0.0,0.0,0.0,False
2_39_139_28_2019-08-01 15:16:51.737869,47,154.16246165966388,2.0,0.6661382638888889,9.0,True
2_39_139_28_2019-08-02 01:50:59.513367,116,406.67582230392156,3.0,1.6066358782679737,34.0,True
2_39_139_28_2019-08-02 07:04:59.670954,190,1170.2688172619048,0.0,0.0,0.0,False
2_39_139_28_2019-08-02 15:40:50.188088,91,293.6918793067227,1.0,0.6227162599206348,9.0,True
2_39_139_28_2019-08-03 02:38:02.456175,67,220.847575,0.0,0.0,0.0,False
2_39_139_28_2019-08-03 17:25:07.661300,30,49.94947062594268,0.0,0.0,0.0,False
2_39_139_28_2019-08-04 02:17:49.696349,42,185.57069464285715,1.0,0.6805934027777778,12.0,True
2_39_139_28_2019-08-04 17:22:25.529937,64,214.92267083333334,3.0,1.1666725694444442,21.0,True
2_39_139_28_2019-08-04 22:06:40.716252,92,323.4009740196078,2.0,1.4173360580065357,48.0,True
2_39_139_28_2019-08-05 04:55:23.732024,194,672.0283839869281,2.0,3.1412708169934636,92.0,True
2_39_139_28_2019-08-05 15:43:34.330527,85,266.3789587184874,1.0,0.32681803279645194,8.0,True
2_39_139_28_2019-08-05 20:18:38.075280,47,113.84478214285714,2.0,0.5348325694444445,12.0,True
2_39_139_28_2019-08-06 16:07:08.805540,80,252.8708523567119,1.0,0.28846187500000003,7.0,True
2_39_139_28_2019-08-07 01:35:51.193852,95,324.2531420518207,2.0,1.5131890908029875,51.0,True
2_39_139_28_2019-08-07 16:18:14.464013,89,279.59467246462685,3.0,0.35712159722222225,6.0,True
2_39_139_28_2019-08-08 15:33:18.672334,127,663.9992286044541,0.0,0.0,0.0,False
2_39_139_28_2019-08-09 15:36:35.217462,92,294.728315167654,0.0,0.0,0.0,False
2_39_139_28_2019-08-09 20:04:09.653246,34,84.97989727026966,2.0,0.43313875148006065,8.0,True
2_39_139_28_2019-08-10 02:47:25.479383,31,53.53090612745098,0.0,0.0,0.0,False
2_39_139_28_2019-08-10 15:15:49.609560,52,136.6835791623667,2.0,0.8552105015909872,16.0,True
2_39_139_28_2019-08-11 15:06:09.852398,83,165.399325,1.0,0.26178347222222226,7.0,True
2_39_139_28_2019-08-11 18:12:33.717466,184,557.4850833333334,3.0,0.5794497222222222,8.0,True
2_39_139_28_2019-08-12 13:34:55.947414,31,172.82581666666667,0.0,0.0,0.0,False
2_39_139_28_2019-08-12 15:31:10.827197,84,268.7414101190476,1.0,0.17137673611111115,5.0,True
2_39_139_28_2019-08-12 19:35:30.175489,83,276.3755791666667,2.0,1.4922616666666666,37.0,True
2_39_139_28_2019-08-13 01:43:18.139372,66,142.9438212121212,1.0,0.3155164583333333,5.0,True
2_39_139_28_2019-08-13 04:36:17.811655,46,148.8319013888889,0.0,0.0,0.0,False
2_39_139_28_2019-08-14 13:38:36.388468,24,103.40435932539683,0.0,0.0,0.0,False
2_39_139_28_2019-08-14 15:35:41.926492,93,285.89658333333335,2.0,1.6877136805555555,43.0,True
2_39_139_28_2019-08-15 07:07:28.618042,387,2453.1101535358002,1.0,0.7664668532135077,17.0,True
2_39_139_28_2019-08-15 21:20:10.660290,25,158.4341,0.0,0.0,0.0,False
2_39_139_28_2019-08-16 04:37:43.504239,130,412.016475,1.0,0.1956409722222222,6.0,True
2_39_139_28_2019-08-17 02:22:01.659975,66,140.90538651960784,0.0,0.0,0.0,False
2_39_139_28_2019-08-17 15:17:53.225627,79,269.3066754901961,0.0,0.0,0.0,False
2_39_139_28_2019-08-17 21:46:42.022627,65,213.00108988095238,0.0,0.0,0.0,False
2_39_139_28_2019-08-18 19:41:08.478904,323,2167.6436926470587,0.0,0.0,0.0,False
2_39_139_28_2019-08-19 03:06:05.135400,67,226.1709131302521,3.0,0.6348948908730158,10.0,True
2_39_139_28_2019-08-19 15:34:41.201327,229,764.9100140406163,5.0,1.861452529178338,25.0,True
2_39_139_28_2019-08-20 02:18:47.644981,65,137.7227450980392,1.0,0.3569254901960785,5.0,True
2_39_139_28_2019-08-20 14:38:00.056767,225,1465.1240839985994,1.0,0.8773144444444443,15.0,True
2_39_139_28_2019-08-21 15:31:55.046468,92,357.3264595238095,1.0,1.2292284027777776,29.0,True
2_39_139_28_2019-08-22 02:31:39.546229,149,523.7706276292336,5.0,1.799497058823529,28.0,True
2_39_139_28_2019-08-22 15:21:55.705478,99,588.759243977591,0.0,0.0,0.0,False
2_39_139_28_2019-08-23 00:47:42.888326,67,353.4741961834734,1.0,0.7264342162698412,16.0,True
2_39_139_28_2019-08-23 03:22:40.974848,443,2832.9135701097107,4.0,1.332350625,15.0,True
2_39_139_28_2019-08-24 02:34:35.967133,66,139.921275,0.0,0.0,0.0,False
2_39_139_28_2019-08-24 04:08:28.834351,31,50.7489125,0.0,0.0,0.0,False
2_39_139_28_2019-08-24 15:17:35.077675,45,115.54800416666666,2.0,0.8320370138888888,16.0,True
2_39_139_28_2019-08-24 17:19:13.339460,89,570.1381769607843,1.0,0.4857439583333334,9.0,True
2_39_139_28_2019-08-24 22:16:40.738956,31,52.010983333333336,0.0,0.0,0.0,False
2_39_139_28_2019-08-25 16:44:51.786399,137,456.490743767507,3.0,2.085821662581699,40.0,True
2_39_139_28_2019-08-26 15:20:20.477345,533,3289.822970409982,3.0,2.248534464869281,30.0,True
2_39_139_28_2019-08-27 15:37:59.814663,91,294.4374178921569,0.0,0.0,0.0,False
2_39_139_28_2019-08-28 15:07:46.929187,204,787.527942651973,0.0,0.0,0.0,False
2_39_139_28_2019-08-29 04:44:17.441447,33,96.29946856060606,1.0,0.21447993055555556,6.0,True
2_39_139_28_2019-08-30 00:48:38.099077,32,53.5786,0.0,0.0,0.0,False
2_39_139_28_2019-08-30 15:21:29.484924,89,266.04392401960786,2.0,0.5583761437908498,11.0,True
2_39_139_28_2019-08-30 20:12:15.127660,42,104.28936704545454,2.0,0.5209367361111111,13.0,True
2_39_139_28_2019-08-31 09:03:14.861119,389,2440.609542401961,2.0,0.9278865277777778,17.0,True
2_39_139_28_2019-10-01 20:27:57.513126,77,248.48052797619047,5.0,1.0346795833333333,8.0,True
2_39_139_28_2019-10-02 02:06:31.852026,459,3066.388423634454,1.0,0.7850877777777777,19.0,True
2_39_139_28_2019-10-03 01:38:10.732667,57,264.9281232843137,1.0,0.8729251919934639,23.0,True
2_39_139_28_2019-10-03 04:52:37.365150,105,314.2107363795518,1.0,0.26904416666666664,9.0,True
2_39_139_28_2019-10-04 03:22:50.177433,86,582.5685007352942,0.0,0.0,0.0,False
2_39_139_28_2019-10-04 14:22:14.460276,56,155.82312268907563,2.0,0.8172520138888888,15.0,True
2_39_139_28_2019-10-04 21:12:00.204726,77,246.99854852941175,5.0,1.1474953390522873,16.0,True
2_39_139_28_2019-10-05 16:40:20.938531,74,250.90860049019608,1.0,0.25440444444444443,5.0,True
2_39_139_28_2019-10-07 00:52:16.312997,227,714.2064637254902,1.0,0.34487111111111113,10.0,True
2_39_139_28_2019-10-09 03:26:48.413768,86,596.7103365196078,0.0,0.0,0.0,False
2_39_139_28_2019-10-09 15:35:30.888906,81,274.7333651610644,2.0,1.503121572712418,33.0,True
2_39_139_28_2019-10-10 04:42:58.512471,251,888.9000596153846,4.0,4.287530902777777,138.0,True
2_39_139_28_2019-10-11 03:23:30.015263,83,521.5183197829132,0.0,0.0,0.0,False
2_39_139_28_2019-10-11 05:07:08.410919,153,535.325862640056,1.0,1.0356090277777776,50.0,True
2_39_139_28_2019-10-12 16:09:17.828944,32,53.856675,0.0,0.0,0.0,False
2_39_139_28_2019-10-12 20:36:44.496191,205,716.0264041666667,2.0,0.9983581944444445,36.0,True
2_39_139_28_2019-10-13 02:17:48.340235,47,151.82004534313725,0.0,0.0,0.0,False
2_39_139_28_2019-10-13 17:19:25.954333,118,717.3162255602241,1.0,0.18662702380952378,5.0,True
2_39_139_28_2019-10-13 23:05:18.725860,117,536.1598284313725,0.0,0.0,0.0,False
2_39_139_28_2019-10-14 03:58:48.493763,141,851.7974011554621,1.0,1.0506581944444444,24.0,True
2_39_139_28_2019-10-15 01:15:11.867008,90,609.9872686274509,0.0,0.0,0.0,False
2_39_139_28_2019-10-16 05:40:08.078353,285,953.1253398908282,3.0,6.319661370409274,153.0,True
2_39_139_28_2019-10-16 15:37:48.331657,97,323.62516848290596,2.0,1.9296999999999997,53.0,True
2_39_139_28_2019-10-17 01:26:22.008494,112,613.4073671568627,1.0,0.9112063848039215,22.0,True
2_39_139_28_2019-10-17 15:57:06.359799,81,268.3256427633641,4.0,1.4837052243589741,16.0,True
2_39_139_28_2019-10-18 05:53:34.901424,31,61.045,0.0,0.0,0.0,False
2_39_139_28_2019-10-18 15:11:30.892531,101,435.51610996732023,1.0,1.0560965114379082,35.0,True
2_39_139_28_2019-10-19 19:16:49.055007,221,774.4406138538749,4.0,1.1895456944444442,19.0,True
2_39_139_28_2019-10-20 18:25:39.041086,130,795.24585,0.0,0.0,0.0,False
2_39_139_28_2019-10-21 05:21:26.473257,529,3492.4692258636787,1.0,0.8471307638888889,21.0,True
2_39_139_28_2019-10-22 01:59:13.371302,61,303.67217537878787,1.0,0.8863832638888888,22.0,True
2_39_139_28_2019-10-22 04:26:16.212965,442,2890.408453513072,1.0,0.7554304861111112,19.0,True
2_39_139_28_2019-10-23 01:29:31.124726,137,475.29173214285714,1.0,0.28838937499999995,14.0,True
2_39_139_28_2019-10-23 15:46:56.795425,257,874.6315856209151,7.0,3.873109900599128,95.0,True
2_39_139_28_2019-10-24 01:44:08.741322,58,293.327925,1.0,0.8431713194444445,20.0,True
2_39_139_28_2019-10-25 02:09:02.656411,51,311.6105988095238,0.0,0.0,0.0,False
2_39_139_28_2019-10-25 04:25:15.653506,202,716.5027291666667,2.0,0.936145486111111,39.0,True
2_39_139_28_2019-10-25 15:42:43.699321,284,964.2595303804856,9.0,3.646546054505135,33.0,True
2_39_139_28_2019-10-25 21:27:20.942252,158,1074.6796505718953,0.0,0.0,0.0,False
2_39_139_28_2019-10-26 00:04:23.049896,166,1066.076367218729,0.0,0.0,0.0,False
2_39_139_28_2019-10-26 04:44:37.675866,70,210.36330318627452,1.0,0.22040819444444443,7.0,True
2_39_139_28_2019-10-26 21:00:59.812146,107,378.6291904761905,3.0,0.5909803472222221,15.0,True
2_39_139_28_2019-10-27 00:45:48.959089,30,51.230979166666664,0.0,0.0,0.0,False
2_39_139_28_2019-10-27 15:12:49.851197,173,1183.8743012254902,0.0,0.0,0.0,False
2_39_139_28_2019-10-27 18:11:56.219233,69,412.71031666666664,0.0,0.0,0.0,False
2_39_139_28_2019-10-28 01:10:26.512404,188,1253.5707218756734,0.0,0.0,0.0,False
2_39_139_28_2019-10-28 15:09:59.979671,104,359.322096474359,4.0,1.6909307532051283,23.0,True
2_39_139_28_2019-10-29 01:53:55.176849,102,699.2044625,0.0,0.0,0.0,False
2_39_139_28_2019-10-30 01:50:32.929479,104,720.6509725705195,0.0,0.0,0.0,False
2_39_139_28_2019-10-30 15:28:38.250442,27,56.32807916666667,1.0,0.46249763888888884,13.0,True
2_39_139_28_2019-10-31 01:28:48.255872,107,458.07643333333334,1.0,1.2562505555555556,35.0,True
2_39_139_28_2019-10-31 15:20:52.663685,86,277.79812843137256,1.0,0.19619433823529414,5.0,True
2_39_139_567_2018-11-06 18:30:02.860662,68,191.39569191176471,2.0,0.8665841789215685,16.0,True
2_39_139_567_2018-11-12 17:44:21.159063,32,54.04901661076711,0.0,0.0,0.0,False
2_39_139_567_2018-11-14 19:27:03.196551,253,1585.7880546447188,0.0,0.0,0.0,False
2_39_139_567_2018-11-15 17:33:52.416831,179,1171.7837825028257,0.0,0.0,0.0,False
2_39_139_567_2018-11-25 19:35:59.341514,275,1859.9094084255698,0.0,0.0,0.0,False
2_39_139_567_2018-11-27 18:11:29.199884,257,666.40458000888,0.0,0.0,0.0,False
2_39_139_567_2018-11-28 19:44:39.975610,69,137.22991915731328,1.0,0.3544353472222222,11.0,True
2_39_139_567_2018-11-29 16:32:32.592549,84,258.0400784017453,1.0,1.3892026324696547,46.0,True
2_39_139_567_2019-03-29 16:48:43.958086,32,51.980175,0.0,0.0,0.0,False
2_39_139_567_2019-04-09 18:30:12.060969,169,524.6654651960785,4.0,0.7736504166666667,14.0,True
2_39_139_567_2019-04-17 19:59:35.142904,39,125.84443592436975,0.0,0.0,0.0,False
2_39_139_567_2019-04-17 21:33:57.856025,134,858.2190262254902,1.0,0.5882013888888888,7.0,True
2_39_139_567_2019-04-24 16:00:35.943073,31,53.5263375,0.0,0.0,0.0,False
2_39_139_567_2019-04-24 19:01:48.306978,31,45.813404166666665,1.0,0.13615347222222218,7.0,True
2_39_139_567_2019-05-13 19:43:11.531976,46,136.99508059425526,2.0,1.0842928690087146,22.0,True
2_39_78_360_2018-11-02 14:04:11.171506,202,1058.0685943808478,0.0,0.0,0.0,False
2_39_78_360_2018-11-05 04:03:34.351526,89,181.97962723029502,0.0,0.0,0.0,False
2_39_78_360_2018-11-10 06:44:06.698318,43,111.54919841435962,0.0,0.0,0.0,False
2_39_78_360_2018-11-10 20:50:44.444077,32,51.50699511152659,0.0,0.0,0.0,False
2_39_78_360_2018-11-12 16:23:43.421561,61,95.94780548534314,0.0,0.0,0.0,False
2_39_78_360_2018-11-13 18:23:50.596018,135,371.86209432281663,0.0,0.0,0.0,False
2_39_78_360_2018-11-14 16:31:33.607866,32,52.27406743669186,0.0,0.0,0.0,False
2_39_78_360_2018-11-15 16:54:35.005652,219,357.2534407768845,0.0,0.0,0.0,False
2_39_78_360_2018-11-16 15:35:59.084853,182,595.7340276042876,0.0,0.0,0.0,False
2_39_78_360_2018-11-16 21:13:54.284637,33,60.45713923518942,0.0,0.0,0.0,False
2_39_78_360_2018-11-19 15:28:25.308321,464,2044.5227643371675,0.0,0.0,0.0,False
2_39_78_360_2018-11-20 17:13:10.703182,156,437.86373338984,0.0,0.0,0.0,False
2_39_78_360_2018-11-26 16:27:37.812262,110,297.6423483250834,0.0,0.0,0.0,False
2_39_78_360_2018-11-26 21:31:32.472031,51,91.62622432804169,0.0,0.0,0.0,False
2_39_78_360_2018-11-27 16:39:04.571810,548,1458.3187259577007,0.0,0.0,0.0,False
2_39_78_360_2018-11-28 16:58:30.606205,158,336.84444934164907,0.0,0.0,0.0,False
2_39_78_360_2018-11-29 17:04:07.155553,200,769.1357421724168,0.0,0.0,0.0,False
2_39_78_360_2018-11-30 18:22:53.848729,136,668.9389126999605,0.0,0.0,0.0,False
2_39_78_360_2019-03-01 17:01:34.600788,330,1859.2353896304007,0.0,0.0,0.0,False
2_39_78_360_2019-03-03 18:28:23.838534,31,52.966182915635116,0.0,0.0,0.0,False
2_39_78_360_2019-03-04 20:11:15.042878,286,1604.1977119844296,0.0,0.0,0.0,False
2_39_78_360_2019-03-05 18:22:15.939445,126,708.5283244567489,0.0,0.0,0.0,False
2_39_78_360_2019-03-06 17:17:38.375590,31,204.0983714890394,0.0,0.0,0.0,False
2_39_78_360_2019-03-07 22:29:13.508517,90,475.3532661607079,0.0,0.0,0.0,False
2_39_78_360_2019-03-08 00:20:02.688734,31,53.94238138239503,0.0,0.0,0.0,False
2_39_78_360_2019-03-08 20:27:42.716684,108,326.45819401976195,0.0,0.0,0.0,False
2_39_78_360_2019-03-12 15:54:34.897645,44,288.68772442911916,0.0,0.0,0.0,False
2_39_78_360_2019-03-13 20:24:20.033354,32,53.06314837114129,0.0,0.0,0.0,False
2_39_78_360_2019-03-14 19:50:01.286957,132,398.8732983357515,0.0,0.0,0.0,False
2_39_78_360_2019-03-15 16:11:51.863209,101,622.289409109913,0.0,0.0,0.0,False
2_39_78_360_2019-03-20 19:29:30.355648,28,76.23088954688683,0.0,0.0,0.0,False
2_39_78_360_2019-03-21 17:12:42.087343,72,426.86689749464796,0.0,0.0,0.0,False
2_39_78_360_2019-03-22 15:59:10.794019,238,1352.4635689386591,0.0,0.0,0.0,False
2_39_78_360_2019-03-26 16:13:21.843466,204,1234.5995696537964,0.0,0.0,0.0,False
2_39_78_360_2019-03-27 19:29:16.067960,96,271.357259978216,0.0,0.0,0.0,False
2_39_78_360_2019-03-28 16:01:04.773168,146,809.492977840285,0.0,0.0,0.0,False
2_39_78_360_2019-04-02 18:12:36.171476,32,50.32611160734278,0.0,0.0,0.0,False
2_39_78_360_2019-04-02 19:34:32.524331,32,49.41354343323363,0.0,0.0,0.0,False
2_39_78_360_2019-04-02 23:35:33.281448,31,48.77476186999199,0.0,0.0,0.0,False
2_39_78_360_2019-04-04 16:20:30.762860,85,474.31418519218124,0.0,0.0,0.0,False
2_39_78_360_2019-04-04 19:06:00.011874,31,52.93787370234623,0.0,0.0,0.0,False
2_39_78_360_2019-04-04 20:58:45.226282,31,53.85463841328751,0.0,0.0,0.0,False
2_39_78_360_2019-04-04 21:48:21.698236,31,53.4808702174842,0.0,0.0,0.0,False
2_39_78_360_2019-04-05 17:07:27.698587,108,592.9947131779667,0.0,0.0,0.0,False
2_39_78_360_2019-04-05 20:10:55.895995,31,48.247180889665536,0.0,0.0,0.0,False
2_39_78_360_2019-04-10 16:20:59.576683,80,208.9477432802621,0.0,0.0,0.0,False
2_39_78_360_2019-04-10 19:25:15.569778,91,230.71534555346503,0.0,0.0,0.0,False
2_39_78_360_2019-04-12 19:24:51.702716,119,392.5898147404238,0.0,0.0,0.0,False
2_39_78_360_2019-04-16 16:23:31.829208,255,588.6827640140539,0.0,0.0,0.0,False
2_39_78_360_2019-04-17 17:04:00.078760,121,258.23146431110234,0.0,0.0,0.0,False
2_39_78_360_2019-04-18 20:06:35.418810,222,1462.315492065382,0.0,0.0,0.0,False
2_39_78_360_2019-04-19 17:57:07.495307,155,442.6491389856763,0.0,0.0,0.0,False
2_39_78_360_2019-04-22 16:14:57.620491,103,298.54193504882426,0.0,0.0,0.0,False
2_39_78_360_2019-04-23 17:26:41.573954,128,585.1146518698666,0.0,0.0,0.0,False
2_39_78_360_2019-04-24 16:31:34.892624,44,216.18358248923937,0.0,0.0,0.0,False
2_39_78_360_2019-04-25 16:27:00.829040,209,952.2317199553299,0.0,0.0,0.0,False
2_39_78_360_2019-04-26 19:36:59.392041,71,216.02078882481536,0.0,0.0,0.0,False
2_39_78_360_2019-04-27 17:34:14.642845,125,724.1138589823394,0.0,0.0,0.0,False
2_39_78_360_2019-04-29 15:51:02.011368,31,46.84929972050188,0.0,0.0,0.0,False
2_39_78_360_2019-04-30 17:12:19.534977,80,129.41318464498048,0.0,0.0,0.0,False
2_39_78_360_2019-05-01 16:13:17.462183,69,207.89476535643934,0.0,0.0,0.0,False
2_39_78_360_2019-05-06 19:29:40.920822,124,389.00893424491375,0.0,0.0,0.0,False
2_39_78_360_2019-05-07 16:14:54.511520,48,213.78177959016443,0.0,0.0,0.0,False
2_39_78_360_2019-05-08 16:38:09.827802,83,226.9452832176953,0.0,0.0,0.0,False
2_39_78_360_2019-05-08 18:39:30.726295,32,57.39609564941553,0.0,0.0,0.0,False
2_39_78_360_2019-05-08 20:01:26.188298,33,57.14604691261087,0.0,0.0,0.0,False
2_39_78_360_2019-05-09 17:25:00.791439,217,958.2292970617524,0.0,0.0,0.0,False
2_39_78_360_2019-05-10 18:02:02.360273,256,902.2830162536793,0.0,0.0,0.0,False
2_39_78_360_2019-05-13 17:37:25.092447,33,55.19261156797184,0.0,0.0,0.0,False
2_39_78_360_2019-05-13 20:08:26.690475,31,52.22211533404192,0.0,0.0,0.0,False
2_39_78_360_2019-05-14 16:56:27.462809,122,367.17339187671246,0.0,0.0,0.0,False
2_39_78_360_2019-05-15 16:52:39.400554,143,492.843695209774,0.0,0.0,0.0,False
2_39_78_360_2019-05-16 18:29:15.339242,110,353.56524604637644,0.0,0.0,0.0,False
2_39_78_360_2019-05-17 19:09:34.424708,139,854.937087037874,0.0,0.0,0.0,False
2_39_78_360_2019-05-22 16:12:43.794673,125,793.4128776451872,0.0,0.0,0.0,False
2_39_78_360_2019-05-23 18:20:11.964485,150,683.0852518544037,0.0,0.0,0.0,False
2_39_78_360_2019-05-28 16:20:27.416927,31,55.76477748114953,0.0,0.0,0.0,False
2_39_78_360_2019-05-28 17:28:06.852484,32,57.74573777416938,0.0,0.0,0.0,False
2_39_78_360_2019-05-29 17:17:55.928282,136,685.8748961481986,0.0,0.0,0.0,False
2_39_78_360_2019-05-30 17:54:24.041844,249,650.8529658338854,0.0,0.0,0.0,False
2_39_78_360_2019-05-31 17:39:15.993878,31,56.046829625461065,0.0,0.0,0.0,False
2_39_78_360_2019-05-31 22:26:38.722885,94,223.5273453418392,0.0,0.0,0.0,False
2_39_78_360_2019-08-01 18:36:33.076553,20,32.8692419966433,0.0,0.0,0.0,False
2_39_78_360_2019-08-02 18:21:29.947385,338,1716.3514530639857,0.0,0.0,0.0,False
2_39_78_360_2019-08-07 17:48:01.285660,172,1013.2010884888753,0.0,0.0,0.0,False
2_39_78_360_2019-08-08 20:00:02.916101,113,633.8639974362382,0.0,0.0,0.0,False
2_39_78_360_2019-08-08 22:15:46.370583,176,1152.7263449652705,0.0,0.0,0.0,False
2_39_78_360_2019-08-09 18:14:08.571502,33,50.66359371797656,0.0,0.0,0.0,False
2_39_78_360_2019-08-12 17:29:45.047132,72,408.467061696518,0.0,0.0,0.0,False
2_39_78_360_2019-08-12 21:31:46.624239,174,1018.6272945354665,0.0,0.0,0.0,False
2_39_78_360_2019-08-13 17:58:02.745657,2,3.269812,0.0,0.0,0.0,False
2_39_78_360_2019-08-15 15:57:52.242667,106,659.9894926830052,0.0,0.0,0.0,False
2_39_78_360_2019-08-16 17:05:46.003002,32,56.603405853979964,0.0,0.0,0.0,False
2_39_78_360_2019-08-19 19:55:17.099897,260,1519.6389958273114,0.0,0.0,0.0,False
2_39_78_360_2019-08-20 20:52:35.696513,61,204.1096971370114,0.0,0.0,0.0,False
2_39_78_360_2019-08-21 15:48:44.549313,419,1498.6753299914583,0.0,0.0,0.0,False
2_39_78_360_2019-08-22 15:57:18.193817,148,809.102327191609,0.0,0.0,0.0,False
2_39_78_360_2019-08-27 18:14:11.832518,128,351.65649434771996,0.0,0.0,0.0,False
2_39_78_360_2019-08-27 21:37:21.265572,32,50.95380517883979,0.0,0.0,0.0,False
2_39_78_360_2019-08-27 22:34:34.169290,31,50.31772301082982,0.0,0.0,0.0,False
2_39_78_360_2019-08-28 16:08:48.017300,232,531.6519502452584,0.0,0.0,0.0,False
2_39_78_360_2019-08-29 17:30:37.241514,111,629.2158097972526,0.0,0.0,0.0,False
2_39_78_360_2019-10-01 18:39:47.128244,171,278.26111492612324,0.0,0.0,0.0,False
2_39_78_360_2019-10-02 16:20:05.373908,238,1129.6222370615178,0.0,0.0,0.0,False
2_39_78_360_2019-10-03 17:05:49.429887,121,695.9221423283807,0.0,0.0,0.0,False
2_39_78_360_2019-10-07 18:04:42.136324,296,606.2398852475701,0.0,0.0,0.0,False
2_39_78_360_2019-10-09 16:28:54.674501,213,1000.6847278149938,0.0,0.0,0.0,False
2_39_78_360_2019-10-10 16:15:02.397340,273,1442.0956345251022,0.0,0.0,0.0,False
2_39_78_360_2019-10-16 17:28:57.803865,32,52.94299458917341,0.0,0.0,0.0,False
2_39_78_360_2019-10-21 19:50:19.753121,31,102.89513807592509,0.0,0.0,0.0,False
2_39_78_360_2019-10-23 17:31:47.424725,31,55.68748802105193,0.0,0.0,0.0,False
2_39_78_360_2019-10-25 15:53:55.950114,31,53.05430429225982,0.0,0.0,0.0,False
2_39_78_360_2019-10-25 19:56:17.831531,31,52.35919803668035,0.0,0.0,0.0,False
2_39_78_360_2019-10-29 16:25:24.743279,161,803.6087692446671,0.0,0.0,0.0,False
2_39_78_360_2019-10-30 20:26:53.759891,121,392.04618714655203,0.0,0.0,0.0,False
2_39_78_360_2019-10-31 19:55:37.539295,35,92.94714288912186,0.0,0.0,0.0,False
2_39_78_361_2018-11-02 15:38:46.192537,31,53.186757629617716,0.0,0.0,0.0,False
2_39_78_361_2018-11-05 16:08:24.427351,32,54.6862368244092,0.0,0.0,0.0,False
2_39_78_361_2018-11-05 22:12:20.019683,198,596.8912968394825,0.0,0.0,0.0,False
2_39_78_361_2018-11-06 16:51:09.234728,195,598.5610779247551,0.0,0.0,0.0,False
2_39_78_361_2018-11-07 16:47:10.306007,98,192.2543633769745,0.0,0.0,0.0,False
2_39_78_361_2018-11-08 16:47:38.168838,239,1497.2771302991177,0.0,0.0,0.0,False
2_39_78_361_2018-11-09 15:01:40.504600,314,886.6595857128801,0.0,0.0,0.0,False
2_39_78_361_2018-11-10 18:00:13.365103,31,48.911341792386104,0.0,0.0,0.0,False
2_39_78_361_2018-11-12 21:10:59.385453,66,217.13363908137902,0.0,0.0,0.0,False
2_39_78_361_2018-11-13 16:43:24.258845,242,759.1604046905677,0.0,0.0,0.0,False
2_39_78_361_2018-11-14 15:09:55.396198,111,425.43250649655937,0.0,0.0,0.0,False
2_39_78_361_2018-11-14 22:03:16.295146,33,60.0280593890476,0.0,0.0,0.0,False
2_39_78_361_2018-11-15 16:48:22.504726,325,774.9188930749572,0.0,0.0,0.0,False
2_39_78_361_2018-11-16 15:09:06.748544,177,649.803765950205,0.0,0.0,0.0,False
2_39_78_361_2018-11-16 21:28:22.889220,31,50.9990094577978,0.0,0.0,0.0,False
2_39_78_361_2018-11-17 01:19:51.420477,17,95.89809615484164,0.0,0.0,0.0,False
2_39_78_361_2018-11-17 01:53:57.849343,31,51.53094630924026,0.0,0.0,0.0,False
2_39_78_361_2018-11-19 00:37:25.658808,31,47.45739730434782,0.0,0.0,0.0,False
2_39_78_361_2018-11-19 16:13:53.566193,17,105.52403267646567,0.0,0.0,0.0,False
2_39_78_361_2018-11-19 16:46:57.852766,33,54.25302484842448,0.0,0.0,0.0,False
2_39_78_361_2018-11-20 17:02:51.238366,224,582.1825303597359,0.0,0.0,0.0,False
2_39_78_361_2018-11-26 21:25:19.168954,34,53.39927311660147,0.0,0.0,0.0,False
2_39_78_361_2018-11-28 16:33:35.686051,32,53.006071121568624,0.0,0.0,0.0,False
2_39_78_361_2018-11-28 18:33:02.663978,33,52.500886268000116,0.0,0.0,0.0,False
2_39_78_361_2018-11-29 02:53:03.707752,31,50.404895054933775,0.0,0.0,0.0,False
2_39_78_361_2018-11-29 17:20:06.524039,129,260.4635175844152,0.0,0.0,0.0,False
2_39_78_361_2018-11-30 17:43:30.176850,15,79.18392601077024,0.0,0.0,0.0,False
2_39_78_361_2018-11-30 18:15:12.891212,31,49.83306676025194,0.0,0.0,0.0,False
2_39_78_361_2018-11-30 20:38:28.005179,112,336.75717538705874,0.0,0.0,0.0,False
2_39_78_361_2019-03-04 21:21:45.227832,26,36.625572921051365,0.0,0.0,0.0,False
2_39_78_361_2019-03-05 15:47:09.536649,71,218.72354371128858,0.0,0.0,0.0,False
2_39_78_361_2019-03-06 15:44:07.549850,33,60.54615112769885,0.0,0.0,0.0,False
2_39_78_361_2019-03-12 19:48:43.081284,128,400.8126138704186,0.0,0.0,0.0,False
2_39_78_361_2019-03-12 23:17:27.344263,113,352.3537104328303,0.0,0.0,0.0,False
2_39_78_361_2019-03-13 16:00:58.925411,122,711.1874560701203,0.0,0.0,0.0,False
2_39_78_361_2019-03-13 18:31:27.891263,32,51.81802246712461,0.0,0.0,0.0,False
2_39_78_361_2019-03-14 16:33:00.195761,259,1129.6443196178097,0.0,0.0,0.0,False
2_39_78_361_2019-03-15 19:04:37.179387,266,1605.4685169735164,0.0,0.0,0.0,False
2_39_78_361_2019-03-19 17:25:36.176041,207,625.5202803702766,0.0,0.0,0.0,False
2_39_78_361_2019-03-20 19:33:09.521559,189,526.238575102214,0.0,0.0,0.0,False
2_39_78_361_2019-03-21 00:15:46.202622,35,62.69544915893904,0.0,0.0,0.0,False
2_39_78_361_2019-03-21 18:32:59.535324,449,2375.0293549421017,0.0,0.0,0.0,False
2_39_78_361_2019-03-22 18:53:25.795520,285,1590.241880851821,0.0,0.0,0.0,False
2_39_78_361_2019-03-26 16:14:17.497417,170,362.35416404043326,0.0,0.0,0.0,False
2_39_78_361_2019-03-27 17:49:38.872220,241,1242.039252463184,0.0,0.0,0.0,False
2_39_78_361_2019-03-28 14:47:35.850883,94,311.5210892102141,0.0,0.0,0.0,False
2_39_78_361_2019-03-28 20:59:27.614248,8,31.176498094691272,0.0,0.0,0.0,False
2_39_78_361_2019-03-28 21:24:30.152095,32,54.34831269019869,0.0,0.0,0.0,False
2_39_78_361_2019-03-29 20:39:28.908647,32,53.624724700622046,0.0,0.0,0.0,False
2_39_78_361_2019-03-30 00:12:53.539748,32,54.35121976099327,0.0,0.0,0.0,False
2_39_78_361_2019-04-01 21:21:54.640981,96,291.27695248252087,0.0,0.0,0.0,False
2_39_78_361_2019-04-02 15:52:38.977403,12,40.35285616438065,0.0,0.0,0.0,False
2_39_78_361_2019-04-02 21:10:08.203747,88,556.3879503473137,0.0,0.0,0.0,False
2_39_78_361_2019-04-04 19:44:02.811062,115,658.1924690469651,0.0,0.0,0.0,False
2_39_78_361_2019-04-09 16:18:48.738826,374,957.5284545776904,0.0,0.0,0.0,False
2_39_78_361_2019-04-10 16:02:38.643472,74,377.38060174459935,0.0,0.0,0.0,False
2_39_78_361_2019-04-11 17:49:41.102185,32,54.660431385177986,0.0,0.0,0.0,False
2_39_78_361_2019-04-11 18:54:50.158752,31,54.53573646112782,0.0,0.0,0.0,False
2_39_78_361_2019-04-16 18:07:32.950178,14,46.89808703028295,0.0,0.0,0.0,False
2_39_78_361_2019-04-16 18:38:10.168557,31,50.73635903731045,0.0,0.0,0.0,False
2_39_78_361_2019-04-16 21:21:14.774788,118,687.5715959373,0.0,0.0,0.0,False
2_39_78_361_2019-04-17 15:23:53.858517,181,890.4922802519493,0.0,0.0,0.0,False
2_39_78_361_2019-04-18 16:03:09.113014,123,722.7884973627118,0.0,0.0,0.0,False
2_39_78_361_2019-04-19 22:03:05.898713,31,50.53549859919374,0.0,0.0,0.0,False
2_39_78_361_2019-04-20 16:27:40.382076,271,925.6626943432345,0.0,0.0,0.0,False
2_39_78_361_2019-04-23 17:34:10.843692,31,49.8968224085614,0.0,0.0,0.0,False
2_39_78_361_2019-04-23 22:54:28.027593,31,49.34847574770392,0.0,0.0,0.0,False
2_39_78_361_2019-04-25 18:36:55.607905,42,109.72594230768581,0.0,0.0,0.0,False
2_39_78_361_2019-04-29 15:14:46.618873,182,586.3383468369519,0.0,0.0,0.0,False
2_39_78_361_2019-04-30 17:12:37.887898,32,54.07410426033892,0.0,0.0,0.0,False
2_39_78_361_2019-04-30 18:25:19.363753,36,59.81121855979791,0.0,0.0,0.0,False
2_39_78_361_2019-04-30 20:07:59.033526,38,54.186692816198686,0.0,0.0,0.0,False
2_39_78_361_2019-05-06 19:32:53.389311,45,96.74550703690886,0.0,0.0,0.0,False
2_39_78_361_2019-05-06 20:33:40.430734,34,61.006095122594836,0.0,0.0,0.0,False
2_39_78_361_2019-05-07 16:27:25.527473,271,829.4312801096373,0.0,0.0,0.0,False
2_39_78_361_2019-05-07 21:33:31.777680,8,46.32448138860106,0.0,0.0,0.0,False
2_39_78_361_2019-05-07 21:57:54.213436,76,318.6999620487583,0.0,0.0,0.0,False
2_39_78_361_2019-05-08 19:34:14.109568,57,112.80332489014552,0.0,0.0,0.0,False
2_39_78_361_2019-05-08 23:21:00.745604,28,87.04949827069954,0.0,0.0,0.0,False
2_39_78_361_2019-05-13 17:12:33.837065,295,703.6892392058508,0.0,0.0,0.0,False
2_39_78_361_2019-05-14 17:01:43.416279,89,146.24318733904747,0.0,0.0,0.0,False
2_39_78_361_2019-05-15 16:23:17.674944,189,495.1811046800622,0.0,0.0,0.0,False
2_39_78_361_2019-05-16 17:11:36.063370,124,640.1385978009853,0.0,0.0,0.0,False
2_39_78_361_2019-05-20 16:16:24.006563,166,720.9214138601479,0.0,0.0,0.0,False
2_39_78_361_2019-05-21 17:38:13.762927,255,523.1593270419337,0.0,0.0,0.0,False
2_39_78_361_2019-05-23 15:52:17.511259,31,43.08694650046815,0.0,0.0,0.0,False
2_39_78_361_2019-05-23 21:51:26.906182,31,43.234561480708535,0.0,0.0,0.0,False
2_39_78_361_2019-05-24 19:38:36.344516,109,340.39751387946427,0.0,0.0,0.0,False
2_39_78_361_2019-05-28 16:57:45.738179,32,57.47262128147401,0.0,0.0,0.0,False
2_39_78_361_2019-05-28 18:32:22.290086,230,1061.2972367919865,0.0,0.0,0.0,False
2_39_78_361_2019-05-29 16:46:12.871094,32,58.3657786596633,0.0,0.0,0.0,False
2_39_78_361_2019-05-30 17:08:51.654089,475,2161.8921469846123,0.0,0.0,0.0,False
2_39_78_361_2019-05-31 19:23:02.802940,277,652.7692008612131,0.0,0.0,0.0,False
2_39_78_361_2019-08-07 16:14:44.696858,128,712.4580436739827,0.0,0.0,0.0,False
2_39_78_361_2019-08-07 19:14:29.100971,32,51.8954225936876,0.0,0.0,0.0,False
2_39_78_361_2019-08-08 16:46:40.538113,33,52.62119487771589,0.0,0.0,0.0,False
2_39_78_361_2019-08-09 20:52:23.659341,31,53.97767474820185,0.0,0.0,0.0,False
2_39_78_361_2019-08-14 16:27:06.350789,215,1168.684880571771,0.0,0.0,0.0,False
2_39_78_361_2019-08-16 20:45:23.317076,120,770.2758331940875,0.0,0.0,0.0,False
2_39_78_361_2019-08-21 17:01:35.247559,152,722.0171371874571,0.0,0.0,0.0,False
2_39_78_361_2019-08-22 16:16:29.103731,133,353.14146859093086,0.0,0.0,0.0,False
2_39_78_361_2019-08-26 19:18:03.260664,31,57.640181934381495,0.0,0.0,0.0,False
2_39_78_361_2019-08-27 15:39:02.782105,71,460.3590910148414,0.0,0.0,0.0,False
2_39_78_361_2019-08-28 17:00:28.239571,156,331.94157302648637,0.0,0.0,0.0,False
2_39_78_361_2019-10-01 18:21:01.118326,456,2597.839433769695,0.0,0.0,0.0,False
2_39_78_361_2019-10-03 15:42:42.850797,14,47.31544744435661,0.0,0.0,0.0,False
2_39_78_361_2019-10-03 16:13:28.723165,31,58.953802098361265,0.0,0.0,0.0,False
2_39_78_361_2019-10-07 16:44:50.089313,33,52.80088221504318,0.0,0.0,0.0,False
2_39_78_361_2019-10-09 20:33:00.507483,47,123.68309504355453,0.0,0.0,0.0,False
2_39_78_361_2019-10-10 16:23:42.744646,30,50.04593555227536,0.0,0.0,0.0,False
2_39_78_361_2019-10-16 15:57:58.664115,399,2379.9389382589093,0.0,0.0,0.0,False
2_39_78_361_2019-10-18 14:18:12.207056,65,215.4344039609209,0.0,0.0,0.0,False
2_39_78_361_2019-10-18 17:01:02.930806,49,220.42143289667473,0.0,0.0,0.0,False
2_39_78_361_2019-10-18 20:09:02.725451,31,52.15756573440774,0.0,0.0,0.0,False
2_39_78_361_2019-10-18 21:03:09.845886,31,40.12800442087037,0.0,0.0,0.0,False
2_39_78_361_2019-10-21 16:59:58.301518,134,764.2901753470096,0.0,0.0,0.0,False
2_39_78_361_2019-10-22 15:57:14.167554,93,291.7600191023254,0.0,0.0,0.0,False
2_39_78_361_2019-10-23 19:48:14.257316,167,734.5403440096856,0.0,0.0,0.0,False
2_39_78_361_2019-10-24 17:51:47.048978,32,54.66268996683546,0.0,0.0,0.0,False
2_39_78_361_2019-10-24 19:23:14.145730,268,1698.1646517116399,0.0,0.0,0.0,False
2_39_78_361_2019-10-29 17:01:43.450282,19,51.81522780581265,0.0,0.0,0.0,False
2_39_78_361_2019-10-29 17:37:08.491011,32,58.65698419514425,0.0,0.0,0.0,False
2_39_78_361_2019-10-29 22:31:49.240885,32,57.82343523090573,0.0,0.0,0.0,False
2_39_78_361_2019-10-31 20:38:26.979373,19,64.2355954756141,0.0,0.0,0.0,False
2_39_78_361_2019-10-31 21:14:03.487052,31,57.37670348397034,0.0,0.0,0.0,False
2_39_78_362_2018-11-02 22:52:10.955437,31,55.520763086421084,0.0,0.0,0.0,False
2_39_78_362_2018-11-03 22:57:43.626510,31,53.88857539855125,0.0,0.0,0.0,False
2_39_78_362_2018-11-05 18:29:36.347891,32,54.50645486008247,0.0,0.0,0.0,False
2_39_78_362_2018-11-05 23:05:51.364443,174,808.5800942231851,0.0,0.0,0.0,False
2_39_78_362_2018-11-06 15:29:31.709463,32,56.51534816241946,0.0,0.0,0.0,False
2_39_78_362_2018-11-07 16:20:19.765188,51,126.89250542718759,0.0,0.0,0.0,False
2_39_78_362_2018-11-08 17:22:47.103000,170,295.284725586605,0.0,0.0,0.0,False
2_39_78_362_2018-11-09 14:56:30.502705,252,1087.0528961411128,0.0,0.0,0.0,False
2_39_78_362_2018-11-12 16:58:52.355348,84,314.05092729537495,0.0,0.0,0.0,False
2_39_78_362_2018-11-13 22:03:57.886636,292,1652.1370124490127,0.0,0.0,0.0,False
2_39_78_362_2018-11-14 16:19:09.854794,80,165.8357286330756,0.0,0.0,0.0,False
2_39_78_362_2018-11-15 14:41:15.419381,57,163.52756347660588,0.0,0.0,0.0,False
2_39_78_362_2018-11-16 15:21:29.594615,112,191.90485608484218,0.0,0.0,0.0,False
2_39_78_362_2018-11-17 17:44:00.238698,53,150.13490059262773,0.0,0.0,0.0,False
2_39_78_362_2018-11-18 20:42:51.001716,33,57.73925864455668,0.0,0.0,0.0,False
2_39_78_362_2018-11-19 17:35:31.960201,180,349.7213070686515,0.0,0.0,0.0,False
2_39_78_362_2018-11-20 17:17:20.096275,261,565.9967099103222,0.0,0.0,0.0,False
2_39_78_362_2018-11-26 18:01:42.543059,261,610.2232911628303,0.0,0.0,0.0,False
2_39_78_362_2018-11-27 17:09:04.458039,336,948.1606647407956,0.0,0.0,0.0,False
2_39_78_362_2018-11-28 16:57:32.353547,32,54.35953259629217,0.0,0.0,0.0,False
2_39_78_362_2018-11-28 22:01:03.678536,89,160.9673398357081,0.0,0.0,0.0,False
2_39_78_362_2018-11-29 19:57:35.145598,207,402.3755291155155,0.0,0.0,0.0,False
2_39_78_362_2018-11-30 17:36:05.572013,113,234.53108062432793,0.0,0.0,0.0,False
2_39_78_362_2019-03-07 20:25:47.250919,133,407.6569365399632,0.0,0.0,0.0,False
2_39_78_362_2019-03-12 16:11:44.969709,75,162.6342903578549,0.0,0.0,0.0,False
2_39_78_362_2019-03-14 15:04:03.367269,197,669.7017783913582,0.0,0.0,0.0,False
2_39_78_362_2019-03-15 19:51:38.047040,134,416.16310546349484,0.0,0.0,0.0,False
2_39_78_362_2019-03-18 20:01:33.408761,53,109.84229910562665,0.0,0.0,0.0,False
2_39_78_362_2019-04-01 18:34:27.172117,33,58.96080872869093,0.0,0.0,0.0,False
2_39_78_362_2019-04-03 17:05:33.611901,43,73.78847378069226,0.0,0.0,0.0,False
2_39_78_362_2019-04-04 19:21:11.638568,59,128.33664311025052,0.0,0.0,0.0,False
2_39_78_362_2019-04-09 21:56:13.072315,102,593.8079181189856,0.0,0.0,0.0,False
2_39_78_362_2019-04-10 17:10:49.916789,317,672.1096677404369,0.0,0.0,0.0,False
2_39_78_362_2019-04-11 16:35:01.959064,283,966.3466669860452,0.0,0.0,0.0,False
2_39_78_362_2019-04-12 21:51:27.894261,12,38.513734417146175,0.0,0.0,0.0,False
2_39_78_362_2019-04-15 15:10:38.116590,294,992.0805536718879,0.0,0.0,0.0,False
2_39_78_362_2019-04-16 16:51:59.327693,208,1098.4841439414622,0.0,0.0,0.0,False
2_39_78_362_2019-04-17 20:00:11.040191,124,398.728393397634,0.0,0.0,0.0,False
2_39_78_362_2019-04-22 17:32:35.752235,32,57.86972937353834,0.0,0.0,0.0,False
2_39_78_362_2019-04-23 19:52:53.936518,40,103.80884051908285,0.0,0.0,0.0,False
2_39_78_362_2019-04-24 20:11:58.445301,77,243.19601325303847,0.0,0.0,0.0,False
2_39_78_362_2019-04-25 17:10:36.599281,157,557.4177202591081,0.0,0.0,0.0,False
2_39_78_362_2019-04-26 15:42:45.759137,108,700.7407123489746,0.0,0.0,0.0,False
2_39_78_362_2019-04-26 23:48:25.264488,89,580.8990054154642,0.0,0.0,0.0,False
2_39_78_362_2019-04-30 17:04:31.009459,222,692.3194724189144,0.0,0.0,0.0,False
2_39_78_362_2019-05-01 16:58:51.960389,207,388.9464395873747,0.0,0.0,0.0,False
2_39_78_362_2019-05-02 17:01:15.631878,113,614.9665368202647,0.0,0.0,0.0,False
2_39_78_362_2019-05-07 16:38:50.417475,31,54.2975711889395,0.0,0.0,0.0,False
2_39_78_362_2019-05-08 19:55:56.059964,58,122.88566899027012,0.0,0.0,0.0,False
2_39_78_362_2019-05-09 18:11:22.480032,296,1790.5804643555334,0.0,0.0,0.0,False
2_39_78_362_2019-05-10 00:46:06.335063,87,262.7652033968822,0.0,0.0,0.0,False
2_39_78_362_2019-05-10 17:39:08.528902,203,819.3271787318865,0.0,0.0,0.0,False
2_39_78_362_2019-05-13 16:23:24.431980,32,60.908113630880436,0.0,0.0,0.0,False
2_39_78_362_2019-05-13 23:52:37.755774,205,724.1640162931027,0.0,0.0,0.0,False
2_39_78_362_2019-05-14 17:01:25.285318,311,953.1678071169698,0.0,0.0,0.0,False
2_39_78_362_2019-05-15 16:04:32.939603,163,329.74105171210454,0.0,0.0,0.0,False
2_39_78_362_2019-05-21 17:23:01.436300,133,393.9270235218273,0.0,0.0,0.0,False
2_39_78_362_2019-05-21 20:17:17.884873,147,408.1103690177545,0.0,0.0,0.0,False
2_39_78_362_2019-05-23 20:52:28.806392,138,875.5082092502055,0.0,0.0,0.0,False
2_39_78_362_2019-05-24 00:51:38.507040,112,341.81617328869595,0.0,0.0,0.0,False
2_39_78_362_2019-05-30 20:12:32.512325,204,986.4589776925762,0.0,0.0,0.0,False
2_39_78_362_2019-05-31 00:59:49.232421,75,225.8636539097163,0.0,0.0,0.0,False
2_39_78_362_2019-08-01 15:40:18.549395,32,57.77772756303263,0.0,0.0,0.0,False
2_39_78_362_2019-08-02 15:00:40.561952,40,255.67291512985884,0.0,0.0,0.0,False
2_39_78_362_2019-08-05 17:04:19.911325,220,1360.9026011671965,0.0,0.0,0.0,False
2_39_78_362_2019-08-07 15:31:39.249535,61,398.93447751090747,0.0,0.0,0.0,False
2_39_78_362_2019-08-09 16:39:05.433257,60,392.485920871683,0.0,0.0,0.0,False
2_39_78_362_2019-08-12 16:31:42.795660,174,1143.626184302514,0.0,0.0,0.0,False
2_39_78_362_2019-08-13 17:04:47.672586,17,102.14311923195157,0.0,0.0,0.0,False
2_39_78_362_2019-08-14 17:21:52.570344,116,657.2685911841531,0.0,0.0,0.0,False
2_39_78_362_2019-08-15 16:59:56.569746,30,53.671112976197605,0.0,0.0,0.0,False
2_39_78_362_2019-08-16 16:45:10.330288,31,55.32123558443935,0.0,0.0,0.0,False
2_39_78_362_2019-08-16 21:43:27.181624,67,144.49559299879567,0.0,0.0,0.0,False
2_39_78_362_2019-08-19 16:55:37.284164,121,591.5971370340525,0.0,0.0,0.0,False
2_39_78_362_2019-08-20 15:32:06.271585,490,2967.629796382585,0.0,0.0,0.0,False
2_39_78_362_2019-08-21 15:54:21.142218,299,803.7278862340545,0.0,0.0,0.0,False
2_39_78_362_2019-08-22 16:15:36.733413,79,152.0652023434691,0.0,0.0,0.0,False
2_39_78_362_2019-08-26 16:00:35.163779,94,351.96420154321453,0.0,0.0,0.0,False
2_39_78_362_2019-08-27 18:23:31.797523,127,426.14087396110074,0.0,0.0,0.0,False
2_39_78_362_2019-08-28 15:38:40.334926,101,555.7478225933794,0.0,0.0,0.0,False
2_39_78_362_2019-08-29 16:35:59.799391,85,525.7375706558394,0.0,0.0,0.0,False
2_39_78_362_2019-08-30 15:58:35.846226,67,441.2153220711967,0.0,0.0,0.0,False
2_39_78_362_2019-10-01 18:39:41.381031,280,1029.2404650902752,0.0,0.0,0.0,False
2_39_78_362_2019-10-02 18:08:44.916395,138,315.119329326772,0.0,0.0,0.0,False
2_39_78_362_2019-10-03 21:12:20.361743,116,371.35694464844113,0.0,0.0,0.0,False
2_39_78_362_2019-10-08 16:49:23.755757,74,252.19098265593158,0.0,0.0,0.0,False
2_39_78_362_2019-10-08 18:05:54.765709,78,455.9566082189267,0.0,0.0,0.0,False
2_39_78_362_2019-10-09 15:28:36.729450,225,670.4645243650876,0.0,0.0,0.0,False
2_39_78_362_2019-10-11 16:54:46.503095,121,626.1807365882695,0.0,0.0,0.0,False
2_39_78_362_2019-10-15 15:43:57.655841,515,2789.1564793055904,0.0,0.0,0.0,False
2_39_78_362_2019-10-16 18:37:13.399015,172,712.7777465818389,0.0,0.0,0.0,False
2_39_78_362_2019-10-18 20:30:46.993411,64,213.72034813907644,0.0,0.0,0.0,False
2_39_78_362_2019-10-21 16:09:19.718540,85,249.7590820245697,0.0,0.0,0.0,False
2_39_78_362_2019-10-22 17:14:30.844143,181,642.3666671350074,0.0,0.0,0.0,False
2_39_78_362_2019-10-24 16:39:51.304795,136,294.4624950217638,0.0,0.0,0.0,False
2_39_78_362_2019-10-25 17:47:54.488441,341,1933.9457903973198,0.0,0.0,0.0,False
2_39_78_362_2019-10-29 16:00:46.450041,428,1391.8441389057941,0.0,0.0,0.0,False
2_39_78_362_2019-10-30 17:17:57.317278,114,650.374326640412,0.0,0.0,0.0,False
2_39_78_363_2018-11-02 18:36:20.716244,31,39.78815519047218,0.0,0.0,0.0,False
2_39_78_363_2018-11-04 21:01:06.546320,31,50.69839366113198,0.0,0.0,0.0,False
2_39_78_363_2018-11-05 01:31:59.851898,31,50.80768035718635,0.0,0.0,0.0,False
2_39_78_363_2018-11-05 17:27:16.303588,32,55.93671073521077,0.0,0.0,0.0,False
2_39_78_363_2018-11-05 20:39:01.881687,103,216.98418273719142,0.0,0.0,0.0,False
2_39_78_363_2018-11-06 03:23:03.620365,31,50.62377827834419,0.0,0.0,0.0,False
2_39_78_363_2018-11-06 07:00:52.410335,39,99.58264849726875,0.0,0.0,0.0,False
2_39_78_363_2018-11-06 15:04:43.826390,326,1100.6621666446306,0.0,0.0,0.0,False
2_39_78_363_2018-11-07 17:08:53.126168,57,129.04477921555008,0.0,0.0,0.0,False
2_39_78_363_2018-11-08 15:03:14.775769,269,891.6285460559288,0.0,0.0,0.0,False
2_39_78_363_2018-11-08 20:18:27.931887,32,51.83788251737058,0.0,0.0,0.0,False
2_39_78_363_2018-11-09 00:06:49.627989,39,98.51953593683417,0.0,0.0,0.0,False
2_39_78_363_2018-11-09 15:07:52.516811,353,1162.5093638637088,0.0,0.0,0.0,False
2_39_78_363_2018-11-12 15:03:07.621342,413,1186.5959154115722,0.0,0.0,0.0,False
2_39_78_363_2018-11-13 00:23:12.643161,87,297.040477219943,0.0,0.0,0.0,False
2_39_78_363_2018-11-13 15:11:26.864704,238,1092.241168346669,0.0,0.0,0.0,False
2_39_78_363_2018-11-13 20:26:49.555600,133,399.7430873509663,0.0,0.0,0.0,False
2_39_78_363_2018-11-14 18:08:42.976302,32,56.164989929505815,0.0,0.0,0.0,False
2_39_78_363_2018-11-14 20:27:10.620840,31,47.18434165421272,0.0,0.0,0.0,False
2_39_78_363_2018-11-15 17:37:59.465112,31,54.11769093992068,0.0,0.0,0.0,False
2_39_78_363_2018-11-15 21:32:56.765613,41,67.33861927455067,0.0,0.0,0.0,False
2_39_78_363_2018-11-16 15:05:59.885646,260,1077.020852287515,0.0,0.0,0.0,False
2_39_78_363_2018-11-16 20:23:13.862157,121,404.4420800700451,0.0,0.0,0.0,False
2_39_78_363_2018-11-19 18:30:22.428040,378,849.1369101780758,0.0,0.0,0.0,False
2_39_78_363_2018-11-20 17:11:07.308631,86,236.0525932772586,0.0,0.0,0.0,False
2_39_78_363_2018-11-27 16:44:28.111106,615,2439.0582116193873,0.0,0.0,0.0,False
2_39_78_363_2018-11-28 17:31:51.993153,261,565.0732713936388,0.0,0.0,0.0,False
2_39_78_363_2018-11-29 17:12:14.390596,41,68.00531081815072,0.0,0.0,0.0,False
2_39_78_363_2018-11-29 18:56:31.240357,68,93.49576390495474,0.0,0.0,0.0,False
2_39_78_363_2018-11-30 17:18:45.536941,167,405.91625780365365,0.0,0.0,0.0,False
2_39_78_363_2019-03-01 20:40:09.749842,126,404.71418318696567,0.0,0.0,0.0,False
2_39_78_363_2019-03-05 16:38:33.526547,91,530.0759643246805,0.0,0.0,0.0,False
2_39_78_363_2019-03-06 20:27:43.777414,110,341.63623036779694,0.0,0.0,0.0,False
2_39_78_363_2019-03-07 22:34:54.263425,30,54.696015258604625,0.0,0.0,0.0,False
2_39_78_363_2019-03-11 19:39:07.147882,116,355.9320918510113,0.0,0.0,0.0,False
2_39_78_363_2019-03-12 16:11:04.691216,207,1258.005568042633,0.0,0.0,0.0,False
2_39_78_363_2019-03-12 20:51:54.080657,32,57.30929166168809,0.0,0.0,0.0,False
2_39_78_363_2019-03-13 17:46:42.343122,63,178.20270791038595,0.0,0.0,0.0,False
2_39_78_363_2019-03-14 16:11:36.901021,357,2004.5622332490827,0.0,0.0,0.0,False
2_39_78_363_2019-03-19 17:31:52.062761,70,142.37216134220526,0.0,0.0,0.0,False
2_39_78_363_2019-03-20 16:58:24.502598,135,708.3140655829576,0.0,0.0,0.0,False
2_39_78_363_2019-03-22 19:27:08.066899,126,401.620275341042,0.0,0.0,0.0,False
2_39_78_363_2019-03-25 15:55:01.235341,268,1793.5095207516872,0.0,0.0,0.0,False
2_39_78_363_2019-03-26 18:39:10.084897,31,49.63166656175022,0.0,0.0,0.0,False
2_39_78_363_2019-03-27 17:41:33.278495,111,335.3546103384021,0.0,0.0,0.0,False
2_39_78_363_2019-03-28 20:40:39.439405,31,54.654310825130636,0.0,0.0,0.0,False
2_39_78_363_2019-04-01 20:58:56.333997,20,53.62207223691385,0.0,0.0,0.0,False
2_39_78_363_2019-04-02 18:11:24.179137,60,374.5569411838312,0.0,0.0,0.0,False
2_39_78_363_2019-04-02 19:11:00.422705,65,135.34572668935976,0.0,0.0,0.0,False
2_39_78_363_2019-04-03 17:00:15.448444,93,544.9743477528141,0.0,0.0,0.0,False
2_39_78_363_2019-04-04 19:31:00.234769,33,55.08327118140914,0.0,0.0,0.0,False
2_39_78_363_2019-04-05 21:15:28.766701,276,949.3653096629304,0.0,0.0,0.0,False
2_39_78_363_2019-04-08 17:21:01.392505,26,44.71667146368953,0.0,0.0,0.0,False
2_39_78_363_2019-04-09 16:06:14.991757,210,859.1999479210306,0.0,0.0,0.0,False
2_39_78_363_2019-04-10 20:13:24.917511,126,413.23061497727497,0.0,0.0,0.0,False
2_39_78_363_2019-04-11 19:23:20.779186,142,403.0687483161005,0.0,0.0,0.0,False
2_39_78_363_2019-04-12 17:08:18.971901,109,665.6416282402404,0.0,0.0,0.0,False
2_39_78_363_2019-04-16 16:33:39.679194,269,948.5237446724856,0.0,0.0,0.0,False
2_39_78_363_2019-04-17 15:46:16.462247,31,55.91345522442144,0.0,0.0,0.0,False
2_39_78_363_2019-04-17 16:35:50.123396,118,332.4295597137879,0.0,0.0,0.0,False
2_39_78_363_2019-04-18 17:15:41.014426,135,858.8447165009725,0.0,0.0,0.0,False
2_39_78_363_2019-04-22 15:23:09.074933,92,474.2020987041053,0.0,0.0,0.0,False
2_39_78_363_2019-04-22 18:37:11.643634,121,398.0154332924012,0.0,0.0,0.0,False
2_39_78_363_2019-04-25 16:06:20.450162,216,703.1526965776702,0.0,0.0,0.0,False
2_39_78_363_2019-04-26 18:55:57.938091,121,395.9954035822506,0.0,0.0,0.0,False
2_39_78_363_2019-04-30 17:32:22.324075,195,632.4521406153752,0.0,0.0,0.0,False
2_39_78_363_2019-05-01 16:50:58.314373,52,108.73210172576994,0.0,0.0,0.0,False
2_39_78_363_2019-05-02 20:29:30.668885,31,55.77969890630079,0.0,0.0,0.0,False
2_39_78_363_2019-05-02 21:16:02.013263,49,317.7868551595427,0.0,0.0,0.0,False
2_39_78_363_2019-05-03 14:59:59.634513,89,285.76551478688594,0.0,0.0,0.0,False
2_39_78_363_2019-05-06 21:09:32.615138,163,336.79751066882943,0.0,0.0,0.0,False
2_39_78_363_2019-05-07 15:38:34.896360,149,829.346154890128,0.0,0.0,0.0,False
2_39_78_363_2019-05-08 15:48:46.304087,32,51.96630721005275,0.0,0.0,0.0,False
2_39_78_363_2019-05-09 19:49:36.108319,120,394.90716950553065,0.0,0.0,0.0,False
2_39_78_363_2019-05-10 19:14:40.828080,202,780.6748287073657,0.0,0.0,0.0,False
2_39_78_363_2019-05-13 15:21:14.481161,184,851.8338948188108,0.0,0.0,0.0,False
2_39_78_363_2019-05-14 16:40:55.455680,185,671.8425544936698,0.0,0.0,0.0,False
2_39_78_363_2019-05-15 16:12:03.648642,61,400.43605041314794,0.0,0.0,0.0,False
2_39_78_363_2019-05-15 17:18:43.167080,52,272.5452035207977,0.0,0.0,0.0,False
2_39_78_363_2019-05-15 19:29:24.735775,115,365.1639948104132,0.0,0.0,0.0,False
2_39_78_363_2019-05-16 18:02:56.107407,229,709.5342459061708,0.0,0.0,0.0,False
2_39_78_363_2019-05-17 17:13:04.587367,49,130.4019638866485,0.0,0.0,0.0,False
2_39_78_363_2019-05-20 17:06:45.222635,129,477.89087689886884,0.0,0.0,0.0,False
2_39_78_363_2019-05-21 17:49:35.524609,443,1208.2284799992785,0.0,0.0,0.0,False
2_39_78_363_2019-05-22 18:08:43.784084,347,2150.2875046255635,0.0,0.0,0.0,False
2_39_78_363_2019-05-23 17:42:00.511775,51,98.55769279848168,0.0,0.0,0.0,False
2_39_78_363_2019-05-24 15:10:59.486688,61,324.10555643225604,0.0,0.0,0.0,False
2_39_78_363_2019-05-28 17:09:46.683352,426,2641.06221639975,0.0,0.0,0.0,False
2_39_78_363_2019-05-29 22:19:14.408103,85,252.60131181753627,0.0,0.0,0.0,False
2_39_78_363_2019-05-30 16:32:14.769048,246,1332.4025497077032,0.0,0.0,0.0,False
2_39_78_363_2019-05-31 17:08:57.218129,290,1254.683454222241,0.0,0.0,0.0,False
2_39_78_363_2019-08-01 18:50:46.347916,165,991.7391964684036,0.0,0.0,0.0,False
2_39_78_363_2019-08-02 18:54:36.898518,31,53.83857590037264,0.0,0.0,0.0,False
2_39_78_363_2019-08-08 18:57:43.835313,123,398.24106205429973,0.0,0.0,0.0,False
2_39_78_363_2019-08-09 19:52:15.457394,64,202.09596643560576,0.0,0.0,0.0,False
2_39_78_363_2019-08-14 17:03:44.841424,163,371.5580363858715,0.0,0.0,0.0,False
2_39_78_363_2019-08-16 16:49:02.934078,80,153.77698865940255,0.0,0.0,0.0,False
2_39_78_363_2019-08-20 23:52:17.106058,271,943.587069041436,0.0,0.0,0.0,False
2_39_78_363_2019-08-21 15:49:47.904340,31,52.97955764420699,0.0,0.0,0.0,False
2_39_78_363_2019-08-21 22:49:18.850522,88,556.9855964564334,0.0,0.0,0.0,False
2_39_78_363_2019-08-22 17:45:14.415020,38,60.371601154954064,0.0,0.0,0.0,False
2_39_78_363_2019-08-22 21:21:43.769293,29,165.87160653869256,0.0,0.0,0.0,False
2_39_78_363_2019-08-22 21:55:13.959038,50,301.2646120811612,0.0,0.0,0.0,False
2_39_78_363_2019-08-27 17:04:39.672739,69,281.42589112266376,0.0,0.0,0.0,False
2_39_78_363_2019-08-28 16:25:50.386807,289,531.06855941964,0.0,0.0,0.0,False
2_39_78_363_2019-08-29 17:15:51.581376,60,133.16747608400576,0.0,0.0,0.0,False
2_39_78_363_2019-08-30 19:31:58.693026,122,400.20578032660296,0.0,0.0,0.0,False
2_39_78_363_2019-10-01 17:06:50.066093,77,281.6045499576504,0.0,0.0,0.0,False
2_39_78_363_2019-10-01 19:43:54.603887,175,280.4846302055539,0.0,0.0,0.0,False
2_39_78_363_2019-10-03 18:02:28.013659,32,56.28815642173646,0.0,0.0,0.0,False
2_39_78_363_2019-10-04 19:53:28.005293,31,55.18829180501951,0.0,0.0,0.0,False
2_39_78_363_2019-10-07 17:00:01.749311,144,834.434083856701,0.0,0.0,0.0,False
2_39_78_363_2019-10-08 17:55:41.504879,34,60.928523122273965,0.0,0.0,0.0,False
2_39_78_363_2019-10-09 15:51:38.728183,95,281.33203132198685,0.0,0.0,0.0,False
2_39_78_363_2019-10-10 00:44:31.418497,65,391.60609368277227,0.0,0.0,0.0,False
2_39_78_363_2019-10-10 17:18:47.478496,30,45.086336944263735,0.0,0.0,0.0,False
2_39_78_363_2019-10-11 17:01:35.381115,181,408.7648528456918,0.0,0.0,0.0,False
2_39_78_363_2019-10-11 22:04:07.178123,122,511.76953906023675,0.0,0.0,0.0,False
2_39_78_363_2019-10-12 22:26:00.930089,177,1009.6646858564056,0.0,0.0,0.0,False
2_39_78_363_2019-10-14 15:44:43.641634,75,465.37948409827084,0.0,0.0,0.0,False
2_39_78_363_2019-10-17 17:22:16.182839,149,681.9768882769857,0.0,0.0,0.0,False
2_39_78_363_2019-10-17 23:24:59.267393,96,277.99148962637577,0.0,0.0,0.0,False
2_39_78_363_2019-10-18 17:19:01.194400,168,741.1943847189668,0.0,0.0,0.0,False
2_39_78_363_2019-10-22 17:47:37.987803,50,250.4994578405559,0.0,0.0,0.0,False
2_39_78_363_2019-10-23 23:23:03.650175,91,277.2104803414731,0.0,0.0,0.0,False
2_39_78_363_2019-10-24 19:18:44.070855,122,402.48810218193324,0.0,0.0,0.0,False
2_39_78_363_2019-10-25 20:02:08.188828,31,51.24227417749872,0.0,0.0,0.0,False
2_39_78_363_2019-10-28 15:53:04.033180,246,834.2630677719536,0.0,0.0,0.0,False
2_39_78_363_2019-10-29 17:05:24.884530,134,281.61273401090216,0.0,0.0,0.0,False
2_39_78_363_2019-10-29 20:03:31.515149,122,399.06473047112905,0.0,0.0,0.0,False
2_39_78_363_2019-10-30 15:46:13.003999,20,131.60782110268022,0.0,0.0,0.0,False
2_39_78_363_2019-10-30 16:41:49.397857,265,889.7683227301509,0.0,0.0,0.0,False
2_39_78_364_2018-11-02 15:31:23.931807,31,52.3969897220564,0.0,0.0,0.0,False
2_39_78_364_2018-11-04 02:10:08.418061,31,53.57604868881047,0.0,0.0,0.0,False
2_39_78_364_2018-11-05 17:55:45.004910,267,1001.0199849129068,0.0,0.0,0.0,False
2_39_78_364_2018-11-06 17:12:51.617863,200,708.7237191760303,0.0,0.0,0.0,False
2_39_78_364_2018-11-07 19:10:48.689356,33,57.31527153989057,0.0,0.0,0.0,False
2_39_78_364_2018-11-08 16:15:35.310558,294,599.0605279351838,0.0,0.0,0.0,False
2_39_78_364_2018-11-09 16:00:34.741608,194,330.70445875873634,0.0,0.0,0.0,False
2_39_78_364_2018-11-09 21:08:30.524147,122,393.4540719385461,0.0,0.0,0.0,False
2_39_78_364_2018-11-12 14:47:37.534865,162,504.77449520458237,0.0,0.0,0.0,False
2_39_78_364_2018-11-12 23:47:02.505002,154,527.4329156739683,0.0,0.0,0.0,False
2_39_78_364_2018-11-13 16:48:34.699906,44,74.3892150407786,0.0,0.0,0.0,False
2_39_78_364_2018-11-14 16:40:51.527391,64,174.63222840174586,0.0,0.0,0.0,False
2_39_78_364_2018-11-15 19:46:29.655892,97,266.44269965766324,0.0,0.0,0.0,False
2_39_78_364_2018-11-16 16:38:59.704664,50,136.7282853989274,0.0,0.0,0.0,False
2_39_78_364_2018-11-16 21:20:06.828440,129,382.3667711515984,0.0,0.0,0.0,False
2_39_78_364_2018-11-17 14:46:21.193601,217,1425.9942787542475,0.0,0.0,0.0,False
2_39_78_364_2018-11-19 17:28:17.727697,61,167.02185106412,0.0,0.0,0.0,False
2_39_78_364_2018-11-20 16:43:12.603378,31,53.830616183040526,0.0,0.0,0.0,False
2_39_78_364_2018-11-26 15:17:14.360541,154,582.8431319926127,0.0,0.0,0.0,False
2_39_78_364_2018-11-28 16:48:11.700507,328,831.9995858300714,0.0,0.0,0.0,False
2_39_78_364_2018-11-29 19:01:19.098570,398,983.7413078200691,0.0,0.0,0.0,False
2_39_78_364_2018-11-30 17:00:45.187220,188,1169.6120551790289,0.0,0.0,0.0,False
2_39_78_364_2019-03-04 20:40:46.606403,125,400.3192899794095,0.0,0.0,0.0,False
2_39_78_364_2019-03-05 19:41:56.886516,67,139.56875881489663,0.0,0.0,0.0,False
2_39_78_364_2019-03-06 18:04:34.351866,2,3.622773818181818,0.0,0.0,0.0,False
2_39_78_364_2019-03-07 15:58:21.836802,229,715.3148986164169,0.0,0.0,0.0,False
2_39_78_364_2019-03-08 16:26:46.562523,82,264.55212198188605,0.0,0.0,0.0,False
2_39_78_364_2019-03-12 19:32:26.743153,48,124.42397971421944,0.0,0.0,0.0,False
2_39_78_364_2019-03-12 21:53:50.961976,84,241.02564009839375,0.0,0.0,0.0,False
2_39_78_364_2019-03-13 20:19:44.220666,104,600.6279148541216,0.0,0.0,0.0,False
2_39_78_364_2019-03-18 15:19:49.282793,292,962.8418783164393,0.0,0.0,0.0,False
2_39_78_364_2019-03-19 15:50:10.382332,235,1262.4389162921855,0.0,0.0,0.0,False
2_39_78_364_2019-03-19 20:32:42.818170,125,406.84852049348063,0.0,0.0,0.0,False
2_39_78_364_2019-03-20 18:48:37.226651,33,54.99987396102315,0.0,0.0,0.0,False
2_39_78_364_2019-03-21 15:21:37.850798,86,269.96223151677657,0.0,0.0,0.0,False
2_39_78_364_2019-03-26 17:02:11.187655,76,451.6158845042006,0.0,0.0,0.0,False
2_39_78_364_2019-03-27 20:09:49.371724,211,631.1543235225469,0.0,0.0,0.0,False
2_39_78_364_2019-03-28 19:32:27.826864,32,54.90073601754716,0.0,0.0,0.0,False
2_39_78_364_2019-04-01 16:35:00.898016,142,499.0395625836784,0.0,0.0,0.0,False
2_39_78_364_2019-04-01 19:14:19.699212,93,253.55310855724875,0.0,0.0,0.0,False
2_39_78_364_2019-04-02 17:12:20.221626,133,749.3047960222754,0.0,0.0,0.0,False
2_39_78_364_2019-04-03 18:57:28.760377,281,1786.3483502470885,0.0,0.0,0.0,False
2_39_78_364_2019-04-04 21:34:25.742587,226,1487.141624146168,0.0,0.0,0.0,False
2_39_78_364_2019-04-08 17:36:07.888422,78,414.8206017406027,0.0,0.0,0.0,False
2_39_78_364_2019-04-09 17:50:25.934404,33,51.54401746874386,0.0,0.0,0.0,False
2_39_78_364_2019-04-10 20:18:12.229576,230,1432.7267477026649,0.0,0.0,0.0,False
2_39_78_364_2019-04-12 21:14:22.962754,180,1065.833855338589,0.0,0.0,0.0,False
2_39_78_364_2019-04-15 15:45:41.315615,338,1542.5554778856665,0.0,0.0,0.0,False
2_39_78_364_2019-04-16 21:25:35.575648,39,107.79957064750833,0.0,0.0,0.0,False
2_39_78_364_2019-04-17 17:01:15.149238,129,241.3809403929714,0.0,0.0,0.0,False
2_39_78_364_2019-04-18 19:24:36.904105,31,47.4585826551946,0.0,0.0,0.0,False
2_39_78_364_2019-04-19 17:06:32.923899,116,667.1109021552406,0.0,0.0,0.0,False
2_39_78_364_2019-04-22 16:28:55.261183,31,51.49359536900975,0.0,0.0,0.0,False
2_39_78_364_2019-04-24 16:38:10.602013,137,652.4206517247432,0.0,0.0,0.0,False
2_39_78_364_2019-04-25 19:19:06.795307,122,399.85726415651624,0.0,0.0,0.0,False
2_39_78_364_2019-04-29 16:39:22.040439,93,472.21575410380444,0.0,0.0,0.0,False
2_39_78_364_2019-04-30 20:48:33.105114,166,518.0877033266063,0.0,0.0,0.0,False
2_39_78_364_2019-05-01 16:53:46.112347,41,207.5476908104727,0.0,0.0,0.0,False
2_39_78_364_2019-05-06 21:16:01.930195,83,472.08306124805836,0.0,0.0,0.0,False
2_39_78_364_2019-05-07 16:58:13.164142,84,462.9758398716883,0.0,0.0,0.0,False
2_39_78_364_2019-05-08 20:48:18.823815,219,678.6896128633581,0.0,0.0,0.0,False
2_39_78_364_2019-05-09 17:35:53.468635,128,255.17374153053382,0.0,0.0,0.0,False
2_39_78_364_2019-05-13 17:19:38.017982,265,1714.4575671064329,0.0,0.0,0.0,False
2_39_78_364_2019-05-14 16:56:26.896151,100,392.5860386965155,0.0,0.0,0.0,False
2_39_78_364_2019-05-14 19:18:39.591883,121,396.8660658181942,0.0,0.0,0.0,False
2_39_78_364_2019-05-15 18:17:13.024207,31,55.8445125536351,0.0,0.0,0.0,False
2_39_78_364_2019-05-16 14:28:44.921175,77,232.9692645432434,0.0,0.0,0.0,False
2_39_78_364_2019-05-17 15:28:04.899532,164,560.8481577057759,0.0,0.0,0.0,False
2_39_78_364_2019-05-19 22:49:22.957783,255,860.7344991357477,0.0,0.0,0.0,False
2_39_78_364_2019-05-21 17:16:42.010759,175,703.567866950263,0.0,0.0,0.0,False
2_39_78_364_2019-05-22 19:46:26.469865,115,683.7600490980831,0.0,0.0,0.0,False
2_39_78_364_2019-05-23 15:30:03.989162,144,498.4739695613131,0.0,0.0,0.0,False
2_39_78_364_2019-05-23 20:32:37.741418,31,53.13153977362098,0.0,0.0,0.0,False
2_39_78_364_2019-05-28 17:44:21.539236,264,791.9905024563456,0.0,0.0,0.0,False
2_39_78_364_2019-05-30 20:14:51.865981,215,652.409105833151,0.0,0.0,0.0,False
2_39_78_364_2019-05-31 14:39:39.550877,77,246.51855712460954,0.0,0.0,0.0,False
2_39_78_364_2019-08-06 21:18:20.722115,214,1382.44058490215,0.0,0.0,0.0,False
2_39_78_364_2019-08-08 17:41:26.199290,67,415.38948615432747,0.0,0.0,0.0,False
2_39_78_364_2019-08-09 17:44:38.080146,32,55.993582921541474,0.0,0.0,0.0,False
2_39_78_364_2019-08-16 18:11:33.059322,40,65.7127626512596,0.0,0.0,0.0,False
2_39_78_364_2019-08-19 16:54:50.648373,109,709.2241973579443,0.0,0.0,0.0,False
2_39_78_364_2019-08-21 17:04:26.353186,67,102.6053211658682,0.0,0.0,0.0,False
2_39_78_364_2019-08-21 18:15:29.814968,33,57.047091430776504,0.0,0.0,0.0,False
2_39_78_364_2019-08-22 15:47:49.517755,120,569.8585023037461,0.0,0.0,0.0,False
2_39_78_364_2019-08-26 15:52:44.535250,194,1290.2008601770287,0.0,0.0,0.0,False
2_39_78_364_2019-08-27 18:29:44.985991,121,642.042555781559,0.0,0.0,0.0,False
2_39_78_364_2019-08-28 18:11:36.109569,185,516.6251158542501,0.0,0.0,0.0,False
2_39_78_364_2019-08-29 17:37:43.174990,140,813.3503958721719,0.0,0.0,0.0,False
2_39_78_364_2019-08-30 17:57:51.556336,32,68.93273012153047,0.0,0.0,0.0,False
2_39_78_364_2019-10-01 17:17:29.925708,153,670.2340229961707,0.0,0.0,0.0,False
2_39_78_364_2019-10-02 18:29:19.113104,74,274.5317693084593,0.0,0.0,0.0,False
2_39_78_364_2019-10-03 15:18:48.764335,83,487.67016554970115,0.0,0.0,0.0,False
2_39_78_364_2019-10-03 18:04:30.609437,56,323.5424611525973,0.0,0.0,0.0,False
2_39_78_364_2019-10-04 17:49:02.193732,77,226.38259235786273,0.0,0.0,0.0,False
2_39_78_364_2019-10-08 17:18:26.723892,117,665.2459521197893,0.0,0.0,0.0,False
2_39_78_364_2019-10-09 16:56:21.494005,182,473.71152059314505,0.0,0.0,0.0,False
2_39_78_364_2019-10-10 19:25:25.747745,129,666.7875333721106,0.0,0.0,0.0,False
2_39_78_364_2019-10-11 15:05:55.483111,230,1091.417056739728,0.0,0.0,0.0,False
2_39_78_364_2019-10-11 22:28:39.185395,120,712.7154838545866,0.0,0.0,0.0,False
2_39_78_364_2019-10-14 21:41:12.792385,107,444.03964090580956,0.0,0.0,0.0,False
2_39_78_364_2019-10-15 15:46:05.530030,108,211.86757200031406,0.0,0.0,0.0,False
2_39_78_364_2019-10-16 18:20:13.742630,31,49.78486232104371,0.0,0.0,0.0,False
2_39_78_364_2019-10-17 00:02:56.264363,31,49.2053932331196,0.0,0.0,0.0,False
2_39_78_364_2019-10-17 17:31:24.900055,426,2691.644056840333,0.0,0.0,0.0,False
2_39_78_364_2019-10-18 17:08:19.671499,262,827.1866714154902,0.0,0.0,0.0,False
2_39_78_364_2019-10-21 20:29:11.132960,32,52.257026591492455,0.0,0.0,0.0,False
2_39_78_364_2019-10-22 18:33:49.932861,42,106.8127576179685,0.0,0.0,0.0,False
2_39_78_364_2019-10-22 21:53:06.733406,254,876.4763756735499,0.0,0.0,0.0,False
2_39_78_364_2019-10-23 17:35:32.848365,41,104.98548236020368,0.0,0.0,0.0,False
2_39_78_364_2019-10-24 17:18:18.060640,83,288.4093724755406,0.0,0.0,0.0,False
2_39_78_364_2019-10-25 18:43:43.139358,121,393.9887416822387,0.0,0.0,0.0,False
2_39_78_364_2019-10-28 22:04:59.816037,28,47.39884224625502,0.0,0.0,0.0,False
2_39_78_364_2019-10-29 16:27:34.000124,222,487.5359574936997,0.0,0.0,0.0,False
2_39_78_364_2019-10-30 19:07:09.255698,32,56.362968269413386,0.0,0.0,0.0,False
2_39_78_365_2018-11-02 19:08:43.287781,223,414.8846219363452,0.0,0.0,0.0,False
2_39_78_365_2018-11-04 20:35:43.107896,155,909.8267429835511,0.0,0.0,0.0,False
2_39_78_365_2018-11-05 15:00:49.657533,299,933.5937420780933,0.0,0.0,0.0,False
2_39_78_365_2018-11-05 20:05:45.653865,64,136.55291426791743,0.0,0.0,0.0,False
2_39_78_365_2018-11-06 18:15:53.435039,32,57.446110627991274,0.0,0.0,0.0,False
2_39_78_365_2018-11-06 20:22:59.344492,210,1248.7910653741365,0.0,0.0,0.0,False
2_39_78_365_2018-11-07 15:08:59.525100,204,1039.0752539850935,0.0,0.0,0.0,False
2_39_78_365_2018-11-07 22:08:32.429335,130,835.5479244529444,0.0,0.0,0.0,False
2_39_78_365_2018-11-08 16:39:21.906294,289,597.49901494256,0.0,0.0,0.0,False
2_39_78_365_2018-11-09 17:41:50.524751,90,147.30357311169243,0.0,0.0,0.0,False
2_39_78_365_2018-11-11 22:59:39.659042,31,49.49793506270022,0.0,0.0,0.0,False
2_39_78_365_2018-11-12 17:46:23.434557,169,323.45414645195194,0.0,0.0,0.0,False
2_39_78_365_2018-11-13 18:09:22.500669,187,614.8726627570998,0.0,0.0,0.0,False
2_39_78_365_2018-11-14 19:21:02.344507,104,331.43094307775675,0.0,0.0,0.0,False
2_39_78_365_2018-11-15 16:53:33.378261,162,535.017288145603,0.0,0.0,0.0,False
2_39_78_365_2018-11-16 21:06:37.323573,64,133.44378741163365,0.0,0.0,0.0,False
2_39_78_365_2018-11-18 23:25:05.409189,84,173.13075957927967,0.0,0.0,0.0,False
2_39_78_365_2018-11-26 17:56:33.229405,306,700.7608329036381,0.0,0.0,0.0,False
2_39_78_365_2018-11-27 16:44:59.327060,121,322.989976127472,0.0,0.0,0.0,False
2_39_78_365_2018-11-28 17:16:20.255789,168,415.0652216027036,0.0,0.0,0.0,False
2_39_78_365_2018-11-29 19:58:28.339498,150,505.0625570959139,0.0,0.0,0.0,False
2_39_78_365_2018-11-30 20:39:16.046684,71,244.90929766925427,0.0,0.0,0.0,False
2_39_78_365_2019-03-01 15:09:12.849715,29,47.41895132720292,0.0,0.0,0.0,False
2_39_78_365_2019-03-01 15:38:04.319214,194,1038.8105982317088,0.0,0.0,0.0,False
2_39_78_365_2019-03-04 15:14:32.138257,322,1757.112596775507,0.0,0.0,0.0,False
2_39_78_365_2019-03-05 15:17:31.779485,72,351.3479980725556,0.0,0.0,0.0,False
2_39_78_365_2019-03-06 19:41:36.900866,118,466.67807482255216,0.0,0.0,0.0,False
2_39_78_365_2019-03-07 18:40:05.102223,81,387.3846500133227,0.0,0.0,0.0,False
2_39_78_365_2019-03-08 17:01:08.707057,230,1354.087472589414,0.0,0.0,0.0,False
2_39_78_365_2019-03-11 19:22:12.617534,131,390.95886800414604,0.0,0.0,0.0,False
2_39_78_365_2019-03-12 17:46:49.619374,93,475.2511728699715,0.0,0.0,0.0,False
2_39_78_365_2019-03-14 17:24:36.895066,144,305.69855141669376,0.0,0.0,0.0,False
2_39_78_365_2019-03-15 19:25:21.752940,129,305.71179119336165,0.0,0.0,0.0,False
2_39_78_365_2019-03-17 18:48:44.756092,24,41.96027752156231,0.0,0.0,0.0,False
2_39_78_365_2019-03-18 18:29:01.974148,77,213.84242512515962,0.0,0.0,0.0,False
2_39_78_365_2019-03-19 18:15:44.647956,101,520.8596092068551,0.0,0.0,0.0,False
2_39_78_365_2019-03-20 15:21:22.369109,73,397.7767547741822,0.0,0.0,0.0,False
2_39_78_365_2019-03-21 17:05:56.407753,134,691.3651628119185,0.0,0.0,0.0,False
2_39_78_365_2019-03-22 03:00:01.698221,273,1616.5579741306783,0.0,0.0,0.0,False
2_39_78_365_2019-03-22 16:31:29.205427,31,53.2329953818364,0.0,0.0,0.0,False
2_39_78_365_2019-03-25 17:02:52.763424,233,604.3442873467416,0.0,0.0,0.0,False
2_39_78_365_2019-03-26 15:38:57.891369,127,536.402108253769,0.0,0.0,0.0,False
2_39_78_365_2019-03-27 15:28:41.604183,96,616.0929197180608,0.0,0.0,0.0,False
2_39_78_365_2019-03-28 14:56:26.770405,45,117.43426032147993,0.0,0.0,0.0,False
2_39_78_365_2019-03-29 18:12:19.029652,44,228.60290595993666,0.0,0.0,0.0,False
2_39_78_365_2019-03-30 00:51:08.016175,77,265.3704974648799,0.0,0.0,0.0,False
2_39_78_365_2019-04-01 15:25:05.955450,153,988.8013175407674,0.0,0.0,0.0,False
2_39_78_365_2019-04-01 18:47:19.542318,26,145.74053294484446,0.0,0.0,0.0,False
2_39_78_365_2019-04-02 18:04:14.469212,32,56.93383453419238,0.0,0.0,0.0,False
2_39_78_365_2019-04-03 19:27:53.758658,57,187.4158267703495,0.0,0.0,0.0,False
2_39_78_365_2019-04-03 21:29:43.875348,93,283.34306989798034,0.0,0.0,0.0,False
2_39_78_365_2019-04-04 15:46:30.153409,87,566.695104891303,0.0,0.0,0.0,False
2_39_78_365_2019-04-05 02:07:04.490521,75,260.26110851489096,0.0,0.0,0.0,False
2_39_78_365_2019-04-05 17:30:10.725215,95,611.0956046545723,0.0,0.0,0.0,False
2_39_78_365_2019-04-05 19:34:46.815776,68,142.4867522795459,0.0,0.0,0.0,False
2_39_78_365_2019-04-09 17:15:38.206560,273,555.6548749171524,0.0,0.0,0.0,False
2_39_78_365_2019-04-10 14:07:30.815158,80,422.5617967880618,0.0,0.0,0.0,False
2_39_78_365_2019-04-11 15:29:33.391264,29,47.40256705813021,0.0,0.0,0.0,False
2_39_78_365_2019-04-11 18:04:19.472679,32,45.347958151749395,0.0,0.0,0.0,False
2_39_78_365_2019-04-12 02:06:39.050857,75,258.9464803133486,0.0,0.0,0.0,False
2_39_78_365_2019-04-12 17:06:28.011895,45,290.62248434652645,0.0,0.0,0.0,False
2_39_78_365_2019-04-12 17:55:57.554324,31,56.44711067646985,0.0,0.0,0.0,False
2_39_78_365_2019-04-15 14:33:20.886144,328,848.0800006655435,0.0,0.0,0.0,False
2_39_78_365_2019-04-16 15:01:52.663183,125,337.4883188941511,0.0,0.0,0.0,False
2_39_78_365_2019-04-17 16:21:43.553849,200,914.8261310362193,0.0,0.0,0.0,False
2_39_78_365_2019-04-18 19:45:29.351673,123,400.75018661167496,0.0,0.0,0.0,False
2_39_78_365_2019-04-19 05:41:26.194642,32,52.70201760110615,0.0,0.0,0.0,False
2_39_78_365_2019-04-19 06:15:02.026607,103,582.2225086554434,0.0,0.0,0.0,False
2_39_78_365_2019-04-19 21:48:31.517388,122,359.506115134285,0.0,0.0,0.0,False
2_39_78_365_2019-04-22 17:56:43.842916,32,58.546647611525046,0.0,0.0,0.0,False
2_39_78_365_2019-04-23 15:34:15.355203,136,373.8069638334415,0.0,0.0,0.0,False
2_39_78_365_2019-04-23 20:31:33.843397,34,58.4726203545084,0.0,0.0,0.0,False
2_39_78_365_2019-04-24 16:22:42.072368,89,246.4882581551039,0.0,0.0,0.0,False
2_39_78_365_2019-04-25 15:18:34.216954,130,818.3387332498306,0.0,0.0,0.0,False
2_39_78_365_2019-04-26 17:49:08.112764,246,1381.902301517923,0.0,0.0,0.0,False
2_39_78_365_2019-04-29 16:58:40.183846,54,150.58256629426924,0.0,0.0,0.0,False
2_39_78_365_2019-04-30 01:59:42.221861,66,136.50442778361773,0.0,0.0,0.0,False
2_39_78_365_2019-04-30 16:48:03.644893,288,964.7867288483678,0.0,0.0,0.0,False
2_39_78_365_2019-05-01 15:32:15.698157,174,815.7534164282362,0.0,0.0,0.0,False
2_39_78_365_2019-05-02 17:22:02.599805,233,1172.9108137535727,0.0,0.0,0.0,False
2_39_78_365_2019-05-03 18:29:17.420082,73,276.89349899363805,0.0,0.0,0.0,False
2_39_78_365_2019-05-06 16:14:34.837175,111,376.4078299921635,0.0,0.0,0.0,False
2_39_78_365_2019-05-09 15:34:29.743737,139,799.5195236072906,0.0,0.0,0.0,False
2_39_78_365_2019-05-10 17:19:16.999117,267,687.7707464281195,0.0,0.0,0.0,False
2_39_78_365_2019-05-13 16:16:14.039550,122,201.9895977295075,0.0,0.0,0.0,False
2_39_78_365_2019-05-14 15:13:14.586362,58,326.37175798595166,0.0,0.0,0.0,False
2_39_78_365_2019-05-15 16:01:21.494884,146,416.4452886296328,0.0,0.0,0.0,False
2_39_78_365_2019-05-16 16:44:08.640150,158,697.5771046202278,0.0,0.0,0.0,False
2_39_78_365_2019-05-19 02:53:37.631484,93,628.8298324687836,0.0,0.0,0.0,False
2_39_78_365_2019-05-20 17:22:11.657751,68,201.76275609470244,0.0,0.0,0.0,False
2_39_78_365_2019-05-21 16:30:30.102627,286,637.0655758749012,0.0,0.0,0.0,False
2_39_78_365_2019-05-22 16:50:07.841107,78,205.29526054595502,0.0,0.0,0.0,False
2_39_78_365_2019-05-23 17:41:39.792886,87,231.3483143736692,0.0,0.0,0.0,False
2_39_78_365_2019-05-24 16:25:34.930928,31,56.43096174201142,0.0,0.0,0.0,False
2_39_78_365_2019-05-28 16:47:58.422522,32,58.003552646961694,0.0,0.0,0.0,False
2_39_78_365_2019-05-29 15:35:52.825021,71,443.943628133859,0.0,0.0,0.0,False
2_39_78_365_2019-05-31 18:24:40.762331,75,205.65839227704305,0.0,0.0,0.0,False
2_39_78_365_2019-08-01 18:09:01.887576,122,399.97514979038164,0.0,0.0,0.0,False
2_39_78_365_2019-08-02 18:39:12.760544,197,1189.5904395483417,0.0,0.0,0.0,False
2_39_78_365_2019-08-06 16:46:52.132636,87,218.88980213239134,0.0,0.0,0.0,False
2_39_78_365_2019-08-07 16:48:38.415835,31,53.05570427995295,0.0,0.0,0.0,False
2_39_78_365_2019-08-08 16:48:01.258264,225,586.4641658712894,0.0,0.0,0.0,False
2_39_78_365_2019-08-09 21:05:38.077971,31,52.29999657952366,0.0,0.0,0.0,False
2_39_78_365_2019-08-12 16:33:22.677201,261,1357.1614749798266,0.0,0.0,0.0,False
2_39_78_365_2019-08-13 17:00:05.099930,17,55.75665383989337,0.0,0.0,0.0,False
2_39_78_365_2019-08-14 16:01:43.365038,109,267.18120817931367,0.0,0.0,0.0,False
2_39_78_365_2019-08-15 16:46:38.970978,31,56.4841001097629,0.0,0.0,0.0,False
2_39_78_365_2019-08-16 16:31:34.582076,54,320.4040233308972,0.0,0.0,0.0,False
2_39_78_365_2019-08-19 19:21:16.628379,126,407.4040737797535,0.0,0.0,0.0,False
2_39_78_365_2019-08-20 15:50:03.879715,222,1281.2224415051928,0.0,0.0,0.0,False
2_39_78_365_2019-08-21 15:56:15.037779,341,1305.4245746311767,0.0,0.0,0.0,False
2_39_78_365_2019-08-22 23:42:56.969042,241,738.0557351737514,0.0,0.0,0.0,False
2_39_78_365_2019-08-23 20:22:40.902387,100,289.20376038288947,0.0,0.0,0.0,False
2_39_78_365_2019-08-27 16:19:24.670860,32,52.00348709663067,0.0,0.0,0.0,False
2_39_78_365_2019-08-28 15:54:56.475652,160,325.6150898395031,0.0,0.0,0.0,False
2_39_78_365_2019-08-29 16:14:32.836007,32,52.47828933936466,0.0,0.0,0.0,False
2_39_78_365_2019-10-01 17:08:55.196649,353,773.2851847314425,0.0,0.0,0.0,False
2_39_78_365_2019-10-04 16:42:56.474215,209,637.4526314008374,0.0,0.0,0.0,False
2_39_78_365_2019-10-07 17:04:02.807481,260,611.9272828864835,0.0,0.0,0.0,False
2_39_78_365_2019-10-09 16:33:10.543623,31,55.35707733114476,0.0,0.0,0.0,False
2_39_78_365_2019-10-09 17:36:27.246965,152,730.603488026071,0.0,0.0,0.0,False
2_39_78_365_2019-10-09 20:17:32.404038,81,250.57617428744305,0.0,0.0,0.0,False
2_39_78_365_2019-10-10 17:25:24.442520,170,1079.9351988302558,0.0,0.0,0.0,False
2_39_78_365_2019-10-10 20:50:29.114840,88,500.97519802411864,0.0,0.0,0.0,False
2_39_78_365_2019-10-12 15:54:34.641716,31,51.91365954241546,0.0,0.0,0.0,False
2_39_78_365_2019-10-15 15:30:03.048349,162,793.091334655423,0.0,0.0,0.0,False
2_39_78_365_2019-10-16 16:12:25.480984,274,797.4549150680749,0.0,0.0,0.0,False
2_39_78_365_2019-10-17 16:52:16.258525,227,651.0620220170122,0.0,0.0,0.0,False
2_39_78_365_2019-10-18 17:08:57.921295,31,55.61201654557639,0.0,0.0,0.0,False
2_39_78_365_2019-10-22 16:40:05.656175,69,370.4466534367028,0.0,0.0,0.0,False
2_39_78_365_2019-10-24 15:54:56.350607,188,891.2806313303141,0.0,0.0,0.0,False
2_39_78_365_2019-10-25 17:15:46.390506,111,539.9946875066859,0.0,0.0,0.0,False
2_39_78_365_2019-10-25 23:24:25.252020,43,118.98860553658143,0.0,0.0,0.0,False
2_39_78_365_2019-10-26 19:04:20.575622,69,206.33880721372293,0.0,0.0,0.0,False
2_39_78_365_2019-10-28 16:42:20.706712,242,815.4410115550895,0.0,0.0,0.0,False
2_39_78_365_2019-10-29 20:40:59.913961,31,51.23625891057824,0.0,0.0,0.0,False
2_39_78_365_2019-10-30 15:38:38.313940,32,54.78954690160317,0.0,0.0,0.0,False
2_39_78_365_2019-10-31 16:57:22.877336,155,681.0702156307291,0.0,0.0,0.0,False
2_39_78_366_2018-11-02 14:12:54.963248,67,353.84459019948315,0.0,0.0,0.0,False
2_39_78_366_2018-11-03 22:58:11.169453,31,52.17071467852271,0.0,0.0,0.0,False
2_39_78_366_2018-11-04 19:20:37.958666,31,53.52398530264676,0.0,0.0,0.0,False
2_39_78_366_2018-11-04 22:09:28.321488,102,315.1616921090133,0.0,0.0,0.0,False
2_39_78_366_2018-11-05 17:42:45.845464,233,796.4239029148562,0.0,0.0,0.0,False
2_39_78_366_2018-11-06 17:49:01.574143,198,326.18251560469537,0.0,0.0,0.0,False
2_39_78_366_2018-11-07 15:16:13.377697,31,51.12497819210112,0.0,0.0,0.0,False
2_39_78_366_2018-11-08 15:23:54.845604,401,1107.071828147114,0.0,0.0,0.0,False
2_39_78_366_2018-11-09 00:56:25.369059,266,904.1703902481862,0.0,0.0,0.0,False
2_39_78_366_2018-11-09 15:09:56.281663,32,53.17305304412546,0.0,0.0,0.0,False
2_39_78_366_2018-11-11 08:49:58.368398,106,349.5635000561211,0.0,0.0,0.0,False
2_39_78_366_2018-11-11 23:59:35.410419,34,77.47536311588124,0.0,0.0,0.0,False
2_39_78_366_2018-11-12 15:45:29.847953,319,1369.7762658638544,0.0,0.0,0.0,False
2_39_78_366_2018-11-13 15:24:52.739653,142,684.8131596512519,0.0,0.0,0.0,False
2_39_78_366_2018-11-14 08:29:19.608780,26,53.10002104755433,0.0,0.0,0.0,False
2_39_78_366_2018-11-14 15:20:15.373049,119,614.3509459491482,0.0,0.0,0.0,False
2_39_78_366_2018-11-15 15:33:59.484769,31,51.63389813891778,0.0,0.0,0.0,False
2_39_78_366_2018-11-16 17:20:19.432765,209,920.6429135327782,0.0,0.0,0.0,False
2_39_78_366_2018-11-16 22:34:31.299047,32,52.64229629018823,0.0,0.0,0.0,False
2_39_78_366_2018-11-18 21:34:31.234734,21,34.078773478439416,0.0,0.0,0.0,False
2_39_78_366_2018-11-19 19:04:27.278930,31,40.70260190309844,0.0,0.0,0.0,False
2_39_78_366_2018-11-20 15:48:26.514040,339,1165.1960382454245,0.0,0.0,0.0,False
2_39_78_366_2018-11-26 15:17:14.646034,321,1310.5035711567014,0.0,0.0,0.0,False
2_39_78_366_2018-11-26 20:48:07.835215,33,62.89799769744558,0.0,0.0,0.0,False
2_39_78_366_2018-11-27 16:27:41.775387,47,80.78437157682974,0.0,0.0,0.0,False
2_39_78_366_2018-11-28 16:14:47.025374,322,853.130173938654,0.0,0.0,0.0,False
2_39_78_366_2018-11-29 18:05:12.292180,321,601.8237258684939,0.0,0.0,0.0,False
2_39_78_366_2018-11-30 15:17:22.294840,34,53.296743433604234,0.0,0.0,0.0,False
2_39_78_366_2018-11-30 22:01:27.053871,47,170.53864097051203,0.0,0.0,0.0,False
2_39_78_366_2019-03-01 20:30:07.195597,205,1140.7563611529993,0.0,0.0,0.0,False
2_39_78_366_2019-03-04 16:45:47.120011,127,383.31736251702785,0.0,0.0,0.0,False
2_39_78_366_2019-03-04 22:50:22.913599,44,125.7516500167726,0.0,0.0,0.0,False
2_39_78_366_2019-03-05 18:23:21.472933,40,180.40306920848863,0.0,0.0,0.0,False
2_39_78_366_2019-03-06 19:54:23.134734,294,1757.2652816249783,0.0,0.0,0.0,False
2_39_78_366_2019-03-07 18:38:50.260834,32,52.53081738174958,0.0,0.0,0.0,False
2_39_78_366_2019-03-08 15:29:17.548894,14,88.40102704619096,0.0,0.0,0.0,False
2_39_78_366_2019-03-08 15:59:54.095146,32,51.2847962476413,0.0,0.0,0.0,False
2_39_78_366_2019-03-11 15:08:27.736360,324,1990.7965515306726,0.0,0.0,0.0,False
2_39_78_366_2019-03-12 14:21:13.015501,100,547.9925993570314,0.0,0.0,0.0,False
2_39_78_366_2019-03-13 14:11:23.488751,86,466.0023344509594,0.0,0.0,0.0,False
2_39_78_366_2019-03-14 14:09:28.000005,77,351.77799246005867,0.0,0.0,0.0,False
2_39_78_366_2019-03-14 19:37:03.256513,77,125.58008539815111,0.0,0.0,0.0,False
2_39_78_366_2019-03-15 14:35:13.691961,82,386.02495462741706,0.0,0.0,0.0,False
2_39_78_366_2019-03-16 22:55:56.802849,113,707.9795299835773,0.0,0.0,0.0,False
2_39_78_366_2019-03-18 16:07:43.988147,127,666.7269727553879,0.0,0.0,0.0,False
2_39_78_366_2019-03-19 14:47:32.937984,59,333.5498172642218,0.0,0.0,0.0,False
2_39_78_366_2019-03-20 17:47:38.426352,86,470.4916227581749,0.0,0.0,0.0,False
2_39_78_366_2019-03-20 20:48:39.737398,32,55.18870608112244,0.0,0.0,0.0,False
2_39_78_366_2019-03-21 03:36:25.456897,217,1041.4641940750398,0.0,0.0,0.0,False
2_39_78_366_2019-03-21 16:26:47.456093,129,549.6732553727273,0.0,0.0,0.0,False
2_39_78_366_2019-03-22 00:25:29.702157,120,379.52374488802064,0.0,0.0,0.0,False
2_39_78_366_2019-03-22 15:23:31.539994,97,412.3120997237563,0.0,0.0,0.0,False
2_39_78_366_2019-03-25 15:55:39.368753,297,1618.9405860224467,0.0,0.0,0.0,False
2_39_78_366_2019-03-26 01:49:36.283589,120,761.9812403085496,0.0,0.0,0.0,False
2_39_78_366_2019-03-26 14:19:25.443330,86,442.5615574103783,0.0,0.0,0.0,False
2_39_78_366_2019-03-27 14:12:46.716694,78,455.5721378391955,0.0,0.0,0.0,False
2_39_78_366_2019-03-28 14:13:51.828402,71,357.1222413577379,0.0,0.0,0.0,False
2_39_78_366_2019-03-29 16:53:04.695616,66,377.7878460332096,0.0,0.0,0.0,False
2_39_78_366_2019-03-31 23:21:58.655960,23,46.992290451031245,0.0,0.0,0.0,False
2_39_78_366_2019-04-01 14:19:51.094877,89,591.049639010178,0.0,0.0,0.0,False
2_39_78_366_2019-04-01 21:04:04.627991,71,225.3628141078974,0.0,0.0,0.0,False
2_39_78_366_2019-04-02 14:10:22.167789,195,1125.9357125806266,0.0,0.0,0.0,False
2_39_78_366_2019-04-03 14:11:58.975919,49,276.18625216306265,0.0,0.0,0.0,False
2_39_78_366_2019-04-04 14:09:05.724102,52,298.68918573202023,0.0,0.0,0.0,False
2_39_78_366_2019-04-05 14:09:12.656282,68,369.20122047518754,0.0,0.0,0.0,False
2_39_78_366_2019-04-06 20:52:00.507343,30,53.58555620326244,0.0,0.0,0.0,False
2_39_78_366_2019-04-08 17:14:16.045156,19,31.318574797240224,0.0,0.0,0.0,False
2_39_78_366_2019-04-09 14:07:43.050421,506,3000.0328881024557,0.0,0.0,0.0,False
2_39_78_366_2019-04-10 01:57:08.802281,87,305.11255337823434,0.0,0.0,0.0,False
2_39_78_366_2019-04-10 15:42:55.187705,141,844.9811105894022,0.0,0.0,0.0,False
2_39_78_366_2019-04-11 14:11:01.029697,96,559.7192909953404,0.0,0.0,0.0,False
2_39_78_366_2019-04-12 14:10:04.804710,51,296.06943175611207,0.0,0.0,0.0,False
2_39_78_366_2019-04-14 21:51:35.832276,156,902.1680186183709,0.0,0.0,0.0,False
2_39_78_366_2019-04-15 14:13:26.203570,490,2286.797250354035,0.0,0.0,0.0,False
2_39_78_366_2019-04-16 14:05:16.697456,62,327.24114167506764,0.0,0.0,0.0,False
2_39_78_366_2019-04-17 14:09:25.657318,139,784.953180158722,0.0,0.0,0.0,False
2_39_78_366_2019-04-18 14:13:33.154989,86,524.6141885591217,0.0,0.0,0.0,False
2_39_78_366_2019-04-19 14:10:16.755258,68,370.90312832960535,0.0,0.0,0.0,False
2_39_78_366_2019-04-22 14:09:41.678937,373,2319.2524741206266,0.0,0.0,0.0,False
2_39_78_366_2019-04-23 14:06:36.728965,65,362.08465349578444,0.0,0.0,0.0,False
2_39_78_366_2019-04-24 15:13:38.532533,64,375.0974873856076,0.0,0.0,0.0,False
2_39_78_366_2019-04-25 14:14:43.632001,94,574.0825644912404,0.0,0.0,0.0,False
2_39_78_366_2019-04-26 16:02:00.611457,107,540.856613476245,0.0,0.0,0.0,False
2_39_78_366_2019-04-29 18:16:41.426616,37,62.71354946018385,0.0,0.0,0.0,False
2_39_78_366_2019-04-29 21:35:53.812121,76,271.9803141513542,0.0,0.0,0.0,False
2_39_78_366_2019-04-30 15:39:40.899085,220,844.4528881301338,0.0,0.0,0.0,False
2_39_78_366_2019-05-01 14:08:57.921419,342,1350.5094471098744,0.0,0.0,0.0,False
2_39_78_366_2019-05-02 14:07:35.468285,63,344.80953208036703,0.0,0.0,0.0,False
2_39_78_366_2019-05-03 14:40:50.612230,62,360.4470878659777,0.0,0.0,0.0,False
2_39_78_366_2019-05-05 18:51:37.990711,198,1237.7391379422866,0.0,0.0,0.0,False
2_39_78_366_2019-05-06 14:14:53.586826,357,2124.555356083971,0.0,0.0,0.0,False
2_39_78_366_2019-05-07 14:17:11.546725,64,363.2594185340344,0.0,0.0,0.0,False
2_39_78_366_2019-05-08 14:09:09.299732,103,637.802485364414,0.0,0.0,0.0,False
2_39_78_366_2019-05-09 17:08:40.929137,120,375.88234246797333,0.0,0.0,0.0,False
2_39_78_366_2019-05-10 15:42:29.311540,108,659.2174949590348,0.0,0.0,0.0,False
2_39_78_366_2019-05-13 14:14:49.084355,512,2864.196992236044,0.0,0.0,0.0,False
2_39_78_366_2019-05-14 14:18:50.754236,67,353.9292366098125,0.0,0.0,0.0,False
2_39_78_366_2019-05-14 20:12:12.872813,91,595.3181360049541,0.0,0.0,0.0,False
2_39_78_366_2019-05-15 15:05:29.109773,31,50.946556927337205,0.0,0.0,0.0,False
2_39_78_366_2019-05-16 14:09:35.278247,224,1218.3425163842385,0.0,0.0,0.0,False
2_39_78_366_2019-05-17 14:06:38.639827,31,51.48636308193368,0.0,0.0,0.0,False
2_39_78_366_2019-05-17 18:17:21.897678,68,133.3399871258378,0.0,0.0,0.0,False
2_39_78_366_2019-05-20 14:44:36.032110,65,207.0688831150617,0.0,0.0,0.0,False
2_39_78_366_2019-05-21 14:20:40.350824,550,2756.8833611060054,0.0,0.0,0.0,False
2_39_78_366_2019-05-22 14:56:30.533990,79,282.84826785353266,0.0,0.0,0.0,False
2_39_78_366_2019-05-23 14:24:19.406776,7,42.10612652181488,0.0,0.0,0.0,False
2_39_78_366_2019-05-23 14:48:29.902133,31,50.84043719038501,0.0,0.0,0.0,False
2_39_78_366_2019-05-24 14:43:29.444159,202,1252.6684465243882,0.0,0.0,0.0,False
2_39_78_366_2019-05-27 17:51:44.532836,253,1554.940505297889,0.0,0.0,0.0,False
2_39_78_366_2019-05-28 14:24:40.939818,32,52.9377993797687,0.0,0.0,0.0,False
2_39_78_366_2019-05-28 15:52:54.767409,263,1082.8482779531823,0.0,0.0,0.0,False
2_39_78_366_2019-05-29 14:21:46.408099,74,300.1151551692468,0.0,0.0,0.0,False
2_39_78_366_2019-05-30 14:20:07.507580,193,1073.1110335364958,0.0,0.0,0.0,False
2_39_78_366_2019-05-31 14:43:55.808295,150,825.2432173882656,0.0,0.0,0.0,False
2_39_78_366_2019-08-01 15:15:45.808974,49,168.65897300219402,0.0,0.0,0.0,False
2_39_78_366_2019-08-02 14:58:17.163018,552,2853.3854815351533,0.0,0.0,0.0,False
2_39_78_366_2019-08-05 15:49:08.172673,46,155.1952774926633,0.0,0.0,0.0,False
2_39_78_366_2019-08-05 19:49:15.361937,34,92.2174313478422,0.0,0.0,0.0,False
2_39_78_366_2019-08-06 17:04:27.205566,134,841.829856280897,0.0,0.0,0.0,False
2_39_78_366_2019-08-06 19:45:44.450903,157,826.9842832757006,0.0,0.0,0.0,False
2_39_78_366_2019-08-07 15:32:02.922800,43,149.9137743450791,0.0,0.0,0.0,False
2_39_78_366_2019-08-07 19:46:51.566482,35,98.08231139343344,0.0,0.0,0.0,False
2_39_78_366_2019-08-08 15:32:35.715475,226,1400.6011737689273,0.0,0.0,0.0,False
2_39_78_366_2019-08-08 19:37:59.798800,31,48.15480576639963,0.0,0.0,0.0,False
2_39_78_366_2019-08-09 15:33:48.665032,100,545.3527787782448,0.0,0.0,0.0,False
2_39_78_366_2019-08-12 18:17:49.834813,111,355.62052065515843,0.0,0.0,0.0,False
2_39_78_366_2019-08-13 15:47:36.043210,17,45.50181467275391,0.0,0.0,0.0,False
2_39_78_366_2019-08-14 15:40:14.670360,185,646.5609696974755,0.0,0.0,0.0,False
2_39_78_366_2019-08-14 23:11:03.710578,31,54.54150889237425,0.0,0.0,0.0,False
2_39_78_366_2019-08-15 15:39:13.692125,63,347.37080847728663,0.0,0.0,0.0,False
2_39_78_366_2019-08-16 15:56:25.603306,53,280.28696304337853,0.0,0.0,0.0,False
2_39_78_366_2019-08-19 15:38:47.266724,107,707.8313066217975,0.0,0.0,0.0,False
2_39_78_366_2019-08-19 20:24:57.935284,30,53.29376847411324,0.0,0.0,0.0,False
2_39_78_366_2019-08-20 14:43:40.550571,31,51.67286941631972,0.0,0.0,0.0,False
2_39_78_366_2019-08-20 20:30:52.593242,32,51.91407892420572,0.0,0.0,0.0,False
2_39_78_366_2019-08-21 17:09:02.091901,430,968.4792595070975,0.0,0.0,0.0,False
2_39_78_366_2019-08-22 15:16:58.478486,95,287.18749330676803,0.0,0.0,0.0,False
2_39_78_366_2019-08-26 15:15:34.757232,134,655.7138244186893,0.0,0.0,0.0,False
2_39_78_366_2019-08-27 15:01:57.200132,316,1588.0875963676237,0.0,0.0,0.0,False
2_39_78_366_2019-08-27 20:22:47.174171,51,129.007631927844,0.0,0.0,0.0,False
2_39_78_366_2019-08-28 15:15:56.668918,400,1192.7025273911108,0.0,0.0,0.0,False
2_39_78_366_2019-08-29 20:03:46.542869,32,52.860537427647905,0.0,0.0,0.0,False
2_39_78_366_2019-08-30 14:56:00.604777,95,532.0315916532137,0.0,0.0,0.0,False
2_39_78_366_2019-08-31 00:58:12.865851,31,54.65540482699128,0.0,0.0,0.0,False
2_39_78_366_2019-10-01 15:19:35.246461,31,50.89825927498388,0.0,0.0,0.0,False
2_39_78_366_2019-10-02 15:13:45.743139,124,686.6495220191716,0.0,0.0,0.0,False
2_39_78_366_2019-10-03 14:50:10.850851,32,51.14960756863059,0.0,0.0,0.0,False
2_39_78_366_2019-10-04 15:12:31.798468,95,555.3343650546335,0.0,0.0,0.0,False
2_39_78_366_2019-10-04 20:02:55.343455,65,319.63885426366573,0.0,0.0,0.0,False
2_39_78_366_2019-10-07 15:17:05.942097,473,2699.280496804214,0.0,0.0,0.0,False
2_39_78_366_2019-10-08 15:28:48.680339,32,52.31285816169786,0.0,0.0,0.0,False
2_39_78_366_2019-10-09 01:01:44.447851,31,49.65471497145901,0.0,0.0,0.0,False
2_39_78_366_2019-10-09 15:23:36.410842,31,51.37402373833245,0.0,0.0,0.0,False
2_39_78_366_2019-10-10 15:37:21.691883,42,62.20371592477213,0.0,0.0,0.0,False
2_39_78_366_2019-10-11 15:08:02.599019,328,1593.262789852601,0.0,0.0,0.0,False
2_39_78_366_2019-10-12 18:24:17.749928,173,1013.7293889705887,0.0,0.0,0.0,False
2_39_78_366_2019-10-14 19:26:55.635962,346,2103.460233835233,0.0,0.0,0.0,False
2_39_78_366_2019-10-16 15:10:44.649597,31,51.25943066515792,0.0,0.0,0.0,False
2_39_78_366_2019-10-17 16:30:57.516078,242,858.390235448513,0.0,0.0,0.0,False
2_39_78_366_2019-10-18 16:15:43.956423,105,594.3414226784372,0.0,0.0,0.0,False
2_39_78_366_2019-10-22 15:26:08.845663,253,1519.7206896856505,0.0,0.0,0.0,False
2_39_78_366_2019-10-22 19:42:14.469741,119,391.6605385817238,0.0,0.0,0.0,False
2_39_78_366_2019-10-23 15:15:31.196381,171,1020.68987190142,0.0,0.0,0.0,False
2_39_78_366_2019-10-23 18:51:44.273483,63,351.63973947853356,0.0,0.0,0.0,False
2_39_78_366_2019-10-23 22:55:43.972508,91,595.6470131882438,0.0,0.0,0.0,False
2_39_78_366_2019-10-24 15:08:46.056003,59,335.97715247564696,0.0,0.0,0.0,False
2_39_78_366_2019-10-24 19:59:34.890157,29,88.57373913528882,0.0,0.0,0.0,False
2_39_78_366_2019-10-25 16:57:00.550147,104,446.10281196124726,0.0,0.0,0.0,False
2_39_78_366_2019-10-28 22:41:41.425387,57,162.18889540583498,0.0,0.0,0.0,False
2_39_78_366_2019-10-29 15:17:28.149196,545,3005.3721183676594,0.0,0.0,0.0,False
2_39_78_366_2019-10-30 15:11:14.284021,68,344.88049539931626,0.0,0.0,0.0,False
2_39_78_366_2019-10-31 16:22:08.511100,93,611.2693515982318,0.0,0.0,0.0,False
2_39_78_367_2018-11-05 16:28:56.898220,99,480.12349311065697,0.0,0.0,0.0,False
2_39_78_367_2018-11-06 17:03:33.640955,279,927.0306698161891,0.0,0.0,0.0,False
2_39_78_367_2018-11-07 15:12:05.606053,174,762.6823718466067,0.0,0.0,0.0,False
2_39_78_367_2018-11-07 20:32:27.189976,73,214.84938468096433,0.0,0.0,0.0,False
2_39_78_367_2018-11-08 15:37:20.814281,100,164.43018175128384,0.0,0.0,0.0,False
2_39_78_367_2018-11-09 15:23:22.631966,100,164.63305595400493,0.0,0.0,0.0,False
2_39_78_367_2018-11-10 23:58:49.587163,118,449.17628722089955,0.0,0.0,0.0,False
2_39_78_367_2018-11-12 16:22:41.641630,132,219.20889980937633,0.0,0.0,0.0,False
2_39_78_367_2018-11-13 16:03:06.727709,88,176.33084744140993,0.0,0.0,0.0,False
2_39_78_367_2018-11-13 21:14:21.591817,52,143.9366966835845,0.0,0.0,0.0,False
2_39_78_367_2018-11-14 16:37:45.715335,180,747.6427499927694,0.0,0.0,0.0,False
2_39_78_367_2018-11-15 15:12:16.820698,181,810.6393022697351,0.0,0.0,0.0,False
2_39_78_367_2018-11-19 16:35:35.555169,518,3156.339393588947,0.0,0.0,0.0,False
2_39_78_367_2018-11-20 16:25:38.410468,345,902.8502786706491,0.0,0.0,0.0,False
2_39_78_367_2018-11-26 17:22:24.788423,238,515.2551684493644,0.0,0.0,0.0,False
2_39_78_367_2018-11-27 16:46:28.247422,295,516.3503945245358,0.0,0.0,0.0,False
2_39_78_367_2018-11-28 16:12:43.045712,314,783.5716070902904,0.0,0.0,0.0,False
2_39_78_367_2018-11-29 17:36:09.984392,444,1955.8049428710447,0.0,0.0,0.0,False
2_39_78_367_2018-11-30 16:35:24.997315,32,52.215027441058695,0.0,0.0,0.0,False
2_39_78_367_2019-03-06 17:35:02.022650,41,212.20403968890867,0.0,0.0,0.0,False
2_39_78_367_2019-03-07 19:03:59.792267,225,1344.415122657816,0.0,0.0,0.0,False
2_39_78_367_2019-03-08 18:22:05.160713,198,1067.6884302250226,0.0,0.0,0.0,False
2_39_78_367_2019-03-11 17:21:30.533859,148,748.1744511245198,0.0,0.0,0.0,False
2_39_78_367_2019-03-14 18:20:25.063981,32,56.03698127617284,0.0,0.0,0.0,False
2_39_78_367_2019-03-14 20:13:38.258352,35,61.517252804738945,0.0,0.0,0.0,False
2_39_78_367_2019-03-14 21:13:49.378213,32,55.70937213327972,0.0,0.0,0.0,False
2_39_78_367_2019-03-14 22:07:11.138442,31,54.05210535898389,0.0,0.0,0.0,False
2_39_78_367_2019-03-15 19:30:19.847779,71,139.24076202897075,0.0,0.0,0.0,False
2_39_78_367_2019-03-18 12:14:01.192251,23,45.38579289206349,0.0,0.0,0.0,False
2_39_78_367_2019-03-18 21:07:12.531876,84,237.0878865691004,0.0,0.0,0.0,False
2_39_78_367_2019-03-19 15:58:22.222931,213,554.4670599536325,0.0,0.0,0.0,False
2_39_78_367_2019-03-20 20:31:15.914436,63,93.81467673705014,0.0,0.0,0.0,False
2_39_78_367_2019-03-22 15:23:58.280012,251,840.8292841801602,0.0,0.0,0.0,False
2_39_78_367_2019-03-26 15:43:50.295480,76,369.9043128627726,0.0,0.0,0.0,False
2_39_78_367_2019-03-27 18:05:20.653676,121,604.9366172855252,0.0,0.0,0.0,False
2_39_78_367_2019-03-28 16:02:00.538978,261,891.006707712197,0.0,0.0,0.0,False
2_39_78_367_2019-04-04 15:13:48.921055,74,234.99725240587088,0.0,0.0,0.0,False
2_39_78_367_2019-04-05 14:35:17.571956,188,616.0521612827009,0.0,0.0,0.0,False
2_39_78_367_2019-04-08 16:57:00.906919,240,811.6808347111279,0.0,0.0,0.0,False
2_39_78_367_2019-04-09 17:07:21.662241,257,474.3308062333776,0.0,0.0,0.0,False
2_39_78_367_2019-04-09 21:48:27.841264,28,48.840741627755015,0.0,0.0,0.0,False
2_39_78_367_2019-04-10 17:18:54.135337,302,878.2265037264165,0.0,0.0,0.0,False
2_39_78_367_2019-04-12 19:47:03.242359,244,1492.5009932822704,0.0,0.0,0.0,False
2_39_78_367_2019-04-16 19:14:39.781724,124,397.51105365343295,0.0,0.0,0.0,False
2_39_78_367_2019-04-17 15:48:03.686684,122,234.14209806877815,0.0,0.0,0.0,False
2_39_78_367_2019-04-18 14:52:58.955928,194,663.1793511444827,0.0,0.0,0.0,False
2_39_78_367_2019-04-19 15:35:55.629255,93,296.2279924460577,0.0,0.0,0.0,False
2_39_78_367_2019-04-22 16:38:25.628472,141,353.0673684804616,0.0,0.0,0.0,False
2_39_78_367_2019-04-22 19:59:54.687364,92,530.8988500612974,0.0,0.0,0.0,False
2_39_78_367_2019-04-23 17:09:34.972947,123,555.8752428374677,0.0,0.0,0.0,False
2_39_78_367_2019-04-24 15:15:23.131518,78,257.6426953849262,0.0,0.0,0.0,False
2_39_78_367_2019-04-24 21:13:20.914123,23,42.02672718718615,0.0,0.0,0.0,False
2_39_78_367_2019-04-25 20:44:24.614079,80,467.2598242570945,0.0,0.0,0.0,False
2_39_78_367_2019-04-26 20:47:46.416205,32,52.64454316345567,0.0,0.0,0.0,False
2_39_78_367_2019-04-29 22:06:49.089142,37,86.93193358608482,0.0,0.0,0.0,False
2_39_78_367_2019-04-30 15:23:52.916484,173,581.0146129972779,0.0,0.0,0.0,False
2_39_78_367_2019-05-01 22:01:12.391393,118,381.7711650277241,0.0,0.0,0.0,False
2_39_78_367_2019-05-06 15:54:08.068297,286,981.3456767053416,0.0,0.0,0.0,False
2_39_78_367_2019-05-08 16:23:56.990787,169,1076.2858470614722,0.0,0.0,0.0,False
2_39_78_367_2019-05-09 14:58:31.747097,12,34.79201042637054,0.0,0.0,0.0,False
2_39_78_367_2019-05-09 15:26:40.848622,33,59.809935659280974,0.0,0.0,0.0,False
2_39_78_367_2019-05-10 18:26:30.869663,198,439.38779818048556,0.0,0.0,0.0,False
2_39_78_367_2019-05-13 21:13:46.219114,92,297.7493697273321,0.0,0.0,0.0,False
2_39_78_367_2019-05-14 22:35:51.959647,36,212.88932586404778,0.0,0.0,0.0,False
2_39_78_367_2019-05-15 20:19:30.142561,67,141.25690984849442,0.0,0.0,0.0,False
2_39_78_367_2019-05-16 20:35:10.509422,31,53.115909098561424,0.0,0.0,0.0,False
2_39_78_367_2019-05-17 18:40:25.418529,89,392.0559758151384,0.0,0.0,0.0,False
2_39_78_367_2019-05-20 15:28:56.254528,196,562.1040549865735,0.0,0.0,0.0,False
2_39_78_367_2019-05-21 16:25:12.458912,33,53.48881019144731,0.0,0.0,0.0,False
2_39_78_367_2019-05-22 14:50:10.049252,86,226.6239597425236,0.0,0.0,0.0,False
2_39_78_367_2019-05-23 19:32:29.474376,121,393.2136972906731,0.0,0.0,0.0,False
2_39_78_367_2019-05-31 19:06:11.791688,285,1413.237189225878,0.0,0.0,0.0,False
2_39_78_367_2019-08-01 16:55:25.556378,53,330.2838552416267,0.0,0.0,0.0,False
2_39_78_367_2019-08-06 19:39:45.772939,297,955.515924063494,0.0,0.0,0.0,False
2_39_78_367_2019-08-07 02:13:09.092021,31,57.81285830430516,0.0,0.0,0.0,False
2_39_78_367_2019-08-07 18:11:26.139151,136,403.59709715441153,0.0,0.0,0.0,False
2_39_78_367_2019-08-12 20:48:58.995282,247,858.7220198551862,0.0,0.0,0.0,False
2_39_78_367_2019-08-20 15:31:32.536972,82,230.4922372335453,0.0,0.0,0.0,False
2_39_78_367_2019-08-20 22:33:35.388018,123,688.0048603553902,0.0,0.0,0.0,False
2_39_78_367_2019-08-21 19:25:09.601901,37,60.87122835547692,0.0,0.0,0.0,False
2_39_78_367_2019-08-21 20:21:18.535346,16,24.50083024069264,0.0,0.0,0.0,False
2_39_78_367_2019-08-26 21:07:52.875509,22,136.23573894058765,0.0,0.0,0.0,False
2_39_78_367_2019-08-26 21:47:33.910023,23,36.684280298091956,0.0,0.0,0.0,False
2_39_78_367_2019-08-28 14:53:22.093383,119,294.6289172545576,0.0,0.0,0.0,False
2_39_78_367_2019-08-28 17:11:02.552982,2,1.2621902222222223,0.0,0.0,0.0,False
2_39_78_367_2019-08-28 19:51:41.837494,99,442.67325377155817,0.0,0.0,0.0,False
2_39_78_367_2019-08-29 15:59:51.928836,34,53.5617074526927,0.0,0.0,0.0,False
2_39_78_367_2019-08-30 16:11:02.893899,218,686.9649200986846,0.0,0.0,0.0,False
2_39_78_367_2019-10-01 15:59:00.087123,28,179.89261963180292,0.0,0.0,0.0,False
2_39_78_367_2019-10-01 16:44:20.955985,31,51.47937776097291,0.0,0.0,0.0,False
2_39_78_367_2019-10-02 17:52:11.116224,78,434.7878823063902,0.0,0.0,0.0,False
2_39_78_367_2019-10-03 17:12:55.907061,149,648.6834069449877,0.0,0.0,0.0,False
2_39_78_367_2019-10-04 16:04:34.815837,194,605.6556203272456,0.0,0.0,0.0,False
2_39_78_367_2019-10-07 15:44:39.935956,199,690.3267493831162,0.0,0.0,0.0,False
2_39_78_367_2019-10-07 19:20:07.648674,31,53.548559416293365,0.0,0.0,0.0,False
2_39_78_367_2019-10-07 20:22:26.772621,169,1042.325073956097,0.0,0.0,0.0,False
2_39_78_367_2019-10-10 14:58:24.836056,84,525.6417317267691,0.0,0.0,0.0,False
2_39_78_367_2019-10-11 16:37:56.630056,192,462.0250304258694,0.0,0.0,0.0,False
2_39_78_367_2019-10-14 15:52:11.724993,144,472.2473945190296,0.0,0.0,0.0,False
2_39_78_367_2019-10-15 17:13:11.967905,120,372.5681514744835,0.0,0.0,0.0,False
2_39_78_367_2019-10-16 16:22:47.947417,162,777.193008143113,0.0,0.0,0.0,False
2_39_78_367_2019-10-18 15:35:12.445748,143,668.0357694477347,0.0,0.0,0.0,False
2_39_78_367_2019-10-18 19:31:43.398137,63,130.58815221360098,0.0,0.0,0.0,False
2_39_78_367_2019-10-21 17:47:42.264497,32,57.255865486131164,0.0,0.0,0.0,False
2_39_78_367_2019-10-23 20:25:32.730834,32,51.58363151397029,0.0,0.0,0.0,False
2_39_78_367_2019-10-24 15:36:06.919526,134,575.2406754112209,0.0,0.0,0.0,False
2_39_78_367_2019-10-25 16:52:02.751411,31,52.73461192480164,0.0,0.0,0.0,False
2_39_78_367_2019-10-25 22:27:00.267226,31,44.30059416600202,0.0,0.0,0.0,False
2_39_78_367_2019-10-28 18:02:57.170553,97,627.8124099369683,0.0,0.0,0.0,False
2_39_78_367_2019-10-28 21:45:37.111559,41,244.96229497749553,0.0,0.0,0.0,False
2_39_78_367_2019-10-28 22:43:23.974970,8,41.85500869333333,0.0,0.0,0.0,False
2_39_79_376_2018-11-02 16:54:15.072027,181,576.0022063547564,0.0,0.0,0.0,False
2_39_79_376_2018-11-05 16:26:30.624681,264,745.5918537962554,1.0,0.4416273406862745,12.0,True
2_39_79_376_2018-11-06 04:57:44.048193,242,1579.7947547088531,1.0,0.7618567606209149,19.0,True
2_39_79_376_2018-11-07 18:11:02.934635,97,196.05395682465968,0.0,0.0,0.0,False
2_39_79_376_2018-11-07 20:15:57.885959,55,110.31519428553473,2.0,0.4609258905228758,8.0,True
2_39_79_376_2018-11-08 08:24:53.548248,116,374.6653292256376,0.0,0.0,0.0,False
2_39_79_376_2018-11-08 15:50:17.561029,311,1271.5749179738561,0.0,0.0,0.0,False
2_39_79_376_2018-11-09 17:40:50.468045,32,52.65708310973512,0.0,0.0,0.0,False
2_39_79_376_2018-11-09 22:04:30.877704,126,448.5347553687025,0.0,0.0,0.0,False
2_39_79_376_2018-11-10 05:02:25.847468,197,626.2043110822399,1.0,0.3227274890350877,11.0,True
2_39_79_376_2018-11-10 23:28:42.245332,22,36.55272099673203,1.0,0.6967393259803921,16.0,True
2_39_79_376_2018-11-12 09:36:44.700024,117,371.46118519795476,1.0,0.5198690151701297,15.0,True
2_39_79_376_2018-11-12 16:51:51.438812,205,670.2474385039194,0.0,0.0,0.0,False
2_39_79_376_2018-11-12 22:53:41.145009,108,193.5876153987911,0.0,0.0,0.0,False
2_39_79_376_2018-11-13 01:18:33.932324,197,699.9028162604037,0.0,0.0,0.0,False
2_39_79_376_2018-11-13 17:34:43.934694,32,56.791446964224285,0.0,0.0,0.0,False
2_39_79_376_2018-11-14 16:06:19.368624,128,369.21667887304045,1.0,0.25169193627450975,7.0,True
2_39_79_376_2018-11-14 19:02:24.346703,314,547.5758606416363,3.0,2.872558706423454,189.0,True
2_39_79_376_2018-11-15 08:13:57.148213,58,162.0531312392501,1.0,0.49206157407407414,15.0,True
2_39_79_376_2018-11-15 16:17:25.274089,187,303.3955852578751,1.0,0.08716018518518517,5.0,True
2_39_79_376_2018-11-16 15:22:33.596944,31,53.97885562312644,0.0,0.0,0.0,False
2_39_79_376_2018-11-19 03:47:46.804455,32,50.440099152906775,0.0,0.0,0.0,False
2_39_79_376_2018-11-19 14:55:51.468164,480,968.0550286088996,1.0,0.1287120438453159,8.0,True
2_39_79_376_2018-11-20 16:31:52.067271,307,937.3239190624133,1.0,0.30396074926900585,5.0,True
2_39_79_376_2018-11-21 15:23:29.126785,361,846.6767071512209,5.0,2.9165840330298787,21.0,True
2_39_79_376_2018-11-21 22:54:21.793726,130,254.98236992604058,0.0,0.0,0.0,False
2_39_79_376_2018-11-23 19:25:25.641664,58,129.09817483660132,2.0,3.7544644471677553,22.0,True
2_39_79_376_2018-11-26 16:28:38.663277,179,300.2759693980845,0.0,0.0,0.0,False
2_39_79_376_2018-11-27 16:31:19.670464,164,313.1265986959265,1.0,0.23217544823232322,6.0,True
2_39_79_376_2018-11-27 23:46:30.646162,31,53.07701723856209,0.0,0.0,0.0,False
2_39_79_376_2018-11-28 15:14:44.319253,144,312.8964132668458,1.0,0.4928577744094714,9.0,True
2_39_79_376_2018-11-29 17:01:34.849747,121,333.1449114571236,2.0,0.47778010864579745,16.0,True
2_39_79_376_2018-11-30 06:18:34.994098,261,1765.4673408742444,1.0,0.2693770252837977,6.0,True
2_39_79_376_2018-11-30 18:16:01.735988,147,418.99601951155853,3.0,0.8568868211070978,16.0,True
2_39_79_376_2019-03-01 17:01:40.453486,100,596.9696774608088,0.0,0.0,0.0,False
2_39_79_376_2019-03-04 16:36:44.985820,306,994.9775883343093,0.0,0.0,0.0,False
2_39_79_376_2019-03-05 18:53:52.180007,33,47.30372720588235,0.0,0.0,0.0,False
2_39_79_376_2019-03-06 16:48:32.773176,31,90.94339460784313,0.0,0.0,0.0,False
2_39_79_376_2019-03-07 17:27:40.398514,157,297.02676624148984,0.0,0.0,0.0,False
2_39_79_376_2019-03-08 17:25:53.339471,256,691.7427283988156,0.0,0.0,0.0,False
2_39_79_376_2019-03-11 18:18:31.705382,177,409.0353342436975,0.0,0.0,0.0,False
2_39_79_376_2019-03-11 22:01:14.527108,114,475.04870553025404,3.0,0.884367032967033,20.0,True
2_39_79_376_2019-03-12 16:44:55.135082,86,209.66639539473684,1.0,0.13010097222222222,5.0,True
2_39_79_376_2019-03-12 23:05:19.562371,85,277.74953161764705,0.0,0.0,0.0,False
2_39_79_376_2019-03-13 16:51:56.088533,164,722.3615808823529,0.0,0.0,0.0,False
2_39_79_376_2019-03-14 15:31:08.390526,166,554.9286115196078,0.0,0.0,0.0,False
2_39_79_376_2019-03-14 23:02:24.638283,69,235.63396401186196,2.0,0.3253057230392157,9.0,True
2_39_79_376_2019-03-15 18:30:37.312203,22,76.67983781512605,0.0,0.0,0.0,False
2_39_79_376_2019-03-18 14:31:54.739103,266,1617.546409030804,1.0,0.40561482151835093,7.0,True
2_39_79_376_2019-03-19 14:51:48.190076,63,188.25565465686273,1.0,0.27039881535947713,7.0,True
2_39_79_376_2019-03-20 15:52:13.047151,371,770.4892910209157,0.0,0.0,0.0,False
2_39_79_376_2019-03-20 22:51:47.841308,186,456.47235056778976,1.0,0.6858114534313725,23.0,True
2_39_79_376_2019-03-21 15:41:02.146802,83,338.28013357843133,0.0,0.0,0.0,False
2_39_79_376_2019-03-22 16:19:18.780674,335,975.7620641178738,1.0,0.17282262168902646,6.0,True
2_39_79_376_2019-03-24 01:16:21.451985,192,655.9912928921568,4.0,0.661040738017429,10.0,True
2_39_79_376_2019-03-25 17:44:35.983902,344,939.5725397381707,4.0,0.768764477145792,12.0,True
2_39_79_376_2019-03-26 15:56:56.242458,198,1192.6118550696594,1.0,0.6823088397259489,13.0,True
2_39_79_376_2019-03-28 17:58:25.125372,189,403.50088790849674,0.0,0.0,0.0,False
2_39_79_376_2019-03-29 19:26:09.029606,120,302.11282325367193,1.0,0.38030833333333336,9.0,True
2_39_79_376_2019-04-01 16:05:40.236156,469,2855.739541637528,1.0,0.7527957638888888,18.0,True
2_39_79_376_2019-04-02 15:59:56.619504,171,478.00255465686274,0.0,0.0,0.0,False
2_39_79_376_2019-04-03 03:07:37.544448,158,537.1795823529412,2.0,0.4456797222222222,11.0,True
2_39_79_376_2019-04-03 16:37:53.428062,192,1140.0631502265567,0.0,0.0,0.0,False
2_39_79_376_2019-04-04 17:21:13.786107,89,446.1494146538919,0.0,0.0,0.0,False
2_39_79_376_2019-04-06 23:26:42.087407,32,55.445743872549016,0.0,0.0,0.0,False
2_39_79_376_2019-04-07 01:31:33.335593,31,54.774935469187675,0.0,0.0,0.0,False
2_39_79_376_2019-04-08 16:08:12.935706,74,279.54509469696967,1.0,0.5048402777777778,13.0,True
2_39_79_376_2019-04-09 16:10:26.140150,89,197.60240294117648,0.0,0.0,0.0,False
2_39_79_376_2019-04-10 15:54:16.237171,144,252.19300535714285,1.0,0.23142854166666668,9.0,True
2_39_79_376_2019-04-11 16:29:04.010946,225,538.7000629064132,0.0,0.0,0.0,False
2_39_79_376_2019-04-12 18:26:37.442014,151,800.5828433123249,0.0,0.0,0.0,False
2_39_79_376_2019-04-13 03:00:56.938958,188,674.8025473039215,2.0,0.2523738888888889,7.0,True
2_39_79_376_2019-04-13 22:06:26.071503,258,1684.9970030228758,0.0,0.0,0.0,False
2_39_79_376_2019-04-15 17:08:25.934758,186,712.4851001628274,0.0,0.0,0.0,False
2_39_79_376_2019-04-16 17:10:11.727285,32,51.93969305555556,0.0,0.0,0.0,False
2_39_79_376_2019-04-17 19:17:32.162686,320,1590.2452466171083,0.0,0.0,0.0,False
2_39_79_376_2019-04-18 16:18:09.454721,160,747.913580190153,2.0,1.331446492763772,40.0,True
2_39_79_376_2019-04-19 18:22:27.406522,196,668.427525597785,2.0,1.1034210334967323,31.0,True
2_39_79_376_2019-04-22 16:19:37.729130,169,573.4239360644258,1.0,0.6934723447712419,13.0,True
2_39_79_376_2019-04-23 20:18:33.050970,83,562.8702301470588,0.0,0.0,0.0,False
2_39_79_376_2019-04-25 16:23:20.691493,56,183.19339027777778,1.0,0.31036430555555555,6.0,True
2_39_79_376_2019-04-26 23:44:57.025005,169,539.5048335084034,1.0,0.14128707516339867,7.0,True
2_39_79_376_2019-04-29 16:21:00.476333,31,52.01504890780873,0.0,0.0,0.0,False
2_39_79_376_2019-04-30 16:47:58.844641,129,592.8622463235293,0.0,0.0,0.0,False
2_39_79_376_2019-05-01 15:29:01.581646,218,478.1186874515663,1.0,0.3164262336601307,16.0,True
2_39_79_376_2019-05-06 18:49:41.150384,144,774.8362870013715,1.0,0.6020248303049289,12.0,True
2_39_79_376_2019-05-07 18:28:19.622296,321,1185.1280173324776,1.0,0.17641421160130716,8.0,True
2_39_79_376_2019-05-08 17:20:44.043349,81,477.1120885620915,0.0,0.0,0.0,False
2_39_79_376_2019-05-09 14:13:44.392771,98,595.1302757506932,1.0,0.7269476266339869,16.0,True
2_39_79_376_2019-05-11 22:22:33.919599,111,645.4697490196078,0.0,0.0,0.0,False
2_39_79_376_2019-05-13 17:02:29.766980,223,487.53333521870286,1.0,0.9577350462962962,32.0,True
2_39_79_376_2019-05-14 16:39:49.162002,110,722.1251448529412,0.0,0.0,0.0,False
2_39_79_376_2019-05-15 16:21:45.127567,364,971.1889217787115,4.0,0.9637653431372548,17.0,True
2_39_79_376_2019-05-16 17:01:20.715858,115,287.94323918067226,0.0,0.0,0.0,False
2_39_79_376_2019-05-16 19:15:47.227267,212,471.14899604341736,0.0,0.0,0.0,False
2_39_79_376_2019-05-17 16:29:12.965020,308,1077.7356066200443,1.0,0.3223329166666666,7.0,True
2_39_79_376_2019-05-21 16:28:51.423430,35,106.0299408496732,1.0,0.10521752587145969,6.0,True
2_39_79_376_2019-05-23 16:13:19.314484,340,1203.4766071480506,1.0,0.9365225694444445,17.0,True
2_39_79_376_2019-05-24 16:51:28.814761,150,941.9690915849673,1.0,0.4372577083333334,6.0,True
2_39_79_376_2019-05-27 16:43:13.582607,127,393.21264198603683,0.0,0.0,0.0,False
2_39_79_376_2019-05-28 16:05:42.681910,438,817.4026713062956,0.0,0.0,0.0,False
2_39_79_376_2019-05-30 19:58:46.961324,119,395.9054368464052,1.0,0.28181208333333335,7.0,True
2_39_79_376_2019-05-31 18:13:21.455008,142,351.37516175727865,0.0,0.0,0.0,False
2_39_79_376_2019-05-31 22:12:41.349691,30,63.91515016339869,2.0,0.6808250776143792,11.0,True
2_39_79_376_2019-08-01 18:22:28.790130,117,759.1576165966386,0.0,0.0,0.0,False
2_39_79_376_2019-08-02 20:49:43.419646,172,1049.6227075980391,0.0,0.0,0.0,False
2_39_79_376_2019-08-06 20:18:25.927503,124,407.4295303921569,4.0,0.9605931413398692,14.0,True
2_39_79_376_2019-08-07 17:14:34.130906,71,99.30732638888888,2.0,0.2907040972222222,20.0,True
2_39_79_376_2019-08-07 18:51:59.877714,177,978.230235375817,0.0,0.0,0.0,False
2_39_79_376_2019-08-08 18:32:24.818760,139,319.7463919117647,2.0,0.7467510019841268,18.0,True
2_39_79_376_2019-08-09 17:08:16.617230,34,87.32869364973261,0.0,0.0,0.0,False
2_39_79_376_2019-08-12 16:10:35.803686,69,95.0337612745098,1.0,0.09940111111111109,6.0,True
2_39_79_376_2019-08-14 15:58:05.226603,181,297.7454370098039,0.0,0.0,0.0,False
2_39_79_376_2019-08-15 16:41:22.160777,20,71.28776666666667,0.0,0.0,0.0,False
2_39_79_376_2019-08-19 15:52:35.839686,37,60.365055147058825,0.0,0.0,0.0,False
2_39_79_376_2019-08-20 16:35:12.910342,64,250.99667179144384,2.0,0.9344022017973858,18.0,True
2_39_79_376_2019-08-20 23:28:19.853686,56,166.39055498366014,1.0,0.09331493055555556,5.0,True
2_39_79_376_2019-08-21 15:58:29.630466,144,239.0653606092437,0.0,0.0,0.0,False
2_39_79_376_2019-08-22 18:32:30.152722,146,698.874035410831,2.0,1.2018052777777777,30.0,True
2_39_79_376_2019-08-27 20:05:35.917455,63,126.48878648727434,1.0,0.25167736111111105,8.0,True
2_39_79_376_2019-08-28 20:14:39.150720,42,98.65648259803922,2.0,0.4515272916666666,12.0,True
2_39_79_376_2019-08-29 17:19:13.022296,173,391.043228188693,2.0,0.570381111111111,10.0,True
2_39_79_376_2019-10-02 16:40:09.117932,31,53.245039215686276,0.0,0.0,0.0,False
2_39_79_376_2019-10-03 15:59:13.330290,218,1059.420200980392,1.0,0.7128306944444444,13.0,True
2_39_79_376_2019-10-04 16:30:48.871892,262,845.0715591386555,4.0,5.521681624066292,129.0,True
2_39_79_376_2019-10-07 16:30:03.111659,234,396.95997352941174,0.0,0.0,0.0,False
2_39_79_376_2019-10-08 16:32:08.914669,31,54.54484166666666,0.0,0.0,0.0,False
2_39_79_376_2019-10-09 17:43:39.940194,305,1806.6138163165265,0.0,0.0,0.0,False
2_39_79_376_2019-10-11 16:07:49.113754,141,564.8559827276524,0.0,0.0,0.0,False
2_39_79_376_2019-10-12 14:45:19.112781,129,475.68105082442065,0.0,0.0,0.0,False
2_39_79_376_2019-10-14 16:01:09.385271,70,428.6103120825253,0.0,0.0,0.0,False
2_39_79_376_2019-10-15 16:15:55.891939,136,756.0508634238311,1.0,0.22647520833333334,6.0,True
2_39_79_376_2019-10-16 19:46:17.192684,62,239.56568797436225,0.0,0.0,0.0,False
2_39_79_376_2019-10-17 16:41:47.530845,35,52.38131019984917,0.0,0.0,0.0,False
2_39_79_376_2019-10-21 17:24:14.662145,32,45.8937042459991,0.0,0.0,0.0,False
2_39_79_376_2019-10-22 16:24:55.985160,32,52.13603052413273,0.0,0.0,0.0,False
2_39_79_376_2019-10-22 18:04:49.434892,57,90.04519531979459,1.0,0.09057638888888887,5.0,True
2_39_79_376_2019-10-23 16:29:03.256639,138,914.6600154761904,0.0,0.0,0.0,False
2_39_79_376_2019-10-24 16:22:12.909881,274,919.2639406396266,0.0,0.0,0.0,False
2_39_79_376_2019-10-25 16:52:44.792096,173,452.4683015221878,1.0,0.7899570710784315,28.0,True
2_39_79_376_2019-10-28 16:02:04.401214,28,46.56865377073906,0.0,0.0,0.0,False
2_39_79_376_2019-10-29 16:09:21.636307,222,1308.5198777777778,1.0,0.9073167824074075,15.0,True
2_39_79_376_2019-10-31 16:15:44.469320,423,1758.927852244043,1.0,0.9224560181855604,19.0,True
2_39_79_377_2018-11-03 22:35:35.493585,32,58.551601610644255,0.0,0.0,0.0,False
2_39_79_377_2018-11-04 06:51:08.185092,266,1751.4164443981842,0.0,0.0,0.0,False
2_39_79_377_2018-11-05 02:40:01.139622,73,248.2185188659036,0.0,0.0,0.0,False
2_39_79_377_2018-11-05 13:11:27.906414,106,648.4004507766742,0.0,0.0,0.0,False
2_39_79_377_2018-11-05 15:11:02.408468,355,1782.9988601998964,1.0,0.8004666448801743,18.0,True
2_39_79_377_2018-11-06 14:37:30.879986,188,622.8718002527186,1.0,0.523805943627451,17.0,True
2_39_79_377_2018-11-07 16:19:18.081675,121,314.697630579796,1.0,0.08597886574074075,5.0,True
2_39_79_377_2018-11-08 16:25:46.148444,178,314.3413875957333,1.0,0.12595925925925927,6.0,True
2_39_79_377_2018-11-09 03:15:16.635509,176,598.4439506869893,1.0,0.4874069934640523,17.0,True
2_39_79_377_2018-11-09 14:58:15.549942,317,923.5288783920629,1.0,0.30880220179738566,13.0,True
2_39_79_377_2018-11-11 02:59:14.472178,285,984.7548555322129,1.0,0.5144752328431372,18.0,True
2_39_79_377_2018-11-11 21:05:05.012755,125,361.97407805420414,2.0,0.6185015268973086,10.0,True
2_39_79_377_2018-11-12 16:07:59.642953,122,213.2149788123684,1.0,0.13974035539215685,7.0,True
2_39_79_377_2018-11-13 14:28:04.300171,174,564.5957580066477,0.0,0.0,0.0,False
2_39_79_377_2018-11-13 19:00:49.732477,79,489.24181112278245,1.0,0.6389331954170558,12.0,True
2_39_79_377_2018-11-14 00:57:39.228214,128,373.47616597793467,1.0,0.37067695319794586,8.0,True
2_39_79_377_2018-11-14 17:45:08.948493,273,1687.7175319463345,1.0,0.6954807352941177,18.0,True
2_39_79_377_2018-11-15 14:30:35.033947,117,355.61285710405065,0.0,0.0,0.0,False
2_39_79_377_2018-11-16 09:23:27.006083,115,360.3378156162465,2.0,0.7696887949346405,15.0,True
2_39_79_377_2018-11-16 16:34:05.861623,322,1057.1204086069718,0.0,0.0,0.0,False
2_39_79_377_2018-11-17 03:05:19.410471,31,57.29944035087719,0.0,0.0,0.0,False
2_39_79_377_2018-11-17 07:54:02.235153,78,229.63614248366014,1.0,0.47199106481481484,15.0,True
2_39_79_377_2018-11-17 17:57:40.628688,157,550.7979436901077,0.0,0.0,0.0,False
2_39_79_377_2018-11-18 01:58:38.377148,143,465.37646424578605,0.0,0.0,0.0,False
2_39_79_377_2018-11-18 17:07:28.444054,204,1374.1265790616246,0.0,0.0,0.0,False
2_39_79_377_2018-11-18 20:46:38.420552,66,219.3299392051318,0.0,0.0,0.0,False
2_39_79_377_2018-11-19 08:32:32.316582,120,373.65234199346406,2.0,0.7982753703703704,16.0,True
2_39_79_377_2018-11-19 15:12:22.771391,350,1062.9099301627896,1.0,0.5588751552287582,17.0,True
2_39_79_377_2018-11-20 01:14:02.925134,287,981.7236248366013,1.0,0.43632620506535946,14.0,True
2_39_79_377_2018-11-20 08:23:22.903375,47,124.33963194444445,2.0,0.7875466713966288,15.0,True
2_39_79_377_2018-11-20 15:13:32.505860,209,639.256070926704,0.0,0.0,0.0,False
2_39_79_377_2018-11-21 15:13:42.311823,228,396.1487108584054,0.0,0.0,0.0,False
2_39_79_377_2018-11-22 18:11:34.012303,166,1127.337393454838,0.0,0.0,0.0,False
2_39_79_377_2018-11-23 21:09:02.080408,177,1198.177182563025,0.0,0.0,0.0,False
2_39_79_377_2018-11-24 15:59:36.762327,94,433.02093434656587,1.0,0.42828726715686277,9.0,True
2_39_79_377_2018-11-25 21:44:30.846226,105,496.98644817620027,0.0,0.0,0.0,False
2_39_79_377_2018-11-26 15:07:12.396492,84,358.1244241992141,0.0,0.0,0.0,False
2_39_79_377_2018-11-27 14:10:06.354044,62,370.08748957749765,0.0,0.0,0.0,False
2_39_79_377_2018-11-28 01:53:42.586902,235,826.8720575396825,0.0,0.0,0.0,False
2_39_79_377_2018-11-28 15:14:34.758083,35,55.17211184640522,0.0,0.0,0.0,False
2_39_79_377_2018-11-28 21:52:34.835996,201,1357.9948236871917,0.0,0.0,0.0,False
2_39_79_377_2018-11-29 16:33:49.603151,309,951.292683200043,1.0,0.27518726495726503,8.0,True
2_39_79_377_2018-11-30 14:45:53.262878,160,947.1960347689076,0.0,0.0,0.0,False
2_39_79_377_2019-03-01 06:07:58.901926,254,1600.748626866185,1.0,0.4177832802287582,9.0,True
2_39_79_377_2019-03-02 21:50:37.128047,138,899.3101343837535,0.0,0.0,0.0,False
2_39_79_377_2019-03-03 18:26:28.096637,166,1083.2938518145854,1.0,0.7966602162166034,19.0,True
2_39_79_377_2019-03-04 16:33:32.575861,276,922.7888618887368,2.0,0.4811694485294117,11.0,True
2_39_79_377_2019-03-05 17:13:03.138988,269,1310.9969999115435,1.0,0.7398810661764704,18.0,True
2_39_79_377_2019-03-07 16:05:56.948538,282,941.9244964894583,2.0,0.5089864583333333,11.0,True
2_39_79_377_2019-03-08 16:57:05.103003,196,617.9060092228119,3.0,0.9359141962135733,19.0,True
2_39_79_377_2019-03-08 20:26:43.535695,77,213.1305364271865,1.0,0.3306202934931283,13.0,True
2_39_79_377_2019-03-10 19:27:57.467135,250,1498.5846077174458,0.0,0.0,0.0,False
2_39_79_377_2019-03-11 16:16:01.653325,313,1512.1316520756548,0.0,0.0,0.0,False
2_39_79_377_2019-03-12 15:52:37.064834,354,1261.4896181974543,1.0,0.6608481903594772,11.0,True
2_39_79_377_2019-03-13 19:55:47.579807,75,214.48008070728292,2.0,0.8002376091269842,16.0,True
2_39_79_377_2019-03-14 14:57:07.984442,117,323.48462853821013,3.0,0.6106970833333334,7.0,True
2_39_79_377_2019-03-15 02:25:25.813267,18,113.7633875,0.0,0.0,0.0,False
2_39_79_377_2019-03-15 22:56:45.031479,193,671.1590566993464,1.0,0.14728666666666665,7.0,True
2_39_79_377_2019-03-16 22:09:57.579684,88,568.1315102240897,0.0,0.0,0.0,False
2_39_79_377_2019-03-18 15:05:53.967113,60,176.5999606442577,2.0,0.545804126984127,10.0,True
2_39_79_377_2019-03-19 04:57:46.128468,299,1911.30092464986,1.0,0.38291285947712417,8.0,True
2_39_79_377_2019-03-19 19:25:21.811026,141,472.33022927064764,2.0,0.22610124999999992,5.0,True
2_39_79_377_2019-03-20 01:52:23.996296,58,85.91698703314658,0.0,0.0,0.0,False
2_39_79_377_2019-03-20 15:05:11.415285,119,375.74884523018767,1.0,0.39596417892156865,9.0,True
2_39_79_377_2019-03-20 18:02:58.585152,175,1038.9759644374417,0.0,0.0,0.0,False
2_39_79_377_2019-03-22 15:57:13.196006,86,384.45684206656347,0.0,0.0,0.0,False
2_39_79_377_2019-03-23 15:33:21.197570,32,55.321581127450976,0.0,0.0,0.0,False
2_39_79_377_2019-03-24 05:19:10.886133,426,940.2887539627727,2.0,1.5876194317855348,46.0,True
2_39_79_377_2019-03-25 16:41:48.247681,120,386.0281174277606,3.0,0.759364871031746,12.0,True
2_39_79_377_2019-03-26 15:02:28.740811,79,209.65970000000002,1.0,0.36643805555555553,9.0,True
2_39_79_377_2019-03-27 15:49:16.548002,274,1272.135995629189,1.0,0.34651459558823533,9.0,True
2_39_79_377_2019-03-28 02:55:10.744634,127,804.6446823529411,1.0,0.6027874999999999,7.0,True
2_39_79_377_2019-03-28 17:45:53.777875,160,365.72772650568385,1.0,0.41715381944444446,15.0,True
2_39_79_377_2019-03-28 23:44:57.290195,69,240.81297916666665,0.0,0.0,0.0,False
2_39_79_377_2019-03-29 16:34:48.580420,275,931.7432143323996,2.0,0.46179940359477123,10.0,True
2_39_79_377_2019-03-31 15:06:52.642198,85,254.30532289915965,1.0,0.47830708333333344,15.0,True
2_39_79_377_2019-04-01 02:11:39.943148,67,135.36123848039216,1.0,0.24877388888888888,8.0,True
2_39_79_377_2019-04-02 15:13:19.905573,68,193.6081273143391,1.0,0.3195508712140474,8.0,True
2_39_79_377_2019-04-03 15:31:45.475172,133,524.5093561274509,0.0,0.0,0.0,False
2_39_79_377_2019-04-04 00:40:01.936711,81,197.24418918067227,1.0,0.38475736111111114,8.0,True
2_39_79_377_2019-04-05 00:56:45.122638,253,886.9392291666667,4.0,0.5301913888888888,7.0,True
2_39_79_377_2019-04-05 15:27:30.111443,253,696.6725945261438,0.0,0.0,0.0,False
2_39_79_377_2019-04-08 15:41:36.838129,1,0.6262,0.0,0.0,0.0,False
2_39_79_377_2019-04-08 19:33:03.707626,226,1477.4408107874967,0.0,0.0,0.0,False
2_39_79_377_2019-04-09 01:26:32.184442,254,1695.3491789215686,0.0,0.0,0.0,False
2_39_79_377_2019-04-09 14:48:35.007490,101,319.98359218417266,2.0,0.5442680753519356,9.0,True
2_39_79_377_2019-04-10 03:38:38.965785,164,549.3866840686275,2.0,0.5555604166666667,12.0,True
2_39_79_377_2019-04-10 15:32:29.768037,146,507.02245773270846,0.0,0.0,0.0,False
2_39_79_377_2019-04-11 15:25:03.124055,191,508.58151583800185,0.0,0.0,0.0,False
2_39_79_377_2019-04-11 22:50:56.027221,233,810.2128420518208,1.0,0.2644869444444445,5.0,True
2_39_79_377_2019-04-12 15:34:28.819427,85,550.8521841036414,0.0,0.0,0.0,False
2_39_79_377_2019-04-14 20:00:25.305132,31,52.82512998366013,0.0,0.0,0.0,False
2_39_79_377_2019-04-15 15:48:07.821058,194,1186.448724964986,1.0,0.57613125,10.0,True
2_39_79_377_2019-04-16 00:17:12.002740,278,948.8092444327731,2.0,0.5670469444444446,13.0,True
2_39_79_377_2019-04-16 20:03:31.456588,79,508.13600024509805,0.0,0.0,0.0,False
2_39_79_377_2019-04-17 15:30:56.490617,169,545.9100218582888,0.0,0.0,0.0,False
2_39_79_377_2019-04-18 15:31:38.064408,92,587.2250088235294,0.0,0.0,0.0,False
2_39_79_377_2019-04-19 01:51:53.587913,204,719.165539728164,0.0,0.0,0.0,False
2_39_79_377_2019-04-19 15:53:36.813277,135,461.5717436606849,0.0,0.0,0.0,False
2_39_79_377_2019-04-20 20:26:32.585236,147,706.9320761904762,1.0,1.2190418055555556,40.0,True
2_39_79_377_2019-04-21 20:10:13.639269,104,344.85869413037943,0.0,0.0,0.0,False
2_39_79_377_2019-04-22 15:25:49.020778,153,585.0329838989442,0.0,0.0,0.0,False
2_39_79_377_2019-04-23 14:56:30.124143,122,361.7589861847389,2.0,0.6105985919431876,7.0,True
2_39_79_377_2019-04-24 16:01:22.482563,32,51.06519926470588,0.0,0.0,0.0,False
2_39_79_377_2019-04-25 15:28:02.391989,158,625.4134033496732,0.0,0.0,0.0,False
2_39_79_377_2019-04-25 21:44:42.000301,32,52.830375,0.0,0.0,0.0,False
2_39_79_377_2019-04-26 16:00:51.419411,49,164.14171270639835,1.0,0.495920005446623,13.0,True
2_39_79_377_2019-04-26 18:21:04.381013,129,595.3205050550456,0.0,0.0,0.0,False
2_39_79_377_2019-04-27 18:30:06.706511,253,1324.5368756850175,0.0,0.0,0.0,False
2_39_79_377_2019-04-27 23:42:44.258519,87,574.3490866545893,0.0,0.0,0.0,False
2_39_79_377_2019-04-28 21:50:43.837436,144,508.0956982843137,0.0,0.0,0.0,False
2_39_79_377_2019-04-29 00:46:24.996975,126,436.9061691993464,2.0,0.598471441993464,9.0,True
2_39_79_377_2019-04-29 14:43:32.496940,193,1015.5316134469977,0.0,0.0,0.0,False
2_39_79_377_2019-04-30 15:55:30.067900,42,197.55600317337462,1.0,0.7704834969470244,15.0,True
2_39_79_377_2019-05-01 15:55:40.240381,251,832.8833673987232,0.0,0.0,0.0,False
2_39_79_377_2019-05-02 15:06:23.046695,30,49.586095669934636,0.0,0.0,0.0,False
2_39_79_377_2019-05-03 01:29:35.712774,71,471.96433954248363,0.0,0.0,0.0,False
2_39_79_377_2019-05-03 15:57:27.484843,83,248.90973602941176,1.0,0.34426391339869283,12.0,True
2_39_79_377_2019-05-05 09:22:37.577213,385,844.282544117647,1.0,0.6114056944444445,7.0,True
2_39_79_377_2019-05-08 15:37:33.934056,17,79.60017916666666,0.0,0.0,0.0,False
2_39_79_377_2019-05-09 15:18:05.772756,199,1093.6831146291445,0.0,0.0,0.0,False
2_39_79_377_2019-05-10 15:30:01.346637,213,1006.4261595588235,2.0,1.4921123080065362,41.0,True
2_39_79_377_2019-05-13 15:40:31.044649,258,838.5880732843137,0.0,0.0,0.0,False
2_39_79_377_2019-05-14 16:01:06.841989,28,104.61158782051282,1.0,0.8565886111111111,16.0,True
2_39_79_377_2019-05-15 15:31:59.841151,94,373.89845198955015,1.0,0.23635253449527957,5.0,True
2_39_79_377_2019-05-15 17:10:39.016056,292,372.5091592023173,3.0,3.0701266521836006,167.0,True
2_39_79_377_2019-05-16 20:06:54.845956,118,385.98924807361544,2.0,0.6188543124355005,8.0,True
2_39_79_377_2019-05-17 15:51:23.031877,143,593.454212394958,0.0,0.0,0.0,False
2_39_79_377_2019-05-20 15:38:14.433423,271,1174.7686562091503,0.0,0.0,0.0,False
2_39_79_377_2019-05-21 15:45:34.214323,159,680.3779083921975,0.0,0.0,0.0,False
2_39_79_377_2019-05-22 15:37:20.099998,97,535.4749906034025,0.0,0.0,0.0,False
2_39_79_377_2019-05-22 23:18:47.007587,101,597.5700703996984,0.0,0.0,0.0,False
2_39_79_377_2019-05-23 00:58:25.099254,30,47.90376527777778,0.0,0.0,0.0,False
2_39_79_377_2019-05-23 15:36:15.498781,107,621.6538117647059,0.0,0.0,0.0,False
2_39_79_377_2019-05-24 15:35:18.969655,147,752.6865630952381,0.0,0.0,0.0,False
2_39_79_377_2019-05-27 16:34:36.401212,270,934.9994922619047,5.0,2.601207708333333,44.0,True
2_39_79_377_2019-05-28 15:13:40.132407,267,765.2714104691877,0.0,0.0,0.0,False
2_39_79_377_2019-05-29 15:21:43.314768,259,776.8042898809524,4.0,0.9167274999999998,13.0,True
2_39_79_377_2019-05-31 17:05:10.566405,42,68.19007830128206,0.0,0.0,0.0,False
2_39_79_377_2019-08-01 16:52:06.742977,74,110.69229196293902,0.0,0.0,0.0,False
2_39_79_377_2019-08-02 18:01:55.669923,34,48.78884583333333,0.0,0.0,0.0,False
2_39_79_377_2019-08-04 19:23:42.367086,50,305.22417083333335,1.0,0.5943797916666665,7.0,True
2_39_79_377_2019-08-05 16:58:40.203621,207,593.2372464697282,0.0,0.0,0.0,False
2_39_79_377_2019-08-06 05:19:48.578184,194,1048.32044255883,2.0,1.2044141666666666,22.0,True
2_39_79_377_2019-08-06 18:43:57.989661,25,87.12302916666667,0.0,0.0,0.0,False
2_39_79_377_2019-08-06 21:15:37.049525,138,441.79762275910366,4.0,0.9054257107843136,11.0,True
2_39_79_377_2019-08-07 15:38:08.117413,262,1119.1241447012137,2.0,0.6577893314270153,15.0,True
2_39_79_377_2019-08-08 19:06:50.081382,22,31.6189625,0.0,0.0,0.0,False
2_39_79_377_2019-08-09 05:23:16.760440,207,1299.2843570261437,1.0,0.5992335879629631,16.0,True
2_39_79_377_2019-08-10 02:33:51.482605,261,880.7046457633053,5.0,5.167755457516339,90.0,True
2_39_79_377_2019-08-14 05:23:41.292629,254,1590.649063235294,1.0,0.6646160049019608,16.0,True
2_39_79_377_2019-08-14 19:47:00.318588,255,700.0096282877171,6.0,1.7265021313717002,18.0,True
2_39_79_377_2019-08-15 17:50:24.326165,220,623.7632460667601,5.0,1.7759721813725493,35.0,True
2_39_79_377_2019-08-16 16:02:48.192837,23,37.500217612044814,0.0,0.0,0.0,False
2_39_79_377_2019-08-18 16:43:43.747583,412,2711.402519362745,0.0,0.0,0.0,False
2_39_79_377_2019-08-19 15:35:48.268694,65,139.1672290118679,2.0,0.42097576646886825,29.0,True
2_39_79_377_2019-08-20 15:19:44.708619,168,204.94297099673202,7.0,0.8010624918300653,19.0,True
2_39_79_377_2019-08-21 15:27:59.668804,107,238.51316036414565,0.0,0.0,0.0,False
2_39_79_377_2019-08-25 00:32:15.242964,125,414.6391624147954,0.0,0.0,0.0,False
2_39_79_377_2019-08-25 18:29:09.960040,229,1502.3571598757924,0.0,0.0,0.0,False
2_39_79_377_2019-08-27 20:27:19.794701,219,1428.028687745098,0.0,0.0,0.0,False
2_39_79_377_2019-08-28 14:48:52.136342,306,1087.9217054258306,0.0,0.0,0.0,False
2_39_79_377_2019-08-29 17:06:46.561709,193,290.9844869598359,5.0,1.444114197502632,69.0,True
2_39_79_377_2019-10-01 14:35:59.507656,206,1332.7326343137254,1.0,0.6177116094771242,11.0,True
2_39_79_377_2019-10-02 15:49:58.465599,31,48.92307303921569,0.0,0.0,0.0,False
2_39_79_377_2019-10-03 15:42:12.112826,39,103.62773056377968,0.0,0.0,0.0,False
2_39_79_377_2019-10-04 17:53:24.914745,66,279.74571364379085,1.0,0.23458013071895423,5.0,True
2_39_79_377_2019-10-09 15:56:09.540576,298,920.089994117647,5.0,4.676426486928103,90.0,True
2_39_79_377_2019-10-10 18:28:15.041269,123,801.5687269162211,0.0,0.0,0.0,False
2_39_79_377_2019-10-11 21:31:47.600090,121,419.5513488095238,0.0,0.0,0.0,False
2_39_79_377_2019-10-14 23:30:39.421759,244,850.9770151143791,9.0,3.3390895846949884,39.0,True
2_39_79_377_2019-10-15 15:30:47.715590,32,50.929604166666664,0.0,0.0,0.0,False
2_39_79_377_2019-10-16 15:38:35.140967,25,89.31349821428572,0.0,0.0,0.0,False
2_39_79_377_2019-10-17 15:53:51.608652,235,726.0521518833089,4.0,3.650810910947712,68.0,True
2_39_79_377_2019-10-18 16:40:00.560589,64,306.4146200898173,1.0,0.35020597222222216,8.0,True
2_39_79_377_2019-10-20 17:58:22.451042,162,1049.7985791666667,0.0,0.0,0.0,False
2_39_79_377_2019-10-21 15:09:54.933537,112,546.081355299312,0.0,0.0,0.0,False
2_39_79_377_2019-10-22 15:24:55.039903,124,396.31495919814415,3.0,0.6484747058823529,10.0,True
2_39_79_377_2019-10-23 15:26:03.410201,31,50.04117913331441,0.0,0.0,0.0,False
2_39_79_377_2019-10-24 16:39:27.665916,36,102.13713946078431,0.0,0.0,0.0,False
2_39_79_377_2019-10-25 15:11:01.914407,151,659.6853586834734,0.0,0.0,0.0,False
2_39_79_377_2019-10-25 18:20:58.320978,32,49.798325,0.0,0.0,0.0,False
2_39_79_377_2019-10-25 22:14:46.861557,30,48.623780357142856,0.0,0.0,0.0,False
2_39_79_377_2019-10-26 20:51:32.535688,101,653.6277803921569,0.0,0.0,0.0,False
2_39_79_377_2019-10-28 16:17:37.390752,63,392.14243749999997,0.0,0.0,0.0,False
2_39_79_377_2019-10-29 15:34:26.430685,35,51.52730972222222,0.0,0.0,0.0,False
2_39_79_377_2019-10-31 00:05:07.348779,284,952.4626007741473,1.0,0.3078058839240825,9.0,True
2_39_79_377_2019-10-31 20:28:45.387434,113,330.8834502639517,1.0,0.3509477777777778,9.0,True
2_39_79_378_2018-11-02 16:20:45.310118,186,752.6578453210232,1.0,0.411777720342523,12.0,True
2_39_79_378_2018-11-03 19:32:46.801192,178,610.5299696287286,1.0,0.458697628968254,16.0,True
2_39_79_378_2018-11-04 16:22:14.043233,268,1805.2352179941274,0.0,0.0,0.0,False
2_39_79_378_2018-11-05 17:56:00.734171,57,92.92818129084966,0.0,0.0,0.0,False
2_39_79_378_2018-11-06 03:49:24.675787,110,350.74430199041154,2.0,0.5757432557189542,9.0,True
2_39_79_378_2018-11-12 18:30:48.288555,443,1114.3968043085656,0.0,0.0,0.0,False
2_39_79_378_2018-11-13 06:44:45.640983,37,89.80067504668534,1.0,0.4306625694444445,14.0,True
2_39_79_378_2018-11-13 16:25:57.484833,140,318.30594698657467,1.0,0.3703475040849673,9.0,True
2_39_79_378_2018-11-14 15:40:28.979767,177,573.1313687136393,0.0,0.0,0.0,False
2_39_79_378_2018-11-15 04:11:33.963213,116,369.08772883986927,1.0,0.3640287908496732,8.0,True
2_39_79_378_2018-11-15 18:02:51.232060,32,51.469838480392156,0.0,0.0,0.0,False
2_39_79_378_2018-11-16 01:18:53.207658,24,48.60328178104575,1.0,0.3604192320261438,8.0,True
2_39_79_378_2018-11-16 16:31:06.564934,148,320.4416105455002,1.0,0.33293222222222224,8.0,True
2_39_79_378_2018-11-18 05:28:49.945366,302,994.4199891279859,1.0,0.49199798611111106,16.0,True
2_39_79_378_2018-11-19 00:38:08.233689,52,135.28315620116467,1.0,0.5616850361811392,16.0,True
2_39_79_378_2018-11-19 04:10:04.351248,279,962.5415063735886,1.0,0.5214958047385622,17.0,True
2_39_79_378_2018-11-19 20:30:16.968531,144,550.9130054226002,0.0,0.0,0.0,False
2_39_79_378_2018-11-20 16:03:31.112078,25,92.02730825163398,0.0,0.0,0.0,False
2_39_79_378_2018-11-20 21:51:56.363439,226,520.8838410888175,2.0,3.051295229536259,26.0,True
2_39_79_378_2018-11-21 16:38:42.524635,149,259.64093879617974,0.0,0.0,0.0,False
2_39_79_378_2018-11-24 03:58:15.244722,294,2025.217002596565,0.0,0.0,0.0,False
2_39_79_378_2018-11-25 21:26:55.264819,132,685.0847459721608,0.0,0.0,0.0,False
2_39_79_378_2018-11-26 15:51:41.356576,115,185.91608022957004,0.0,0.0,0.0,False
2_39_79_378_2018-11-27 16:19:03.611557,319,814.1998724265114,1.0,0.6543465356865356,12.0,True
2_39_79_378_2018-11-28 15:40:33.729561,160,354.67811824659685,0.0,0.0,0.0,False
2_39_79_378_2018-11-29 16:41:30.040475,66,92.06789247411085,0.0,0.0,0.0,False
2_39_79_378_2018-11-30 15:56:44.627984,343,896.7608842515327,2.0,0.5121676348039216,9.0,True
2_39_79_378_2019-03-01 16:38:26.014362,32,52.93955833333333,0.0,0.0,0.0,False
2_39_79_378_2019-03-03 22:03:18.178630,31,56.166516666666666,0.0,0.0,0.0,False
2_39_79_378_2019-03-07 16:54:57.560965,302,970.9479217042976,3.0,0.5823158551198258,10.0,True
2_39_79_378_2019-03-09 17:50:21.758623,201,718.9065995197398,2.0,0.26369731837606836,8.0,True
2_39_79_378_2019-03-10 23:51:15.219475,110,309.04732408410734,0.0,0.0,0.0,False
2_39_79_378_2019-03-13 05:12:54.675744,199,1289.7552149509804,0.0,0.0,0.0,False
2_39_79_378_2019-03-13 15:40:28.048485,181,655.5250645424836,0.0,0.0,0.0,False
2_39_79_378_2019-03-15 17:36:09.692118,163,401.61419405929036,0.0,0.0,0.0,False
2_39_79_378_2019-03-16 17:50:12.016119,74,260.4913,0.0,0.0,0.0,False
2_39_79_378_2019-03-17 03:09:58.535007,75,148.49786383861237,0.0,0.0,0.0,False
2_39_79_378_2019-03-17 07:01:33.233265,490,1494.0339652876535,0.0,0.0,0.0,False
2_39_79_378_2019-03-17 20:21:34.726664,250,847.5630095938375,1.0,0.34119993055555553,11.0,True
2_39_79_378_2019-03-19 15:39:43.735099,80,165.19822780112045,2.0,0.6789748721988794,16.0,True
2_39_79_378_2019-03-19 18:01:20.807319,37,55.37291290849673,0.0,0.0,0.0,False
2_39_79_378_2019-03-20 03:57:37.074762,135,410.53405906862747,1.0,0.10160305555555554,5.0,True
2_39_79_378_2019-03-20 15:49:06.342852,420,844.0759074699338,2.0,0.9408927696078431,17.0,True
2_39_79_378_2019-03-23 18:22:13.579132,44,83.1461310708899,0.0,0.0,0.0,False
2_39_79_378_2019-03-26 14:48:28.136390,126,508.16405825839735,0.0,0.0,0.0,False
2_39_79_378_2019-03-26 17:09:44.736334,163,862.5037799968821,1.0,0.8023528273809524,16.0,True
2_39_79_378_2019-03-27 18:08:14.929312,138,547.6581909596939,0.0,0.0,0.0,False
2_39_79_378_2019-03-28 17:52:48.080244,211,467.79641106442574,1.0,0.10378006944444443,12.0,True
2_39_79_378_2019-03-29 15:50:26.559643,74,445.1118468137255,0.0,0.0,0.0,False
2_39_79_378_2019-03-31 00:00:46.128972,187,624.4294105392157,2.0,0.5930653227124183,14.0,True
2_39_79_378_2019-03-31 16:36:26.854648,62,186.24209395424836,1.0,0.3207865032679739,8.0,True
2_39_79_378_2019-04-01 19:39:00.991622,95,112.73557647058823,3.0,0.29651537173202613,13.0,True
2_39_79_378_2019-04-04 05:16:37.569591,239,932.6969555672268,2.0,1.407705347222222,44.0,True
2_39_79_378_2019-04-05 15:27:05.518227,202,374.3906838989442,1.0,0.18300812499999997,12.0,True
2_39_79_378_2019-04-07 01:35:46.994275,190,633.2425636904762,2.0,0.31304680555555553,8.0,True
2_39_79_378_2019-04-08 19:05:10.323446,122,393.5890906324068,1.0,0.3763724305555555,9.0,True
2_39_79_378_2019-04-09 16:03:25.512909,167,359.31903459114415,1.0,0.33971104575163397,9.0,True
2_39_79_378_2019-04-10 15:33:12.585728,245,442.0900719104384,2.0,1.3983062512592754,33.0,True
2_39_79_378_2019-04-11 05:35:58.846301,321,2003.5817421101774,0.0,0.0,0.0,False
2_39_79_378_2019-04-11 19:14:11.867316,155,464.49570397220674,3.0,0.7031767037282749,10.0,True
2_39_79_378_2019-04-12 02:02:23.317460,182,609.1914169676643,0.0,0.0,0.0,False
2_39_79_378_2019-04-12 18:18:09.726464,107,247.85105477296182,0.0,0.0,0.0,False
2_39_79_378_2019-04-14 15:50:33.475554,183,645.4717690476191,1.0,0.1214745833333333,6.0,True
2_39_79_378_2019-04-15 01:38:02.956174,111,478.52241198433916,1.0,1.1157129861111108,33.0,True
2_39_79_378_2019-04-15 17:46:32.417650,311,528.7636712393729,0.0,0.0,0.0,False
2_39_79_378_2019-04-15 22:59:21.530551,175,323.22105352474324,0.0,0.0,0.0,False
2_39_79_378_2019-04-16 14:59:22.368160,152,339.7485549914026,1.0,0.21637975072857427,7.0,True
2_39_79_378_2019-04-17 15:51:26.904497,232,762.2818768557423,2.0,0.5171897222222221,10.0,True
2_39_79_378_2019-04-18 20:08:57.167429,92,139.19076832399625,0.0,0.0,0.0,False
2_39_79_378_2019-04-22 15:52:14.311395,168,441.71099264705884,0.0,0.0,0.0,False
2_39_79_378_2019-04-23 05:18:33.664109,155,767.9552159663865,2.0,1.180668480392157,31.0,True
2_39_79_378_2019-04-23 16:05:25.355552,44,202.18724810924368,1.0,0.6510706249999999,13.0,True
2_39_79_378_2019-04-24 16:33:19.520176,181,1070.599979248366,1.0,0.5529224305555556,10.0,True
2_39_79_378_2019-04-26 15:47:15.776233,137,303.422796319397,1.0,0.30942123645510833,14.0,True
2_39_79_378_2019-04-27 19:47:18.404370,21,34.07844047619047,0.0,0.0,0.0,False
2_39_79_378_2019-04-29 16:16:39.016611,221,486.647731337535,2.0,0.2048663357843137,5.0,True
2_39_79_378_2019-04-30 15:35:00.144207,19,67.70289668845315,1.0,0.2626044444444444,5.0,True
2_39_79_378_2019-05-01 03:51:14.700314,275,959.7593984402852,1.0,0.47762819444444443,17.0,True
2_39_79_378_2019-05-01 19:25:03.085152,52,139.8357568627451,1.0,0.5032093750000001,15.0,True
2_39_79_378_2019-05-02 16:03:32.425927,119,201.8690706932773,1.0,0.5031898611111111,9.0,True
2_39_79_378_2019-05-06 15:54:41.525628,52,80.63616940966659,0.0,0.0,0.0,False
2_39_79_378_2019-05-07 14:34:36.946702,354,956.8493133986929,2.0,0.47552534722222217,9.0,True
2_39_79_378_2019-05-08 15:44:02.032784,138,503.28593516266153,1.0,1.3653275571895425,40.0,True
2_39_79_378_2019-05-08 23:15:33.717857,32,54.924994852941175,0.0,0.0,0.0,False
2_39_79_378_2019-05-09 15:59:11.282145,32,52.79880782428356,0.0,0.0,0.0,False
2_39_79_378_2019-05-10 15:35:31.761839,74,96.33359404761904,0.0,0.0,0.0,False
2_39_79_378_2019-05-13 20:05:18.181265,113,736.7174802087345,0.0,0.0,0.0,False
2_39_79_378_2019-05-15 03:22:41.959517,24,34.63201544117647,0.0,0.0,0.0,False
2_39_79_378_2019-05-15 16:11:39.482967,168,281.18678818961394,1.0,0.07127270833333335,5.0,True
2_39_79_378_2019-05-16 17:08:31.423208,305,907.0890278508772,1.0,0.5538619321895425,7.0,True
2_39_79_378_2019-05-17 17:02:16.076666,431,1618.8989186454885,0.0,0.0,0.0,False
2_39_79_378_2019-05-20 16:13:18.126217,31,49.83348734402852,0.0,0.0,0.0,False
2_39_79_378_2019-05-21 05:25:22.628517,163,817.3737262838468,3.0,1.306927381535948,34.0,True
2_39_79_378_2019-05-22 15:45:26.018298,306,497.96127379293824,1.0,0.14683340277777776,10.0,True
2_39_79_378_2019-05-25 16:34:19.551439,83,276.16512895658263,0.0,0.0,0.0,False
2_39_79_378_2019-05-28 15:26:10.682504,245,857.5558216331269,3.0,1.0329172916666667,31.0,True
2_39_79_378_2019-05-28 20:42:09.074371,32,55.854718382352935,0.0,0.0,0.0,False
2_39_79_378_2019-05-29 15:36:56.225582,341,610.6570100490196,1.0,0.1684059885620915,11.0,True
2_39_79_378_2019-05-30 20:12:58.151899,32,71.03501797385621,1.0,0.9299118164488017,18.0,True
2_39_79_378_2019-08-02 17:59:39.683533,80,408.3675935542957,0.0,0.0,0.0,False
2_39_79_378_2019-08-05 17:40:39.178981,59,97.44868035714285,0.0,0.0,0.0,False
2_39_79_378_2019-08-05 20:56:37.992629,172,1081.4069712184873,0.0,0.0,0.0,False
2_39_79_378_2019-08-06 19:25:19.924318,84,100.3092466503268,4.0,0.41031696895424835,11.0,True
2_39_79_378_2019-08-07 16:52:25.529775,276,1089.7209103035013,0.0,0.0,0.0,False
2_39_79_378_2019-08-08 17:13:21.801396,131,189.67344925863753,0.0,0.0,0.0,False
2_39_79_378_2019-08-09 20:29:28.203209,32,48.671702777777774,0.0,0.0,0.0,False
2_39_79_378_2019-08-09 22:39:30.646163,181,572.6653296568627,0.0,0.0,0.0,False
2_39_79_378_2019-08-10 21:12:13.010862,44,64.10307431245225,0.0,0.0,0.0,False
2_39_79_378_2019-08-12 15:53:17.244029,120,370.96606662210337,3.0,0.9669980555555557,19.0,True
2_39_79_378_2019-08-12 20:55:50.280016,179,1081.5965769607842,0.0,0.0,0.0,False
2_39_79_378_2019-08-13 16:22:24.903801,17,29.014161274509803,0.0,0.0,0.0,False
2_39_79_378_2019-08-14 16:24:45.346994,82,236.5291634466067,2.0,0.4926325686561174,16.0,True
2_39_79_378_2019-08-14 18:22:55.235477,237,396.3950629543296,0.0,0.0,0.0,False
2_39_79_378_2019-08-15 20:21:11.863388,261,1595.8700709733112,0.0,0.0,0.0,False
2_39_79_378_2019-08-19 17:31:46.454680,33,49.547308928571425,0.0,0.0,0.0,False
2_39_79_378_2019-08-20 15:43:51.323454,192,1058.2711106092436,2.0,1.535089963235294,28.0,True
2_39_79_378_2019-08-21 19:17:02.102174,82,130.38580416666667,1.0,0.139099375,7.0,True
2_39_79_378_2019-08-22 21:08:01.211640,151,264.1521870098039,0.0,0.0,0.0,False
2_39_79_378_2019-08-23 15:52:01.948202,264,901.4894482273961,0.0,0.0,0.0,False
2_39_79_378_2019-08-23 21:12:20.615261,74,145.45680899759424,2.0,0.6123529928477238,13.0,True
2_39_79_378_2019-08-24 16:39:54.453881,139,354.2367151401789,0.0,0.0,0.0,False
2_39_79_378_2019-08-27 16:04:24.282192,34,53.691262551599586,0.0,0.0,0.0,False
2_39_79_378_2019-08-28 15:36:21.077910,52,76.56482756288634,0.0,0.0,0.0,False
2_39_79_378_2019-08-29 15:21:18.463469,237,1175.1260633520026,0.0,0.0,0.0,False
2_39_79_378_2019-08-29 19:31:05.785663,281,627.0876258280714,0.0,0.0,0.0,False
2_39_79_378_2019-08-30 01:20:01.342203,93,245.04147107843139,0.0,0.0,0.0,False
2_39_79_378_2019-08-30 15:55:15.062559,172,405.15782407478144,2.0,0.18332430555555554,5.0,True
2_39_79_378_2019-10-02 15:59:03.037139,82,117.14366000663422,0.0,0.0,0.0,False
2_39_79_378_2019-10-05 01:57:33.000242,124,430.9899,4.0,1.9573166666666664,44.0,True
2_39_79_378_2019-10-07 17:13:36.936482,286,589.1414300653595,0.0,0.0,0.0,False
2_39_79_378_2019-10-14 15:56:48.748788,207,325.6720564542484,0.0,0.0,0.0,False
2_39_79_378_2019-10-14 22:11:34.461005,189,276.50250301838685,0.0,0.0,0.0,False
2_39_79_378_2019-10-15 21:08:57.384118,175,281.51070236342196,0.0,0.0,0.0,False
2_39_79_378_2019-10-16 19:47:19.335928,44,133.76683809042265,2.0,0.6358732745726495,6.0,True
2_39_79_378_2019-10-17 16:09:39.204981,62,79.7478700120773,0.0,0.0,0.0,False
2_39_79_378_2019-10-18 19:30:01.483976,46,64.81974656862745,1.0,0.06583930555555555,5.0,True
2_39_79_378_2019-10-22 18:14:11.210836,31,46.37220761689291,0.0,0.0,0.0,False
2_39_79_378_2019-10-24 20:17:54.231436,59,185.6122549019608,1.0,0.8307817851307188,22.0,True
2_39_79_378_2019-10-25 16:16:23.736649,24,82.32342254901961,0.0,0.0,0.0,False
2_39_79_378_2019-10-28 20:32:30.200386,46,67.59924950980393,0.0,0.0,0.0,False
2_39_79_378_2019-10-30 02:28:36.301776,86,258.5129120098039,1.0,0.37703465277777776,10.0,True
2_39_79_378_2019-10-30 16:58:26.052842,107,303.76281109698266,0.0,0.0,0.0,False
2_39_79_379_2018-11-02 18:03:51.248792,91,284.74809862278244,2.0,0.7520130746187363,10.0,True
2_39_79_379_2018-11-03 03:25:35.779841,122,389.7940208252532,1.0,0.3799713480392157,8.0,True
2_39_79_379_2018-11-05 17:39:30.705429,33,57.32724418767507,0.0,0.0,0.0,False
2_39_79_379_2018-11-06 00:26:34.925693,279,963.7107147789818,1.0,0.5878224387254902,9.0,True
2_39_79_379_2018-11-06 16:03:16.943130,266,1189.618878628127,0.0,0.0,0.0,False
2_39_79_379_2018-11-07 00:11:07.911706,282,951.4992375890836,1.0,0.5594994543650794,16.0,True
2_39_79_379_2018-11-07 14:30:49.126908,308,860.9377767730421,1.0,0.4068249048786181,13.0,True
2_39_79_379_2018-11-08 16:34:03.355880,32,57.6346744047619,0.0,0.0,0.0,False
2_39_79_379_2018-11-08 21:17:27.470588,99,303.7401143942745,1.0,0.36248029411764704,15.0,True
2_39_79_379_2018-11-09 15:47:24.725566,423,1785.9948211734559,0.0,0.0,0.0,False
2_39_79_379_2018-11-10 00:31:36.779308,31,54.7650544117647,0.0,0.0,0.0,False
2_39_79_379_2018-11-10 15:54:45.372553,129,847.4834594175389,0.0,0.0,0.0,False
2_39_79_379_2018-11-10 19:26:10.230963,142,505.59561551120447,0.0,0.0,0.0,False
2_39_79_379_2018-11-11 00:11:37.368989,170,585.1603668429652,1.0,0.3245733224400872,9.0,True
2_39_79_379_2018-11-11 18:35:54.715936,185,1200.9768025203941,1.0,0.45421496323529414,10.0,True
2_39_79_379_2018-11-12 01:30:44.078799,183,1259.3447736694677,0.0,0.0,0.0,False
2_39_79_379_2018-11-12 16:16:55.615302,363,808.2127008902604,1.0,0.26900048611111105,11.0,True
2_39_79_379_2018-11-13 16:24:55.612163,82,305.6296094519387,0.0,0.0,0.0,False
2_39_79_379_2018-11-14 00:37:28.309187,297,983.3485945425824,1.0,0.5236390657096172,15.0,True
2_39_79_379_2018-11-14 14:44:00.044542,301,891.0169112669022,2.0,0.3125746650326797,8.0,True
2_39_79_379_2018-11-15 02:41:02.034858,31,57.62675574045408,0.0,0.0,0.0,False
2_39_79_379_2018-11-15 04:10:44.927992,267,921.58384462991,1.0,0.49275117510893246,14.0,True
2_39_79_379_2018-11-15 16:08:32.647838,511,1665.6670966622817,0.0,0.0,0.0,False
2_39_79_379_2018-11-16 05:15:25.800383,119,379.4197496732026,1.0,0.36049999046840964,8.0,True
2_39_79_379_2018-11-16 18:56:55.801539,179,556.1886952411667,1.0,0.2666072222222223,7.0,True
2_39_79_379_2018-11-17 07:37:05.071627,124,396.3421682773109,1.0,0.3516007965686275,8.0,True
2_39_79_379_2018-11-19 18:04:43.989722,137,233.61260393446852,0.0,0.0,0.0,False
2_39_79_379_2018-11-20 04:12:35.168683,119,380.0570739256229,1.0,0.3992756909430439,9.0,True
2_39_79_379_2018-11-21 04:16:50.056530,103,326.0398586704317,3.0,5.288522496316677,46.0,True
2_39_79_379_2018-11-21 18:44:42.026400,296,863.179393539467,5.0,6.933388585434173,79.0,True
2_39_79_379_2018-11-22 02:29:45.848258,79,391.5991751375989,0.0,0.0,0.0,False
2_39_79_379_2018-11-25 23:52:20.846664,120,381.7245517156863,1.0,1.4979125612745094,21.0,True
2_39_79_379_2018-11-26 15:20:49.628748,149,269.07541771511336,0.0,0.0,0.0,False
2_39_79_379_2018-11-27 16:11:11.131716,194,333.80193987232235,0.0,0.0,0.0,False
2_39_79_379_2018-11-28 14:31:52.054563,277,950.3184530820358,7.0,1.7767885148225955,13.0,True
2_39_79_379_2018-11-29 16:05:11.071872,174,357.3546502269737,1.0,0.11668479166666668,6.0,True
2_39_79_379_2018-11-30 14:50:41.208231,37,61.29220336441594,0.0,0.0,0.0,False
2_39_79_379_2019-03-01 02:02:24.819735,139,495.51678232529855,2.0,0.22478801879084964,6.0,True
2_39_79_379_2019-03-01 15:59:47.953851,276,943.3180813394335,5.0,1.055287010971055,12.0,True
2_39_79_379_2019-03-03 21:52:11.506678,292,1946.9378363731855,0.0,0.0,0.0,False
2_39_79_379_2019-03-04 16:12:14.150169,138,215.4669699420459,0.0,0.0,0.0,False
2_39_79_379_2019-03-05 15:58:09.059346,64,200.31493866819454,0.0,0.0,0.0,False
2_39_79_379_2019-03-06 16:16:28.302300,9,10.138569235836627,0.0,0.0,0.0,False
2_39_79_379_2019-03-07 15:58:11.687844,133,333.85082432167343,1.0,0.16980494594818604,7.0,True
2_39_79_379_2019-03-08 16:12:32.944910,367,848.6992643761669,0.0,0.0,0.0,False
2_39_79_379_2019-03-12 13:42:13.351262,349,966.3244649140763,1.0,0.14244236111111108,7.0,True
2_39_79_379_2019-03-13 14:55:33.983560,111,352.0946394607843,1.0,0.30628381944444444,8.0,True
2_39_79_379_2019-03-13 19:34:06.341133,28,73.37439418767507,1.0,0.3647957434640523,9.0,True
2_39_79_379_2019-03-14 13:54:32.399436,278,948.1586173184659,8.0,1.1579183088235294,12.0,True
2_39_79_379_2019-03-15 15:53:35.788235,62,390.7254942577031,0.0,0.0,0.0,False
2_39_79_379_2019-03-17 19:43:18.429591,144,374.7476131535948,1.0,0.13947256944444444,6.0,True
2_39_79_379_2019-03-18 14:08:00.138383,336,965.715058158637,5.0,1.0049916161806602,14.0,True
2_39_79_379_2019-03-19 13:37:11.310133,339,948.7478341648548,4.0,0.5465808047385621,8.0,True
2_39_79_379_2019-03-20 13:51:33.411371,331,926.013453411591,1.0,0.14901465277777778,7.0,True
2_39_79_379_2019-03-21 15:36:21.678951,44,64.46795232896189,0.0,0.0,0.0,False
2_39_79_379_2019-03-22 13:47:15.365716,224,1375.399706259427,0.0,0.0,0.0,False
2_39_79_379_2019-03-24 19:46:13.043226,164,1107.4689702815974,0.0,0.0,0.0,False
2_39_79_379_2019-03-25 13:41:41.514395,295,945.4418754092939,1.0,0.3335842186041083,11.0,True
2_39_79_379_2019-03-26 13:45:56.588934,267,852.512256201401,5.0,1.0365447768829754,14.0,True
2_39_79_379_2019-03-27 14:57:34.822199,80,119.33172881334352,1.0,0.10107463235294117,5.0,True
2_39_79_379_2019-03-28 14:54:17.167186,96,287.4296816297263,1.0,0.426280192730601,10.0,True
2_39_79_379_2019-03-29 17:16:09.490684,103,617.3601107142857,0.0,0.0,0.0,False
2_39_79_379_2019-03-30 15:52:03.067628,67,201.44331425878042,1.0,0.4351420726495726,11.0,True
2_39_79_379_2019-03-31 19:40:43.454179,109,347.45171845238093,2.0,0.5015284027777779,9.0,True
2_39_79_379_2019-04-01 15:57:28.175013,177,602.1126138538749,2.0,1.5101926470588236,38.0,True
2_39_79_379_2019-04-02 13:54:02.685212,255,850.8466628033051,5.0,0.8392270957827574,8.0,True
2_39_79_379_2019-04-03 06:09:21.735196,193,1197.6895027777778,0.0,0.0,0.0,False
2_39_79_379_2019-04-03 14:39:05.472690,248,801.2516391982501,4.0,0.8239819491578682,13.0,True
2_39_79_379_2019-04-04 15:27:01.281893,32,53.82848039215686,0.0,0.0,0.0,False
2_39_79_379_2019-04-05 15:20:18.216990,32,53.3980446969697,0.0,0.0,0.0,False
2_39_79_379_2019-04-06 23:36:13.114491,140,939.6554990196078,0.0,0.0,0.0,False
2_39_79_379_2019-04-09 13:29:35.031253,425,906.1391627045555,1.0,0.16835681100217864,11.0,True
2_39_79_379_2019-04-10 13:43:44.907341,320,887.0316642172793,2.0,0.8459511805555555,22.0,True
2_39_79_379_2019-04-11 15:21:00.296327,48,69.35989442847314,0.0,0.0,0.0,False
2_39_79_379_2019-04-12 15:28:08.990553,119,385.54693127828057,1.0,0.3235697916666667,8.0,True
2_39_79_379_2019-04-13 16:15:56.770937,104,326.48011029411765,2.0,0.4193419444444445,5.0,True
2_39_79_379_2019-04-14 19:48:35.683535,91,279.9720625,1.0,0.39882381944444445,9.0,True
2_39_79_379_2019-04-15 13:44:23.907180,307,964.9297936448355,7.0,0.9920035580065358,7.0,True
2_39_79_379_2019-04-16 13:37:21.417244,268,875.0504268207283,3.0,0.9402767238562091,21.0,True
2_39_79_379_2019-04-17 14:52:56.386692,129,303.93770130808736,2.0,0.42938142094017095,6.0,True
2_39_79_379_2019-04-18 06:23:12.018873,33,222.04830833333332,0.0,0.0,0.0,False
2_39_79_379_2019-04-18 22:32:32.236783,59,176.24485833333333,0.0,0.0,0.0,False
2_39_79_379_2019-04-19 15:08:12.943567,47,173.15500189393939,0.0,0.0,0.0,False
2_39_79_379_2019-04-20 07:57:09.283930,32,76.03530512820512,1.0,0.45970534722222217,14.0,True
2_39_79_379_2019-04-20 19:37:09.102473,68,227.05333161764705,0.0,0.0,0.0,False
2_39_79_379_2019-04-21 18:06:06.226417,131,885.5511849323062,0.0,0.0,0.0,False
2_39_79_379_2019-04-21 20:57:59.070854,154,1011.2278927871148,0.0,0.0,0.0,False
2_39_79_379_2019-04-22 14:54:42.318203,63,187.71947279411765,1.0,0.251009272875817,8.0,True
2_39_79_379_2019-04-23 14:54:00.361853,310,953.65082910831,5.0,0.9622874550653593,13.0,True
2_39_79_379_2019-04-24 16:11:31.298005,232,584.7982283324733,0.0,0.0,0.0,False
2_39_79_379_2019-04-25 00:36:07.469497,179,599.7029293767507,0.0,0.0,0.0,False
2_39_79_379_2019-04-25 14:59:51.222209,91,282.4647975490196,1.0,0.23381805555555557,9.0,True
2_39_79_379_2019-04-26 01:39:13.549356,216,484.86557295897467,0.0,0.0,0.0,False
2_39_79_379_2019-04-26 15:37:36.502894,37,118.90937892156863,0.0,0.0,0.0,False
2_39_79_379_2019-04-27 16:51:40.496236,114,363.6196125,2.0,0.5040698406862745,9.0,True
2_39_79_379_2019-04-28 19:47:33.219647,83,259.8689582857545,1.0,0.36039513888888897,9.0,True
2_39_79_379_2019-04-29 16:13:49.139238,231,649.4182117647059,0.0,0.0,0.0,False
2_39_79_379_2019-04-30 14:48:13.550573,124,372.55765280748665,2.0,0.40468020833333335,5.0,True
2_39_79_379_2019-05-01 13:54:21.241471,54,162.83084014490413,1.0,0.2647488888888889,7.0,True
2_39_79_379_2019-05-02 14:12:16.157954,93,290.6375486599817,1.0,0.4065207638888889,9.0,True
2_39_79_379_2019-05-03 07:01:04.750920,26,45.49760192307692,0.0,0.0,0.0,False
2_39_79_379_2019-05-03 14:18:53.317699,54,163.08882540849675,2.0,0.6649699305555555,9.0,True
2_39_79_379_2019-05-04 19:10:17.182103,62,185.72236225490195,1.0,0.4571633333333334,10.0,True
2_39_79_379_2019-05-05 17:33:07.986705,122,375.7935705882353,1.0,0.3333734722222222,8.0,True
2_39_79_379_2019-05-06 14:14:27.028419,61,162.38232107843137,1.0,0.37125111111111114,9.0,True
2_39_79_379_2019-05-07 14:18:02.503838,67,206.62628284313726,1.0,0.34023993055555557,8.0,True
2_39_79_379_2019-05-08 15:06:37.851143,33,53.64578571428571,0.0,0.0,0.0,False
2_39_79_379_2019-05-09 14:11:06.944152,100,293.69066668552034,1.0,0.32286916666666665,7.0,True
2_39_79_379_2019-05-10 15:22:57.140397,25,89.67177671568628,0.0,0.0,0.0,False
2_39_79_379_2019-05-10 22:27:06.195250,55,153.9439610607401,1.0,0.4874603157096171,15.0,True
2_39_79_379_2019-05-11 18:05:01.874795,87,279.92444838935575,1.0,0.34846513888888886,8.0,True
2_39_79_379_2019-05-13 15:49:14.983270,254,1116.6981664778032,1.0,0.6781747916666665,12.0,True
2_39_79_379_2019-05-14 15:54:01.805338,24,87.67556022408964,0.0,0.0,0.0,False
2_39_79_379_2019-05-15 15:31:29.246516,238,1138.6666989256228,1.0,0.3982115178571428,9.0,True
2_39_79_379_2019-05-16 16:04:06.757322,277,1191.559183750808,2.0,0.4420145138888889,7.0,True
2_39_79_379_2019-05-17 15:34:44.470158,447,947.0027577349122,0.0,0.0,0.0,False
2_39_79_379_2019-05-18 15:33:36.706895,133,462.72278480392157,1.0,0.36307493055555545,11.0,True
2_39_79_379_2019-05-19 19:32:55.613207,37,115.38764607843137,1.0,0.6537018014705881,23.0,True
2_39_79_379_2019-05-20 14:43:51.760838,91,234.37732769607842,0.0,0.0,0.0,False
2_39_79_379_2019-05-21 15:23:07.527793,69,103.87988497360482,0.0,0.0,0.0,False
2_39_79_379_2019-05-22 14:56:10.945237,367,955.8334298055187,1.0,0.8458743849206347,38.0,True
2_39_79_379_2019-05-23 06:29:36.035060,29,50.613266421568625,0.0,0.0,0.0,False
2_39_79_379_2019-05-23 15:04:54.263543,21,66.27682205882353,0.0,0.0,0.0,False
2_39_79_379_2019-05-25 19:41:14.806046,147,490.9105768875732,0.0,0.0,0.0,False
2_39_79_379_2019-05-27 15:55:24.883032,121,390.4172142156863,2.0,1.275776176470588,35.0,True
2_39_79_379_2019-05-28 13:49:07.498167,81,234.13467610877683,2.0,0.6704524346405228,17.0,True
2_39_79_379_2019-05-29 15:09:56.193465,287,657.8206763303233,0.0,0.0,0.0,False
2_39_79_379_2019-05-30 15:31:04.100970,251,824.2114215183509,8.0,4.690041076231775,53.0,True
2_39_79_379_2019-05-31 17:59:09.451509,65,367.94504856711916,1.0,0.38540152777777775,6.0,True
2_39_79_379_2019-05-31 21:35:02.327084,31,54.549791666666664,0.0,0.0,0.0,False
2_39_79_379_2019-08-01 15:12:00.978882,115,180.0369116013072,1.0,0.07900928104575164,5.0,True
2_39_79_379_2019-08-05 15:40:55.475863,287,1195.487581442577,1.0,1.2549076021241827,29.0,True
2_39_79_379_2019-08-06 16:48:22.013159,80,250.00259166666666,5.0,1.7132500694444444,29.0,True
2_39_79_379_2019-08-07 15:18:54.124978,33,52.6582375,0.0,0.0,0.0,False
2_39_79_379_2019-08-07 21:34:18.849826,31,47.14616570989362,0.0,0.0,0.0,False
2_39_79_379_2019-08-08 15:43:34.911039,313,1088.71022524606,1.0,1.3262029166666665,30.0,True
2_39_79_379_2019-08-09 15:28:20.089063,189,1022.2058959033614,2.0,1.5232775694444445,30.0,True
2_39_79_379_2019-08-12 15:35:58.862989,258,1140.58198732493,1.0,0.6306333333333333,11.0,True
2_39_79_379_2019-08-14 15:15:27.945670,33,53.871340441176464,0.0,0.0,0.0,False
2_39_79_379_2019-08-15 15:50:47.532751,106,340.55887440494706,4.0,2.0379125423729407,30.0,True
2_39_79_379_2019-08-19 15:42:16.135265,266,1103.015621281144,1.0,0.6822775245098038,12.0,True
2_39_79_379_2019-08-20 15:08:02.315245,69,99.33766089175616,0.0,0.0,0.0,False
2_39_79_379_2019-08-21 15:16:25.945314,67,98.82260828419086,0.0,0.0,0.0,False
2_39_79_379_2019-08-22 15:51:06.058229,163,993.5284331259427,2.0,1.2225029166666666,12.0,True
2_39_79_379_2019-08-23 15:35:51.030306,43,159.84759093137254,0.0,0.0,0.0,False
2_39_79_379_2019-08-26 15:16:55.149695,42,63.5117375,0.0,0.0,0.0,False
2_39_79_379_2019-08-27 15:24:30.481396,59,88.38260759803921,0.0,0.0,0.0,False
2_39_79_379_2019-08-29 16:00:24.802191,203,327.3828077915377,1.0,0.09400207924836601,5.0,True
2_39_79_379_2019-08-30 15:38:11.807082,31,109.9738535480859,0.0,0.0,0.0,False
2_39_79_379_2019-10-01 14:30:34.391934,268,896.5338430618401,10.0,4.508806840659339,44.0,True
2_39_79_379_2019-10-03 15:16:50.937535,304,787.4698058239962,3.0,1.792614097222222,32.0,True
2_39_79_379_2019-10-04 15:10:11.514259,152,636.7175836879151,2.0,0.26652545343137257,25.0,True
2_39_79_379_2019-10-07 15:56:04.252027,229,1082.7084793472652,2.0,0.47854381944444446,7.0,True
2_39_79_379_2019-10-08 15:39:30.539118,27,46.67561547619048,0.0,0.0,0.0,False
2_39_79_379_2019-10-09 15:41:08.809893,34,87.54868601882075,0.0,0.0,0.0,False
2_39_79_379_2019-10-09 16:43:35.656443,126,782.1966600490196,1.0,0.6610193055555555,13.0,True
2_39_79_379_2019-10-10 16:07:12.340135,110,686.5323172511312,1.0,0.5976280555555555,12.0,True
2_39_79_379_2019-10-11 16:15:08.088457,49,179.96036773639588,1.0,0.2651567361111111,7.0,True
2_39_79_379_2019-10-14 15:40:24.836538,39,67.78452384453782,0.0,0.0,0.0,False
2_39_79_379_2019-10-15 15:19:40.041417,39,224.96927671568628,1.0,0.5762308088235294,7.0,True
2_39_79_379_2019-10-15 21:39:43.684749,88,164.8982855392157,0.0,0.0,0.0,False
2_39_79_379_2019-10-16 15:13:19.923819,275,760.6285248286157,10.0,3.095193887660327,39.0,True
2_39_79_379_2019-10-17 15:29:36.274041,217,803.9329978641456,1.0,0.598693125,7.0,True
2_39_79_379_2019-10-18 02:10:56.893450,133,393.3520989379085,0.0,0.0,0.0,False
2_39_79_379_2019-10-18 15:49:37.554641,27,97.4170625,0.0,0.0,0.0,False
2_39_79_379_2019-10-20 21:33:09.690738,35,228.78964166666665,0.0,0.0,0.0,False
2_39_79_379_2019-10-21 16:09:17.301864,190,638.8657891184359,1.0,0.6012741094771242,11.0,True
2_39_79_379_2019-10-22 15:34:16.130561,24,39.856030147058824,0.0,0.0,0.0,False
2_39_79_379_2019-10-23 15:15:24.274941,241,800.7805019570986,5.0,4.955606766487295,90.0,True
2_39_79_379_2019-10-24 16:17:51.413877,128,696.2515688836061,0.0,0.0,0.0,False
2_39_79_379_2019-10-25 15:32:05.446830,350,982.1661637499583,6.0,3.0821884716917065,47.0,True
2_39_79_379_2019-10-28 16:07:57.008801,212,1116.6069040728878,0.0,0.0,0.0,False
2_39_79_379_2019-10-29 02:03:31.049606,179,1222.7100301587302,0.0,0.0,0.0,False
2_39_79_379_2019-10-29 15:27:53.688299,261,561.8402562501956,0.0,0.0,0.0,False
2_39_79_379_2019-10-30 15:38:57.760438,24,89.36874285714286,0.0,0.0,0.0,False
2_39_79_379_2019-10-31 15:49:31.552614,40,140.73012072829133,0.0,0.0,0.0,False
2_39_79_380_2018-11-02 16:08:01.671717,226,421.2613589053104,0.0,0.0,0.0,False
2_39_79_380_2018-11-03 21:40:52.558829,31,52.817671499828,0.0,0.0,0.0,False
2_39_79_380_2018-11-04 15:30:02.829464,92,560.9401790849673,1.0,0.20081937500000002,6.0,True
2_39_79_380_2018-11-05 14:47:12.845490,82,386.36250902936933,1.0,0.8286785021786492,30.0,True
2_39_79_380_2018-11-06 03:05:26.224506,136,436.68816184640525,1.0,0.4644722916666667,9.0,True
2_39_79_380_2018-11-06 14:58:45.974904,80,397.5686841503268,2.0,0.5708561887254903,12.0,True
2_39_79_380_2018-11-07 14:53:38.075378,69,336.66450539215685,1.0,0.7506205637254902,26.0,True
2_39_79_380_2018-11-08 15:05:50.914103,76,330.44282171047905,1.0,0.04927798611111111,5.0,True
2_39_79_380_2018-11-08 20:20:53.979375,70,143.06512584033612,1.0,0.29424360702614377,8.0,True
2_39_79_380_2018-11-09 15:57:15.462016,259,538.4664015743458,1.0,0.2614693600217865,12.0,True
2_39_79_380_2018-11-10 22:03:59.924621,57,212.1048963235294,0.0,0.0,0.0,False
2_39_79_380_2018-11-11 20:47:32.137824,138,845.3645565359477,1.0,0.7922072916666667,19.0,True
2_39_79_380_2018-11-12 14:50:06.245323,114,531.9656616946778,1.0,0.5956066666666667,17.0,True
2_39_79_380_2018-11-12 20:30:54.794937,54,90.64347230392157,1.0,0.05337118055555556,5.0,True
2_39_79_380_2018-11-13 00:37:55.604598,301,968.4200945482579,0.0,0.0,0.0,False
2_39_79_380_2018-11-13 14:23:34.124820,248,667.4070416365659,1.0,0.5186368218954249,15.0,True
2_39_79_380_2018-11-14 15:02:11.148090,66,313.2159891779789,1.0,0.570725625,21.0,True
2_39_79_380_2018-11-15 14:47:11.252070,303,848.8623433372742,0.0,0.0,0.0,False
2_39_79_380_2018-11-16 15:19:49.341968,353,864.804492349008,0.0,0.0,0.0,False
2_39_79_380_2018-11-17 16:07:37.962697,209,705.6497928589857,1.0,0.4085753273809524,13.0,True
2_39_79_380_2018-11-18 19:52:18.282335,124,768.4097099710059,0.0,0.0,0.0,False
2_39_79_380_2018-11-19 14:54:34.325833,462,835.782418460083,0.0,0.0,0.0,False
2_39_79_380_2018-11-20 00:36:17.005078,38,68.12462483766234,1.0,0.5904599305555557,15.0,True
2_39_79_380_2018-11-20 14:54:45.731224,64,272.3899919117647,1.0,0.5218676388888889,19.0,True
2_39_79_380_2018-11-21 14:50:48.460517,286,528.1429524298715,0.0,0.0,0.0,False
2_39_79_380_2018-11-21 20:13:29.053504,293,786.4960314250463,0.0,0.0,0.0,False
2_39_79_380_2018-11-23 22:52:59.656850,136,800.9709108137992,1.0,0.6491151593137254,7.0,True
2_39_79_380_2018-11-26 14:40:14.983173,291,590.8266375898224,3.0,1.253634176677081,9.0,True
2_39_79_380_2018-11-27 14:53:18.577157,92,442.87735195218437,2.0,1.5487448733660127,30.0,True
2_39_79_380_2018-11-28 03:57:42.034297,169,1129.4442278944912,0.0,0.0,0.0,False
2_39_79_380_2018-11-28 14:50:52.153147,141,466.7134339160023,2.0,0.5774079330065359,8.0,True
2_39_79_380_2018-11-29 14:57:53.088499,309,904.631558017068,0.0,0.0,0.0,False
2_39_79_380_2018-11-30 15:13:06.799090,208,494.1813840147168,0.0,0.0,0.0,False
2_39_79_380_2019-03-01 18:08:06.856972,117,681.5795644408696,1.0,0.7540090277777777,12.0,True
2_39_79_380_2019-03-03 20:17:04.923275,197,649.74555,0.0,0.0,0.0,False
2_39_79_380_2019-03-04 17:24:35.954296,239,735.814125297007,4.0,0.6937678594771242,15.0,True
2_39_79_380_2019-03-05 16:13:35.538141,46,66.62859534313725,0.0,0.0,0.0,False
2_39_79_380_2019-03-06 17:19:07.790792,30,170.62332916666665,0.0,0.0,0.0,False
2_39_79_380_2019-03-07 16:53:07.101301,44,59.71537023809524,0.0,0.0,0.0,False
2_39_79_380_2019-03-08 16:02:11.857444,38,135.8960794117647,0.0,0.0,0.0,False
2_39_79_380_2019-03-09 03:19:24.110695,87,261.8342333333333,2.0,0.7512366666666666,15.0,True
2_39_79_380_2019-03-10 04:32:13.605345,68,195.1245981060606,1.0,0.4742695833333334,14.0,True
2_39_79_380_2019-03-11 15:56:30.997177,144,513.8497494505494,0.0,0.0,0.0,False
2_39_79_380_2019-03-12 15:28:43.408554,22,78.34063928571429,0.0,0.0,0.0,False
2_39_79_380_2019-03-13 16:51:27.762645,82,350.9230762371615,0.0,0.0,0.0,False
2_39_79_380_2019-03-14 15:22:59.040050,34,53.739798809523805,0.0,0.0,0.0,False
2_39_79_380_2019-03-15 17:20:36.401306,132,679.2174035714286,1.0,0.7150849305555556,14.0,True
2_39_79_380_2019-03-17 02:34:46.682285,160,1053.508575,0.0,0.0,0.0,False
2_39_79_380_2019-03-18 17:08:52.662451,33,52.68084219114219,0.0,0.0,0.0,False
2_39_79_380_2019-03-19 15:23:07.381571,33,53.33458234126984,0.0,0.0,0.0,False
2_39_79_380_2019-03-20 15:03:16.863859,32,52.122547727272725,0.0,0.0,0.0,False
2_39_79_380_2019-03-21 16:31:51.973055,89,260.3956890859141,1.0,0.5197809325396825,16.0,True
2_39_79_380_2019-03-24 18:17:30.509627,231,745.4540891122766,0.0,0.0,0.0,False
2_39_79_380_2019-03-25 16:13:57.531660,158,456.96304455128205,0.0,0.0,0.0,False
2_39_79_380_2019-03-26 15:14:30.892381,119,200.07961469780219,1.0,0.3490691468253968,16.0,True
2_39_79_380_2019-03-27 16:01:31.522597,140,626.0447513305322,0.0,0.0,0.0,False
2_39_79_380_2019-03-28 15:33:16.407867,195,654.2871978991597,0.0,0.0,0.0,False
2_39_79_380_2019-03-29 15:26:29.796244,110,634.4833423319327,1.0,0.38278294526143786,8.0,True
2_39_79_380_2019-04-01 16:18:44.803679,93,460.8700625,0.0,0.0,0.0,False
2_39_79_380_2019-04-02 15:38:28.359630,66,91.26883799825964,0.0,0.0,0.0,False
2_39_79_380_2019-04-03 15:21:35.157952,198,312.8257232492997,0.0,0.0,0.0,False
2_39_79_380_2019-04-04 16:36:38.898782,107,641.3020041666666,1.0,0.2970057638888889,8.0,True
2_39_79_380_2019-04-05 19:02:14.655038,154,357.4049099691073,0.0,0.0,0.0,False
2_39_79_380_2019-04-06 14:04:58.494153,198,825.1695708333333,1.0,0.1180736111111111,7.0,True
2_39_79_380_2019-04-09 15:29:47.862655,347,547.4306529743949,0.0,0.0,0.0,False
2_39_79_380_2019-04-10 15:37:56.300957,379,610.8324323870573,0.0,0.0,0.0,False
2_39_79_380_2019-04-11 15:39:47.261840,41,121.5810644607843,0.0,0.0,0.0,False
2_39_79_380_2019-04-12 17:34:17.998721,31,52.19755833333333,0.0,0.0,0.0,False
2_39_79_380_2019-04-15 00:39:36.387493,70,252.0905669117647,0.0,0.0,0.0,False
2_39_79_380_2019-04-15 15:53:11.307833,291,415.10977268099543,0.0,0.0,0.0,False
2_39_79_380_2019-04-16 15:21:27.409150,104,166.62837450980393,0.0,0.0,0.0,False
2_39_79_380_2019-04-17 14:34:37.514095,234,491.80654409340656,0.0,0.0,0.0,False
2_39_79_380_2019-04-18 15:22:49.275136,67,101.5115125,0.0,0.0,0.0,False
2_39_79_380_2019-04-19 14:55:13.617948,555,1734.5325790857319,0.0,0.0,0.0,False
2_39_79_380_2019-04-22 15:33:52.978485,36,98.13510833333333,0.0,0.0,0.0,False
2_39_79_380_2019-04-23 16:06:34.751858,77,386.77355486694677,0.0,0.0,0.0,False
2_39_79_380_2019-04-24 16:25:44.877280,103,601.9703176470588,1.0,0.2710664583333333,8.0,True
2_39_79_380_2019-04-25 17:29:30.951814,191,277.418118522409,2.0,0.19567,6.0,True
2_39_79_380_2019-04-26 15:38:42.327623,362,853.6252241402432,0.0,0.0,0.0,False
2_39_79_380_2019-04-28 19:54:33.973309,96,485.2271723039216,0.0,0.0,0.0,False
2_39_79_380_2019-04-29 14:57:53.419931,498,2769.7920078081233,0.0,0.0,0.0,False
2_39_79_380_2019-04-30 15:18:26.263269,33,52.911519852941176,0.0,0.0,0.0,False
2_39_79_380_2019-04-30 20:53:31.931093,96,305.1171611344538,0.0,0.0,0.0,False
2_39_79_380_2019-05-01 15:25:54.888943,41,65.94574048944777,0.0,0.0,0.0,False
2_39_79_380_2019-05-02 16:20:28.952918,288,856.5179635854341,1.0,0.17006756944444448,5.0,True
2_39_79_380_2019-05-03 15:53:52.921511,182,802.4199174836601,1.0,0.15837493055555557,5.0,True
2_39_79_380_2019-05-06 17:37:17.440202,297,1499.7914970398065,0.0,0.0,0.0,False
2_39_79_380_2019-05-07 15:34:04.071362,31,50.64354905462184,0.0,0.0,0.0,False
2_39_79_380_2019-05-08 15:53:14.252446,31,51.3230125,0.0,0.0,0.0,False
2_39_79_380_2019-05-09 17:07:58.194022,105,637.1031187432666,0.0,0.0,0.0,False
2_39_79_380_2019-05-10 14:43:36.027579,234,1200.607306442577,0.0,0.0,0.0,False
2_39_79_380_2019-05-13 16:13:40.825660,148,819.2325541666667,0.0,0.0,0.0,False
2_39_79_380_2019-05-14 04:00:42.385441,669,3160.1405985644255,0.0,0.0,0.0,False
2_39_79_380_2019-05-14 20:48:40.177024,51,297.45875283613447,2.0,0.6084673733660131,5.0,True
2_39_79_380_2019-05-15 16:50:58.219615,120,617.6426332767722,0.0,0.0,0.0,False
2_39_79_380_2019-05-17 15:48:41.219605,397,2169.3861138368165,0.0,0.0,0.0,False
2_39_79_380_2019-05-19 19:00:07.449455,158,551.3537684523809,0.0,0.0,0.0,False
2_39_79_380_2019-05-20 15:01:53.824885,27,95.780625,0.0,0.0,0.0,False
2_39_79_380_2019-05-21 16:24:18.801510,199,463.01200897705235,0.0,0.0,0.0,False
2_39_79_380_2019-05-22 15:28:16.947366,24,39.822920833333335,0.0,0.0,0.0,False
2_39_79_380_2019-05-23 16:28:38.027363,300,1303.3277602941175,1.0,0.4031888888888889,9.0,True
2_39_79_380_2019-05-24 19:15:38.405896,31,53.787366666666664,0.0,0.0,0.0,False
2_39_79_380_2019-05-29 15:22:41.849691,40,64.40241666666667,0.0,0.0,0.0,False
2_39_79_380_2019-05-30 16:48:39.120919,106,613.6499083333333,1.0,0.37879722222222223,9.0,True
2_39_79_380_2019-05-31 17:06:58.226649,114,684.9722958333333,0.0,0.0,0.0,False
2_39_79_380_2019-08-01 18:05:59.749162,118,703.8616458333333,1.0,0.2591884722222222,7.0,True
2_39_79_380_2019-08-02 15:47:28.682660,135,746.5856418327587,1.0,0.21205222222222223,6.0,True
2_39_79_380_2019-08-05 16:14:19.028717,137,734.9957992647059,1.0,0.23809305555555557,7.0,True
2_39_79_380_2019-08-06 14:52:13.213123,118,714.70055,1.0,0.27384291666666666,7.0,True
2_39_79_380_2019-08-07 16:22:30.864525,131,630.3296636904762,1.0,0.23286479166666668,5.0,True
2_39_79_380_2019-08-08 15:00:31.730853,98,597.4678586484594,0.0,0.0,0.0,False
2_39_79_380_2019-08-08 17:23:55.036448,187,1130.6267012540047,0.0,0.0,0.0,False
2_39_79_380_2019-08-09 15:44:24.791150,109,651.3263443627451,1.0,0.18472958333333328,5.0,True
2_39_79_380_2019-08-12 16:06:58.827065,158,850.3893725490196,0.0,0.0,0.0,False
2_39_79_380_2019-08-14 15:47:03.827968,144,644.424331547619,0.0,0.0,0.0,False
2_39_79_380_2019-08-19 16:23:17.107022,33,51.152295995671,0.0,0.0,0.0,False
2_39_79_380_2019-08-20 16:02:11.866719,106,156.63557647058823,0.0,0.0,0.0,False
2_39_79_380_2019-08-21 15:50:25.944824,341,907.4733022058823,0.0,0.0,0.0,False
2_39_79_380_2019-08-21 21:54:05.544800,54,91.40200206533663,0.0,0.0,0.0,False
2_39_79_380_2019-08-22 19:07:55.780303,43,102.79767475490196,1.0,0.5349046732026145,16.0,True
2_39_79_380_2019-08-23 17:42:27.859476,54,85.27625,0.0,0.0,0.0,False
2_39_79_380_2019-08-23 19:08:40.858468,110,306.99981470588233,0.0,0.0,0.0,False
2_39_79_380_2019-08-26 15:48:53.881685,179,722.903408496732,0.0,0.0,0.0,False
2_39_79_380_2019-08-27 16:03:35.791038,170,836.9242259103642,1.0,0.43028281454248357,7.0,True
2_39_79_380_2019-08-28 16:42:05.655695,32,44.938041572728956,1.0,0.22371088486125446,26.0,True
2_39_79_380_2019-08-29 17:03:09.372243,220,804.67468703584,0.0,0.0,0.0,False
2_39_79_380_2019-08-30 16:53:23.261539,552,3057.1585793498166,3.0,1.1826072222222221,11.0,True
2_39_79_380_2019-10-01 15:32:37.150493,32,50.48801666666667,0.0,0.0,0.0,False
2_39_79_380_2019-10-02 14:45:46.896538,31,50.956025,0.0,0.0,0.0,False
2_39_79_380_2019-10-02 21:21:21.732956,97,634.9451805555556,0.0,0.0,0.0,False
2_39_79_380_2019-10-03 14:37:37.685924,31,51.53542916666667,0.0,0.0,0.0,False
2_39_79_380_2019-10-03 20:01:44.963031,33,42.50835,1.0,0.23174041666666667,13.0,True
2_39_79_380_2019-10-04 14:54:22.203897,31,50.55034551282051,0.0,0.0,0.0,False
2_39_79_380_2019-10-04 16:39:23.046211,110,643.2195347222222,1.0,0.33557930555555554,8.0,True
2_39_79_380_2019-10-07 16:21:18.296313,120,652.2947998949579,0.0,0.0,0.0,False
2_39_79_380_2019-10-08 14:20:54.444135,34,54.64047279411765,0.0,0.0,0.0,False
2_39_79_380_2019-10-08 22:30:00.545039,31,51.59848700980392,0.0,0.0,0.0,False
2_39_79_380_2019-10-09 15:52:19.310393,35,54.82929783868092,0.0,0.0,0.0,False
2_39_79_380_2019-10-09 17:53:45.575684,26,31.374491666666664,1.0,0.2180848611111111,12.0,True
2_39_79_380_2019-10-10 14:39:05.011891,58,84.47515096153846,0.0,0.0,0.0,False
2_39_79_380_2019-10-11 14:50:14.328814,28,45.30846299019608,0.0,0.0,0.0,False
2_39_79_380_2019-10-11 16:04:27.126087,32,50.543430964052284,0.0,0.0,0.0,False
2_39_79_380_2019-10-11 17:24:11.226260,91,131.13023427256869,0.0,0.0,0.0,False
2_39_79_380_2019-10-15 14:29:46.741510,32,50.53565416666667,0.0,0.0,0.0,False
2_39_79_380_2019-10-15 20:08:40.555078,30,45.98147976190476,0.0,0.0,0.0,False
2_39_79_380_2019-10-16 14:44:56.590492,61,79.48656628151261,1.0,0.09221465919701213,5.0,True
2_39_79_380_2019-10-17 14:58:27.670529,31,50.74146666666666,0.0,0.0,0.0,False
2_39_79_380_2019-10-17 19:23:52.091995,31,46.95560833333333,1.0,0.08210840277777778,6.0,True
2_39_79_380_2019-10-18 16:24:06.117772,240,880.2956240519285,1.0,0.2613302532679739,7.0,True
2_39_79_380_2019-10-21 16:06:12.972476,385,1284.1940635585004,10.0,4.8874899345956315,57.0,True
2_39_79_380_2019-10-22 16:00:05.799836,189,951.3191653846153,1.0,0.7536900000000001,10.0,True
2_39_79_380_2019-10-23 16:29:22.783387,32,49.52260416666667,0.0,0.0,0.0,False
2_39_79_380_2019-10-23 20:00:24.298778,25,31.0420625,1.0,0.21713270833333334,12.0,True
2_39_79_380_2019-10-24 15:05:50.212379,72,447.4793173534798,0.0,0.0,0.0,False
2_39_79_380_2019-10-25 16:30:24.769754,140,648.7955367647058,0.0,0.0,0.0,False
2_39_79_380_2019-10-28 16:46:28.997244,212,319.0153008325008,0.0,0.0,0.0,False
2_39_79_380_2019-10-29 07:04:45.817402,53,143.36037083333332,2.0,0.7865801388888889,15.0,True
2_39_79_380_2019-10-29 15:33:46.057435,43,62.0301826625387,0.0,0.0,0.0,False
2_39_79_380_2019-10-30 15:31:27.850092,42,61.725360130718954,0.0,0.0,0.0,False
2_39_79_380_2019-10-30 21:20:04.663768,27,50.295575,1.0,0.184254375,5.0,True
2_39_79_380_2019-10-31 16:20:58.264303,30,48.85705099206349,0.0,0.0,0.0,False
2_39_79_381_2018-11-02 15:10:58.089316,490,1642.1818574752733,0.0,0.0,0.0,False
2_39_79_381_2018-11-04 01:09:40.010150,141,964.9186652820778,0.0,0.0,0.0,False
2_39_79_381_2018-11-04 19:59:14.872528,32,51.847807865582126,0.0,0.0,0.0,False
2_39_79_381_2018-11-05 16:24:08.028533,243,785.2815376917587,1.0,0.391613869047619,12.0,True
2_39_79_381_2018-11-06 15:25:03.999940,31,49.693435865115276,0.0,0.0,0.0,False
2_39_79_381_2018-11-07 17:40:40.038027,219,679.7206867360194,0.0,0.0,0.0,False
2_39_79_381_2018-11-08 02:14:47.359721,284,979.8009548256482,1.0,0.4228156454248366,13.0,True
2_39_79_381_2018-11-08 16:09:40.895271,403,843.7538516507185,3.0,2.7267570630186806,133.0,True
2_39_79_381_2018-11-09 16:13:08.424133,123,514.0394100723622,0.0,0.0,0.0,False
2_39_79_381_2018-11-09 18:22:51.560397,258,554.2480727787606,0.0,0.0,0.0,False
2_39_79_381_2018-11-10 08:08:44.810801,418,2847.1776853259485,0.0,0.0,0.0,False
2_39_79_381_2018-11-10 21:11:18.071604,236,1609.0182077096622,0.0,0.0,0.0,False
2_39_79_381_2018-11-12 16:10:15.288070,553,2373.7770464589075,0.0,0.0,0.0,False
2_39_79_381_2018-11-13 15:00:28.887927,84,388.13666642700264,2.0,0.9478962028657617,29.0,True
2_39_79_381_2018-11-14 01:11:56.045241,131,414.86520197441445,1.0,0.26028913398692816,9.0,True
2_39_79_381_2018-11-15 17:41:36.666262,234,1130.8954571200816,1.0,0.744155559640523,13.0,True
2_39_79_381_2018-11-16 04:44:17.538485,31,54.46380416666666,0.0,0.0,0.0,False
2_39_79_381_2018-11-16 16:23:22.215199,140,427.68134529016737,1.0,0.4681000694444445,17.0,True
2_39_79_381_2018-11-18 06:03:42.999892,125,760.7830512168903,1.0,0.5800196132897604,7.0,True
2_39_79_381_2018-11-18 22:26:42.825589,340,2250.92738758505,0.0,0.0,0.0,False
2_39_79_381_2018-11-19 15:08:05.538868,284,623.5134057894977,1.0,0.07993600490196079,5.0,True
2_39_79_381_2018-11-20 15:05:38.601773,265,896.1100952855367,1.0,0.2711467442810458,7.0,True
2_39_79_381_2018-11-21 08:31:21.436752,404,2776.5164501726126,0.0,0.0,0.0,False
2_39_79_381_2018-11-21 21:17:52.652944,78,125.9353339009288,1.0,0.14733812500000001,7.0,True
2_39_79_381_2018-11-26 14:55:39.171397,525,989.94464174273,1.0,0.2280794637769638,8.0,True
2_39_79_381_2018-11-27 16:51:39.488709,304,643.599280645043,0.0,0.0,0.0,False
2_39_79_381_2018-11-28 14:55:28.436978,203,449.78665702614376,1.0,0.23307194444444446,9.0,True
2_39_79_381_2018-11-29 18:44:35.990584,240,728.5202716204976,1.0,0.1106104861111111,5.0,True
2_39_79_381_2018-11-29 22:47:53.821609,114,501.28038701967705,1.0,0.3591690972222223,6.0,True
2_39_79_381_2018-11-30 15:58:29.053356,382,1803.3752561716835,0.0,0.0,0.0,False
2_39_79_381_2019-03-04 16:15:25.519704,288,545.7574530827106,0.0,0.0,0.0,False
2_39_79_381_2019-03-05 16:55:40.519593,317,528.0767325980393,0.0,0.0,0.0,False
2_39_79_381_2019-03-07 16:53:31.098609,573,998.9666675575241,0.0,0.0,0.0,False
2_39_79_381_2019-03-08 16:55:55.491823,330,536.3909829248366,0.0,0.0,0.0,False
2_39_79_381_2019-03-11 16:07:26.767476,447,818.2517040014812,0.0,0.0,0.0,False
2_39_79_381_2019-03-12 17:12:11.019410,256,412.93214320638515,0.0,0.0,0.0,False
2_39_79_381_2019-03-13 16:06:52.730902,298,521.5028105042016,0.0,0.0,0.0,False
2_39_79_381_2019-03-14 05:20:43.349057,125,554.0841769419307,0.0,0.0,0.0,False
2_39_79_381_2019-03-14 15:31:15.533647,33,96.09318296040904,0.0,0.0,0.0,False
2_39_79_381_2019-03-15 18:06:30.066466,122,363.4438975373483,2.0,0.7374581777155307,16.0,True
2_39_79_381_2019-03-16 02:48:49.691250,55,240.05045416666667,0.0,0.0,0.0,False
2_39_79_381_2019-03-18 19:44:56.700956,309,549.8583121031746,0.0,0.0,0.0,False
2_39_79_381_2019-03-19 05:19:25.541370,1231,2553.846518779433,0.0,0.0,0.0,False
2_39_79_381_2019-03-21 15:46:12.489297,547,965.9109485734037,0.0,0.0,0.0,False
2_39_79_381_2019-03-22 17:11:42.191758,408,697.9421764038335,0.0,0.0,0.0,False
2_39_79_381_2019-03-24 20:14:53.487244,187,434.55298341503266,1.0,0.09336013071895424,5.0,True
2_39_79_381_2019-03-25 15:25:17.778618,347,594.1955071001464,0.0,0.0,0.0,False
2_39_79_381_2019-03-27 16:42:41.090144,312,502.8694583053089,0.0,0.0,0.0,False
2_39_79_381_2019-03-28 15:49:00.437700,478,800.1991157987437,0.0,0.0,0.0,False
2_39_79_381_2019-03-29 18:02:10.966435,412,602.4069083099906,0.0,0.0,0.0,False
2_39_79_381_2019-04-01 22:40:46.712688,281,683.197743557423,1.0,0.4689791217320261,17.0,True
2_39_79_381_2019-04-02 20:24:51.928736,278,446.53000054675715,0.0,0.0,0.0,False
2_39_79_381_2019-04-03 15:52:13.290371,57,92.15137205882353,0.0,0.0,0.0,False
2_39_79_381_2019-04-04 17:23:49.218379,329,574.1125933473389,0.0,0.0,0.0,False
2_39_79_381_2019-04-05 15:13:25.648864,552,977.9896770558088,0.0,0.0,0.0,False
2_39_79_381_2019-04-08 15:26:53.280658,191,314.1981684056956,0.0,0.0,0.0,False
2_39_79_381_2019-04-09 15:33:25.858012,32,72.17884803921568,0.0,0.0,0.0,False
2_39_79_381_2019-04-10 15:59:56.604003,538,901.2079768653559,0.0,0.0,0.0,False
2_39_79_381_2019-04-11 14:57:21.886209,465,1643.663975059829,0.0,0.0,0.0,False
2_39_79_381_2019-04-12 17:37:49.631691,111,556.6421355392157,0.0,0.0,0.0,False
2_39_79_381_2019-04-13 18:28:58.137678,43,71.20917786266021,0.0,0.0,0.0,False
2_39_79_381_2019-04-15 18:01:59.460819,127,217.85122147795016,0.0,0.0,0.0,False
2_39_79_381_2019-04-16 00:01:06.669853,119,679.0424437028657,0.0,0.0,0.0,False
2_39_79_381_2019-04-16 15:28:56.440726,72,213.10489961484595,0.0,0.0,0.0,False
2_39_79_381_2019-04-17 15:26:09.601573,39,61.31624975490196,0.0,0.0,0.0,False
2_39_79_381_2019-04-18 16:17:53.492189,30,109.61057916666667,1.0,0.28977201388888885,5.0,True
2_39_79_381_2019-04-19 17:01:13.436179,237,361.3700062193568,0.0,0.0,0.0,False
2_39_79_381_2019-04-21 21:25:39.317405,140,953.5927901960785,0.0,0.0,0.0,False
2_39_79_381_2019-04-23 15:33:50.683912,21,74.2473125,0.0,0.0,0.0,False
2_39_79_381_2019-04-24 16:49:01.077695,309,394.72817911957884,1.0,3.1918997613211952,300.0,True
2_39_79_381_2019-04-25 16:27:23.243963,140,750.1251889705882,0.0,0.0,0.0,False
2_39_79_381_2019-04-26 15:28:35.426534,211,1297.3980932497154,0.0,0.0,0.0,False
2_39_79_381_2019-04-29 15:59:03.545617,132,403.68522777777775,0.0,0.0,0.0,False
2_39_79_381_2019-04-30 15:14:02.803482,166,512.1783019896556,1.0,0.19671949088407287,9.0,True
2_39_79_381_2019-04-30 19:04:23.080863,57,114.43026117991056,2.0,0.5956711029411764,8.0,True
2_39_79_381_2019-05-01 16:04:36.186567,312,969.9879305215983,1.0,0.15150022058823526,7.0,True
2_39_79_381_2019-05-02 15:59:03.530775,454,2401.310908812743,0.0,0.0,0.0,False
2_39_79_381_2019-05-03 16:32:36.288429,145,353.93951746646025,0.0,0.0,0.0,False
2_39_79_381_2019-05-07 15:54:48.809060,252,671.5099824382728,0.0,0.0,0.0,False
2_39_79_381_2019-05-08 18:58:17.515427,165,387.0469429228709,1.0,0.1638545436507936,7.0,True
2_39_79_381_2019-05-10 16:34:13.171779,120,363.3194972758937,2.0,0.35166087418300657,7.0,True
2_39_79_381_2019-05-11 15:02:18.802037,24,39.188717156862744,0.0,0.0,0.0,False
2_39_79_381_2019-05-13 15:26:26.230961,184,820.8487509570494,0.0,0.0,0.0,False
2_39_79_381_2019-05-15 16:00:04.946727,258,802.1681810331825,0.0,0.0,0.0,False
2_39_79_381_2019-05-16 02:52:55.120297,126,399.95838210784314,2.0,0.489157283496732,9.0,True
2_39_79_381_2019-05-17 03:12:31.949505,68,202.59655336134455,1.0,0.4641834967320262,14.0,True
2_39_79_381_2019-05-17 16:52:23.125982,43,63.519116124871,0.0,0.0,0.0,False
2_39_79_381_2019-05-21 16:13:09.249380,356,1676.3428114481083,1.0,0.7506796625420503,18.0,True
2_39_79_381_2019-05-22 15:05:32.941027,65,95.20067223389356,0.0,0.0,0.0,False
2_39_79_381_2019-05-24 16:46:54.559329,372,1798.222403624871,0.0,0.0,0.0,False
2_39_79_381_2019-05-27 04:53:23.266881,482,3162.173034068627,0.0,0.0,0.0,False
2_39_79_381_2019-05-28 15:56:03.105593,85,121.52340081699346,1.0,0.10617597222222222,5.0,True
2_39_79_381_2019-05-29 15:20:10.176565,236,718.8094375423854,0.0,0.0,0.0,False
2_39_79_381_2019-05-30 15:58:30.126870,159,595.0582975490196,0.0,0.0,0.0,False
2_39_79_381_2019-05-31 00:34:16.029713,34,83.10032805297557,0.0,0.0,0.0,False
2_39_79_381_2019-05-31 18:56:00.522524,64,194.75996176470588,1.0,0.35409092320261437,11.0,True
2_39_79_381_2019-08-02 16:41:11.018327,233,581.3635235405118,0.0,0.0,0.0,False
2_39_79_381_2019-08-02 20:52:04.473411,83,138.8462844923867,0.0,0.0,0.0,False
2_39_79_381_2019-08-05 15:13:34.257561,144,386.25092073817564,3.0,1.0791815182229192,31.0,True
2_39_79_381_2019-08-06 16:43:51.521450,114,719.0641485294118,0.0,0.0,0.0,False
2_39_79_381_2019-08-08 21:00:40.749826,193,849.8031351565187,0.0,0.0,0.0,False
2_39_79_381_2019-08-12 15:50:04.228053,186,389.9427056372549,0.0,0.0,0.0,False
2_39_79_381_2019-08-13 14:49:35.097924,17,93.80828012820513,0.0,0.0,0.0,False
2_39_79_381_2019-08-16 17:16:25.106779,167,674.744539648866,0.0,0.0,0.0,False
2_39_79_381_2019-08-18 21:41:42.578031,168,1007.6526267586859,1.0,0.29457134803921564,8.0,True
2_39_79_381_2019-08-19 15:39:13.380905,178,907.3898248011964,0.0,0.0,0.0,False
2_39_79_381_2019-08-21 00:45:06.250333,32,54.32501198581051,0.0,0.0,0.0,False
2_39_79_381_2019-08-21 15:55:27.671414,74,104.93320103720706,1.0,0.08513161957180532,10.0,True
2_39_79_381_2019-08-21 17:16:50.204373,415,719.7450825603495,0.0,0.0,0.0,False
2_39_79_381_2019-08-22 16:12:47.068855,25,90.82471661506708,0.0,0.0,0.0,False
2_39_79_381_2019-08-23 17:30:50.726137,213,1210.348113843999,0.0,0.0,0.0,False
2_39_79_381_2019-08-23 21:15:00.322445,51,71.2864668417367,1.0,0.26929884103641455,16.0,True
2_39_79_381_2019-08-28 15:56:06.017467,549,1357.6474747191771,0.0,0.0,0.0,False
2_39_79_381_2019-08-29 15:52:48.471210,215,357.34988034212995,0.0,0.0,0.0,False
2_39_79_381_2019-08-29 20:28:26.555235,50,82.10852300603653,0.0,0.0,0.0,False
2_39_79_381_2019-08-30 16:09:03.626587,481,975.7080187140728,0.0,0.0,0.0,False
2_39_79_381_2019-10-01 15:07:53.390162,31,44.808879166666664,0.0,0.0,0.0,False
2_39_79_381_2019-10-02 17:10:52.537028,248,820.2944602941177,7.0,4.894368966503267,69.0,True
2_39_79_381_2019-10-17 18:05:15.659880,30,82.65119848484848,0.0,0.0,0.0,False
2_39_79_381_2019-10-21 15:56:50.194835,416,1525.3703683823528,0.0,0.0,0.0,False
2_39_79_381_2019-10-22 17:10:06.795320,114,676.957234219457,1.0,0.5685498488562091,12.0,True
2_39_79_381_2019-10-23 16:32:15.874540,127,374.5375076317661,2.0,2.029134583333333,46.0,True
2_39_79_381_2019-10-24 16:12:32.892462,154,207.11637429560517,3.0,1.8517731656661436,90.0,True
2_39_79_381_2019-10-25 16:35:26.355137,331,862.3234679667554,1.0,0.8392598774509803,19.0,True
2_39_79_381_2019-10-29 15:25:35.882576,526,2900.1132575817446,1.0,0.5540455555555556,12.0,True
2_39_79_381_2019-10-30 16:30:24.843730,445,2789.0227362394958,0.0,0.0,0.0,False
2_39_79_382_2018-11-02 16:43:30.937138,226,383.54799644905745,0.0,0.0,0.0,False
2_39_79_382_2018-11-05 17:52:50.444666,34,53.62859241787624,0.0,0.0,0.0,False
2_39_79_382_2018-11-06 16:14:10.659502,255,1503.6000882297226,0.0,0.0,0.0,False
2_39_79_382_2018-11-07 16:51:12.801402,132,720.8099411584202,0.0,0.0,0.0,False
2_39_79_382_2018-11-08 14:59:44.775419,247,868.1514548777203,3.0,0.9864027484198807,29.0,True
2_39_79_382_2018-11-08 21:26:27.366871,31,50.63030426852559,0.0,0.0,0.0,False
2_39_79_382_2018-11-09 16:28:55.950386,533,715.0392673534675,4.0,5.4997373660042985,383.0,True
2_39_79_382_2018-11-12 16:35:03.762801,220,370.1323484808836,0.0,0.0,0.0,False
2_39_79_382_2018-11-13 16:43:24.729148,39,62.66292213415669,0.0,0.0,0.0,False
2_39_79_382_2018-11-14 01:40:54.085665,37,57.980457772211444,0.0,0.0,0.0,False
2_39_79_382_2018-11-14 16:32:12.865510,32,53.062305587897654,0.0,0.0,0.0,False
2_39_79_382_2018-11-15 15:45:30.187473,443,2138.151229183725,0.0,0.0,0.0,False
2_39_79_382_2018-11-16 16:11:45.863916,103,296.9304388996624,1.0,0.18684071078431372,8.0,True
2_39_79_382_2018-11-17 04:46:44.079714,292,1527.535224638803,0.0,0.0,0.0,False
2_39_79_382_2018-11-18 07:35:22.870258,267,1835.5642691915498,0.0,0.0,0.0,False
2_39_79_382_2018-11-19 15:58:20.256597,544,1374.354931892845,1.0,0.09763071078431372,6.0,True
2_39_79_382_2018-11-20 16:24:51.755807,37,60.578953568215404,0.0,0.0,0.0,False
2_39_79_382_2018-11-21 17:42:16.467660,294,504.2186982367306,0.0,0.0,0.0,False
2_39_79_382_2018-11-23 22:46:36.119745,102,444.4273975490196,1.0,0.4331768491285403,9.0,True
2_39_79_382_2018-11-26 15:07:36.636088,727,2409.964488630023,0.0,0.0,0.0,False
2_39_79_382_2019-03-01 20:38:53.680109,63,128.94905024509805,1.0,0.22048881944444443,8.0,True
2_39_79_382_2019-03-04 18:07:32.185844,147,477.20285121332915,0.0,0.0,0.0,False
2_39_79_382_2019-03-05 17:14:19.323414,284,918.4418086527035,0.0,0.0,0.0,False
2_39_79_382_2019-03-08 04:43:31.271946,126,824.2990764705883,1.0,0.7040628513071894,8.0,True
2_39_79_382_2019-03-11 17:40:15.294722,32,51.15133597913524,0.0,0.0,0.0,False
2_39_79_382_2019-03-12 15:42:25.069255,268,1705.0966016923435,0.0,0.0,0.0,False
2_39_79_382_2019-03-12 20:59:10.753870,98,586.9903928921568,0.0,0.0,0.0,False
2_39_79_382_2019-03-14 16:29:40.810956,140,861.091431617647,1.0,0.7391729861111112,11.0,True
2_39_79_382_2019-03-17 03:20:58.884782,57,291.4948958333333,1.0,0.6186540277777778,7.0,True
2_39_79_382_2019-03-18 19:52:07.327653,68,99.57881750645798,0.0,0.0,0.0,False
2_39_79_382_2019-03-19 17:21:30.147257,204,586.375597945845,0.0,0.0,0.0,False
2_39_79_382_2019-03-25 18:55:20.937171,85,280.67659084967323,2.0,0.4686896527777777,10.0,True
2_39_79_382_2019-03-26 15:17:48.448118,81,119.60632291758809,1.0,0.08334673611111111,5.0,True
2_39_79_382_2019-03-27 16:08:42.027877,194,359.8325498015873,0.0,0.0,0.0,False
2_39_79_382_2019-03-28 16:01:31.903518,278,725.2220629943879,0.0,0.0,0.0,False
2_39_79_382_2019-04-01 16:16:03.463213,31,50.24323137254902,0.0,0.0,0.0,False
2_39_79_382_2019-04-04 17:25:30.867862,34,47.60427380952381,0.0,0.0,0.0,False
2_39_79_382_2019-04-05 14:59:06.186519,100,592.8041591386555,0.0,0.0,0.0,False
2_39_79_382_2019-04-06 00:17:33.638656,192,679.6214802521008,1.0,0.16665895833333327,8.0,True
2_39_79_382_2019-04-08 15:47:55.855960,180,951.304743382353,1.0,0.35638249999999994,9.0,True
2_39_79_382_2019-04-09 15:55:55.915248,261,1012.1140034971006,1.0,0.49071809912854036,10.0,True
2_39_79_382_2019-04-10 14:52:59.977664,177,390.8543903011205,0.0,0.0,0.0,False
2_39_79_382_2019-04-11 15:32:19.781834,207,647.7544882816992,8.0,1.7779150027056274,16.0,True
2_39_79_382_2019-04-15 14:51:18.306209,251,705.7422997906566,4.0,0.8886661795522302,10.0,True
2_39_79_382_2019-04-16 15:43:37.281749,252,1202.485412009804,0.0,0.0,0.0,False
2_39_79_382_2019-04-17 15:05:00.537965,250,825.5643850522027,6.0,1.4708452509337067,22.0,True
2_39_79_382_2019-04-18 04:14:15.576473,101,606.4384640151515,1.0,0.5900263194444444,7.0,True
2_39_79_382_2019-04-18 16:56:46.931682,76,405.2670406862745,0.0,0.0,0.0,False
2_39_79_382_2019-04-19 15:44:04.334690,383,1083.8456278665908,0.0,0.0,0.0,False
2_39_79_382_2019-04-22 15:04:37.233934,364,950.1155201330532,3.0,0.4416966666666665,8.0,True
2_39_79_382_2019-04-23 17:17:47.712701,139,462.77755955882355,6.0,2.098043071895425,27.0,True
2_39_79_382_2019-04-24 21:54:41.327990,128,442.55031838235294,0.0,0.0,0.0,False
2_39_79_382_2019-04-26 16:47:57.569234,34,51.02565833333333,0.0,0.0,0.0,False
2_39_79_382_2019-04-29 14:33:08.828313,353,763.177691737382,1.0,0.4525641598583877,13.0,True
2_39_79_382_2019-05-01 21:22:53.214459,30,49.50977955366357,0.0,0.0,0.0,False
2_39_79_382_2019-05-02 18:38:05.322095,269,1781.3844275547938,0.0,0.0,0.0,False
2_39_79_382_2019-05-03 15:38:39.008387,156,570.4763958333333,0.0,0.0,0.0,False
2_39_79_382_2019-05-04 03:24:41.106226,137,754.5132404411764,1.0,0.5411367565359478,7.0,True
2_39_79_382_2019-05-05 02:54:31.594526,360,2402.2550394607842,0.0,0.0,0.0,False
2_39_79_382_2019-05-06 17:49:58.241918,296,1939.3805662689433,0.0,0.0,0.0,False
2_39_79_382_2019-05-07 15:54:53.500492,325,1133.280175227898,0.0,0.0,0.0,False
2_39_79_382_2019-05-08 14:49:51.609271,142,945.004281792717,0.0,0.0,0.0,False
2_39_79_382_2019-05-08 19:18:36.893607,32,53.53638841036415,0.0,0.0,0.0,False
2_39_79_382_2019-05-09 22:10:40.916707,41,148.2935815359477,0.0,0.0,0.0,False
2_39_79_382_2019-05-13 15:56:39.814500,38,54.636761706349205,0.0,0.0,0.0,False
2_39_79_382_2019-05-16 18:24:48.377292,73,350.60931400560224,0.0,0.0,0.0,False
2_39_79_382_2019-05-16 20:23:08.936323,31,51.48647671568627,0.0,0.0,0.0,False
2_39_79_382_2019-05-20 15:12:26.638140,188,613.8789814321343,5.0,2.859975153867102,44.0,True
2_39_79_382_2019-05-22 16:01:48.641638,395,1666.381682282913,1.0,0.7369402777777777,19.0,True
2_39_79_382_2019-05-23 16:16:58.316615,186,477.7591827380952,0.0,0.0,0.0,False
2_39_79_382_2019-05-29 15:57:00.110717,223,1103.9389130952381,1.0,0.6788219444444444,14.0,True
2_39_79_382_2019-05-31 20:22:07.081114,39,109.48495399159664,2.0,1.0378535416666668,17.0,True
2_39_79_382_2019-08-01 15:41:06.986129,182,1068.471625166092,2.0,1.4709990575396823,29.0,True
2_39_79_382_2019-08-02 15:08:35.258903,200,640.1501339669303,7.0,1.9948144432634214,14.0,True
2_39_79_382_2019-08-05 17:03:44.900627,432,2493.231370040911,0.0,0.0,0.0,False
2_39_79_382_2019-08-08 15:10:06.327573,306,984.8233214500012,5.0,1.7099376077354016,34.0,True
2_39_79_382_2019-08-09 17:26:26.626413,273,1782.3878276143791,0.0,0.0,0.0,False
2_39_79_382_2019-08-12 16:20:52.037055,273,849.3017089052288,1.0,0.3019027083333333,8.0,True
2_39_79_382_2019-08-14 16:15:35.530978,225,705.3473774509804,6.0,3.354339758986928,76.0,True
2_39_79_382_2019-08-15 17:39:58.871598,112,666.6759238992088,1.0,0.1877066435185185,5.0,True
2_39_79_382_2019-08-16 17:48:58.151290,152,758.0633306938159,1.0,0.08529701388888888,5.0,True
2_39_79_382_2019-08-18 04:37:16.104615,61,122.39119616013072,1.0,0.2793314297385621,9.0,True
2_39_79_382_2019-08-19 15:54:00.296133,435,2301.5777325627737,2.0,1.045869873141564,16.0,True
2_39_79_382_2019-08-20 15:43:09.647303,103,355.1012833333333,0.0,0.0,0.0,False
2_39_79_382_2019-08-21 16:56:15.431298,335,592.6334609710551,0.0,0.0,0.0,False
2_39_79_382_2019-08-23 19:18:41.533122,159,403.27350951213816,1.0,0.3018619444444444,7.0,True
2_39_79_382_2019-08-27 17:51:41.298639,204,1246.743937745098,0.0,0.0,0.0,False
2_39_79_382_2019-08-28 16:24:53.083673,220,805.8095027792598,0.0,0.0,0.0,False
2_39_79_382_2019-08-30 15:35:54.534398,31,49.525391666666664,0.0,0.0,0.0,False
2_39_79_382_2019-08-30 21:07:42.595186,31,55.50400833333333,0.0,0.0,0.0,False
2_39_79_382_2019-10-01 17:40:47.232058,123,710.1293517659627,0.0,0.0,0.0,False
2_39_79_382_2019-10-02 15:52:08.418714,186,1198.7630878267973,1.0,0.8078857638888889,16.0,True
2_39_79_382_2019-10-04 19:07:14.889154,164,945.3243673491326,1.0,0.772469808006536,18.0,True
2_39_79_382_2019-10-08 17:18:50.631632,175,977.6525968137255,1.0,0.6889970833333333,12.0,True
2_39_79_382_2019-10-09 20:13:24.119879,252,1590.8338763951733,0.0,0.0,0.0,False
2_39_79_382_2019-10-11 14:56:21.049109,82,537.7625666666667,0.0,0.0,0.0,False
2_39_79_382_2019-10-15 16:55:07.223896,54,102.46351036414565,2.0,0.6801075653594771,11.0,True
2_39_79_382_2019-10-16 16:12:33.013393,158,1020.7709648459384,1.0,0.7081752777777778,13.0,True
2_39_79_382_2019-10-18 15:36:36.175298,89,471.46339964818793,0.0,0.0,0.0,False
2_39_79_382_2019-10-21 17:15:05.233308,273,566.2394910714286,0.0,0.0,0.0,False
2_39_79_382_2019-10-22 15:31:38.157698,86,470.9870401960784,0.0,0.0,0.0,False
2_39_79_382_2019-10-23 15:28:44.077386,67,211.030525,3.0,0.9871713194444444,19.0,True
2_39_79_382_2019-10-24 16:49:34.542568,264,1013.3061720588236,1.0,1.1372824142156863,30.0,True
2_39_79_382_2019-10-25 18:33:43.789002,167,312.7171318627451,1.0,0.36909145833333334,7.0,True
2_39_79_382_2019-10-28 15:55:36.715547,370,1510.8705702677225,0.0,0.0,0.0,False
2_39_79_382_2019-10-29 14:53:14.630084,28,188.8808329248366,0.0,0.0,0.0,False
2_39_79_382_2019-10-29 23:56:59.094363,127,428.78517859477125,0.0,0.0,0.0,False
2_39_79_382_2019-10-30 16:35:07.799957,354,994.8416949392713,5.0,3.849120454076367,58.0,True
2_39_79_382_2019-10-31 16:47:12.136432,86,499.6106393368886,0.0,0.0,0.0,False
2_39_79_383_2018-11-02 15:25:23.602234,185,612.4362532337632,0.0,0.0,0.0,False
2_39_79_383_2018-11-05 16:33:43.710900,395,474.1870372438922,3.0,4.763677625859835,269.0,True
2_39_79_383_2018-11-06 16:23:24.814033,31,51.48850816993464,0.0,0.0,0.0,False
2_39_79_383_2018-11-06 20:22:28.703839,20,32.56576292692515,1.0,0.6499694744008716,14.0,True
2_39_79_383_2018-11-08 16:56:37.364867,303,732.5560004821159,0.0,0.0,0.0,False
2_39_79_383_2018-11-09 16:32:12.086647,83,123.15451357040791,1.0,0.30159724909700725,13.0,True
2_39_79_383_2018-11-11 05:57:01.114875,242,1652.5311698295984,0.0,0.0,0.0,False
2_39_79_383_2018-11-12 01:58:08.607277,111,358.4364203557064,1.0,0.3099323611111111,7.0,True
2_39_79_383_2018-11-12 16:15:47.695084,427,700.374922456405,0.0,0.0,0.0,False
2_39_79_383_2018-11-13 16:31:05.727234,178,551.3719386788049,1.0,0.2695003472222222,9.0,True
2_39_79_383_2018-11-14 17:35:13.537711,350,1273.0049296575328,1.0,0.6760888589324618,13.0,True
2_39_79_383_2018-11-15 16:43:43.749134,106,334.51817145631713,3.0,1.3197956576797385,29.0,True
2_39_79_383_2018-11-15 23:02:21.881377,31,51.87521723856209,0.0,0.0,0.0,False
2_39_79_383_2018-11-16 16:36:22.323977,32,55.931666107782824,0.0,0.0,0.0,False
2_39_79_383_2018-11-16 19:15:57.927858,114,671.5915967368932,1.0,0.16833131944444446,5.0,True
2_39_79_383_2018-11-19 00:02:34.646387,31,45.34471151960784,0.0,0.0,0.0,False
2_39_79_383_2018-11-19 16:11:19.728825,542,2036.29824300509,0.0,0.0,0.0,False
2_39_79_383_2018-11-20 16:12:26.463216,70,152.08355623433584,1.0,0.4643621241830066,15.0,True
2_39_79_383_2018-11-21 16:13:56.856963,233,534.1975631849231,0.0,0.0,0.0,False
2_39_79_383_2018-11-21 23:34:07.246931,130,361.40563077731093,3.0,5.160169354575164,44.0,True
2_39_79_383_2018-11-25 01:28:35.141237,70,140.52277544351074,2.0,2.8548600531045745,35.0,True
2_39_79_383_2018-11-26 16:34:01.087765,476,792.8948598093684,0.0,0.0,0.0,False
2_39_79_383_2018-11-27 17:29:35.429523,386,475.1490595762167,16.0,3.7176133253523362,69.0,True
2_39_79_383_2018-11-28 15:49:52.423434,102,409.7459209303854,1.0,0.40130543008870206,9.0,True
2_39_79_383_2018-11-29 16:42:52.110745,183,449.81881855692467,2.0,0.3435173992524361,9.0,True
2_39_79_383_2018-11-29 20:42:31.605843,25,55.26453239443903,1.0,0.19008543991955756,7.0,True
2_39_79_383_2018-11-30 16:04:42.210238,228,651.5885650854864,1.0,0.05832353174603177,6.0,True
2_39_79_383_2019-03-04 15:45:39.834081,73,429.6190891390472,1.0,0.5798116633597883,11.0,True
2_39_79_383_2019-03-07 17:14:50.542113,179,298.8581341714658,0.0,0.0,0.0,False
2_39_79_383_2019-03-08 16:24:03.778123,308,708.2670621982936,0.0,0.0,0.0,False
2_39_79_383_2019-03-11 15:40:10.271438,279,1302.0599625193433,1.0,0.2868476388888889,9.0,True
2_39_79_383_2019-03-12 18:09:35.147161,271,797.766425434013,0.0,0.0,0.0,False
2_39_79_383_2019-03-14 16:26:55.053094,39,61.57127357927097,0.0,0.0,0.0,False
2_39_79_383_2019-03-15 16:30:11.786713,168,551.5333803571428,2.0,0.5384144812091504,14.0,True
2_39_79_383_2019-03-16 17:57:05.055280,32,204.1763169117647,0.0,0.0,0.0,False
2_39_79_383_2019-03-18 17:44:55.868046,126,554.6379751850274,0.0,0.0,0.0,False
2_39_79_383_2019-03-19 07:12:41.984974,120,379.0051041666667,1.0,0.35226402777777777,9.0,True
2_39_79_383_2019-03-19 18:27:28.680241,190,524.2789996615313,4.0,0.9925801431683787,24.0,True
2_39_79_383_2019-03-20 05:04:25.915018,122,383.7063708333333,1.0,0.4670179861111111,9.0,True
2_39_79_383_2019-03-20 15:41:06.662155,264,1174.0940359261654,0.0,0.0,0.0,False
2_39_79_383_2019-03-21 02:20:21.441197,15,81.7284375,0.0,0.0,0.0,False
2_39_79_383_2019-03-21 16:24:27.313121,153,464.41942988608827,3.0,0.6509548280028795,13.0,True
2_39_79_383_2019-03-22 17:32:13.684845,127,796.4207994206773,0.0,0.0,0.0,False
2_39_79_383_2019-03-23 19:42:55.352430,121,377.2571830882353,1.0,0.4345881944444445,11.0,True
2_39_79_383_2019-03-25 15:42:20.096968,430,1342.8419858248003,0.0,0.0,0.0,False
2_39_79_383_2019-03-26 22:44:26.624602,26,46.513367892156865,0.0,0.0,0.0,False
2_39_79_383_2019-03-27 17:16:34.439419,243,691.0407721513906,0.0,0.0,0.0,False
2_39_79_383_2019-03-28 18:05:29.949489,33,53.50788801353875,0.0,0.0,0.0,False
2_39_79_383_2019-03-29 22:01:48.035346,199,661.2618724642489,3.0,0.7477019485294119,11.0,True
2_39_79_383_2019-03-31 02:54:47.288598,31,52.14964387254902,0.0,0.0,0.0,False
2_39_79_383_2019-04-02 15:19:38.412560,368,1198.826016003253,0.0,0.0,0.0,False
2_39_79_383_2019-04-03 15:20:56.638371,320,956.3220423085901,7.0,1.1989795833333332,9.0,True
2_39_79_383_2019-04-04 17:19:45.277466,75,214.91929123907138,0.0,0.0,0.0,False
2_39_79_383_2019-04-05 17:01:13.840069,218,929.4709827638392,0.0,0.0,0.0,False
2_39_79_383_2019-04-08 16:00:35.758201,2,1.061,0.0,0.0,0.0,False
2_39_79_383_2019-04-09 16:03:59.807942,179,421.0392325980392,0.0,0.0,0.0,False
2_39_79_383_2019-04-10 15:18:25.018379,219,650.496414963266,1.0,0.1871420138888889,7.0,True
2_39_79_383_2019-04-10 20:56:23.931115,81,115.06784343038755,0.0,0.0,0.0,False
2_39_79_383_2019-04-11 20:58:29.444009,76,219.90501761573051,0.0,0.0,0.0,False
2_39_79_383_2019-04-12 02:32:00.377166,117,712.5520573517928,1.0,0.7230004166666667,8.0,True
2_39_79_383_2019-04-12 17:18:31.874534,152,621.9545801157304,0.0,0.0,0.0,False
2_39_79_383_2019-04-14 03:18:45.491198,525,3459.8866310457515,0.0,0.0,0.0,False
2_39_79_383_2019-04-15 17:56:05.379589,48,143.19075357142856,0.0,0.0,0.0,False
2_39_79_383_2019-04-15 19:55:05.543018,31,50.72831148190045,0.0,0.0,0.0,False
2_39_79_383_2019-04-18 16:58:52.078751,72,242.19448077239667,0.0,0.0,0.0,False
2_39_79_383_2019-04-19 15:30:27.304553,294,1089.759078050381,1.0,0.2799021527777778,8.0,True
2_39_79_383_2019-04-21 03:24:26.368375,125,395.2746678211795,1.0,0.4256129861111112,10.0,True
2_39_79_383_2019-04-22 15:43:22.859011,248,1202.8334631535947,1.0,0.8463143995098039,15.0,True
2_39_79_383_2019-04-24 15:00:25.425249,322,939.9940116830065,4.0,0.6380243259803922,10.0,True
2_39_79_383_2019-04-25 16:04:30.864085,129,710.2179780112044,0.0,0.0,0.0,False
2_39_79_383_2019-04-27 15:42:42.323649,122,381.9517455671064,1.0,0.45308930555555565,10.0,True
2_39_79_383_2019-04-29 19:25:12.561009,154,452.1351655581132,3.0,0.9048486458040154,11.0,True
2_39_79_383_2019-04-30 16:54:52.116790,171,470.4188601737186,0.0,0.0,0.0,False
2_39_79_383_2019-04-30 21:53:26.511642,32,54.51290664037545,0.0,0.0,0.0,False
2_39_79_383_2019-05-01 15:53:46.975370,205,548.219116399113,0.0,0.0,0.0,False
2_39_79_383_2019-05-02 15:47:40.138227,171,759.9951190286708,0.0,0.0,0.0,False
2_39_79_383_2019-05-03 15:26:19.057017,87,250.07706985294118,0.0,0.0,0.0,False
2_39_79_383_2019-05-04 18:03:09.139532,94,278.4830091575092,1.0,0.29756527777777775,8.0,True
2_39_79_383_2019-05-06 15:21:50.320614,191,653.3944521116139,1.0,0.17846298611111108,8.0,True
2_39_79_383_2019-05-07 16:08:12.047206,276,1074.1669969887955,0.0,0.0,0.0,False
2_39_79_383_2019-05-07 21:00:47.951886,31,58.270979283380015,1.0,0.5397464563881108,15.0,True
2_39_79_383_2019-05-08 18:04:50.680339,105,617.2632999097007,0.0,0.0,0.0,False
2_39_79_383_2019-05-09 17:03:57.244871,344,666.6006434640523,0.0,0.0,0.0,False
2_39_79_383_2019-05-10 20:54:48.501709,118,385.39436911764705,2.0,0.6328467769607844,8.0,True
2_39_79_383_2019-05-13 15:48:24.453429,48,70.10654933155081,0.0,0.0,0.0,False
2_39_79_383_2019-05-14 02:52:37.252941,121,385.7216409313726,1.0,0.4500847222222223,9.0,True
2_39_79_383_2019-05-14 16:19:20.276334,148,914.464529529539,0.0,0.0,0.0,False
2_39_79_383_2019-05-15 03:20:46.888816,131,390.95238333333333,1.0,0.3714380555555556,9.0,True
2_39_79_383_2019-05-15 17:44:46.711944,44,66.51257647058823,0.0,0.0,0.0,False
2_39_79_383_2019-05-15 19:22:06.897704,317,503.41014921802054,1.0,0.08484527777777778,5.0,True
2_39_79_383_2019-05-16 16:05:52.032632,255,610.6978257352941,0.0,0.0,0.0,False
2_39_79_383_2019-05-17 16:51:30.206114,182,325.91421460084035,1.0,0.229953864379085,13.0,True
2_39_79_383_2019-05-18 00:39:43.462251,45,125.72062058823529,1.0,0.38442462826797386,14.0,True
2_39_79_383_2019-05-21 16:52:08.440633,308,1467.6272518772894,0.0,0.0,0.0,False
2_39_79_383_2019-05-22 15:46:07.765295,334,1335.603083799289,0.0,0.0,0.0,False
2_39_79_383_2019-05-23 19:14:31.638715,276,827.0724080882353,2.0,1.5664049795751633,40.0,True
2_39_79_383_2019-05-26 11:33:54.353520,248,1551.626018614551,0.0,0.0,0.0,False
2_39_79_383_2019-05-28 16:05:28.522192,174,1102.4295198529412,1.0,0.7242625694444444,15.0,True
2_39_79_383_2019-05-29 16:51:58.255132,68,190.1440625,3.0,0.7607348611111112,12.0,True
2_39_79_383_2019-05-30 15:26:15.467938,107,559.3399772521826,0.0,0.0,0.0,False
2_39_79_383_2019-08-02 19:16:15.068513,134,377.60566357588493,1.0,0.2131310253267974,8.0,True
2_39_79_383_2019-08-05 13:27:13.601289,72,221.4143356060606,1.0,0.35508736111111106,13.0,True
2_39_79_383_2019-08-06 14:42:41.326105,80,204.81572216386553,1.0,0.1751463888888889,8.0,True
2_39_79_383_2019-08-07 15:01:24.082541,66,192.52318112745098,4.0,1.3714077083333331,18.0,True
2_39_79_383_2019-08-08 21:55:30.130839,37,56.677061764705876,1.0,0.08390687091503266,5.0,True
2_39_79_383_2019-08-09 15:01:39.946170,67,185.58867688338495,1.0,0.20585813180827886,7.0,True
2_39_79_383_2019-08-10 15:21:17.537927,276,1737.2792388748162,0.0,0.0,0.0,False
2_39_79_383_2019-08-12 16:28:48.470145,43,60.35117401960784,0.0,0.0,0.0,False
2_39_79_383_2019-08-14 16:56:17.559089,234,349.33422472848787,6.0,0.6412952424463937,22.0,True
2_39_79_383_2019-08-15 15:17:16.985194,51,307.27458986928104,1.0,0.5483493995098039,7.0,True
2_39_79_383_2019-08-16 16:25:38.489748,79,511.326234767679,0.0,0.0,0.0,False
2_39_79_383_2019-08-16 21:45:06.116793,188,549.4676485908741,0.0,0.0,0.0,False
2_39_79_383_2019-08-19 16:23:32.029390,31,50.333089413730406,0.0,0.0,0.0,False
2_39_79_383_2019-08-20 15:13:59.036218,64,195.569338622291,1.0,0.3697327840127279,8.0,True
2_39_79_383_2019-08-21 15:43:41.358095,438,788.6378307135701,0.0,0.0,0.0,False
2_39_79_383_2019-08-23 15:08:19.345001,122,389.53954202605735,1.0,0.37563236791939,8.0,True
2_39_79_383_2019-08-26 14:38:45.852107,147,461.9272280370043,3.0,0.7232451995900699,15.0,True
2_39_79_383_2019-08-27 11:41:05.839920,246,1510.5310585155858,0.0,0.0,0.0,False
2_39_79_383_2019-08-28 15:38:35.282175,272,661.1563386336621,0.0,0.0,0.0,False
2_39_79_383_2019-08-29 15:36:25.156818,244,798.6487001423432,7.0,0.7512574381413435,27.0,True
2_39_79_383_2019-08-30 15:00:13.822189,134,380.9461759301588,1.0,0.2261672794117647,7.0,True
2_39_79_383_2019-10-01 21:00:07.729721,31,51.00246053921568,0.0,0.0,0.0,False
2_39_79_383_2019-10-01 21:46:02.462481,31,53.62173364845938,0.0,0.0,0.0,False
2_39_79_383_2019-10-02 17:47:05.978513,179,1066.813685633484,0.0,0.0,0.0,False
2_39_79_383_2019-10-03 16:02:00.604829,362,2202.8403055986496,0.0,0.0,0.0,False
2_39_79_383_2019-10-04 15:20:22.118637,153,387.2980973856209,4.0,1.3611726960784314,32.0,True
2_39_79_383_2019-10-07 16:01:32.936869,455,2366.835608904614,0.0,0.0,0.0,False
2_39_79_383_2019-10-08 15:00:15.495335,34,53.7445181372549,0.0,0.0,0.0,False
2_39_79_383_2019-10-09 15:22:50.633069,132,381.9069745448179,2.0,1.2557701470588234,30.0,True
2_39_79_383_2019-10-10 15:06:13.665757,90,263.69151489262373,2.0,1.129271273148148,18.0,True
2_39_79_383_2019-10-11 21:57:08.041543,39,226.53650294547643,1.0,0.5868061020811833,7.0,True
2_39_79_383_2019-10-14 15:17:38.376644,429,709.3437518084427,0.0,0.0,0.0,False
2_39_79_383_2019-10-15 14:45:42.101696,203,588.0729224275967,7.0,3.215174181839402,31.0,True
2_39_79_383_2019-10-16 15:39:41.973835,177,299.3357152396924,0.0,0.0,0.0,False
2_39_79_383_2019-10-17 15:41:16.413624,110,495.75411861393354,0.0,0.0,0.0,False
2_39_79_383_2019-10-18 17:21:11.926927,51,76.58247202231018,0.0,0.0,0.0,False
2_39_79_383_2019-10-18 20:09:06.107030,33,53.79172478991597,0.0,0.0,0.0,False
2_39_79_383_2019-10-21 15:38:29.745650,197,680.8605438303887,0.0,0.0,0.0,False
2_39_79_383_2019-10-22 15:36:59.194538,339,1468.3698837696618,0.0,0.0,0.0,False
2_39_79_383_2019-10-24 00:11:49.865932,29,48.36323106060606,0.0,0.0,0.0,False
2_39_79_383_2019-10-25 16:06:00.587252,181,336.79257889430926,0.0,0.0,0.0,False
2_39_79_383_2019-10-28 17:45:29.524873,361,2377.4123016456583,0.0,0.0,0.0,False
2_39_79_383_2019-10-30 20:06:30.114754,207,1156.6422969887956,0.0,0.0,0.0,False
2_39_79_383_2019-10-31 15:04:53.987631,413,1129.875185740485,0.0,0.0,0.0,False
2_39_82_384_2018-11-27 14:42:51.651193,83,118.32637626223965,0.0,0.0,0.0,False
2_39_82_384_2018-11-29 14:39:28.339411,119,151.85766454950277,0.0,0.0,0.0,False
2_39_82_384_2019-05-18 00:19:17.052324,31,53.92834166666667,0.0,0.0,0.0,False
2_39_82_384_2019-05-18 19:45:58.976512,31,54.076929166666666,0.0,0.0,0.0,False
2_39_82_385_2019-05-02 19:37:17.661750,31,46.478404166666664,0.0,0.0,0.0,False
2_39_82_385_2019-05-18 20:18:51.039060,30,53.8633375,0.0,0.0,0.0,False
2_39_82_385_2019-05-18 20:50:50.127280,31,54.32854583333333,0.0,0.0,0.0,False
2_39_83_386_2018-11-05 00:58:55.445830,30,57.69919768907563,0.0,0.0,0.0,False
2_39_83_386_2018-11-08 19:36:50.889769,32,59.24904027777778,0.0,0.0,0.0,False
2_39_83_386_2018-11-10 18:32:41.177088,204,660.9358503519829,1.0,0.3744621486928105,14.0,True
2_39_83_386_2018-11-16 01:36:38.446458,203,646.6426744631186,2.0,0.44162535539215686,12.0,True
2_39_83_386_2018-11-16 18:59:09.200332,31,57.82011845238095,0.0,0.0,0.0,False
2_39_83_386_2018-11-20 03:17:25.294135,118,387.9978941633831,0.0,0.0,0.0,False
2_39_83_386_2018-11-20 15:53:37.246788,38,45.83045617413632,1.0,0.2985687363834423,26.0,True
2_39_83_386_2018-11-21 16:04:11.689520,153,726.4471391076244,2.0,5.635147231200174,31.0,True
2_39_83_386_2018-11-22 18:09:02.573971,144,473.5678602824463,2.0,8.891874861305633,114.0,True
2_39_83_386_2018-11-24 01:07:05.274575,166,556.3187980627001,3.0,10.979992401285076,90.0,True
2_39_83_386_2018-11-24 18:56:55.286953,147,464.10121417268664,3.0,10.466433835917409,90.0,True
2_39_83_386_2018-11-26 01:12:24.195734,156,517.9948684640523,3.0,9.877202549019607,90.0,True
2_39_83_386_2018-11-26 16:26:50.659363,169,775.9191811986817,4.0,3.2405613917699947,17.0,True
2_39_83_386_2018-11-27 03:12:08.330759,125,412.45923648279825,6.0,4.0347541968774685,15.0,True
2_39_83_386_2019-03-02 23:56:16.707974,31,49.23673677956031,0.0,0.0,0.0,False
2_39_83_386_2019-03-09 17:45:33.718201,31,54.677708333333335,0.0,0.0,0.0,False
2_39_83_386_2019-03-10 02:52:08.239817,110,341.4331,1.0,0.4940922222222222,15.0,True
2_39_83_386_2019-03-15 17:27:26.021680,130,902.3119121265172,0.0,0.0,0.0,False
2_39_83_386_2019-03-16 02:22:10.744941,31,52.9799375,0.0,0.0,0.0,False
2_39_83_386_2019-03-16 15:56:39.370381,218,709.9344687405732,1.0,0.3609239910130719,15.0,True
2_39_83_386_2019-03-19 02:20:43.987528,161,528.318018977591,1.0,0.2647979166666667,5.0,True
2_39_83_386_2019-03-26 19:36:52.208693,101,311.5499906862745,1.0,0.47837736928104563,15.0,True
2_39_83_386_2019-03-28 16:32:22.502452,111,719.2758715686274,0.0,0.0,0.0,False
2_39_83_386_2019-03-31 00:58:02.118477,163,544.7802162464986,0.0,0.0,0.0,False
2_39_83_386_2019-04-02 01:24:22.318080,160,529.6480746848739,0.0,0.0,0.0,False
2_39_83_386_2019-04-04 20:37:17.670621,93,282.107375765003,2.0,0.7621124142156864,14.0,True
2_39_83_386_2019-04-08 20:58:46.081631,96,289.56647254901964,2.0,0.8350515972222221,15.0,True
2_39_83_386_2019-04-10 02:17:46.088013,68,195.65416666666667,2.0,0.8135579861111111,15.0,True
2_39_83_386_2019-04-13 16:04:39.987437,31,61.151945833333336,0.0,0.0,0.0,False
2_39_83_386_2019-04-14 19:22:53.161776,30,52.230716666666666,0.0,0.0,0.0,False
2_39_83_386_2019-04-16 21:06:19.684621,93,278.6049368761141,1.0,0.4376969934640523,14.0,True
2_39_83_386_2019-04-29 21:07:51.270729,109,341.52901029411765,1.0,0.4903081944444444,15.0,True
2_39_83_386_2019-05-03 16:23:04.480298,31,50.620625,0.0,0.0,0.0,False
2_39_83_386_2019-05-06 20:04:09.327067,103,324.19147169701216,1.0,0.4806954861111111,15.0,True
2_39_83_386_2019-05-08 02:18:15.297711,75,219.53572857142856,1.0,0.5262254861111112,16.0,True
2_39_83_386_2019-05-08 18:54:36.026297,99,306.7657799019608,1.0,0.48952958333333335,15.0,True
2_39_83_386_2019-05-13 20:38:07.224077,113,350.7506730392157,1.0,0.5066309109477125,15.0,True
2_39_83_386_2019-05-16 18:19:40.147213,212,355.79475842547544,1.0,0.4664555024509804,15.0,True
2_39_83_386_2019-05-25 03:20:40.071826,109,343.56082598039217,2.0,0.7623970138888889,15.0,True
2_39_83_386_2019-05-26 23:42:54.104986,87,264.68713035714285,1.0,0.484632308006536,15.0,True
2_39_83_386_2019-08-24 23:22:03.087227,31,49.7848375,0.0,0.0,0.0,False
2_39_83_386_2019-08-29 01:32:03.010459,31,56.34080983893557,0.0,0.0,0.0,False
2_39_83_386_2019-08-29 21:17:07.172781,109,333.7043033846872,2.0,0.7016375204248366,13.0,True
2_39_83_386_2019-10-16 02:22:48.920936,109,334.6425541666667,1.0,0.4944398611111111,14.0,True
2_39_83_386_2019-10-18 01:09:15.769676,31,44.00270454545454,2.0,0.15480868055555555,10.0,True
2_39_83_386_2019-10-28 00:15:07.028000,182,594.0180583333333,4.0,1.021668125,11.0,True
2_39_83_387_2018-11-05 20:57:59.943373,32,53.774541666666664,0.0,0.0,0.0,False
2_39_83_387_2018-11-06 21:25:10.762537,33,54.96029684065934,0.0,0.0,0.0,False
2_39_83_387_2018-11-07 21:12:37.001764,97,299.63477969187676,2.0,0.748006121031746,14.0,True
2_39_83_387_2018-11-19 20:27:20.018534,91,283.426021969697,2.0,4.260225612745098,56.0,True
2_39_83_387_2018-11-22 18:30:34.958846,228,730.52287945845,3.0,16.397356011126675,102.0,True
2_39_88_24_2018-11-02 16:44:58.472235,56,109.18056385878913,0.0,0.0,0.0,False
2_39_88_24_2018-11-05 16:03:51.357923,263,1491.3868018704334,0.0,0.0,0.0,False
2_39_88_24_2018-11-05 22:29:03.691132,31,56.7714762254902,0.0,0.0,0.0,False
2_39_88_24_2018-11-05 23:45:18.739009,32,56.44479166666667,0.0,0.0,0.0,False
2_39_88_24_2018-11-06 00:54:16.357341,32,55.93652156862745,0.0,0.0,0.0,False
2_39_88_24_2018-11-06 02:22:48.486828,31,54.23505430672269,0.0,0.0,0.0,False
2_39_88_24_2018-11-06 16:14:25.731380,82,551.6889351884613,0.0,0.0,0.0,False
2_39_88_24_2018-11-06 17:39:17.913465,31,52.72154779411765,0.0,0.0,0.0,False
2_39_88_24_2018-11-06 19:22:20.328502,67,138.2414457070707,2.0,0.5750156249999999,7.0,True
2_39_88_24_2018-11-07 16:28:40.697473,264,1840.3672984565958,0.0,0.0,0.0,False
2_39_88_24_2018-11-08 16:30:11.660487,128,845.7199911181139,1.0,0.5860362499999999,7.0,True
2_39_88_24_2018-11-08 22:55:03.856452,31,54.781192156862744,0.0,0.0,0.0,False
2_39_88_24_2018-11-09 01:10:33.697734,266,1824.444847644233,0.0,0.0,0.0,False
2_39_88_24_2018-11-09 16:18:06.456650,175,1199.4409064278343,0.0,0.0,0.0,False
2_39_88_24_2018-11-10 19:13:20.796819,123,384.4197489729225,2.0,0.7627671486928105,17.0,True
2_39_88_24_2018-11-12 18:27:46.426862,111,677.50752780646,1.0,0.1840170138888889,6.0,True
2_39_88_24_2018-11-13 17:05:50.241243,63,114.19110469187675,1.0,0.21057888888888887,10.0,True
2_39_88_24_2018-11-14 19:13:23.289767,121,395.23450979706996,1.0,0.35297379629629627,8.0,True
2_39_88_24_2018-11-15 16:06:20.077681,129,841.3076055322128,1.0,0.6448672222222223,7.0,True
2_39_88_24_2018-11-16 19:03:59.615031,31,58.1210209653092,0.0,0.0,0.0,False
2_39_88_24_2018-11-18 19:21:15.467611,52,177.16025018584355,0.0,0.0,0.0,False
2_39_88_24_2018-11-19 01:07:38.670549,25,42.113200735294114,0.0,0.0,0.0,False
2_39_88_24_2018-11-19 17:11:00.896151,49,92.48211999176864,1.0,0.3378729572296754,11.0,True
2_39_88_24_2018-11-20 02:36:11.100130,207,1336.4099437127416,0.0,0.0,0.0,False
2_39_88_24_2018-11-20 19:19:01.100161,287,711.0361911646531,0.0,0.0,0.0,False
2_39_88_24_2018-11-26 15:15:20.057732,257,1045.1396681202784,2.0,0.8831789903846153,17.0,True
2_39_88_24_2018-11-26 19:36:27.992117,142,524.8797241129785,1.0,0.5821932142857144,9.0,True
2_39_88_24_2018-11-26 23:22:27.872166,27,53.64385239539872,0.0,0.0,0.0,False
2_39_88_24_2018-11-27 16:52:40.131740,168,842.2225480219126,0.0,0.0,0.0,False
2_39_88_24_2018-11-28 15:05:59.975258,200,1106.9806040691378,1.0,0.29271194444444437,10.0,True
2_39_88_24_2018-11-29 15:27:04.726573,208,1110.6320260936775,1.0,1.0174198638344225,27.0,True
2_39_88_24_2018-11-29 20:14:29.125363,121,768.6485290382819,1.0,0.8046012336601308,13.0,True
2_39_88_24_2018-11-30 15:09:32.282225,205,1120.4216318250376,2.0,1.3483470845004666,31.0,True
2_39_88_24_2018-11-30 20:59:08.739287,47,121.9506638786652,2.0,1.0280449584662414,20.0,True
2_39_88_24_2019-03-01 17:46:49.364018,271,1603.0451914915966,1.0,0.8358242361111112,20.0,True
2_39_88_24_2019-03-04 17:55:06.657883,129,398.49102248707175,1.0,0.3960664781746033,15.0,True
2_39_88_24_2019-03-07 09:28:33.530083,31,55.826134558823526,0.0,0.0,0.0,False
2_39_88_24_2019-03-12 18:58:17.297884,23,150.10916659982175,0.0,0.0,0.0,False
2_39_88_24_2019-03-12 19:21:17.023628,25,129.39288452380953,1.0,0.7137403273809523,8.0,True
2_39_88_24_2019-03-13 17:17:28.374249,111,306.6738661764706,1.0,0.5411577777777778,17.0,True
2_39_88_24_2019-03-14 20:35:36.930244,175,1119.6900816072257,1.0,0.6662300992063491,16.0,True
2_39_88_24_2019-03-19 18:57:32.143535,31,47.502649999999996,0.0,0.0,0.0,False
2_39_88_24_2019-03-20 19:29:03.643675,46,115.9678387605042,1.0,0.9709534424603172,27.0,True
2_39_88_24_2019-03-21 20:51:05.547017,24,67.10364075630253,1.0,0.23205404411764707,7.0,True
2_39_88_24_2019-03-22 20:37:18.990997,43,109.70366336996337,2.0,0.6743324236874237,12.0,True
2_39_88_24_2019-03-25 13:36:40.336254,204,1093.7105086337167,1.0,1.3259097099673203,41.0,True
2_39_88_24_2019-03-27 18:22:29.815601,79,255.9479963818861,0.0,0.0,0.0,False
2_39_88_24_2019-03-27 22:00:36.862803,98,616.1405556372549,1.0,0.7072377083333332,14.0,True
2_39_88_24_2019-03-28 13:39:52.911892,198,1096.8407159313724,3.0,1.2108199305555554,25.0,True
2_39_88_24_2019-03-29 13:41:31.037770,197,1075.849544572829,2.0,1.3215913602941174,33.0,True
2_39_88_24_2019-03-29 19:30:59.668510,39,95.19156666666666,2.0,1.0398377083333332,21.0,True
2_39_88_24_2019-04-01 13:45:15.046490,205,1158.2339859848485,2.0,1.0784461805555556,21.0,True
2_39_88_24_2019-04-02 13:22:15.616721,191,1042.5327522992188,2.0,1.033343227124183,25.0,True
2_39_88_24_2019-04-02 23:17:22.382341,32,55.070750980392155,0.0,0.0,0.0,False
2_39_88_24_2019-04-04 21:15:31.823178,23,72.33781135531136,0.0,0.0,0.0,False
2_39_88_24_2019-04-06 18:00:59.214728,31,55.03788333333333,0.0,0.0,0.0,False
2_39_88_24_2019-04-08 13:29:04.170282,5,3.631917316017316,0.0,0.0,0.0,False
2_39_88_24_2019-04-08 23:13:16.914782,58,175.8557125,1.0,0.3687466666666667,12.0,True
2_39_88_24_2019-04-09 13:33:28.092180,189,1065.2274573637146,3.0,1.2114607312091499,22.0,True
2_39_88_24_2019-04-09 19:34:53.967873,287,1967.002511701044,0.0,0.0,0.0,False
2_39_88_24_2019-04-10 13:26:50.428326,205,1156.8097515455304,2.0,0.8703717466153129,23.0,True
2_39_88_24_2019-04-10 23:09:39.969129,77,236.85247843137256,1.0,0.38026506944444444,14.0,True
2_39_88_24_2019-04-11 19:56:26.401839,214,1212.2275498366014,1.0,1.1264975694444441,27.0,True
2_39_88_24_2019-04-12 01:14:03.589561,41,130.9686869047619,2.0,1.0028822222222222,14.0,True
2_39_88_24_2019-04-12 13:33:16.147163,191,1076.81835,2.0,1.02881375,22.0,True
2_39_88_24_2019-04-12 22:02:36.341292,63,220.2233505952381,0.0,0.0,0.0,False
2_39_88_24_2019-04-12 23:57:36.342419,46,121.74601130952381,1.0,0.4110377777777778,14.0,True
2_39_88_24_2019-04-13 04:46:12.001957,499,3440.290099264706,0.0,0.0,0.0,False
2_39_88_24_2019-04-13 13:04:22.210526,31,53.18417083333333,0.0,0.0,0.0,False
2_39_88_24_2019-04-15 19:49:51.784134,44,126.3882987745098,3.0,0.9490840277777777,12.0,True
2_39_88_24_2019-04-16 13:31:13.574288,199,1096.051969153722,2.0,0.9890572375894802,24.0,True
2_39_88_24_2019-04-16 23:37:50.063279,56,160.65183088235295,1.0,0.3862498488562091,15.0,True
2_39_88_24_2019-04-17 13:42:19.437693,238,1134.27321285014,2.0,0.2206155555555555,8.0,True
2_39_88_24_2019-04-17 20:09:41.637355,60,190.77943343837535,1.0,1.0270434722222221,27.0,True
2_39_88_24_2019-04-17 23:33:14.019053,86,300.3974270053476,0.0,0.0,0.0,False
2_39_88_24_2019-04-18 13:34:42.195295,200,1145.4046715686275,2.0,0.8551806249999998,14.0,True
2_39_88_24_2019-04-18 19:51:57.772604,41,117.06124852941176,2.0,0.9391705800653596,16.0,True
2_39_88_24_2019-04-19 13:26:13.771304,197,1098.0990727421272,1.0,1.139219959150327,31.0,True
2_39_88_24_2019-04-19 19:37:42.392331,43,129.71155343137255,2.0,0.9387282761437908,17.0,True
2_39_88_24_2019-04-22 13:34:25.857524,204,1099.2350738095238,2.0,0.49164590277777775,8.0,True
2_39_88_24_2019-04-23 17:38:41.311601,62,125.49251470588236,2.0,0.7151415972222221,8.0,True
2_39_88_24_2019-04-24 13:35:52.676764,196,1111.5578272058824,1.0,0.9004356944444445,24.0,True
2_39_88_24_2019-04-24 19:33:45.666332,45,122.67122450980392,1.0,0.9641377083333331,25.0,True
2_39_88_24_2019-04-25 13:29:33.901275,200,1127.8814901960784,1.0,0.9441450694444445,21.0,True
2_39_88_24_2019-04-25 19:37:06.119285,40,119.08173154761904,2.0,0.9350684027777778,15.0,True
2_39_88_24_2019-04-26 13:46:10.977552,207,1180.2803906862746,1.0,0.9624429861111111,21.0,True
2_39_88_24_2019-04-26 20:10:43.692928,61,121.8109125,2.0,0.6145859027777778,8.0,True
2_39_88_24_2019-04-29 13:34:48.952691,192,1072.2630647408964,1.0,0.9365945833333332,24.0,True
2_39_88_24_2019-04-29 19:39:23.963578,50,149.9585847222222,1.0,1.050849236111111,26.0,True
2_39_88_24_2019-04-30 13:39:48.164527,207,1147.8690911764706,1.0,0.38553812499999995,15.0,True
2_39_88_24_2019-05-01 13:33:13.958599,203,1065.9544766934046,2.0,0.5306516094771242,17.0,True
2_39_88_24_2019-05-01 19:23:06.104633,35,71.2634455882353,2.0,0.7440127655228758,16.0,True
2_39_88_24_2019-05-02 13:38:09.368662,202,1131.278584324499,1.0,0.9554190277777777,25.0,True
2_39_88_24_2019-05-02 19:46:29.029019,49,157.53240696778713,2.0,0.9741236111111111,16.0,True
2_39_88_24_2019-05-02 23:35:53.793154,109,365.8152049019608,0.0,0.0,0.0,False
2_39_88_24_2019-05-03 13:30:28.387450,201,1135.266741503268,2.0,1.049257916666667,23.0,True
2_39_88_24_2019-05-03 19:26:34.826857,37,91.24825343137255,2.0,1.0192156740196079,19.0,True
2_39_88_24_2019-05-06 13:38:12.798997,204,1128.868256060606,1.0,1.0330435416666668,31.0,True
2_39_88_24_2019-05-06 18:58:31.663491,39,104.23354345238096,2.0,0.9282869444444446,17.0,True
2_39_88_24_2019-05-07 13:31:46.536621,187,1148.7126784313725,0.0,0.0,0.0,False
2_39_88_24_2019-05-07 19:37:08.663491,65,132.95928196778712,1.0,0.26406680555555556,8.0,True
2_39_88_24_2019-05-08 13:29:16.769231,208,1154.3062696969696,1.0,1.2348606944444442,32.0,True
2_39_88_24_2019-05-08 19:20:47.448092,80,244.2553253267974,2.0,0.7989247916666666,15.0,True
2_39_88_24_2019-05-09 13:30:55.133277,201,1139.320513178733,1.0,0.9408881944444445,22.0,True
2_39_88_24_2019-05-09 20:09:39.312348,38,82.1786,2.0,1.0662790972222222,20.0,True
2_39_88_24_2019-05-10 13:28:56.874603,197,1102.5958875,2.0,1.0447886805555557,22.0,True
2_39_88_24_2019-05-13 13:32:48.775268,229,1132.983819117647,2.0,0.4311975,13.0,True
2_39_88_24_2019-05-13 19:21:19.994972,176,878.7492374999999,2.0,1.3009854861111112,41.0,True
2_39_88_24_2019-05-14 13:35:22.494525,197,1144.9366481092436,1.0,0.8128278839869281,27.0,True
2_39_88_24_2019-05-14 19:12:22.258754,38,105.7224419117647,2.0,1.0121096282679738,17.0,True
2_39_88_24_2019-05-14 23:37:22.960447,98,308.9647288398693,1.0,0.39125451388888893,14.0,True
2_39_88_24_2019-05-15 13:35:34.159115,200,1129.5288537815127,2.0,1.0384484722222223,22.0,True
2_39_88_24_2019-05-15 18:48:19.973963,37,98.10525416666667,2.0,0.9064027777777778,17.0,True
2_39_88_24_2019-05-16 13:36:05.783789,204,1137.580433974359,2.0,1.0622559722222222,25.0,True
2_39_88_24_2019-05-16 19:24:11.615903,45,122.69647418300653,2.0,1.0496907761437908,24.0,True
2_39_88_24_2019-05-17 13:31:10.087649,201,1132.7577239495797,1.0,0.8704527777777776,25.0,True
2_39_88_24_2019-05-17 19:33:40.703611,42,125.3217891025641,2.0,1.007358263888889,16.0,True
2_39_88_24_2019-05-20 13:31:33.862922,213,1147.8047365196078,0.0,0.0,0.0,False
2_39_88_24_2019-05-20 19:30:17.450106,61,217.54903825757575,2.0,1.048686111111111,24.0,True
2_39_88_24_2019-05-21 13:31:33.495853,190,1055.0818717221505,1.0,0.9751208333333333,26.0,True
2_39_88_24_2019-05-21 19:08:56.573137,41,100.48867024886877,2.0,1.0310197809829063,22.0,True
2_39_88_24_2019-05-21 23:18:35.435187,93,286.3894226190476,2.0,0.6619178472222222,15.0,True
2_39_88_24_2019-05-22 13:33:07.682861,206,1157.1190541666667,1.0,0.9827275694444445,25.0,True
2_39_88_24_2019-05-22 19:20:18.083496,80,246.79644485294116,1.0,0.29127611111111107,5.0,True
2_39_88_24_2019-05-22 20:44:22.407170,31,88.67220490196078,1.0,0.24521930555555554,7.0,True
2_39_88_24_2019-05-23 19:12:48.812664,277,977.6649656862745,2.0,0.6101636805555555,11.0,True
2_39_88_24_2019-05-28 16:56:18.791002,138,445.8598083333333,0.0,0.0,0.0,False
2_39_88_24_2019-05-28 20:28:58.880094,70,221.020275,1.0,0.22000590277777776,6.0,True
2_39_88_24_2019-05-29 17:31:34.922437,115,353.3880041666667,2.0,0.6447602083333333,16.0,True
2_39_88_24_2019-05-30 16:55:23.355530,63,116.09750416666667,1.0,0.21492062499999998,12.0,True
2_39_88_24_2019-05-31 17:19:13.624612,47,122.53054877450981,1.0,0.4695462704248366,15.0,True
2_39_88_24_2019-08-01 22:21:16.486857,464,2839.389499754902,4.0,1.9774747222222222,29.0,True
2_39_88_24_2019-08-06 22:00:35.863926,32,55.54292769607843,0.0,0.0,0.0,False
2_39_88_24_2019-08-07 17:09:38.382467,325,2040.32299096908,0.0,0.0,0.0,False
2_39_88_24_2019-08-09 17:10:26.946096,128,565.6153193034907,2.0,1.4521052281746027,41.0,True
2_39_88_24_2019-08-10 19:54:18.030415,41,102.23315906862744,2.0,0.7407650694444445,15.0,True
2_39_88_24_2019-08-11 21:32:13.544433,255,1683.7154605614974,0.0,0.0,0.0,False
2_39_88_24_2019-08-12 22:35:28.536885,69,442.47434166666665,0.0,0.0,0.0,False
2_39_88_24_2019-08-14 16:50:04.489913,211,1158.5892953431373,0.0,0.0,0.0,False
2_39_88_24_2019-08-15 20:05:32.214240,64,118.95474583333333,2.0,0.5059164583333333,7.0,True
2_39_88_24_2019-08-16 16:36:21.405541,59,164.41671960784313,2.0,0.7317671609477124,14.0,True
2_39_88_24_2019-08-19 16:30:06.899209,115,464.21585608974357,3.0,1.626180229700855,39.0,True
2_39_88_24_2019-08-20 16:46:51.767993,110,238.99806666666666,2.0,0.9142759027777778,26.0,True
2_39_88_24_2019-08-21 17:07:52.886157,80,199.21541071428572,1.0,0.5922079166666667,16.0,True
2_39_88_24_2019-08-22 20:27:25.058758,122,403.0755987745098,1.0,0.33425277777777784,7.0,True
2_39_88_24_2019-08-23 18:38:27.261477,217,1435.469459640523,0.0,0.0,0.0,False
2_39_88_24_2019-08-26 19:21:12.996040,48,165.27926801948053,2.0,1.0544359027777777,16.0,True
2_39_88_24_2019-08-26 23:19:02.265175,276,950.166475,7.0,3.401072222222222,69.0,True
2_39_88_24_2019-08-27 16:45:45.724493,56,342.4725375,1.0,0.6311621527777778,7.0,True
2_39_88_24_2019-08-28 17:46:54.804858,61,126.70544166666666,1.0,0.5240888888888889,16.0,True
2_39_88_24_2019-08-29 20:26:11.203400,258,1768.6038272302044,0.0,0.0,0.0,False
2_39_88_24_2019-10-01 17:31:58.231262,40,98.40443333333333,1.0,0.532677013888889,15.0,True
2_39_88_24_2019-10-02 16:28:20.363430,124,799.9677226090087,1.0,0.5408578472222222,7.0,True
2_39_88_24_2019-10-03 16:50:39.760673,119,380.482175,2.0,0.6450352083333333,11.0,True
2_39_88_24_2019-10-07 18:21:01.734375,23,45.699485714285714,1.0,0.6621777083333333,17.0,True
2_39_88_24_2019-10-08 16:34:06.057605,31,53.1965931372549,0.0,0.0,0.0,False
2_39_88_24_2019-10-08 18:34:34.050355,82,488.22390749299717,1.0,0.22780032679738563,6.0,True
2_39_88_24_2019-10-09 20:20:21.906593,203,1348.2851621615312,0.0,0.0,0.0,False
2_39_88_24_2019-10-10 17:38:56.772668,89,303.27169166666664,4.0,1.1730299999999998,20.0,True
2_39_88_24_2019-10-11 19:10:37.098114,31,52.11091666666666,0.0,0.0,0.0,False
2_39_88_24_2019-10-14 18:11:41.831193,148,697.5814681022408,2.0,1.277484346405229,38.0,True
2_39_88_24_2019-10-15 16:49:51.719081,31,54.32502916666667,0.0,0.0,0.0,False
2_39_88_24_2019-10-15 20:08:16.421973,168,1018.3248461601307,1.0,0.7113612540849673,12.0,True
2_39_88_24_2019-10-16 16:50:06.852460,55,341.05616792717086,1.0,0.5714829166666666,7.0,True
2_39_88_24_2019-10-16 23:16:38.623823,31,53.0991625,0.0,0.0,0.0,False
2_39_88_24_2019-10-17 15:17:38.933369,42,108.7909625,2.0,0.7751645138888887,15.0,True
2_39_88_24_2019-10-18 19:47:27.530427,250,1661.88665,0.0,0.0,0.0,False
2_39_88_24_2019-10-20 18:04:55.888039,44,116.88321666666667,1.0,0.5277401388888889,15.0,True
2_39_88_24_2019-10-21 17:26:14.771132,31,52.6451137254902,0.0,0.0,0.0,False
2_39_88_24_2019-10-21 18:08:48.111955,32,54.624712499999994,0.0,0.0,0.0,False
2_39_88_24_2019-10-21 22:43:59.911695,63,170.46999166666666,1.0,0.5490870138888888,15.0,True
2_39_88_24_2019-10-22 18:14:46.918073,65,230.16349297026503,1.0,0.10087148504273502,5.0,True
2_39_88_24_2019-10-22 21:21:57.835253,125,509.6207233974359,2.0,1.3948765972222221,39.0,True
2_39_88_24_2019-10-24 02:50:44.831476,131,800.6668441176471,0.0,0.0,0.0,False
2_39_88_24_2019-10-24 16:48:44.313771,30,51.9657612745098,0.0,0.0,0.0,False
2_39_88_24_2019-10-25 18:11:53.444886,33,56.33547083333333,0.0,0.0,0.0,False
2_39_88_24_2019-10-28 16:35:28.509829,276,732.3839487745098,1.0,0.3378699305555556,10.0,True
2_39_88_24_2019-10-29 20:03:44.089305,28,84.90754166666667,0.0,0.0,0.0,False
2_39_88_24_2019-10-30 17:31:41.332391,50,94.83872916666667,2.0,0.6000830555555555,10.0,True
2_39_88_24_2019-10-31 18:07:24.942981,293,1818.363114133987,0.0,0.0,0.0,False
2_39_88_438_2018-11-02 20:43:33.118503,121,220.15591535164182,0.0,0.0,0.0,False
2_39_88_438_2018-11-05 17:08:19.315170,209,341.83366191806556,1.0,0.22421708333333334,13.0,True
2_39_88_438_2018-11-06 17:45:25.772046,93,275.58643856374533,1.0,0.47804194444444453,14.0,True
2_39_88_438_2018-11-07 16:43:57.117697,31,51.22252867647059,0.0,0.0,0.0,False
2_39_88_438_2018-11-08 16:38:45.849541,31,51.362790309106096,0.0,0.0,0.0,False
2_39_88_438_2018-11-08 22:04:55.158057,200,599.2445562625927,2.0,0.41266488834422665,10.0,True
2_39_88_438_2018-11-09 16:47:57.311411,31,51.215916537667695,0.0,0.0,0.0,False
2_39_88_438_2018-11-09 21:39:37.783799,111,665.8549339052288,0.0,0.0,0.0,False
2_39_88_438_2018-11-13 17:06:37.077334,93,250.63875266824678,1.0,0.5043484876792598,14.0,True
2_39_88_438_2018-11-14 19:09:48.721747,117,391.9028546531771,1.0,0.32640729575163396,11.0,True
2_39_88_438_2018-11-15 18:28:09.384792,71,444.25149180355675,0.0,0.0,0.0,False
2_39_88_438_2018-11-16 16:53:11.124575,32,52.22877073188249,0.0,0.0,0.0,False
2_39_88_438_2018-11-19 21:27:22.667132,82,532.2570303921568,0.0,0.0,0.0,False
2_39_88_438_2018-11-20 16:41:12.842933,34,53.56511506769374,0.0,0.0,0.0,False
2_39_88_438_2018-11-26 17:44:49.946078,211,494.4352014921353,4.0,1.7978831985294117,29.0,True
2_39_88_438_2018-11-27 16:59:03.677989,245,1155.1908121644276,1.0,0.5948223511904761,7.0,True
2_39_88_438_2018-11-28 16:50:57.986088,32,51.29826960784314,0.0,0.0,0.0,False
2_39_88_438_2018-11-28 20:51:52.397556,124,405.4277100319615,1.0,0.27882979166666666,8.0,True
2_39_88_438_2018-11-29 16:52:20.592642,31,51.43121274509804,0.0,0.0,0.0,False
2_39_88_438_2018-11-29 19:19:39.599087,34,54.43370738894748,0.0,0.0,0.0,False
2_39_88_438_2018-11-30 16:45:10.736537,31,51.5906294117647,0.0,0.0,0.0,False
2_39_88_438_2019-03-05 17:05:33.696829,164,534.6483014705882,0.0,0.0,0.0,False
2_39_88_438_2019-03-07 20:45:34.595732,73,146.07971642156863,2.0,0.5812344590336134,9.0,True
2_39_88_438_2019-03-08 17:26:53.178981,153,495.70937096384006,1.0,0.11457009803921568,5.0,True
2_39_88_438_2019-03-12 16:16:23.455854,147,476.2683052054155,2.0,0.38186402777777784,12.0,True
2_39_88_438_2019-03-13 15:43:04.996934,385,2404.7828272974575,0.0,0.0,0.0,False
2_39_88_438_2019-03-14 16:05:56.395773,149,483.49544199346406,0.0,0.0,0.0,False
2_39_88_438_2019-03-15 17:25:27.846877,176,576.3555044117647,0.0,0.0,0.0,False
2_39_88_438_2019-03-18 17:20:04.117221,170,552.9053167501615,0.0,0.0,0.0,False
2_39_88_438_2019-03-19 16:12:29.090616,334,1970.91786285014,0.0,0.0,0.0,False
2_39_88_438_2019-03-28 20:58:23.864088,32,51.932031617647056,0.0,0.0,0.0,False
2_39_88_438_2019-04-02 17:01:44.018602,110,693.8776345588235,1.0,0.725735625,14.0,True
2_39_88_438_2019-04-03 17:12:57.768068,100,611.4957166666667,0.0,0.0,0.0,False
2_39_88_438_2019-04-04 20:02:20.677373,43,231.6353012254902,1.0,0.7604322916666665,13.0,True
2_39_88_438_2019-04-08 16:58:29.659543,77,468.9477870879121,1.0,0.2381590277777778,6.0,True
2_39_88_438_2019-04-09 20:27:48.253801,122,401.50256666666667,1.0,0.29063788807189544,7.0,True
2_39_88_438_2019-04-11 00:57:00.878193,39,218.68180357142856,1.0,0.6376184027777777,12.0,True
2_39_88_438_2019-04-16 17:09:06.227643,130,718.3002488476092,0.0,0.0,0.0,False
2_39_88_438_2019-04-17 17:02:43.920111,119,688.7451903361344,1.0,0.7224809027777777,13.0,True
2_39_88_438_2019-04-22 16:32:06.955578,112,238.60468817873303,1.0,0.5683913194444444,16.0,True
2_39_88_438_2019-04-24 17:09:04.017143,102,312.41450906862747,1.0,0.5135924305555555,15.0,True
2_39_88_438_2019-05-01 15:56:57.816169,297,2002.8598640183345,0.0,0.0,0.0,False
2_39_88_438_2019-05-06 18:31:59.644044,76,475.532533496732,0.0,0.0,0.0,False
2_39_88_438_2019-05-09 19:21:46.219155,84,538.8803078431372,1.0,0.58571375,8.0,True
2_39_88_438_2019-05-10 18:54:54.298225,174,1080.6225700980392,0.0,0.0,0.0,False
2_39_88_438_2019-05-13 17:11:47.522601,84,207.63058921568629,0.0,0.0,0.0,False
2_39_88_438_2019-05-14 00:58:12.456635,77,533.6752424019608,0.0,0.0,0.0,False
2_39_88_438_2019-05-15 20:21:19.441316,31,54.71622794117647,0.0,0.0,0.0,False
2_39_88_438_2019-05-24 16:12:06.414103,31,47.192185119047615,0.0,0.0,0.0,False
2_39_88_438_2019-08-08 18:04:20.958280,28,158.36551097351222,1.0,0.31886856209150327,8.0,True
2_39_88_438_2019-08-16 16:45:35.516296,19,32.83575,0.0,0.0,0.0,False
2_39_88_438_2019-08-16 20:26:12.369304,83,251.09773589743588,1.0,0.5133161111111111,14.0,True
2_39_88_438_2019-08-19 16:57:09.519526,119,752.3772914215687,1.0,0.7206844444444445,14.0,True
2_39_88_438_2019-08-21 17:09:24.094651,80,232.1024781862745,2.0,0.6599812037037038,16.0,True
2_39_88_438_2019-08-27 20:44:40.300188,86,278.1578610294118,1.0,0.3111006944444445,7.0,True
2_39_88_438_2019-08-29 18:06:35.182238,127,764.8632726540616,1.0,0.19372305555555555,5.0,True
2_39_88_438_2019-10-01 17:20:57.998339,117,365.15427587535015,1.0,0.5511193096405229,16.0,True
2_39_88_438_2019-10-03 19:36:39.175556,30,43.663666666666664,0.0,0.0,0.0,False
2_39_88_438_2019-10-03 20:32:17.077671,295,1981.3133591800356,0.0,0.0,0.0,False
2_39_88_438_2019-10-07 18:48:58.186788,139,899.0434247549019,0.0,0.0,0.0,False
2_39_88_438_2019-10-08 18:04:02.533630,82,550.7668619047619,0.0,0.0,0.0,False
2_39_88_438_2019-10-10 18:03:54.533026,128,788.0819914215687,1.0,0.23285784722222222,6.0,True
2_39_88_438_2019-10-14 17:52:56.427074,157,1027.116850913792,0.0,0.0,0.0,False
2_39_88_438_2019-10-14 20:57:45.415529,31,54.70854217836257,0.0,0.0,0.0,False
2_39_88_438_2019-10-14 22:20:07.213964,177,573.4259651098901,0.0,0.0,0.0,False
2_39_88_438_2019-10-17 19:51:25.041369,32,52.534725,0.0,0.0,0.0,False
2_39_88_438_2019-10-18 20:15:43.096604,29,181.32055108543418,0.0,0.0,0.0,False
2_39_88_438_2019-10-22 18:58:36.859021,344,2247.7190717006033,0.0,0.0,0.0,False
2_39_88_438_2019-10-23 18:09:38.871728,138,469.44110506535947,0.0,0.0,0.0,False
2_39_88_438_2019-10-24 18:22:37.009107,361,2407.6672765522876,0.0,0.0,0.0,False
2_39_88_438_2019-10-28 18:54:51.522067,204,1195.4041955882353,0.0,0.0,0.0,False
2_39_88_438_2019-10-29 17:14:06.268915,168,717.1377106092436,0.0,0.0,0.0,False
2_39_89_25_2018-11-02 16:05:04.696911,137,240.9495453161046,0.0,0.0,0.0,False
2_39_89_25_2018-11-03 14:59:43.486897,46,156.85712990196077,0.0,0.0,0.0,False
2_39_89_25_2018-11-03 17:04:30.536159,27,45.47460796972635,1.0,0.29425621790382817,9.0,True
2_39_89_25_2018-11-04 17:21:27.001683,85,292.7035812558357,0.0,0.0,0.0,False
2_39_89_25_2018-11-05 01:54:15.969279,100,319.1455535247432,1.0,0.3684599223856209,8.0,True
2_39_89_25_2018-11-05 14:55:06.896251,65,224.0570997522086,0.0,0.0,0.0,False
2_39_89_25_2018-11-05 16:13:39.918651,358,2258.316675508577,0.0,0.0,0.0,False
2_39_89_25_2018-11-06 15:07:19.637039,61,209.80122942433383,1.0,0.24540778846153843,5.0,True
2_39_89_25_2018-11-06 17:31:49.288598,28,51.298126050420166,0.0,0.0,0.0,False
2_39_89_25_2018-11-06 18:10:08.640575,179,1253.4888196751776,0.0,0.0,0.0,False
2_39_89_25_2018-11-07 16:58:46.377382,77,235.53050208108885,2.0,0.6964627124631904,9.0,True
2_39_89_25_2018-11-08 14:56:29.932699,75,224.39029719349278,2.0,0.4306920494864612,5.0,True
2_39_89_25_2018-11-08 16:24:05.630231,245,1636.2307394634777,0.0,0.0,0.0,False
2_39_89_25_2018-11-09 17:10:35.342232,105,262.1484936449816,2.0,0.587792975217865,12.0,True
2_39_89_25_2018-11-10 18:16:07.538359,131,893.3992261159592,0.0,0.0,0.0,False
2_39_89_25_2018-11-10 21:43:47.785162,30,50.98342524509804,0.0,0.0,0.0,False
2_39_89_25_2018-11-11 14:49:25.893169,71,141.52676099093546,1.0,0.3102501334422658,11.0,True
2_39_89_25_2018-11-12 01:50:36.586265,123,801.9815351952184,1.0,0.6621619675925925,8.0,True
2_39_89_25_2018-11-12 14:21:42.176711,62,207.08310592105263,0.0,0.0,0.0,False
2_39_89_25_2018-11-12 16:41:00.514438,79,254.0706956043956,1.0,0.4259953781512606,11.0,True
2_39_89_25_2018-11-12 20:45:11.704845,122,405.29425770038785,1.0,0.3364054861111111,8.0,True
2_39_89_25_2018-11-13 16:55:27.440331,127,826.1630726073763,1.0,0.5262870588235294,7.0,True
2_39_89_25_2018-11-14 01:33:20.301035,135,784.5545845287237,1.0,0.5598347222222222,7.0,True
2_39_89_25_2018-11-14 16:39:36.777305,53,103.56022570028011,2.0,0.6495199503968254,9.0,True
2_39_89_25_2018-11-15 16:17:08.386267,232,1070.550421397574,2.0,0.4346612745098039,9.0,True
2_39_89_25_2018-11-16 16:41:29.941002,61,212.7625969753286,0.0,0.0,0.0,False
2_39_89_25_2018-11-16 19:01:04.049814,146,519.9799405578898,0.0,0.0,0.0,False
2_39_89_25_2018-11-16 21:55:10.628098,56,370.90463122082167,0.0,0.0,0.0,False
2_39_89_25_2018-11-17 23:51:01.729960,59,238.72192735822398,0.0,0.0,0.0,False
2_39_89_25_2018-11-18 16:32:40.905189,77,262.7700151389503,1.0,0.260778425925926,5.0,True
2_39_89_25_2018-11-19 03:02:39.959822,110,701.847193524866,1.0,0.6210196930438843,7.0,True
2_39_89_25_2018-11-19 16:57:18.671792,95,282.0416460968598,2.0,0.763676736111111,16.0,True
2_39_89_25_2018-11-20 03:09:01.866041,31,53.423450793650794,0.0,0.0,0.0,False
2_39_89_25_2018-11-20 14:09:19.068709,83,257.20549243206057,0.0,0.0,0.0,False
2_39_89_25_2018-11-20 17:35:03.490107,107,253.23539077964517,1.0,0.2544570138888889,12.0,True
2_39_89_25_2018-11-21 16:15:15.731896,198,1199.5863740100585,1.0,0.5327209790305011,13.0,True
2_39_89_25_2018-11-22 18:59:46.708253,124,806.2534133403361,1.0,0.6267304861111112,7.0,True
2_39_89_25_2018-11-24 18:33:56.337171,75,241.64136530112046,2.0,4.3884035871848734,43.0,True
2_39_89_25_2018-11-24 22:17:42.170728,129,822.383927966362,1.0,0.7192521798675611,8.0,True
2_39_89_25_2018-11-25 16:36:02.254547,31,53.25118196778711,0.0,0.0,0.0,False
2_39_89_25_2018-11-26 01:31:30.807656,31,52.96471306022409,0.0,0.0,0.0,False
2_39_89_25_2018-11-26 14:29:53.091913,74,254.3988320378151,5.0,3.0105879637410515,14.0,True
2_39_89_25_2018-11-26 17:02:21.660868,123,283.66358307658544,3.0,1.037181420493636,23.0,True
2_39_89_25_2018-11-27 14:26:39.680240,74,255.2947112017884,4.0,2.249980041119011,10.0,True
2_39_89_25_2018-11-27 16:14:01.025390,275,934.4716965050086,1.0,0.20185950338468722,9.0,True
2_39_89_25_2018-11-28 16:38:38.200344,130,836.5273954481793,1.0,0.613855138888889,7.0,True
2_39_89_25_2018-11-29 14:22:12.989051,69,232.09628731374835,0.0,0.0,0.0,False
2_39_89_25_2018-11-29 16:37:54.700905,136,834.9853241534609,1.0,0.6039137830687831,7.0,True
2_39_89_25_2018-11-30 03:14:31.610839,149,516.4112516851715,3.0,1.091787541417458,21.0,True
2_39_89_25_2018-11-30 14:07:06.142742,71,245.06106224507346,0.0,0.0,0.0,False
2_39_89_25_2018-11-30 16:59:26.543581,80,279.0633273809524,0.0,0.0,0.0,False
2_39_89_25_2018-11-30 19:39:33.972150,79,476.63193385362916,0.0,0.0,0.0,False
2_39_89_25_2019-03-01 00:28:52.924169,123,427.66669745205775,0.0,0.0,0.0,False
2_39_89_25_2019-03-01 14:24:58.323646,76,253.61177009481278,0.0,0.0,0.0,False
2_39_89_25_2019-03-04 19:09:15.303248,287,1974.940903669722,0.0,0.0,0.0,False
2_39_89_25_2019-03-05 16:56:06.980084,54,193.7905335999312,0.0,0.0,0.0,False
2_39_89_25_2019-03-05 21:07:00.457732,121,395.9201372678116,1.0,0.3798096831642014,8.0,True
2_39_89_25_2019-03-06 17:19:21.568809,15,25.15528210784314,0.0,0.0,0.0,False
2_39_89_25_2019-03-06 21:57:34.329591,76,221.3119644607843,2.0,0.8009179861111112,15.0,True
2_39_89_25_2019-03-07 17:13:10.758584,84,248.24942459599225,2.0,0.8528802176704016,16.0,True
2_39_89_25_2019-03-08 14:06:58.131313,65,182.95713723035192,0.0,0.0,0.0,False
2_39_89_25_2019-03-08 17:12:06.907562,102,313.10368870394313,1.0,0.49067238095238097,15.0,True
2_39_89_25_2019-03-10 03:51:36.645706,77,275.0727413165266,1.0,0.1443782837301587,7.0,True
2_39_89_25_2019-03-10 16:23:05.891072,75,256.7450842948718,0.0,0.0,0.0,False
2_39_89_25_2019-03-11 13:24:30.798601,75,254.35558606442578,1.0,0.2656963888888889,5.0,True
2_39_89_25_2019-03-11 16:33:08.127363,100,302.6204637138189,1.0,0.409650102124183,14.0,True
2_39_89_25_2019-03-12 13:27:17.070765,62,211.148580258467,1.0,0.25869,5.0,True
2_39_89_25_2019-03-12 16:13:17.386691,104,318.9570591371863,1.0,0.5284319403594772,15.0,True
2_39_89_25_2019-03-13 02:10:18.291269,110,715.4084745798319,1.0,0.5583077083333332,7.0,True
2_39_89_25_2019-03-13 16:02:34.397850,84,247.98776918767507,2.0,0.7607992824074074,15.0,True
2_39_89_25_2019-03-14 13:39:34.911664,61,207.67276351540616,1.0,0.27516027777777774,5.0,True
2_39_89_25_2019-03-14 16:40:04.065703,103,310.52894418767505,2.0,0.7025861683006536,16.0,True
2_39_89_25_2019-03-15 16:26:59.182131,91,273.7751583333333,1.0,0.5497277083333334,16.0,True
2_39_89_25_2019-03-16 01:24:57.301888,477,3217.173781430906,1.0,0.6966727777777778,16.0,True
2_39_89_25_2019-03-18 13:12:09.628712,74,249.2198777714932,0.0,0.0,0.0,False
2_39_89_25_2019-03-18 16:16:38.799328,109,330.9602192843534,1.0,0.516258125,15.0,True
2_39_89_25_2019-03-19 16:06:00.148465,103,311.77026897759106,1.0,0.48454298202614376,15.0,True
2_39_89_25_2019-03-20 13:07:56.308397,78,227.99018284313726,1.0,0.23396208333333335,5.0,True
2_39_89_25_2019-03-20 16:01:43.379791,85,250.09640934873948,2.0,0.7587258333333333,14.0,True
2_39_89_25_2019-03-21 02:32:21.677044,110,696.4879956349206,1.0,0.6785305555555555,8.0,True
2_39_89_25_2019-03-21 13:21:35.468351,90,263.3656172077922,1.0,0.24867326388888888,5.0,True
2_39_89_25_2019-03-21 16:35:12.646338,88,267.2683006652661,1.0,0.4666951785714286,14.0,True
2_39_89_25_2019-03-22 02:16:03.886520,103,672.4515660714286,1.0,0.5338166666666666,7.0,True
2_39_89_25_2019-03-22 15:43:42.672551,87,262.74068921568625,2.0,0.7426103472222223,14.0,True
2_39_89_25_2019-03-23 20:08:46.590710,125,798.5593571078431,1.0,0.6554803472222221,7.0,True
2_39_89_25_2019-03-25 20:43:29.809030,37,68.06086964285714,1.0,0.27251777777777775,9.0,True
2_39_89_25_2019-03-26 17:37:44.911334,152,719.9344423669468,1.0,1.2227768750000003,35.0,True
2_39_89_25_2019-03-27 04:13:42.585275,117,704.6560007352941,0.0,0.0,0.0,False
2_39_89_25_2019-03-27 13:49:31.104484,188,1030.457207107843,2.0,1.1002499060457516,27.0,True
2_39_89_25_2019-03-27 19:48:11.053963,41,109.42715386373602,3.0,1.047572287468222,12.0,True
2_39_89_25_2019-03-28 13:27:51.595130,79,228.71894611185382,0.0,0.0,0.0,False
2_39_89_25_2019-03-28 16:03:13.962419,83,244.2010462121212,2.0,0.7614245138888889,14.0,True
2_39_89_25_2019-03-29 13:34:00.027531,77,227.17694975490195,1.0,0.48527895833333345,15.0,True
2_39_89_25_2019-03-29 16:22:11.590535,91,273.65064179434256,1.0,0.5669836560457516,16.0,True
2_39_89_25_2019-03-30 17:34:21.919166,125,802.8260829248366,1.0,0.6351198611111111,7.0,True
2_39_89_25_2019-04-01 16:20:35.484382,78,227.3783682072829,2.0,0.7111453880718954,15.0,True
2_39_89_25_2019-04-02 18:19:27.779653,99,622.5301113095238,1.0,0.951086388888889,15.0,True
2_39_89_25_2019-04-03 01:51:19.497316,74,254.24195953654188,0.0,0.0,0.0,False
2_39_89_25_2019-04-03 13:30:13.440569,193,1089.0177505620848,3.0,1.2157372916666667,21.0,True
2_39_89_25_2019-04-03 19:11:32.437759,51,138.9463375,2.0,0.7477495138888888,15.0,True
2_39_89_25_2019-04-04 16:09:52.376853,81,241.94000607897004,1.0,0.5318300694444446,16.0,True
2_39_89_25_2019-04-05 13:21:19.543282,74,230.44861431408933,0.0,0.0,0.0,False
2_39_89_25_2019-04-05 16:30:20.887179,87,263.5380986111111,1.0,0.5148850694444445,14.0,True
2_39_89_25_2019-04-06 14:16:21.455981,32,57.31300381652661,0.0,0.0,0.0,False
2_39_89_25_2019-04-06 15:17:41.544806,31,56.55965220588235,0.0,0.0,0.0,False
2_39_89_25_2019-04-06 22:40:09.951207,101,314.9209137254902,1.0,0.31236624183006534,14.0,True
2_39_89_25_2019-04-07 02:26:17.904643,271,1751.4924541666667,1.0,0.8015579166666668,20.0,True
2_39_89_25_2019-04-08 16:09:14.315702,41,59.38754767316017,1.0,0.2041841666666667,11.0,True
2_39_89_25_2019-04-09 16:10:28.422222,79,229.94951548786182,1.0,0.4651570833333334,14.0,True
2_39_89_25_2019-04-10 16:08:02.240140,78,228.46622825630251,1.0,0.4721354890289449,14.0,True
2_39_89_25_2019-04-11 16:21:53.243683,84,252.20092843137255,1.0,0.5075944321895425,15.0,True
2_39_89_25_2019-04-12 00:52:12.327996,70,214.23911334841628,1.0,0.38965256944444454,13.0,True
2_39_89_25_2019-04-12 13:06:25.377012,76,225.5223375,1.0,0.4795836805555556,15.0,True
2_39_89_25_2019-04-12 15:35:34.723231,233,1430.9566212606837,1.0,0.33820347222222225,11.0,True
2_39_89_25_2019-04-13 16:05:43.032689,143,506.10587864145657,2.0,0.29925,7.0,True
2_39_89_25_2019-04-13 19:00:09.728282,42,120.68306544117647,1.0,0.40342152777777784,14.0,True
2_39_89_25_2019-04-14 15:05:20.937387,75,256.86055147058823,0.0,0.0,0.0,False
2_39_89_25_2019-04-15 13:28:35.774913,84,277.32875187908496,1.0,0.24000236111111106,5.0,True
2_39_89_25_2019-04-15 15:19:59.304805,179,921.7014198529412,0.0,0.0,0.0,False
2_39_89_25_2019-04-16 16:22:02.685410,83,223.70710591736696,1.0,0.41150564542483664,15.0,True
2_39_89_25_2019-04-16 20:41:04.884750,105,360.48619403594773,0.0,0.0,0.0,False
2_39_89_25_2019-04-17 15:44:36.491655,126,375.8314023809524,1.0,0.5451173611111111,18.0,True
2_39_89_25_2019-04-17 19:55:41.394041,50,315.0483011204482,0.0,0.0,0.0,False
2_39_89_25_2019-04-17 20:58:20.867776,88,265.3056072586727,1.0,0.5466774999999999,15.0,True
2_39_89_25_2019-04-18 15:28:49.951242,31,71.19382475490195,1.0,0.3534677124183006,13.0,True
2_39_89_25_2019-04-19 16:16:30.552609,72,212.10932734593837,1.0,0.48431653594771246,14.0,True
2_39_89_25_2019-04-20 21:58:33.217831,290,1887.7550395308122,1.0,0.9186544444444442,21.0,True
2_39_89_25_2019-04-21 22:27:02.819415,90,278.0086816176471,1.0,0.35759218137254906,13.0,True
2_39_89_25_2019-04-22 15:32:28.889960,121,370.5361149509804,2.0,0.7896884722222222,17.0,True
2_39_89_25_2019-04-23 16:08:47.737434,82,240.16156666666666,1.0,0.39126472222222225,16.0,True
2_39_89_25_2019-04-24 16:07:24.195961,78,225.3542586251167,2.0,0.6369440890522875,13.0,True
2_39_89_25_2019-04-25 15:52:33.239673,322,2147.042241690009,1.0,0.7639288888888887,21.0,True
2_39_89_25_2019-04-25 23:26:37.049075,51,153.11211785714286,0.0,0.0,0.0,False
2_39_89_25_2019-04-26 00:51:38.433607,97,323.45042489495796,0.0,0.0,0.0,False
2_39_89_25_2019-04-26 15:27:39.430147,196,1085.4017867708014,0.0,0.0,0.0,False
2_39_89_25_2019-04-27 17:45:30.700598,58,162.00659355742297,2.0,0.7453814419934641,14.0,True
2_39_89_25_2019-04-28 16:07:54.150143,33,55.5628012254902,0.0,0.0,0.0,False
2_39_89_25_2019-04-29 16:03:57.260193,32,75.048325,2.0,0.8143361805555556,14.0,True
2_39_89_25_2019-04-30 19:34:50.358555,31,59.5106681372549,0.0,0.0,0.0,False
2_39_89_25_2019-05-01 16:05:58.363347,161,262.058169201142,1.0,0.1986469345238095,11.0,True
2_39_89_25_2019-05-02 15:40:09.313476,74,220.5635508861237,2.0,0.7380335498366013,15.0,True
2_39_89_25_2019-05-03 16:20:52.160134,100,310.13379660364143,1.0,0.5480166666666667,15.0,True
2_39_89_25_2019-05-03 19:36:35.348426,120,395.9492808823529,1.0,0.3693528472222223,8.0,True
2_39_89_25_2019-05-04 06:02:02.511526,330,2227.2066224089635,1.0,0.8747364256535949,20.0,True
2_39_89_25_2019-05-06 16:22:37.111148,101,273.9962948879552,2.0,0.8150146726190477,15.0,True
2_39_89_25_2019-05-07 16:07:37.287403,85,205.57831691176472,1.0,0.22683338235294118,13.0,True
2_39_89_25_2019-05-08 16:07:11.830588,54,161.6166955882353,1.0,0.42741583333333333,9.0,True
2_39_89_25_2019-05-09 15:50:01.519210,78,235.23215752801121,1.0,0.4365382638888889,14.0,True
2_39_89_25_2019-05-10 13:25:17.032352,75,230.3747125097125,0.0,0.0,0.0,False
2_39_89_25_2019-05-10 16:15:06.108425,71,140.18352146358544,1.0,0.33843826388888887,12.0,True
2_39_89_25_2019-05-11 14:37:37.885899,48,161.41651911764706,1.0,0.25710875,5.0,True
2_39_89_25_2019-05-12 00:10:12.811943,12,38.446822023809524,0.0,0.0,0.0,False
2_39_89_25_2019-05-12 15:42:14.738732,95,326.6344752376708,1.0,0.25068958333333335,5.0,True
2_39_89_25_2019-05-13 13:17:09.348854,74,251.72926336996338,1.0,0.25624277777777776,5.0,True
2_39_89_25_2019-05-13 15:14:55.270291,142,814.8333110294118,1.0,0.68031625,8.0,True
2_39_89_25_2019-05-15 06:05:06.827135,95,593.5577974358974,1.0,0.5708475694444445,7.0,True
2_39_89_25_2019-05-21 13:04:09.432614,76,240.85810673076924,0.0,0.0,0.0,False
2_39_89_25_2019-05-21 15:59:43.252194,46,116.49152034313725,1.0,0.5408968055555555,16.0,True
2_39_89_25_2019-05-22 17:09:23.641591,114,436.2830179621849,2.0,1.4614833333333332,28.0,True
2_39_89_25_2019-05-23 15:20:29.489892,103,318.092737254902,2.0,0.8340783169934641,24.0,True
2_39_89_25_2019-05-24 13:23:46.216987,60,204.96652293417367,2.0,0.6803145710784313,20.0,True
2_39_89_25_2019-05-24 15:53:39.123597,103,317.55566951447247,2.0,0.7708290917755992,14.0,True
2_39_89_25_2019-05-26 14:50:50.510951,84,255.3547181372549,1.0,0.5180749264705883,15.0,True
2_39_89_25_2019-05-27 14:59:06.605356,86,274.6873705128205,1.0,0.2553554861111111,5.0,True
2_39_89_25_2019-05-27 22:58:41.295898,95,292.827199754902,1.0,0.4246670465686275,15.0,True
2_39_89_25_2019-05-28 16:04:50.616898,80,239.64751640606124,1.0,0.5208903282828284,15.0,True
2_39_89_25_2019-05-29 15:14:16.950119,47,277.7935708333333,1.0,0.7383800694444443,10.0,True
2_39_89_25_2019-05-30 13:19:38.761739,78,232.92761666666667,2.0,0.6937358823529413,14.0,True
2_39_89_25_2019-05-30 16:09:29.202899,149,656.6900988830614,0.0,0.0,0.0,False
2_39_89_25_2019-05-31 15:46:41.421428,75,220.1555649509804,2.0,0.8003070138888888,14.0,True
2_39_89_25_2019-08-01 16:34:42.833889,55,104.20587867647059,1.0,0.33734916666666664,10.0,True
2_39_89_25_2019-08-02 19:50:26.161217,67,120.49745,1.0,0.21653944444444442,8.0,True
2_39_89_25_2019-08-03 22:33:30.186023,56,142.0702899509804,2.0,0.5646251919934641,12.0,True
2_39_89_25_2019-08-04 15:45:26.511955,78,231.0293754901961,2.0,0.7602191911764706,15.0,True
2_39_89_25_2019-08-04 18:20:14.555738,31,51.076690530303026,0.0,0.0,0.0,False
2_39_89_25_2019-08-05 13:15:53.186272,84,252.7808181372549,1.0,0.37487854166666673,10.0,True
2_39_89_25_2019-08-05 16:15:11.910288,57,109.92493406862745,1.0,0.33633033496732023,12.0,True
2_39_89_25_2019-08-05 21:00:21.796053,35,61.665391666666665,1.0,0.3305355555555555,10.0,True
2_39_89_25_2019-08-05 22:55:02.534062,29,48.87459730392157,1.0,0.2982697222222222,10.0,True
2_39_89_25_2019-08-06 16:33:18.958924,54,103.68914460784313,1.0,0.29224493055555556,11.0,True
2_39_89_25_2019-08-07 16:09:31.887304,192,591.35972552521,2.0,0.5241161805555556,11.0,True
2_39_89_25_2019-08-08 13:09:58.001123,75,238.0294592948718,0.0,0.0,0.0,False
2_39_89_25_2019-08-08 17:34:46.672721,70,231.49592647058824,3.0,0.7109817156862744,9.0,True
2_39_89_25_2019-08-09 13:04:02.873702,75,224.502075,1.0,0.436489375,11.0,True
2_39_89_25_2019-08-09 18:01:30.622351,79,236.52056211484594,1.0,0.5059242361111111,14.0,True
2_39_89_25_2019-08-10 01:04:56.311982,27,154.3619294117647,1.0,0.41910291666666666,7.0,True
2_39_89_25_2019-08-10 17:10:32.290319,74,243.46381221988796,0.0,0.0,0.0,False
2_39_89_25_2019-08-12 16:49:22.740672,55,161.85993075396826,1.0,0.37782243055555553,11.0,True
2_39_89_25_2019-08-14 16:15:32.563607,257,1444.5985834383753,1.0,0.9489043948412699,19.0,True
2_39_89_25_2019-08-15 16:20:40.114007,56,106.75892261904762,1.0,0.37122979166666664,11.0,True
2_39_89_25_2019-08-16 16:37:40.477354,52,155.90902205882352,1.0,0.29228,10.0,True
2_39_89_25_2019-08-17 22:30:05.634177,26,73.21269038461539,1.0,0.3255863888888889,9.0,True
2_39_89_25_2019-08-19 17:14:23.207793,57,171.6317416221034,1.0,0.3419910416666667,10.0,True
2_39_89_25_2019-08-20 16:16:10.457343,54,103.1795415535445,2.0,0.6121566748366012,11.0,True
2_39_89_25_2019-08-21 16:01:15.871131,46,312.0600429112554,0.0,0.0,0.0,False
2_39_89_25_2019-08-21 16:50:31.195534,81,475.3975046218487,0.0,0.0,0.0,False
2_39_89_25_2019-08-21 19:09:29.722025,267,910.8913772408964,11.0,3.1078595098039212,28.0,True
2_39_89_25_2019-08-22 16:24:58.565255,48,89.09693848039215,1.0,0.3486042892156863,11.0,True
2_39_89_25_2019-08-23 16:34:52.894046,68,134.78631568627452,2.0,0.6358981944444444,11.0,True
2_39_89_25_2019-08-24 18:16:05.232203,72,236.54493970588234,0.0,0.0,0.0,False
2_39_89_25_2019-08-25 15:26:26.380281,81,238.45390277777778,1.0,0.49269465277777785,15.0,True
2_39_89_25_2019-08-26 13:01:44.687888,83,272.4073666666667,1.0,0.29161972222222227,5.0,True
2_39_89_25_2019-08-26 16:17:59.497910,79,232.37860833333332,1.0,0.49956118055555554,14.0,True
2_39_89_25_2019-08-27 16:48:47.564334,168,792.8852696428571,1.0,0.6047492361111111,7.0,True
2_39_89_25_2019-08-28 16:10:06.779327,95,222.63896717571643,2.0,0.47112416666666657,11.0,True
2_39_89_25_2019-08-29 16:35:38.956968,81,253.09155588235294,4.0,1.2664182638888888,23.0,True
2_39_89_25_2019-08-30 16:24:44.615232,58,113.34030494926041,2.0,0.6777806541681,10.0,True
2_39_89_25_2019-08-31 15:43:53.292089,77,229.52150171568627,1.0,0.45025326388888887,14.0,True
2_39_89_25_2019-10-01 16:37:10.048065,117,282.52291544117645,0.0,0.0,0.0,False
2_39_89_25_2019-10-01 20:21:58.934882,102,325.0427950980392,1.0,0.3192605555555556,7.0,True
2_39_89_25_2019-10-02 16:49:42.244125,32,52.202012104072395,0.0,0.0,0.0,False
2_39_89_25_2019-10-03 16:30:46.794405,45,82.53782916666667,2.0,0.7009805555555555,11.0,True
2_39_89_25_2019-10-04 16:20:23.940802,42,76.6231933006536,2.0,0.6509697916666666,12.0,True
2_39_89_25_2019-10-07 16:49:12.806759,180,1093.7665705505278,0.0,0.0,0.0,False
2_39_89_25_2019-10-08 15:47:32.000440,190,608.6496803571429,5.0,0.9892398611111111,12.0,True
2_39_89_25_2019-10-10 15:56:15.275976,45,117.98538012820512,1.0,1.0636385576923075,23.0,True
2_39_89_25_2019-10-11 01:30:56.251082,227,808.8837833333333,9.0,2.7397371527777774,53.0,True
2_39_89_25_2019-10-11 15:05:01.344387,117,372.2900992647059,1.0,0.36567794934640524,11.0,True
2_39_89_25_2019-10-11 19:30:14.866916,61,121.61676838235294,2.0,0.6266771527777777,9.0,True
2_39_89_25_2019-10-12 19:12:13.967822,174,612.6305959415585,7.0,2.818550218253968,33.0,True
2_39_89_25_2019-10-14 15:44:52.031996,31,47.2877625,0.0,0.0,0.0,False
2_39_89_25_2019-10-15 16:34:58.370177,32,52.215261309523804,0.0,0.0,0.0,False
2_39_89_25_2019-10-15 21:29:44.416991,152,749.1982553921569,2.0,1.3779286805555555,33.0,True
2_39_89_25_2019-10-16 16:50:59.908419,39,72.66617058823529,1.0,0.29495107026143785,9.0,True
2_39_89_25_2019-10-17 16:34:50.058697,164,761.3489044817927,1.0,1.6422625081699345,49.0,True
2_39_89_25_2019-10-18 16:29:30.300745,51,93.95610744631186,2.0,0.7500221527777778,12.0,True
2_39_89_25_2019-10-20 16:01:19.139894,63,213.14179498663103,0.0,0.0,0.0,False
2_39_89_25_2019-10-21 16:12:56.880730,89,266.2788529761905,2.0,1.026606111111111,14.0,True
2_39_89_25_2019-10-22 16:34:59.764649,58,113.08951666666667,2.0,0.6299317361111111,11.0,True
2_39_89_25_2019-10-23 17:17:54.209765,88,264.9574525210084,2.0,0.8152749603174603,15.0,True
2_39_89_25_2019-10-24 13:31:13.340125,76,226.24280238095238,1.0,0.49534,14.0,True
2_39_89_25_2019-10-24 16:22:46.306457,88,598.2534803921568,0.0,0.0,0.0,False
2_39_89_25_2019-10-25 16:42:44.029649,81,241.72610833333334,2.0,0.7537013888888889,14.0,True
2_39_89_25_2019-10-27 15:34:44.633650,80,233.43558333333334,2.0,0.8026368055555556,15.0,True
2_39_89_25_2019-10-28 15:40:51.021428,188,1124.2223014867486,1.0,0.1466208333333333,7.0,True
2_39_89_25_2019-10-29 16:17:01.599233,79,306.3767785714286,0.0,0.0,0.0,False
2_39_89_25_2019-10-30 16:05:55.340756,87,245.34681666666665,2.0,0.8674084027777778,16.0,True
2_39_89_25_2019-10-31 16:16:01.673135,31,74.37076309523809,1.0,0.45063923611111106,13.0,True
2_39_89_439_2018-11-02 16:16:29.460942,77,226.8296703548086,0.0,0.0,0.0,False
2_39_89_439_2018-11-05 17:59:21.683966,291,1852.1763394114055,1.0,0.7580895284032416,17.0,True
2_39_89_439_2018-11-06 16:46:35.785342,31,50.735210154061626,0.0,0.0,0.0,False
2_39_89_439_2018-11-06 22:18:39.857486,32,91.11627171725333,1.0,0.23243360472860472,7.0,True
2_39_89_439_2018-11-07 17:03:45.149702,76,219.02183224789917,2.0,0.7874282802287582,15.0,True
2_39_89_439_2018-11-08 17:49:09.130381,113,596.3953668417366,0.0,0.0,0.0,False
2_39_89_439_2018-11-09 17:53:18.647961,73,478.8348240196078,0.0,0.0,0.0,False
2_39_89_439_2018-11-12 17:25:42.955957,177,1167.4465860048406,0.0,0.0,0.0,False
2_39_89_439_2018-11-12 22:50:57.753978,35,233.62374908410732,0.0,0.0,0.0,False
2_39_89_439_2018-11-13 17:45:26.289162,63,408.66351590495844,0.0,0.0,0.0,False
2_39_89_439_2018-11-14 16:51:51.637972,99,599.038433531746,0.0,0.0,0.0,False
2_39_89_439_2018-11-15 17:02:23.337348,32,56.16973459445182,0.0,0.0,0.0,False
2_39_89_439_2018-11-16 19:41:28.823323,95,573.4792978991596,0.0,0.0,0.0,False
2_39_89_439_2018-11-19 16:40:54.836832,186,1221.2933715255333,1.0,0.7339456349206351,13.0,True
2_39_89_439_2018-11-20 03:49:12.140621,30,50.442441421568624,0.0,0.0,0.0,False
2_39_89_439_2018-11-20 18:22:14.114257,54,351.0866788827272,0.0,0.0,0.0,False
2_39_89_439_2018-11-21 17:33:29.540288,32,52.58237706644061,0.0,0.0,0.0,False
2_39_89_439_2018-11-26 16:48:35.468075,470,2664.4644225657858,2.0,0.27717807734204797,6.0,True
2_39_89_439_2018-11-27 16:55:42.559330,32,51.4638968004218,0.0,0.0,0.0,False
2_39_89_439_2018-11-27 22:16:01.922444,219,628.0614527766523,2.0,0.3879065811965812,11.0,True
2_39_89_439_2018-11-28 17:07:48.147366,91,247.30627662722983,2.0,0.6710684821428571,15.0,True
2_39_89_439_2018-11-29 20:58:01.703294,125,414.24666050420166,2.0,0.48672350898692807,9.0,True
2_39_89_439_2018-11-30 22:51:04.542740,69,435.97239645252836,0.0,0.0,0.0,False
2_39_89_439_2019-03-04 16:58:36.588196,179,1149.440868208752,0.0,0.0,0.0,False
2_39_89_439_2019-03-05 17:11:02.407617,97,291.9087682306256,1.0,0.46479993872549025,15.0,True
2_39_89_439_2019-03-08 20:52:09.906504,68,135.39393549253035,1.0,0.27709467106286956,9.0,True
2_39_89_439_2019-03-11 17:41:05.058480,113,686.9142649114774,1.0,0.23119269841269835,6.0,True
2_39_89_439_2019-03-12 18:52:53.258592,185,1245.6746155929038,0.0,0.0,0.0,False
2_39_89_439_2019-03-14 18:44:10.895926,67,134.07884264705882,1.0,0.1941654166666667,7.0,True
2_39_89_439_2019-03-19 19:38:22.926639,230,1541.1270883986929,0.0,0.0,0.0,False
2_39_89_439_2019-03-26 16:04:03.008220,187,1247.4376971126912,0.0,0.0,0.0,False
2_39_89_439_2019-03-27 16:10:42.113099,87,253.30384933473388,2.0,0.7705684027777777,16.0,True
2_39_89_439_2019-04-01 21:12:11.218245,111,719.5108429487179,0.0,0.0,0.0,False
2_39_89_439_2019-04-02 16:06:28.067816,82,243.85245910364145,2.0,0.7692615114379086,15.0,True
2_39_89_439_2019-04-03 16:06:40.986090,81,239.80550833333334,1.0,0.5134715972222222,15.0,True
2_39_89_439_2019-04-09 16:31:24.811836,116,693.1885147058823,1.0,0.1965178472222222,5.0,True
2_39_89_439_2019-04-10 17:07:13.850293,100,644.7720758087501,0.0,0.0,0.0,False
2_39_89_439_2019-04-12 16:05:39.685901,84,249.7180257352941,1.0,0.5002682638888889,14.0,True
2_39_89_439_2019-04-15 16:44:31.872255,134,329.34624876283846,1.0,0.4590844975490196,14.0,True
2_39_89_439_2019-04-16 16:37:31.455352,81,211.4682761904762,1.0,0.8640321014239027,28.0,True
2_39_89_439_2019-04-17 16:29:19.987020,136,796.5693089743589,0.0,0.0,0.0,False
2_39_89_439_2019-04-18 21:03:49.408843,31,193.46476666666666,0.0,0.0,0.0,False
2_39_89_439_2019-04-22 16:19:45.173221,123,760.0022524509803,1.0,0.24170173611111112,7.0,True
2_39_89_439_2019-04-23 16:51:07.178931,97,594.6438821428571,1.0,0.18160673611111117,5.0,True
2_39_89_439_2019-04-25 17:11:14.934790,31,53.1547981060606,0.0,0.0,0.0,False
2_39_89_439_2019-04-26 16:01:19.221416,97,326.5162048669468,1.0,0.2785598611111111,5.0,True
2_39_89_439_2019-04-26 20:26:43.709771,33,53.006544852941175,0.0,0.0,0.0,False
2_39_89_439_2019-04-30 16:06:46.832433,107,254.21053774509804,2.0,0.4673310416666667,11.0,True
2_39_89_439_2019-05-01 16:48:02.613902,177,462.35240916885573,0.0,0.0,0.0,False
2_39_89_439_2019-05-02 17:08:25.558626,50,309.53124534313724,1.0,0.6160106249999999,7.0,True
2_39_89_439_2019-05-06 18:05:26.404915,113,685.5194210784314,0.0,0.0,0.0,False
2_39_89_439_2019-05-07 16:16:26.247682,83,212.74919737272103,2.0,0.5027615740740741,12.0,True
2_39_89_439_2019-05-10 17:59:44.622904,130,794.3321943627451,1.0,0.1875956944444444,5.0,True
2_39_89_439_2019-05-13 16:31:42.830709,107,253.55574125816995,1.0,0.5280454166666667,14.0,True
2_39_89_439_2019-05-14 16:28:50.997586,74,218.97434403594772,1.0,0.49230039351851856,15.0,True
2_39_89_439_2019-05-15 16:13:17.765617,80,235.7727049019608,1.0,0.5219528635620915,15.0,True
2_39_89_439_2019-05-16 16:27:49.962650,90,273.2030833333333,2.0,0.7902307638888888,15.0,True
2_39_89_439_2019-05-17 16:42:45.392857,72,212.77083406862747,1.0,0.5084816176470589,14.0,True
2_39_89_439_2019-05-20 16:10:57.484665,89,264.01212883986926,1.0,0.5328725285947712,16.0,True
2_39_89_439_2019-05-21 16:12:05.751033,86,257.873056192108,2.0,0.7752263585024652,14.0,True
2_39_89_439_2019-05-22 16:10:16.208850,77,227.25724583333334,2.0,0.6839596527777778,15.0,True
2_39_89_439_2019-05-23 20:32:49.087344,28,48.90349543650794,0.0,0.0,0.0,False
2_39_89_439_2019-05-29 16:09:40.080556,78,227.2634625,1.0,0.48103895833333327,15.0,True
2_39_89_439_2019-05-30 16:19:48.206355,108,249.42089583333333,2.0,0.4854463888888888,11.0,True
2_39_89_439_2019-08-02 16:21:28.171558,71,204.0031303362573,2.0,0.7313409722222222,14.0,True
2_39_89_439_2019-08-05 16:10:50.026953,79,229.42441348039216,1.0,0.5131570833333332,14.0,True
2_39_89_439_2019-08-20 17:06:08.006531,119,368.78143039215684,1.0,0.48873846813725497,15.0,True
2_39_89_439_2019-08-22 16:55:04.706926,73,214.61025654761906,1.0,0.45664506944444444,14.0,True
2_39_89_439_2019-08-23 16:57:59.477731,111,337.04996715686275,1.0,0.5566263807189543,15.0,True
2_39_89_439_2019-08-28 20:39:46.495393,32,71.40504166666666,2.0,0.8314331249999998,15.0,True
2_39_89_439_2019-08-29 17:09:56.985280,98,269.7623845938375,2.0,0.8168105147058824,14.0,True
2_39_89_439_2019-10-01 20:18:08.357031,119,388.0558670518207,1.0,0.3218404166666667,8.0,True
2_39_89_439_2019-10-09 18:26:03.004767,94,618.9351982142857,0.0,0.0,0.0,False
2_39_89_439_2019-10-10 17:26:22.133489,120,711.7395107843137,0.0,0.0,0.0,False
2_39_89_439_2019-10-14 17:46:20.874894,115,703.2475622513108,1.0,0.6838815277777779,18.0,True
2_39_89_439_2019-10-18 17:11:33.703707,131,706.6827773809524,0.0,0.0,0.0,False
2_39_89_439_2019-10-25 18:45:33.345386,97,591.6526148809523,0.0,0.0,0.0,False
2_39_89_439_2019-10-30 18:49:31.710965,187,1254.0633487044818,0.0,0.0,0.0,False
2_39_90_26_2018-11-02 15:37:17.505596,195,1321.2249437045712,0.0,0.0,0.0,False
2_39_90_26_2018-11-04 22:45:54.733089,31,53.21417009803922,0.0,0.0,0.0,False
2_39_90_26_2018-11-05 16:42:58.398449,68,107.84328104575164,1.0,0.1618723611111111,8.0,True
2_39_90_26_2018-11-06 16:33:27.587358,66,132.00796675389455,1.0,0.3459507843137255,10.0,True
2_39_90_26_2018-11-07 17:24:26.125077,88,444.7993803970711,0.0,0.0,0.0,False
2_39_90_26_2018-11-08 18:07:54.227371,89,475.6046114379085,0.0,0.0,0.0,False
2_39_90_26_2018-11-09 16:49:36.805765,67,133.43278987358102,2.0,0.6789827818627452,10.0,True
2_39_90_26_2018-11-11 18:19:16.096197,239,1627.065789346919,0.0,0.0,0.0,False
2_39_90_26_2018-11-12 16:57:23.545126,74,206.25154786168852,0.0,0.0,0.0,False
2_39_90_26_2018-11-12 22:32:11.779905,32,53.32169974814487,0.0,0.0,0.0,False
2_39_90_26_2018-11-13 17:41:02.567601,31,46.77136593137255,0.0,0.0,0.0,False
2_39_90_26_2018-11-14 06:41:27.813811,259,1788.5173249287968,0.0,0.0,0.0,False
2_39_90_26_2018-11-14 17:03:14.349444,91,283.0145915087965,1.0,0.3952859118691336,10.0,True
2_39_90_26_2018-11-15 16:01:14.393091,240,1467.3479296043954,0.0,0.0,0.0,False
2_39_90_26_2018-11-15 20:58:16.809179,211,1207.817926206615,1.0,0.9423257089209953,20.0,True
2_39_90_26_2018-11-16 20:26:01.638553,45,148.09208644220845,2.0,1.062913538871689,16.0,True
2_39_90_26_2018-11-19 17:59:28.641708,167,1013.8154392126148,0.0,0.0,0.0,False
2_39_90_26_2018-11-20 18:18:56.360942,62,354.8634730865153,0.0,0.0,0.0,False
2_39_90_26_2018-11-21 16:55:11.807022,58,111.06128502189675,2.0,4.80932898957975,29.0,True
2_39_90_26_2018-11-21 21:11:28.484081,42,67.86252801919014,1.0,2.0165109212573915,20.0,True
2_39_90_26_2018-11-26 16:07:50.342401,240,820.4024325514011,2.0,1.6250419444444448,31.0,True
2_39_90_26_2018-11-27 15:16:56.516580,230,1093.5114477995173,2.0,0.8586133395730087,17.0,True
2_39_90_26_2018-11-28 00:15:57.896344,109,657.989467482526,0.0,0.0,0.0,False
2_39_90_26_2018-11-28 17:02:33.168949,167,1013.0794985160221,0.0,0.0,0.0,False
2_39_90_26_2018-11-29 20:31:20.487988,120,782.6952349326327,0.0,0.0,0.0,False
2_39_90_26_2018-11-30 17:54:02.503270,101,291.49695431128976,1.0,0.5473170850840336,18.0,True
2_39_90_26_2019-03-05 18:08:57.900599,46,117.94953473942208,1.0,0.4925659430541222,16.0,True
2_39_90_26_2019-03-06 20:53:13.304951,70,201.26016968178263,2.0,0.8699522614253964,14.0,True
2_39_90_26_2019-03-07 19:49:03.488191,118,384.17547216159744,1.0,0.08594340277777776,5.0,True
2_39_90_26_2019-03-08 16:36:44.576903,77,221.07181207983194,2.0,0.7643347975023344,17.0,True
2_39_90_26_2019-03-11 16:36:40.118728,132,828.6089946321308,1.0,0.6338799388483464,9.0,True
2_39_90_26_2019-03-12 16:41:55.866543,87,268.86208330567354,2.0,1.731131429411232,50.0,True
2_39_90_26_2019-03-13 17:12:16.415030,107,668.3437534703315,1.0,0.8488235121852753,16.0,True
2_39_90_26_2019-03-14 17:21:39.451796,193,1232.4359711779448,1.0,0.6377531617647059,14.0,True
2_39_90_26_2019-03-15 16:10:35.294463,194,1262.004208140505,1.0,0.7539722095373238,16.0,True
2_39_90_26_2019-03-18 16:59:49.548924,146,728.3811958289087,0.0,0.0,0.0,False
2_39_90_26_2019-03-19 15:58:49.362353,43,111.44092083333334,1.0,0.529375625,15.0,True
2_39_90_26_2019-03-21 17:03:23.554269,207,619.1335662313421,2.0,2.0822398861147025,66.0,True
2_39_90_26_2019-03-22 21:41:24.372362,34,175.27637306275597,0.0,0.0,0.0,False
2_39_90_26_2019-03-26 18:13:03.539771,45,84.54940528711485,1.0,0.28211191584967316,10.0,True
2_39_90_26_2019-03-27 20:16:16.552400,71,233.9500821969697,1.0,0.1082059722222222,5.0,True
2_39_90_26_2019-03-28 15:01:44.259049,71,221.89000220588235,2.0,0.4693843055555556,9.0,True
2_39_90_26_2019-03-29 14:58:03.335682,36,242.6535,0.0,0.0,0.0,False
2_39_90_26_2019-03-29 17:04:21.873946,102,637.5897985294117,1.0,0.692939375,14.0,True
2_39_90_26_2019-04-01 16:55:56.664055,128,791.0864790966386,1.0,0.7451879971988795,16.0,True
2_39_90_26_2019-04-02 20:20:51.831948,21,54.98442083333333,1.0,0.26567277777777776,7.0,True
2_39_90_26_2019-04-04 17:04:48.582813,114,724.7439986928105,1.0,0.7171588725490196,15.0,True
2_39_90_26_2019-04-05 18:33:36.920628,251,843.1664654379933,2.0,0.5413126879084966,12.0,True
2_39_90_26_2019-04-08 18:24:32.780355,126,826.4328061274509,0.0,0.0,0.0,False
2_39_90_26_2019-04-08 20:51:09.052047,89,283.79753782051284,0.0,0.0,0.0,False
2_39_90_26_2019-04-08 23:08:04.714093,59,389.7087494047619,0.0,0.0,0.0,False
2_39_90_26_2019-04-09 17:18:20.352731,148,723.097624754902,2.0,1.129108263888889,29.0,True
2_39_90_26_2019-04-10 19:50:50.999237,44,111.04629583333333,1.0,0.5293827083333333,16.0,True
2_39_90_26_2019-04-12 20:41:21.080920,196,1217.8281248981411,0.0,0.0,0.0,False
2_39_90_26_2019-04-15 13:28:31.930397,218,1171.4810954646703,2.0,1.1818319675925928,28.0,True
2_39_90_26_2019-04-15 19:33:26.615262,77,462.165408496732,1.0,0.6906896732026143,8.0,True
2_39_90_26_2019-04-16 17:04:56.686453,63,118.94538005368814,1.0,0.3634844854374498,11.0,True
2_39_90_26_2019-04-17 13:53:53.345013,228,1367.7036676470589,0.0,0.0,0.0,False
2_39_90_26_2019-04-18 16:17:39.555171,79,494.5690281862745,1.0,0.6871338888888888,12.0,True
2_39_90_26_2019-04-19 20:50:33.054844,61,122.05009852941177,2.0,0.626240486111111,8.0,True
2_39_90_26_2019-04-22 16:39:23.864281,70,321.8414867647059,1.0,0.5302192361111112,7.0,True
2_39_90_26_2019-04-22 20:54:05.929090,235,1289.7559285444947,2.0,1.2781396474358977,36.0,True
2_39_90_26_2019-04-23 17:02:27.300102,114,659.6405946895425,1.0,0.7300245057189543,15.0,True
2_39_90_26_2019-04-24 16:41:42.427619,58,110.02702320261437,1.0,0.2698764188453159,11.0,True
2_39_90_26_2019-04-25 16:26:12.486078,76,223.48508767507002,1.0,0.5126058630952381,15.0,True
2_39_90_26_2019-04-26 17:48:57.344490,222,1369.5824648950809,0.0,0.0,0.0,False
2_39_90_26_2019-04-29 17:00:25.406952,185,1168.572169467787,0.0,0.0,0.0,False
2_39_90_26_2019-04-30 16:17:12.304967,190,1155.9609961161386,0.0,0.0,0.0,False
2_39_90_26_2019-05-01 16:37:15.246069,98,325.6354981596147,3.0,1.6761776436188507,30.0,True
2_39_90_26_2019-05-02 16:12:44.566586,114,661.9280195777434,1.0,0.5951240441176471,8.0,True
2_39_90_26_2019-05-03 21:33:23.089531,106,657.1850631750946,1.0,0.7279161683006536,20.0,True
2_39_90_26_2019-05-06 16:37:18.264898,115,345.6052140151515,3.0,1.5064699305555556,33.0,True
2_39_90_26_2019-05-07 17:09:09.621224,128,720.9599670698711,1.0,0.7360529861111111,13.0,True
2_39_90_26_2019-05-08 18:04:59.525697,206,661.1110778964285,2.0,0.52082375,13.0,True
2_39_90_26_2019-05-09 15:56:11.857344,31,51.56075,0.0,0.0,0.0,False
2_39_90_26_2019-05-10 16:57:01.226605,108,358.1481593487395,2.0,0.724509236111111,12.0,True
2_39_90_26_2019-05-13 15:20:51.594568,66,132.5712444327731,2.0,0.5932970138888889,9.0,True
2_39_90_26_2019-05-15 19:37:24.052537,35,63.47892638888889,2.0,0.6394400694444444,9.0,True
2_39_90_26_2019-05-17 16:56:17.527212,66,129.28454583333334,1.0,0.3353214583333333,12.0,True
2_39_90_26_2019-05-20 17:08:07.345405,73,210.73937619047618,1.0,0.5564401289682539,17.0,True
2_39_90_26_2019-05-21 16:41:38.871241,61,117.3721886904762,2.0,0.6448866666666666,9.0,True
2_39_90_26_2019-05-22 17:59:56.182677,21,35.056225,0.0,0.0,0.0,False
2_39_90_26_2019-05-22 18:27:07.661175,32,58.0181635989011,0.0,0.0,0.0,False
2_39_90_26_2019-05-23 16:13:09.550787,112,710.2307842948718,1.0,0.6901931944444444,16.0,True
2_39_90_26_2019-05-24 19:56:42.968188,113,342.78195,2.0,0.7481565972222222,15.0,True
2_39_90_26_2019-05-28 16:14:51.424235,125,457.61633333333333,2.0,1.945687986111111,59.0,True
2_39_90_26_2019-05-29 18:07:17.258351,66,124.58348522727273,1.0,0.2714400694444444,8.0,True
2_39_90_26_2019-05-30 16:49:19.547743,134,841.9429769607843,1.0,0.585200751633987,7.0,True
2_39_90_26_2019-05-31 17:10:12.816876,112,710.4352362745097,1.0,0.6981682557189544,14.0,True
2_39_90_26_2019-08-02 16:35:00.182229,64,125.46042720588235,1.0,0.3229122222222222,11.0,True
2_39_90_26_2019-08-06 21:48:29.863919,73,222.9486682072829,2.0,0.4604993055555555,12.0,True
2_39_90_26_2019-08-08 20:09:27.948706,162,537.3797241919845,0.0,0.0,0.0,False
2_39_90_26_2019-08-09 20:25:45.424161,121,401.46772205882354,1.0,0.32434381944444446,7.0,True
2_39_90_26_2019-08-12 20:46:11.518483,41,101.562225,2.0,0.498633125,8.0,True
2_39_90_26_2019-08-13 17:01:26.714372,17,65.87885416666667,1.0,0.6421106944444444,11.0,True
2_39_90_26_2019-08-14 16:26:30.408910,58,111.5795681372549,1.0,0.30192284722222223,10.0,True
2_39_90_26_2019-08-15 19:36:23.330802,122,402.7652534614723,2.0,0.7863004039101019,18.0,True
2_39_90_26_2019-08-16 16:43:43.368080,257,897.1401000988992,5.0,0.8818145928649235,13.0,True
2_39_90_26_2019-08-19 20:36:53.750695,250,1369.0200223125214,1.0,1.1510576320806098,36.0,True
2_39_90_26_2019-08-20 17:09:52.920461,97,598.93311214126,0.0,0.0,0.0,False
2_39_90_26_2019-08-21 16:34:13.596324,20,101.79396057791537,1.0,0.5013441864465084,8.0,True
2_39_90_26_2019-08-22 16:52:52.958204,223,1498.9540151401789,0.0,0.0,0.0,False
2_39_90_26_2019-08-23 20:50:50.190838,34,54.36310196078431,0.0,0.0,0.0,False
2_39_90_26_2019-08-26 16:35:57.149870,55,105.34457259631922,1.0,0.33352143081355345,11.0,True
2_39_90_26_2019-08-26 22:13:52.478193,68,134.89213405890578,1.0,0.3353629278465773,11.0,True
2_39_90_26_2019-08-27 21:15:56.670851,133,447.7437833855472,5.0,1.8525433619281044,29.0,True
2_39_90_26_2019-08-28 16:11:35.826117,56,107.93201985294118,2.0,0.5999715277777777,10.0,True
2_39_90_26_2019-10-01 17:42:15.048577,55,115.24254956073338,1.0,0.5028204861111111,16.0,True
2_39_90_26_2019-10-02 16:34:44.050007,119,366.7767891025641,2.0,0.6976290972222223,16.0,True
2_39_90_26_2019-10-03 16:46:45.125051,173,792.6181840686274,2.0,1.7372477876984127,50.0,True
2_39_90_26_2019-10-04 20:02:12.765054,19,100.37712072878102,0.0,0.0,0.0,False
2_39_90_26_2019-10-05 18:21:20.278943,136,926.4578626336898,0.0,0.0,0.0,False
2_39_90_26_2019-10-07 18:57:59.174314,101,657.5216442307692,0.0,0.0,0.0,False
2_39_90_26_2019-10-07 23:02:34.464461,50,322.37443532913164,0.0,0.0,0.0,False
2_39_90_26_2019-10-08 18:27:11.115410,55,177.84626062271062,0.0,0.0,0.0,False
2_39_90_26_2019-10-08 19:45:16.944570,62,124.44436174242425,1.0,0.296760625,9.0,True
2_39_90_26_2019-10-09 17:52:27.021499,52,98.82499607843137,3.0,0.7604048611111112,10.0,True
2_39_90_26_2019-10-10 16:59:31.129485,52,130.22655717787114,2.0,0.8230542442810458,15.0,True
2_39_90_26_2019-10-11 16:21:56.988017,62,119.70385,3.0,0.8134049305555555,12.0,True
2_39_90_26_2019-10-14 17:34:35.425757,77,216.5260181372549,2.0,0.8381365400326798,16.0,True
2_39_90_26_2019-10-14 20:44:04.671209,160,1056.2016846755369,0.0,0.0,0.0,False
2_39_90_26_2019-10-15 15:27:18.829027,61,171.4103213800905,1.0,0.4674077777777778,14.0,True
2_39_90_26_2019-10-16 18:40:20.628655,217,1444.947248926237,0.0,0.0,0.0,False
2_39_90_26_2019-10-17 16:51:23.166224,52,98.93680465686275,2.0,0.6854400694444444,11.0,True
2_39_90_26_2019-10-18 16:54:46.585318,67,407.8734677404295,1.0,0.610040625,7.0,True
2_39_90_26_2019-10-21 16:55:39.679161,89,605.5121170868347,0.0,0.0,0.0,False
2_39_90_26_2019-10-21 18:46:07.863497,61,122.42131908801983,1.0,0.26876979166666665,8.0,True
2_39_90_26_2019-10-22 17:33:45.805851,65,124.7987274509804,2.0,0.5772922916666666,9.0,True
2_39_90_26_2019-10-23 17:24:21.920716,102,336.7987083333333,3.0,1.045702083333333,18.0,True
2_39_90_26_2019-10-23 19:21:00.900116,67,126.51106911764705,1.0,0.28332572303921566,9.0,True
2_39_90_26_2019-10-23 21:43:36.090886,150,959.7603459033613,0.0,0.0,0.0,False
2_39_90_26_2019-10-24 17:03:32.966272,31,51.77745833333333,0.0,0.0,0.0,False
2_39_90_26_2019-10-28 16:48:38.267397,142,608.3998075980392,0.0,0.0,0.0,False
2_39_90_26_2019-10-28 22:53:29.777452,24,155.45101428571428,0.0,0.0,0.0,False
2_39_90_26_2019-10-28 23:55:14.016726,26,70.61854166666667,1.0,0.3511979166666667,11.0,True
2_39_90_26_2019-10-29 16:36:38.298250,85,465.363419117647,1.0,0.25873847222222224,7.0,True
2_39_90_26_2019-10-30 19:47:53.448062,62,125.04678799019608,2.0,0.672396875,9.0,True
2_39_90_440_2018-11-02 22:29:18.373060,27,44.59365562974607,0.0,0.0,0.0,False
2_39_90_440_2018-11-05 16:32:33.343753,164,978.9862563786918,1.0,0.612270175653595,12.0,True
2_39_90_440_2018-11-06 00:51:10.945398,31,52.41266442577031,0.0,0.0,0.0,False
2_39_90_440_2018-11-06 15:13:32.752282,32,52.688029656862746,0.0,0.0,0.0,False
2_39_90_440_2018-11-06 20:09:05.736410,170,801.1001390549809,2.0,1.5649420634920634,39.0,True
2_39_90_440_2018-11-07 16:05:50.232979,31,51.02268434689665,0.0,0.0,0.0,False
2_39_90_440_2018-11-07 19:08:22.879809,99,293.03663952958374,2.0,0.7216328839869282,15.0,True
2_39_90_440_2018-11-08 18:16:44.253653,50,131.93513168153225,2.0,0.6874445994582042,14.0,True
2_39_90_440_2018-11-09 16:47:05.991991,118,700.3179047870902,0.0,0.0,0.0,False
2_39_90_440_2018-11-12 17:15:08.518695,111,340.5220061824055,1.0,0.7917044872495782,15.0,True
2_39_90_440_2018-11-14 19:04:53.685670,99,543.0257633986928,1.0,0.19827999999999998,6.0,True
2_39_90_440_2018-11-15 17:46:49.137227,184,591.9389178679164,4.0,2.1045329096638654,17.0,True
2_39_90_440_2018-11-16 16:42:46.485895,31,52.33868828197946,0.0,0.0,0.0,False
2_39_90_440_2018-11-16 19:56:07.735090,186,594.7962178043147,0.0,0.0,0.0,False
2_39_90_440_2018-11-19 22:21:56.707456,196,593.9419635706914,0.0,0.0,0.0,False
2_39_90_440_2018-11-20 17:49:27.156288,345,2093.4822270037366,0.0,0.0,0.0,False
2_39_90_440_2018-11-21 17:00:19.523037,87,255.08397186962503,2.0,5.122307115470457,51.0,True
2_39_90_440_2018-11-26 17:18:07.898566,141,236.81839097578975,0.0,0.0,0.0,False
2_39_90_440_2018-11-26 22:02:55.000789,42,69.54642783892663,0.0,0.0,0.0,False
2_39_90_440_2018-11-27 17:33:21.940587,192,548.7950775839013,0.0,0.0,0.0,False
2_39_90_440_2018-11-28 17:48:32.714344,166,1065.5685632475797,1.0,0.6599051307189541,14.0,True
2_39_90_440_2018-11-29 17:04:02.479995,95,263.6592970430885,1.0,0.542542843137255,16.0,True
2_39_90_440_2018-11-30 17:21:45.594689,96,287.45670710784316,2.0,0.7230609150326797,14.0,True
2_39_90_440_2019-03-01 18:08:37.185043,108,641.8979982142857,0.0,0.0,0.0,False
2_39_90_440_2019-03-05 17:27:57.976624,135,451.5512458333333,3.0,1.103018472222222,29.0,True
2_39_90_440_2019-03-06 23:07:51.538790,139,456.92345955882354,5.0,1.6011257638888887,29.0,True
2_39_90_440_2019-03-12 16:30:42.209819,257,1692.3683343837536,0.0,0.0,0.0,False
2_39_90_440_2019-03-14 16:45:17.111077,93,544.8151288961038,0.0,0.0,0.0,False
2_39_90_440_2019-03-15 17:02:57.210374,94,529.8668333333333,0.0,0.0,0.0,False
2_39_90_440_2019-03-19 16:58:33.774367,146,932.0466059152449,0.0,0.0,0.0,False
2_39_90_440_2019-03-20 20:16:46.751982,47,118.59430031512605,2.0,0.8158768989262372,17.0,True
2_39_90_440_2019-03-21 18:58:49.265586,73,136.38507156862744,2.0,0.6004999305555556,9.0,True
2_39_90_440_2019-03-25 17:14:55.794016,87,516.1539,0.0,0.0,0.0,False
2_39_90_440_2019-03-26 18:49:45.855218,142,487.1043589985994,3.0,0.64039289624183,11.0,True
2_39_90_440_2019-04-05 17:32:13.223354,117,698.9928708333333,0.0,0.0,0.0,False
2_39_90_440_2019-04-08 17:01:45.826615,182,514.4624829545454,0.0,0.0,0.0,False
2_39_90_440_2019-04-09 17:03:51.174908,121,659.0210125,1.0,0.7013020833333333,13.0,True
2_39_90_440_2019-04-10 16:18:52.011121,104,618.3113583333333,1.0,0.191668125,5.0,True
2_39_90_440_2019-04-11 20:02:54.438027,198,616.2392,3.0,0.9102793055555556,12.0,True
2_39_90_440_2019-04-14 09:54:59.414588,174,1049.6127166666665,0.0,0.0,0.0,False
2_39_90_440_2019-04-15 17:35:36.051044,83,244.7450875,1.0,0.8980439583333332,14.0,True
2_39_90_440_2019-04-16 17:32:34.851126,77,197.23842419467786,1.0,0.576340625,16.0,True
2_39_90_440_2019-04-17 17:30:32.915267,78,194.80069166666667,2.0,0.7434881944444446,17.0,True
2_39_90_440_2019-04-18 17:39:01.662235,31,52.596475,0.0,0.0,0.0,False
2_39_90_440_2019-04-19 16:57:04.027810,101,552.8111454831933,0.0,0.0,0.0,False
2_39_90_440_2019-04-22 20:02:48.792059,124,434.8910306372549,1.0,0.1249265972222222,6.0,True
2_39_90_440_2019-04-23 17:36:36.712405,215,751.4495650560224,1.0,0.10340583333333332,5.0,True
2_39_90_440_2019-04-24 20:37:49.317961,67,411.9861041666667,1.0,0.6215082638888888,8.0,True
2_39_90_440_2019-04-25 20:05:42.588771,31,91.775175,2.0,0.4998143749999999,6.0,True
2_39_90_440_2019-04-26 20:31:43.520518,14,43.37114583333334,0.0,0.0,0.0,False
2_39_90_440_2019-04-29 17:20:21.024251,103,553.5126705882353,0.0,0.0,0.0,False
2_39_90_440_2019-04-30 17:07:32.925111,182,1038.2006204562595,0.0,0.0,0.0,False
2_39_90_440_2019-05-01 16:53:49.397821,137,266.6280375,1.0,0.5388946527777777,17.0,True
2_39_90_440_2019-05-03 19:20:52.922387,183,1184.942751984127,0.0,0.0,0.0,False
2_39_90_440_2019-05-06 17:03:13.894416,110,652.8115335115864,0.0,0.0,0.0,False
2_39_90_440_2019-05-07 19:49:04.679577,141,489.36351945432017,0.0,0.0,0.0,False
2_39_90_440_2019-05-08 15:55:51.391190,83,246.34454166666666,1.0,0.5131706249999999,15.0,True
2_39_90_440_2019-05-09 21:14:16.421686,32,53.5605875,0.0,0.0,0.0,False
2_39_90_440_2019-05-10 16:09:12.374611,87,259.761832848524,1.0,0.538364513888889,14.0,True
2_39_90_440_2019-05-13 17:54:09.971273,356,2319.929935372509,0.0,0.0,0.0,False
2_39_90_440_2019-05-14 17:12:11.790541,58,347.5990044117647,1.0,0.6530015277777779,12.0,True
2_39_90_440_2019-05-15 19:23:13.568225,63,408.71246249999996,0.0,0.0,0.0,False
2_39_90_440_2019-05-20 18:01:48.098396,174,1110.458957352941,1.0,0.7612185416666667,18.0,True
2_39_90_440_2019-05-22 16:08:30.816366,87,479.8741183123249,0.0,0.0,0.0,False
2_39_90_440_2019-05-23 19:56:29.914102,112,363.5743119047619,2.0,0.8520257638888887,35.0,True
2_39_90_440_2019-05-28 17:44:29.110820,229,792.0082,4.0,1.821186597222222,41.0,True
2_39_90_440_2019-05-29 16:56:01.131138,208,660.5388785714285,1.0,0.4201078472222222,14.0,True
2_39_90_440_2019-05-30 17:16:42.580885,116,678.4529041666666,0.0,0.0,0.0,False
2_39_90_440_2019-05-31 19:03:42.445922,194,1186.4591708333332,0.0,0.0,0.0,False
2_39_90_440_2019-08-01 16:45:45.132342,102,312.85496666666666,2.0,0.7654714583333333,14.0,True
2_39_90_440_2019-08-06 16:48:32.792532,80,236.26883284313726,2.0,0.7884288888888888,15.0,True
2_39_90_440_2019-08-07 16:11:50.402759,90,260.20024702380954,1.0,0.5372641666666667,16.0,True
2_39_90_440_2019-08-08 16:26:53.324733,82,245.19726789215687,2.0,0.7444492320261438,14.0,True
2_39_90_440_2019-08-09 18:51:43.121111,35,221.67774166666666,0.0,0.0,0.0,False
2_39_90_440_2019-08-14 17:11:35.455739,117,681.2058969537815,1.0,0.6110156944444446,10.0,True
2_39_90_440_2019-08-15 18:18:15.954079,88,261.9666582264957,1.0,0.5076667361111111,14.0,True
2_39_90_440_2019-08-15 23:43:26.677483,118,370.97529964896216,1.0,0.4805697222222223,15.0,True
2_39_90_440_2019-08-16 17:02:20.655661,82,246.12703930171136,1.0,0.18216319444444445,8.0,True
2_39_90_440_2019-08-19 19:44:36.082201,74,470.47532083333334,0.0,0.0,0.0,False
2_39_90_440_2019-08-20 17:04:36.325229,85,245.99716582817337,2.0,0.7565497508169934,14.0,True
2_39_90_440_2019-08-21 16:12:43.988764,83,222.29929404761904,2.0,0.7134084027777776,13.0,True
2_39_90_440_2019-08-26 16:53:40.895196,122,374.67223333333334,2.0,0.8479502083333333,16.0,True
2_39_90_440_2019-08-27 17:27:31.032094,101,307.8747880952381,1.0,0.4787426388888889,14.0,True
2_39_90_440_2019-08-28 17:06:06.839231,129,675.5090748491705,2.0,0.9119884722222223,12.0,True
2_39_90_440_2019-08-29 16:39:11.684580,119,359.39769871794874,1.0,0.48868673611111113,14.0,True
2_39_90_440_2019-08-30 16:30:28.397846,76,220.43754722222224,1.0,0.5176460416666666,15.0,True
2_39_90_440_2019-10-01 17:08:43.946118,209,660.4227941391941,4.0,1.4247066666666663,26.0,True
2_39_90_440_2019-10-03 18:52:34.936180,62,124.48345416666666,1.0,0.31230180555555553,9.0,True
2_39_90_440_2019-10-08 17:13:09.787167,70,395.3370208333333,0.0,0.0,0.0,False
2_39_90_440_2019-10-10 16:46:26.834946,368,2436.8262017156862,0.0,0.0,0.0,False
2_39_90_440_2019-10-11 18:33:39.000374,138,880.2748405844155,0.0,0.0,0.0,False
2_39_90_440_2019-10-14 16:12:14.569642,465,3050.4819627612583,1.0,0.8954399305555555,21.0,True
2_39_90_440_2019-10-15 15:40:36.116033,165,1104.4450995098039,0.0,0.0,0.0,False
2_39_90_440_2019-10-16 19:59:19.042314,83,470.54418695054943,0.0,0.0,0.0,False
2_39_90_440_2019-10-17 19:29:14.474634,96,334.3145132352941,2.0,1.6871228349673202,52.0,True
2_39_90_440_2019-10-18 16:24:16.891654,149,996.7895316715147,0.0,0.0,0.0,False
2_39_90_440_2019-10-22 16:35:44.729668,96,247.04489583333333,2.0,0.8483690972222222,15.0,True
2_39_90_440_2019-10-23 16:16:22.660156,73,209.6576625,1.0,0.4694538888888889,14.0,True
2_39_90_440_2019-10-24 16:31:53.312808,81,216.49824642857143,2.0,0.7627034803921569,14.0,True
2_39_90_440_2019-10-25 16:47:54.726000,161,495.59113018207285,3.0,0.5388258333333333,10.0,True
2_39_90_440_2019-10-28 16:43:51.455494,156,296.02342745098036,1.0,0.20568187499999996,12.0,True
2_39_90_440_2019-10-29 16:32:49.514152,104,225.91325588235293,2.0,0.5607316503267973,13.0,True
2_39_90_440_2019-10-30 17:56:22.555889,119,366.13746258169937,2.0,0.7065195138888889,15.0,True
2_39_91_437_2018-11-02 15:40:25.015537,192,1012.2530616512873,0.0,0.0,0.0,False
2_39_91_437_2018-11-05 05:47:35.971246,124,809.9173157212884,1.0,0.6081815277777778,7.0,True
2_39_91_437_2018-11-05 16:00:14.709657,106,337.77559519565403,1.0,0.3847646527777778,8.0,True
2_39_91_437_2018-11-06 00:38:54.629570,30,49.593239110644255,0.0,0.0,0.0,False
2_39_91_437_2018-11-06 16:49:22.821228,104,325.82918439481057,1.0,0.3599354520697168,9.0,True
2_39_91_437_2018-11-07 00:50:40.204789,270,952.8147594756738,0.0,0.0,0.0,False
2_39_91_437_2018-11-07 16:17:19.638130,187,999.2924279786475,2.0,0.8698494349128539,23.0,True
2_39_91_437_2018-11-08 16:25:59.835493,189,1001.4454856338149,1.0,1.16472615919906,37.0,True
2_39_91_437_2018-11-09 14:04:27.775883,76,248.8410966407105,0.0,0.0,0.0,False
2_39_91_437_2018-11-09 16:11:21.262898,189,974.0850312278236,2.0,1.2526975162886795,31.0,True
2_39_91_437_2018-11-10 18:01:46.397242,32,56.02660049203892,0.0,0.0,0.0,False
2_39_91_437_2018-11-10 18:42:05.164739,32,55.23272663828689,0.0,0.0,0.0,False
2_39_91_437_2018-11-11 03:39:20.145217,162,576.2348957946336,0.0,0.0,0.0,False
2_39_91_437_2018-11-12 17:55:31.305908,70,171.21510005589954,2.0,2.013390435965322,39.0,True
2_39_91_437_2018-11-13 16:31:48.100882,176,865.6870232047922,2.0,1.3396030975472326,35.0,True
2_39_91_437_2018-11-14 17:50:30.776546,31,52.105899969002444,0.0,0.0,0.0,False
2_39_91_437_2018-11-14 21:42:10.793616,34,56.646183870025745,0.0,0.0,0.0,False
2_39_91_437_2018-11-15 02:59:59.799910,118,754.572799352548,1.0,0.49343515931372545,6.0,True
2_39_91_437_2018-11-15 16:36:38.386795,58,111.5487858844415,2.0,0.6067956440631808,10.0,True
2_39_91_437_2018-11-16 15:55:12.070204,191,975.6635625513161,3.0,1.1451792948875459,23.0,True
2_39_91_437_2018-11-19 03:08:08.527054,143,878.5453747284879,0.0,0.0,0.0,False
2_39_91_437_2018-11-19 15:50:00.500298,222,1175.2302378274676,4.0,1.332082757363179,22.0,True
2_39_91_437_2018-11-20 15:10:48.067267,52,311.2655258827215,0.0,0.0,0.0,False
2_39_91_437_2018-11-20 17:21:06.646579,31,52.19814804814638,0.0,0.0,0.0,False
2_39_91_437_2018-11-20 19:01:35.636529,44,107.16998377774186,2.0,3.1684251382903588,29.0,True
2_39_91_437_2018-11-21 15:28:20.087812,110,658.4795918840662,1.0,0.29304405637254904,7.0,True
2_39_91_437_2018-11-22 05:51:31.187841,120,370.8666347424935,2.0,8.5922739885969,85.0,True
2_39_91_437_2018-11-25 18:22:38.419901,31,50.454052485994396,0.0,0.0,0.0,False
2_39_91_437_2018-11-26 17:16:34.062574,75,208.48350350290832,0.0,0.0,0.0,False
2_39_91_437_2018-11-26 20:47:22.181905,79,299.0278831392206,2.0,1.6864885261151243,19.0,True
2_39_91_437_2018-11-27 17:32:13.722906,68,107.613279582393,1.0,0.685585512985896,11.0,True
2_39_91_437_2018-11-28 17:09:20.659934,156,506.3043550522319,4.0,1.9657430092071384,41.0,True
2_39_91_437_2018-11-29 16:31:26.806859,63,125.12424976903041,2.0,0.5856370529878618,8.0,True
2_39_91_437_2018-11-30 16:48:39.331308,63,126.1057904178338,1.0,0.26206554738562093,8.0,True
2_39_91_437_2019-03-02 22:11:32.487987,183,1142.160702264239,0.0,0.0,0.0,False
2_39_91_437_2019-03-03 16:12:28.494035,31,57.43538366013072,0.0,0.0,0.0,False
2_39_91_437_2019-03-04 18:10:41.581176,122,714.4053761082871,0.0,0.0,0.0,False
2_39_91_437_2019-03-05 21:19:47.030550,25,66.58020542717087,1.0,0.33387352299253037,8.0,True
2_39_91_437_2019-03-06 21:40:12.291587,124,393.7052215021906,1.0,0.3544780555555555,9.0,True
2_39_91_437_2019-03-07 19:53:40.418410,88,253.79747749766574,2.0,0.8116588848039217,17.0,True
2_39_91_437_2019-03-08 01:54:18.647839,143,449.89481864630466,0.0,0.0,0.0,False
2_39_91_437_2019-03-08 18:09:57.951811,271,1728.9049854784018,1.0,0.9116483251633987,24.0,True
2_39_91_437_2019-03-11 01:18:20.006896,135,809.164463631742,1.0,0.5894475852007469,8.0,True
2_39_91_437_2019-03-11 17:17:33.019137,66,176.49737028143426,2.0,0.850371571969697,18.0,True
2_39_91_437_2019-03-12 02:04:56.812568,119,755.0023904411764,1.0,0.5676781944444445,7.0,True
2_39_91_437_2019-03-12 17:19:35.190056,151,794.3683469269158,2.0,0.42774075194821515,6.0,True
2_39_91_437_2019-03-13 16:03:55.571443,107,336.9117477382181,1.0,0.4237723529411765,10.0,True
2_39_91_437_2019-03-14 18:15:32.302739,50,125.60219734838287,2.0,0.7879206183823586,18.0,True
2_39_91_437_2019-03-15 18:20:35.663025,43,106.06004660057005,1.0,0.5260565114379084,16.0,True
2_39_91_437_2019-03-16 16:42:05.031582,85,266.98962895658264,1.0,0.4180107638888889,9.0,True
2_39_91_437_2019-03-18 02:06:07.590246,324,2134.944597897854,0.0,0.0,0.0,False
2_39_91_437_2019-03-18 18:38:12.020641,148,892.126089923312,0.0,0.0,0.0,False
2_39_91_437_2019-03-19 16:46:01.226334,50,94.09175150560225,1.0,0.31228807598039215,11.0,True
2_39_91_437_2019-03-20 16:31:14.366506,130,416.6819297465477,6.0,1.7983265712995722,34.0,True
2_39_91_437_2019-03-21 00:06:31.667165,65,220.73887369819724,1.0,0.13158180555555554,6.0,True
2_39_91_437_2019-03-21 22:21:18.241454,272,932.1615959943673,2.0,0.4475623721476894,12.0,True
2_39_91_437_2019-03-22 18:01:56.390451,132,437.1989985644258,3.0,1.401566842903828,26.0,True
2_39_91_437_2019-03-26 16:29:55.195487,101,327.8235362549473,1.0,0.288270386002886,9.0,True
2_39_91_437_2019-03-27 15:59:06.813684,56,167.08790165912518,2.0,0.6754580555555555,9.0,True
2_39_91_437_2019-03-28 00:03:13.834791,123,375.8063533883729,1.0,0.5168652995642701,15.0,True
2_39_91_437_2019-03-28 15:41:15.064461,270,917.3934429897716,7.0,0.9877644117647058,8.0,True
2_39_91_437_2019-03-29 16:00:02.031826,136,760.7458759130575,1.0,0.691564869595274,12.0,True
2_39_91_437_2019-04-08 16:43:07.045078,77,204.22925706205558,1.0,0.5322673611111112,16.0,True
2_39_91_437_2019-04-09 17:03:04.927965,59,114.0907718715624,1.0,0.34132151143790845,10.0,True
2_39_91_437_2019-04-14 20:20:58.473932,110,362.5283322712418,0.0,0.0,0.0,False
2_39_91_437_2019-04-15 16:49:29.639144,45,81.65291053921568,1.0,0.3512787745098039,11.0,True
2_39_91_437_2019-04-16 15:31:35.755884,129,814.2943149472947,1.0,0.5631058333333333,7.0,True
2_39_91_437_2019-04-16 23:52:35.477123,32,51.33538179271709,0.0,0.0,0.0,False
2_39_91_437_2019-04-17 00:24:38.461396,21,33.16928836188321,0.0,0.0,0.0,False
2_39_91_437_2019-04-17 15:30:13.286331,62,374.83980481099996,1.0,0.5765222916666666,10.0,True
2_39_91_437_2019-04-18 17:03:45.318336,80,470.7982612044818,0.0,0.0,0.0,False
2_39_91_437_2019-04-18 18:33:11.945993,43,230.24470608974357,1.0,0.7629723611111111,13.0,True
2_39_91_437_2019-04-19 16:42:08.272091,67,131.28360423669469,2.0,0.6767277777777777,11.0,True
2_39_91_437_2019-04-22 16:59:00.981455,124,779.2620409663865,1.0,0.7691910416666667,16.0,True
2_39_91_437_2019-04-23 16:11:39.900950,67,129.86651911764707,2.0,0.68036,11.0,True
2_39_91_437_2019-04-24 15:53:59.885655,152,503.8904026960784,4.0,0.7993652777777777,8.0,True
2_39_91_437_2019-04-26 16:48:07.051908,109,362.4127072021116,1.0,0.3814752474323063,8.0,True
2_39_91_437_2019-04-28 01:27:54.218478,325,2081.3798214681688,1.0,0.7580226515942635,21.0,True
2_39_91_437_2019-04-28 22:30:50.118655,49,142.54254926470588,1.0,0.43591250000000004,13.0,True
2_39_91_437_2019-04-29 16:36:18.313410,48,255.65484607843138,1.0,0.7660751348039215,14.0,True
2_39_91_437_2019-04-30 16:20:00.956539,59,114.43016775210084,1.0,0.3468921854575163,11.0,True
2_39_91_437_2019-05-01 15:45:27.916726,170,1019.9243887434461,1.0,0.41641124999999996,7.0,True
2_39_91_437_2019-05-03 01:29:24.728158,214,753.4447093954249,1.0,0.12539999999999998,6.0,True
2_39_91_437_2019-05-03 15:26:37.243561,102,592.6127615196078,1.0,0.8410523366013073,13.0,True
2_39_91_437_2019-05-05 15:52:14.019221,35,85.01107524509804,2.0,0.7548675653594772,13.0,True
2_39_91_437_2019-05-06 16:59:29.274505,132,801.7802933669959,0.0,0.0,0.0,False
2_39_91_437_2019-05-07 15:42:46.782906,68,132.81910734004128,2.0,0.6852633662280702,11.0,True
2_39_91_437_2019-05-08 15:37:07.685440,125,814.6300624996692,1.0,0.5596665972222221,6.0,True
2_39_91_437_2019-05-09 16:26:15.889522,70,138.3864258776956,1.0,0.32461607609710547,11.0,True
2_39_91_437_2019-05-10 01:28:45.888224,230,813.4839467903828,1.0,0.2984862050653595,5.0,True
2_39_91_437_2019-05-10 19:38:41.729462,59,116.76175588235294,2.0,0.6358490277777777,8.0,True
2_39_91_437_2019-05-11 23:18:35.275226,322,2117.0475062582927,1.0,0.8700495710784312,19.0,True
2_39_91_437_2019-05-13 13:48:57.552530,93,296.8633015657545,1.0,0.37634395833333334,8.0,True
2_39_91_437_2019-05-13 23:43:58.279211,77,470.01083783422456,0.0,0.0,0.0,False
2_39_91_437_2019-05-14 16:32:42.030885,60,116.34576706349206,2.0,0.6146561805555555,10.0,True
2_39_91_437_2019-05-15 15:30:38.035790,140,826.6232387371615,1.0,0.7475152083333333,13.0,True
2_39_91_437_2019-05-16 15:45:36.499298,68,136.78532083333332,2.0,0.6259490972222221,9.0,True
2_39_91_437_2019-05-16 23:16:29.662820,85,258.9677916316527,1.0,0.3904526388888889,15.0,True
2_39_91_437_2019-05-17 15:13:29.641508,137,808.8203880952381,1.0,0.7927336805555555,12.0,True
2_39_91_437_2019-05-17 19:19:55.069195,32,53.105996160130715,0.0,0.0,0.0,False
2_39_91_437_2019-05-18 02:14:01.327135,201,713.880656267507,3.0,2.7638015091036414,90.0,True
2_39_91_437_2019-05-18 22:30:07.436402,44,127.31756698179272,1.0,0.3210424632352941,11.0,True
2_39_91_437_2019-05-19 22:58:33.758368,31,47.88203382352941,0.0,0.0,0.0,False
2_39_91_437_2019-05-20 15:53:37.494575,57,109.12620983214498,1.0,0.36073476307189545,12.0,True
2_39_91_437_2019-05-20 19:59:16.123149,30,49.62144166666667,1.0,0.28731229166666666,10.0,True
2_39_91_437_2019-05-21 15:17:13.654997,79,488.7176921864934,1.0,0.6025313194444445,8.0,True
2_39_91_437_2019-05-22 16:28:26.307975,55,103.87679230736154,1.0,0.31341804602396506,11.0,True
2_39_91_437_2019-05-23 17:34:30.645103,31,46.20522976190476,0.0,0.0,0.0,False
2_39_91_437_2019-05-24 16:29:25.871680,125,379.1921960784314,2.0,0.7571175939542484,17.0,True
2_39_91_437_2019-05-26 21:55:18.916869,394,2614.136351190476,1.0,0.7972014583333333,21.0,True
2_39_91_437_2019-05-28 20:17:35.132805,31,51.685761519607844,0.0,0.0,0.0,False
2_39_91_437_2019-05-29 15:06:59.639331,14,84.82315210268318,0.0,0.0,0.0,False
2_39_91_437_2019-05-29 15:28:00.669575,61,116.3665612745098,1.0,0.3343349305555556,11.0,True
2_39_91_437_2019-05-30 15:26:46.799700,48,274.81729362745097,1.0,0.6775963807189543,9.0,True
2_39_91_437_2019-05-31 16:33:37.472216,202,651.9430105392157,1.0,0.28736925595238094,9.0,True
2_39_91_437_2019-08-01 18:29:14.311161,32,53.198025,0.0,0.0,0.0,False
2_39_91_437_2019-08-01 20:55:38.197645,63,126.14556666666667,2.0,0.5689122222222223,8.0,True
2_39_91_437_2019-08-02 15:51:21.912243,40,55.61645088031636,0.0,0.0,0.0,False
2_39_91_437_2019-08-08 22:04:25.552690,88,511.7059174019608,1.0,0.8559558234126984,12.0,True
2_39_91_437_2019-08-09 16:56:11.894088,212,645.614478250018,2.0,0.5747470138888888,12.0,True
2_39_91_437_2019-08-10 19:09:15.857058,17,44.069433193388996,1.0,0.505743730793487,11.0,True
2_39_91_437_2019-08-12 15:08:27.829461,115,710.0049741873065,1.0,0.6624079166666665,8.0,True
2_39_91_437_2019-08-14 16:20:56.606432,219,669.0535317936105,7.0,2.4945868507768605,51.0,True
2_39_91_437_2019-08-15 13:37:51.946492,105,661.6358944444445,0.0,0.0,0.0,False
2_39_91_437_2019-08-15 17:23:54.512250,220,756.6941614847055,7.0,3.0723702344402666,75.0,True
2_39_91_437_2019-08-15 21:15:50.584831,30,51.44835827743378,0.0,0.0,0.0,False
2_39_91_437_2019-08-16 16:02:25.617949,136,839.3261757564675,0.0,0.0,0.0,False
2_39_91_437_2019-08-16 18:39:13.790740,65,188.17379166666666,2.0,0.7828622222222221,15.0,True
2_39_91_437_2019-08-19 13:37:09.394824,71,432.24057435897436,0.0,0.0,0.0,False
2_39_91_437_2019-08-19 17:14:25.770876,119,723.8994981596834,0.0,0.0,0.0,False
2_39_91_437_2019-08-19 20:13:35.573884,33,57.35444289215686,0.0,0.0,0.0,False
2_39_91_437_2019-08-20 13:34:47.956764,68,415.56726987874094,0.0,0.0,0.0,False
2_39_91_437_2019-08-20 16:28:58.542880,135,643.7673537262273,2.0,1.1382929248366014,26.0,True
2_39_91_437_2019-08-21 16:33:48.266196,83,251.40098452806654,3.0,1.3272869796939242,33.0,True
2_39_91_437_2019-08-22 17:46:56.558894,84,272.1038111111111,3.0,0.7028119675925926,8.0,True
2_39_91_437_2019-08-23 16:50:55.274118,62,125.31184852941176,2.0,0.6271266993464053,8.0,True
2_39_91_437_2019-08-24 19:37:56.746067,437,2596.9336888229373,3.0,1.7486057218925584,29.0,True
2_39_91_437_2019-08-26 16:34:03.132876,87,210.01683406862745,5.0,1.371161899509804,14.0,True
2_39_91_437_2019-08-27 16:06:49.130600,131,827.6406808006535,1.0,0.5902579861111111,7.0,True
2_39_91_437_2019-08-28 15:55:58.405632,103,572.8732545222114,1.0,0.6653466812558356,11.0,True
2_39_91_437_2019-08-29 15:43:05.978161,38,192.4373028280543,1.0,0.7018852777777778,10.0,True
2_39_91_437_2019-08-30 15:10:59.125374,30,45.08384226190476,0.0,0.0,0.0,False
2_39_91_437_2019-08-31 18:11:12.841473,41,244.71028848039214,1.0,0.34256006944444445,6.0,True
2_39_91_437_2019-10-01 16:30:17.147528,56,104.79378674242425,1.0,0.3601006944444444,13.0,True
2_39_91_437_2019-10-02 18:30:04.952743,32,49.74252202380952,0.0,0.0,0.0,False
2_39_91_437_2019-10-02 21:38:34.550469,31,49.6669637254902,0.0,0.0,0.0,False
2_39_91_437_2019-10-02 22:09:30.749853,31,49.85683095238095,0.0,0.0,0.0,False
2_39_91_437_2019-10-03 18:35:32.205977,115,191.884133302005,3.0,1.4659295540935675,33.0,True
2_39_91_437_2019-10-04 17:27:37.475156,31,51.69497230392157,0.0,0.0,0.0,False
2_39_91_437_2019-10-04 19:30:18.758549,31,51.71971642156863,0.0,0.0,0.0,False
2_39_91_437_2019-10-04 23:55:23.004592,206,670.2193606499709,0.0,0.0,0.0,False
2_39_91_437_2019-10-07 16:38:10.475388,287,964.414497153092,4.0,6.106621825980391,132.0,True
2_39_91_437_2019-10-08 15:16:32.906185,34,195.33254198916407,1.0,0.6136597916666666,7.0,True
2_39_91_437_2019-10-08 23:09:05.637852,89,295.9012752899878,2.0,1.3736512433862431,38.0,True
2_39_91_437_2019-10-09 16:09:28.758171,91,289.535585330654,1.0,0.2629136020531401,9.0,True
2_39_91_437_2019-10-10 15:01:06.444287,232,1396.663944887955,1.0,0.7504813357843139,12.0,True
2_39_91_437_2019-10-10 23:28:32.575432,48,136.8436218137255,1.0,0.4182137459150328,14.0,True
2_39_91_437_2019-10-11 16:13:17.508000,32,128.83943955333882,1.0,0.5882957638888887,12.0,True
2_39_91_437_2019-10-11 16:47:07.272212,48,120.79504535972283,1.0,0.506770625,16.0,True
2_39_91_437_2019-10-14 16:33:12.146976,103,671.1592624829676,0.0,0.0,0.0,False
2_39_91_437_2019-10-14 18:26:54.899256,40,102.04831587301587,1.0,0.4788335498366013,15.0,True
2_39_91_437_2019-10-15 16:02:12.170044,292,978.8132822231647,8.0,3.471052425344406,69.0,True
2_39_91_437_2019-10-16 16:18:29.457133,39,95.77593872549019,1.0,0.5032826552287583,15.0,True
2_39_91_437_2019-10-17 16:57:18.367579,147,473.5586320537306,1.0,0.10911034722222222,6.0,True
2_39_91_437_2019-10-18 16:16:30.288014,42,106.93587321428572,1.0,0.4714596527777778,15.0,True
2_39_91_437_2019-10-21 17:14:59.188668,54,156.32605822829132,1.0,0.44651951388888894,12.0,True
2_39_91_437_2019-10-22 17:18:47.634369,62,167.52736151960784,2.0,0.46988493055555564,10.0,True
2_39_91_437_2019-10-23 17:22:28.707206,56,106.46681307189543,1.0,0.34754340277777773,11.0,True
2_39_91_437_2019-10-24 15:11:30.891176,147,847.0554671036523,1.0,0.6804097399237474,11.0,True
2_39_91_437_2019-10-25 01:30:28.372355,228,805.5120244281046,5.0,3.2296440645424833,74.0,True
2_39_91_437_2019-10-25 17:06:55.040444,126,717.2417193131602,0.0,0.0,0.0,False
2_39_91_437_2019-10-26 07:36:37.638121,382,2253.5378401206635,2.0,1.2902554022121668,39.0,True
2_39_91_437_2019-10-27 18:15:17.595372,279,969.9274539215686,8.0,2.082301928104575,17.0,True
2_39_91_437_2019-10-28 15:49:01.565649,52,270.5567706582633,1.0,0.7662161642156863,14.0,True
2_39_91_437_2019-10-29 16:23:38.365845,49,118.28903354280308,2.0,0.8110487134502924,18.0,True
2_39_91_437_2019-10-31 19:08:33.857653,66,133.09033684640522,2.0,0.648878125,9.0,True
2_39_91_441_2018-11-02 15:30:30.259006,32,51.85987991363212,0.0,0.0,0.0,False
2_39_91_441_2018-11-05 16:47:57.692570,31,51.62243842879257,0.0,0.0,0.0,False
2_39_91_441_2018-11-06 16:58:16.987763,133,890.8807531235061,0.0,0.0,0.0,False
2_39_91_441_2018-11-06 21:03:23.770014,133,795.9857725601239,1.0,0.7394380457373008,12.0,True
2_39_91_441_2018-11-07 20:42:43.093515,117,394.154217720678,2.0,0.695575882876655,9.0,True
2_39_91_441_2018-11-08 17:15:38.560635,111,692.1447989390812,0.0,0.0,0.0,False
2_39_91_441_2018-11-09 17:52:45.403179,180,1158.2419512856898,1.0,0.5271138913255362,10.0,True
2_39_91_441_2018-11-12 21:13:29.585081,59,392.43705031512604,0.0,0.0,0.0,False
2_39_91_441_2018-11-12 23:06:16.588795,92,300.2744166666667,0.0,0.0,0.0,False
2_39_91_441_2018-11-13 15:12:09.136266,94,599.9816979360165,0.0,0.0,0.0,False
2_39_91_441_2018-11-14 14:45:04.842651,143,863.1327313166495,0.0,0.0,0.0,False
2_39_91_441_2018-11-14 17:57:31.267924,44,236.28608843186396,0.0,0.0,0.0,False
2_39_91_441_2018-11-15 16:58:01.969513,87,508.81009454234277,1.0,0.20843095242283521,6.0,True
2_39_91_441_2018-11-16 17:04:31.919336,17,85.73525839593412,0.0,0.0,0.0,False
2_39_91_441_2018-11-19 16:25:04.852754,31,50.26711218548823,0.0,0.0,0.0,False
2_39_91_441_2018-11-20 15:34:03.564090,145,873.5519886665193,0.0,0.0,0.0,False
2_39_91_441_2018-11-21 14:56:37.461840,135,811.9286039866823,1.0,0.5160159755802906,11.0,True
2_39_91_441_2018-11-26 16:21:03.194382,410,2111.432116830207,0.0,0.0,0.0,False
2_39_91_441_2018-11-27 16:19:26.485648,259,1248.167816583335,0.0,0.0,0.0,False
2_39_91_441_2018-11-28 16:17:55.157777,145,955.0954413515406,0.0,0.0,0.0,False
2_39_91_441_2018-11-28 21:39:33.039912,109,598.731673471055,1.0,0.7992621609477125,12.0,True
2_39_91_441_2018-11-29 18:02:41.731511,191,1136.5012944204875,1.0,0.5705010089869281,11.0,True
2_39_91_441_2018-11-30 17:00:17.990749,186,1163.80456538901,1.0,0.7213880727554178,15.0,True
2_39_91_441_2019-03-04 18:16:56.503147,110,669.4883586847019,1.0,0.738357741791161,16.0,True
2_39_91_441_2019-03-06 17:20:52.161907,101,625.7253664512774,1.0,0.9150460345577626,17.0,True
2_39_91_441_2019-03-07 16:58:40.541060,143,872.227941814601,1.0,0.18220104166666665,5.0,True
2_39_91_441_2019-03-08 21:39:15.759787,144,506.7399646103896,2.0,0.28768691993464046,7.0,True
2_39_91_441_2019-03-11 19:29:53.370484,31,46.47071421568627,0.0,0.0,0.0,False
2_39_91_441_2019-03-13 16:11:09.408372,115,696.5454083333333,1.0,0.24837444444444445,7.0,True
2_39_91_441_2019-03-14 19:34:49.655930,146,507.41907828862315,4.0,0.6354577899877899,12.0,True
2_39_91_441_2019-03-25 14:44:11.912031,281,936.4588549953314,7.0,2.1125297300031125,31.0,True
2_39_91_441_2019-03-28 20:45:42.930497,68,228.61583064435564,0.0,0.0,0.0,False
2_39_91_441_2019-03-29 16:29:41.687433,133,865.7062550101858,0.0,0.0,0.0,False
2_39_91_441_2019-04-02 17:08:32.855571,215,1428.1949636904762,0.0,0.0,0.0,False
2_39_91_441_2019-04-04 19:19:23.557241,148,522.6422179738562,3.0,0.8078012336601306,17.0,True
2_39_91_441_2019-04-04 22:27:26.133566,130,863.8874644030419,0.0,0.0,0.0,False
2_39_91_441_2019-04-05 15:57:50.055170,355,2340.084313305322,1.0,0.7983720138888889,19.0,True
2_39_91_441_2019-04-08 17:16:44.150594,73,231.21979394771895,2.0,0.5648513194444444,9.0,True
2_39_91_441_2019-04-09 04:52:20.206290,539,3615.466009783762,0.0,0.0,0.0,False
2_39_91_441_2019-04-09 16:06:12.227896,163,1067.209363065611,0.0,0.0,0.0,False
2_39_91_441_2019-04-10 17:53:20.180010,33,52.948325925665316,0.0,0.0,0.0,False
2_39_91_441_2019-04-12 18:41:21.924730,103,384.49873080065356,1.0,1.4723440972222224,47.0,True
2_39_91_441_2019-04-15 16:56:10.049336,56,332.84226666666666,1.0,0.5984098611111112,7.0,True
2_39_91_441_2019-04-16 17:23:29.893722,95,533.6463408263305,0.0,0.0,0.0,False
2_39_91_441_2019-04-17 17:29:17.111579,35,54.68807912210338,0.0,0.0,0.0,False
2_39_91_441_2019-04-18 17:30:36.524875,89,526.089649859944,0.0,0.0,0.0,False
2_39_91_441_2019-04-22 17:27:13.666556,57,347.4405328877005,1.0,0.5930974305555556,7.0,True
2_39_91_441_2019-04-23 17:28:32.910223,81,477.7839603649833,0.0,0.0,0.0,False
2_39_91_441_2019-04-23 22:47:44.846491,32,54.606945725834194,0.0,0.0,0.0,False
2_39_91_441_2019-04-24 16:58:59.827984,108,674.7660416666666,1.0,0.6989681249999999,14.0,True
2_39_91_441_2019-05-01 17:26:10.624460,50,294.268625,1.0,0.27140308531746027,7.0,True
2_39_91_441_2019-05-03 20:53:04.899083,169,1050.926399894958,0.0,0.0,0.0,False
2_39_91_441_2019-05-07 17:07:42.368123,104,384.95821908754726,2.0,1.5723304166666665,47.0,True
2_39_91_441_2019-05-08 17:07:22.922850,112,714.1685821545285,1.0,0.6886613194444444,14.0,True
2_39_91_441_2019-05-15 19:53:44.336084,118,388.6739906862745,2.0,0.6039034722222223,8.0,True
2_39_91_441_2019-05-17 17:11:23.813271,105,638.4795776844071,1.0,0.2223252777777778,6.0,True
2_39_91_441_2019-05-20 16:54:32.445723,206,1279.9640761437909,0.0,0.0,0.0,False
2_39_91_441_2019-05-21 17:32:26.660212,36,55.689677863777085,0.0,0.0,0.0,False
2_39_91_441_2019-05-22 17:56:37.415678,30,48.3616725490196,0.0,0.0,0.0,False
2_39_91_441_2019-05-24 16:59:22.025629,113,680.329643872549,0.0,0.0,0.0,False
2_39_91_441_2019-05-28 17:14:37.670097,109,682.9040458333333,1.0,0.7219365277777777,15.0,True
2_39_91_441_2019-05-29 17:36:34.469608,124,741.4043556605975,1.0,0.23382805555555553,6.0,True
2_39_91_441_2019-05-30 16:46:51.758963,178,1084.4195894607842,0.0,0.0,0.0,False
2_39_91_441_2019-08-06 22:54:15.030805,31,50.63782163547237,0.0,0.0,0.0,False
2_39_91_441_2019-08-12 20:33:29.907677,125,403.24558333333334,3.0,1.6596881944444442,35.0,True
2_39_91_441_2019-08-13 17:10:28.915914,17,110.32916274509803,0.0,0.0,0.0,False
2_39_91_441_2019-08-14 17:05:42.822353,45,111.49382001723767,2.0,0.7912458874703727,15.0,True
2_39_91_441_2019-08-19 21:04:18.918957,76,217.09266985294119,2.0,0.8126042361111111,17.0,True
2_39_91_441_2019-08-21 16:31:42.289364,213,1399.1506092277261,0.0,0.0,0.0,False
2_39_91_441_2019-08-22 16:07:52.664706,107,663.5232620372232,1.0,0.7248644199439478,13.0,True
2_39_91_441_2019-08-23 19:33:33.477683,140,959.6791126403828,0.0,0.0,0.0,False
2_39_91_441_2019-08-27 17:49:01.158420,267,1741.626979042771,0.0,0.0,0.0,False
2_39_91_441_2019-08-30 17:42:05.335785,65,213.01564179505135,2.0,0.4953128935185185,18.0,True
2_39_91_441_2019-10-01 19:37:56.485142,62,125.0734619047619,2.0,0.6255777777777778,9.0,True
2_39_91_441_2019-10-02 17:08:00.167936,52,317.8375226190476,0.0,0.0,0.0,False
2_39_91_441_2019-10-02 18:41:23.982628,60,120.92613480392157,2.0,0.6050447916666667,8.0,True
2_39_91_441_2019-10-03 17:10:38.547030,57,338.80898651960786,1.0,0.6312350694444445,7.0,True
2_39_91_441_2019-10-03 19:24:02.367729,117,387.84622916666666,3.0,0.7051881535947713,8.0,True
2_39_91_441_2019-10-04 19:42:34.340636,169,562.5947243104935,1.0,0.5491455929487179,9.0,True
2_39_91_441_2019-10-07 17:31:14.233346,438,2920.886261706349,0.0,0.0,0.0,False
2_39_91_441_2019-10-08 16:54:24.296140,119,818.5226577380952,0.0,0.0,0.0,False
2_39_91_441_2019-10-09 17:47:09.177721,33,57.004359615384615,0.0,0.0,0.0,False
2_39_91_441_2019-10-10 20:14:25.042021,166,809.8793642156862,3.0,1.7142505678104574,38.0,True
2_39_91_441_2019-10-11 17:35:37.001501,116,717.869087745098,0.0,0.0,0.0,False
2_39_91_441_2019-10-14 17:10:53.654480,31,48.857561764705885,0.0,0.0,0.0,False
2_39_91_441_2019-10-17 16:34:35.440731,122,817.5227228991596,0.0,0.0,0.0,False
2_39_91_441_2019-10-21 17:52:19.439835,126,674.8030621732026,0.0,0.0,0.0,False
2_39_91_441_2019-10-22 18:33:50.818203,364,2408.7485621381884,0.0,0.0,0.0,False
2_39_91_441_2019-10-23 16:46:20.259695,269,1443.1809078323636,0.0,0.0,0.0,False
2_39_91_441_2019-10-24 17:12:09.740292,113,675.4348318771098,0.0,0.0,0.0,False
2_39_91_441_2019-10-28 18:19:15.823774,117,713.614576149096,1.0,0.2316570098039215,6.0,True
2_39_91_441_2019-10-29 17:10:30.473200,73,254.95445833333332,2.0,0.9465286805555555,26.0,True
2_39_91_441_2019-10-29 19:36:58.318886,103,612.2600053921568,1.0,0.48623215277777765,9.0,True
2_39_91_441_2019-10-29 22:09:40.273206,103,636.8729507002801,1.0,0.7500249305555555,15.0,True
2_39_91_441_2019-10-30 20:36:40.597400,32,57.795541666666665,0.0,0.0,0.0,False
2_39_92_436_2018-11-02 16:29:31.912434,110,701.9864802238267,0.0,0.0,0.0,False
2_39_92_436_2018-11-03 22:16:03.085846,31,49.79507740429505,0.0,0.0,0.0,False
2_39_92_436_2018-11-05 16:47:03.923502,164,833.623326996696,1.0,0.6110149264705883,7.0,True
2_39_92_436_2018-11-06 18:14:40.850981,31,50.887484302054155,0.0,0.0,0.0,False
2_39_92_436_2018-11-07 17:00:11.746049,72,141.84610807209646,1.0,0.3607446688132988,12.0,True
2_39_92_436_2018-11-08 16:46:08.414528,59,114.54551069401445,1.0,0.35725569444444444,11.0,True
2_39_92_436_2018-11-09 16:18:05.876128,181,1223.902495872157,0.0,0.0,0.0,False
2_39_92_436_2018-11-10 00:10:03.475549,93,626.5399957762052,0.0,0.0,0.0,False
2_39_92_436_2018-11-12 17:23:18.540299,32,56.373716514939304,0.0,0.0,0.0,False
2_39_92_436_2018-11-13 18:05:02.709311,114,418.3869525154799,1.0,1.3402509259259257,45.0,True
2_39_92_436_2018-11-14 05:37:27.361093,37,253.3452530228758,0.0,0.0,0.0,False
2_39_92_436_2018-11-14 16:35:48.948565,31,46.91421051610928,0.0,0.0,0.0,False
2_39_92_436_2018-11-14 19:11:44.034713,32,49.1049149921372,0.0,0.0,0.0,False
2_39_92_436_2018-11-15 15:49:02.912619,302,955.2456570227889,0.0,0.0,0.0,False
2_39_92_436_2018-11-15 21:16:33.018361,41,70.97143717320262,0.0,0.0,0.0,False
2_39_92_436_2018-11-16 16:42:08.121370,70,134.71975399339223,1.0,0.36456460375816996,12.0,True
2_39_92_436_2018-11-19 20:52:31.996750,64,132.99261460022606,1.0,0.34067714869281046,8.0,True
2_39_92_436_2018-11-20 15:25:15.627662,45,213.47837797227282,0.0,0.0,0.0,False
2_39_92_436_2018-11-21 17:48:33.805930,171,530.1941502076269,3.0,12.19364070239938,90.0,True
2_39_92_436_2018-11-26 17:29:49.766261,56,104.98240366630367,2.0,3.103767980983391,25.0,True
2_39_92_436_2018-11-27 18:00:10.899571,34,62.44989211238108,0.0,0.0,0.0,False
2_39_92_436_2018-11-28 17:53:08.076228,76,235.67703499066292,0.0,0.0,0.0,False
2_39_92_436_2018-11-29 16:49:09.541728,146,780.5852795645574,0.0,0.0,0.0,False
2_39_92_436_2018-11-29 20:38:54.178695,124,397.1483982706836,2.0,0.6440238451213818,8.0,True
2_39_92_436_2018-11-30 17:46:03.713787,105,605.7809524779142,1.0,0.22126225490196075,6.0,True
2_39_92_436_2019-03-01 19:23:56.715924,32,54.764720833333335,0.0,0.0,0.0,False
2_39_92_436_2019-03-05 00:03:16.011760,290,1015.8899150622125,9.0,1.438591875852905,12.0,True
2_39_92_436_2019-03-06 17:31:36.749669,30,104.27852279178337,0.0,0.0,0.0,False
2_39_92_436_2019-03-07 19:43:57.078543,103,648.8206619047619,0.0,0.0,0.0,False
2_39_92_436_2019-03-08 16:34:23.918644,163,941.5727442079464,1.0,0.8168492647058824,13.0,True
2_39_92_436_2019-03-08 21:21:05.033466,120,392.0330015873016,1.0,0.3295752083333333,8.0,True
2_39_92_436_2019-03-11 19:50:06.219958,62,217.68764666691237,2.0,0.7418791206775106,21.0,True
2_39_92_436_2019-03-13 20:20:07.148203,60,185.62492832633052,1.0,0.3014740277777778,8.0,True
2_39_92_436_2019-03-14 16:26:33.159947,115,635.3007619359098,1.0,0.52842125,11.0,True
2_39_92_436_2019-03-18 17:29:39.674873,200,1184.4483905260079,0.0,0.0,0.0,False
2_39_92_436_2019-03-20 16:42:29.096217,64,122.54484057689854,2.0,0.6424386836502278,12.0,True
2_39_92_436_2019-03-21 18:10:25.435774,47,117.82354711472308,1.0,0.4372356540247679,14.0,True
2_39_92_436_2019-03-22 15:56:26.137084,80,273.67579480493504,5.0,0.8999087272132171,11.0,True
2_39_92_436_2019-03-22 21:34:05.616632,245,855.1309165837066,7.0,2.353840507768232,27.0,True
2_39_92_436_2019-03-24 19:56:40.808370,68,452.8517553518644,0.0,0.0,0.0,False
2_39_92_436_2019-03-26 19:10:19.150667,64,129.3315809164004,2.0,0.5461224972766885,8.0,True
2_39_92_436_2019-03-28 19:43:03.848809,125,396.20867756949286,4.0,0.8152509758399638,10.0,True
2_39_92_436_2019-03-29 22:37:22.214247,65,131.47731750760104,1.0,0.2683061838824243,8.0,True
2_39_92_436_2019-04-01 16:36:39.019044,51,98.34673227124183,2.0,0.4913338602941177,6.0,True
2_39_92_436_2019-04-02 16:57:44.017168,57,109.40036209869885,2.0,0.7281739576473865,12.0,True
2_39_92_436_2019-04-04 17:04:29.324665,54,101.50395955335085,2.0,0.6518722467320262,12.0,True
2_39_92_436_2019-04-05 21:13:30.630630,72,232.658305586189,0.0,0.0,0.0,False
2_39_92_436_2019-04-08 17:14:55.096611,146,757.2162208492488,1.0,0.7058663888888889,14.0,True
2_39_92_436_2019-04-09 17:51:25.985547,119,428.6323746848739,1.0,1.0007548447712418,25.0,True
2_39_92_436_2019-04-10 16:22:30.184715,78,228.08256941049146,2.0,0.7430537731481484,25.0,True
2_39_92_436_2019-04-11 16:09:02.223464,106,644.1417927871148,1.0,0.7773990925536882,14.0,True
2_39_92_436_2019-04-12 15:01:23.256151,114,360.16072054154995,1.0,0.456593263888889,9.0,True
2_39_92_436_2019-04-15 21:00:06.705275,118,387.3642058132227,1.0,0.3252963194444444,8.0,True
2_39_92_436_2019-04-16 16:58:20.973374,104,332.33213692810455,6.0,1.5578965345860567,16.0,True
2_39_92_436_2019-04-17 16:41:24.833389,47,84.17621666666666,2.0,0.3913670833333333,8.0,True
2_39_92_436_2019-04-18 17:58:45.907662,67,134.55637794117646,2.0,0.6246665277777779,9.0,True
2_39_92_436_2019-04-19 19:48:19.683474,118,389.33364705882354,1.0,0.27007916666666665,7.0,True
2_39_92_436_2019-04-22 15:15:44.808306,28,44.82977965686274,0.0,0.0,0.0,False
2_39_92_436_2019-04-22 19:06:36.266953,56,107.61633392857142,2.0,0.5917427777777777,9.0,True
2_39_92_436_2019-04-23 16:45:54.960926,132,797.6360194506474,1.0,0.5411717197712419,7.0,True
2_39_92_436_2019-04-24 16:43:36.932626,64,129.17765773809523,2.0,0.555665625,8.0,True
2_39_92_436_2019-04-26 16:56:17.722024,45,84.5364112745098,2.0,0.6140599305555554,10.0,True
2_39_92_436_2019-04-29 17:11:07.411922,55,105.652275,1.0,0.3729152777777777,11.0,True
2_39_92_436_2019-04-30 16:22:59.070020,68,378.64141555484514,1.0,0.8087526388888889,16.0,True
2_39_92_436_2019-05-02 20:17:30.717984,121,396.1673317577031,1.0,0.4055204861111111,8.0,True
2_39_92_436_2019-05-03 17:19:43.246041,76,217.55140923202615,1.0,0.5016558905228758,15.0,True
2_39_92_436_2019-05-06 17:05:28.356690,64,121.28855277777778,2.0,0.5890857407407408,13.0,True
2_39_92_436_2019-05-07 16:38:35.675523,118,520.9985600496339,2.0,1.2697231168300651,36.0,True
2_39_92_436_2019-05-07 23:16:08.800708,87,267.3637579124307,1.0,0.40506437500000003,15.0,True
2_39_92_436_2019-05-08 16:26:46.296147,66,128.18951151960783,2.0,0.6576778717320262,12.0,True
2_39_92_436_2019-05-09 21:12:43.908712,116,362.9420105392157,2.0,0.8143737867647058,16.0,True
2_39_92_436_2019-05-10 17:07:25.233587,110,685.390730882353,1.0,0.697903263888889,14.0,True
2_39_92_436_2019-05-13 16:25:18.892425,39,56.91618133407634,0.0,0.0,0.0,False
2_39_92_436_2019-05-14 16:15:03.440217,100,293.61402230392156,0.0,0.0,0.0,False
2_39_92_436_2019-05-15 16:10:04.336617,44,113.82006544117647,2.0,0.8022536315359476,15.0,True
2_39_92_436_2019-05-17 01:44:48.504472,219,783.1022534313726,4.0,0.5608095098039214,9.0,True
2_39_92_436_2019-05-17 16:49:20.151615,57,172.69339583333334,1.0,0.3817412103174603,11.0,True
2_39_92_436_2019-05-20 16:54:51.140596,89,301.9948958333333,1.0,0.3256589583333333,6.0,True
2_39_92_436_2019-05-20 19:13:49.734464,63,124.77614583333333,2.0,0.628468888888889,9.0,True
2_39_92_436_2019-05-21 21:36:10.980237,68,239.77348714066028,1.0,1.1433610874899103,27.0,True
2_39_92_436_2019-05-22 17:15:08.498014,109,678.8115129201681,1.0,0.6736480555555556,14.0,True
2_39_92_436_2019-05-24 17:05:01.440180,133,847.5711310457516,1.0,0.6827961968954248,8.0,True
2_39_92_436_2019-05-28 17:00:52.299503,85,353.5082973922663,0.0,0.0,0.0,False
2_39_92_436_2019-05-29 15:38:42.446331,126,732.6653794117647,1.0,0.7777033333333335,13.0,True
2_39_92_436_2019-05-30 16:26:30.923068,140,407.6753874766573,2.0,0.6216122916666666,21.0,True
2_39_92_436_2019-05-31 16:42:59.905350,64,124.6217943277311,1.0,0.3291451960784314,11.0,True
2_39_92_436_2019-05-31 19:43:01.396683,19,49.69584872721018,1.0,0.2585067933006536,8.0,True
2_39_92_436_2019-08-01 22:10:36.791824,43,124.80537254901961,1.0,0.36227173611111113,12.0,True
2_39_92_436_2019-08-02 21:55:10.244365,33,56.22884433760684,0.0,0.0,0.0,False
2_39_92_436_2019-08-06 17:32:04.253159,60,119.43368161764705,2.0,0.5882778921568627,8.0,True
2_39_92_436_2019-08-07 16:25:28.410949,58,109.69922745098039,1.0,0.31523958333333335,11.0,True
2_39_92_436_2019-08-08 18:14:42.373073,56,109.34100416666666,2.0,0.6174077328431372,8.0,True
2_39_92_436_2019-08-09 18:32:02.294107,108,336.17987105570296,1.0,0.5393828077342048,15.0,True
2_39_92_436_2019-08-13 17:29:38.968855,17,111.03079455128206,0.0,0.0,0.0,False
2_39_92_436_2019-08-14 16:28:26.175189,160,645.7990137807755,1.0,0.7671983333333334,20.0,True
2_39_92_436_2019-08-15 18:50:22.223970,31,44.9250125,0.0,0.0,0.0,False
2_39_92_436_2019-08-16 19:54:08.671703,121,402.2458996920563,3.0,0.8925332638888888,14.0,True
2_39_92_436_2019-08-19 18:55:02.468227,104,311.4565615312792,1.0,0.5750275694444444,15.0,True
2_39_92_436_2019-08-20 19:53:13.802496,119,389.66155172311346,1.0,0.3000122222222223,7.0,True
2_39_92_436_2019-08-21 17:06:36.590295,115,533.8006081699347,1.0,0.9945158333333332,28.0,True
2_39_92_436_2019-08-22 13:37:44.918152,97,634.257072910831,0.0,0.0,0.0,False
2_39_92_436_2019-08-22 18:47:51.411114,132,839.3436414565826,1.0,0.6479682638888888,7.0,True
2_39_92_436_2019-08-23 17:57:58.189584,117,743.209412429972,1.0,0.7048400816993464,12.0,True
2_39_92_436_2019-08-26 17:01:01.879641,113,715.4288144607843,0.0,0.0,0.0,False
2_39_92_436_2019-08-27 17:16:55.486350,124,688.2543625,3.0,1.1126652777777777,14.0,True
2_39_92_436_2019-08-28 16:42:11.147515,96,576.9229573325367,1.0,0.19618382761437908,6.0,True
2_39_92_436_2019-10-02 16:51:23.476442,119,702.7489114980607,0.0,0.0,0.0,False
2_39_92_436_2019-10-03 16:55:27.843166,40,96.93352393048129,1.0,0.6365240972222221,15.0,True
2_39_92_436_2019-10-04 01:04:26.122353,253,896.2358813958917,3.0,4.789181140094926,120.0,True
2_39_92_436_2019-10-04 18:27:32.445832,45,110.36338333333333,2.0,0.7974590277777777,15.0,True
2_39_92_436_2019-10-08 16:46:35.676054,59,356.52544926470586,1.0,0.542750625,7.0,True
2_39_92_436_2019-10-09 00:19:50.312855,265,931.5094069733157,3.0,0.6867204861111109,20.0,True
2_39_92_436_2019-10-09 20:01:04.766142,78,475.42871498599436,0.0,0.0,0.0,False
2_39_92_436_2019-10-09 23:30:38.856142,70,202.09304166666666,2.0,1.4407893749999996,28.0,True
2_39_92_436_2019-10-10 17:14:50.380756,110,694.8058019257703,1.0,0.38777451388888895,5.0,True
2_39_92_436_2019-10-10 19:28:02.180466,118,386.82767116192633,1.0,0.3930924305555556,8.0,True
2_39_92_436_2019-10-14 17:12:08.444533,97,578.0763562091503,0.0,0.0,0.0,False
2_39_92_436_2019-10-15 16:36:28.490676,151,958.1986659221583,1.0,0.768378263888889,15.0,True
2_39_92_436_2019-10-16 17:11:40.857925,105,618.9142274626518,0.0,0.0,0.0,False
2_39_92_436_2019-10-19 00:01:14.949570,41,113.98897684937612,1.0,0.349681670751634,12.0,True
2_39_92_436_2019-10-22 16:28:47.141303,294,982.7744659663865,6.0,6.303396216736694,115.0,True
2_39_92_436_2019-10-23 16:21:22.227405,22,33.34436887254902,0.0,0.0,0.0,False
2_39_92_436_2019-10-23 17:30:14.218549,85,550.7365146358543,0.0,0.0,0.0,False
2_39_92_436_2019-10-23 19:25:51.356850,120,399.0884078979973,1.0,0.7802982158119658,8.0,True
2_39_92_436_2019-10-24 17:12:51.364941,157,490.04455348115937,1.0,0.24995049679487188,13.0,True
2_39_92_436_2019-10-24 20:38:14.448524,32,53.426095833333335,0.0,0.0,0.0,False
2_39_92_436_2019-10-28 17:19:57.110315,213,716.8217199579832,0.0,0.0,0.0,False
2_39_92_436_2019-10-29 17:47:24.514403,205,1287.373526704015,0.0,0.0,0.0,False
2_39_92_436_2019-10-30 20:02:42.043641,20,56.399165277777776,1.0,0.5216986805555556,14.0,True
2_39_92_436_2019-10-31 16:27:44.074981,42,106.28824220354808,2.0,0.7005105555555556,15.0,True
2_39_92_442_2018-11-02 20:10:56.159158,50,94.98782692723942,0.0,0.0,0.0,False
2_39_92_442_2018-11-05 16:19:08.657093,254,679.4374075681757,1.0,0.2729258265250545,8.0,True
2_39_92_442_2018-11-05 22:07:54.334676,109,645.204345236182,0.0,0.0,0.0,False
2_39_92_442_2018-11-06 15:20:29.357525,113,341.29608182503773,2.0,0.5706454003267973,9.0,True
2_39_92_442_2018-11-12 16:32:18.501831,403,2710.0192304137513,0.0,0.0,0.0,False
2_39_92_442_2018-11-13 01:59:42.047875,31,53.971477468180254,0.0,0.0,0.0,False
2_39_92_442_2018-11-13 17:08:56.873654,153,1045.1052430684554,0.0,0.0,0.0,False
2_39_92_442_2018-11-13 20:33:59.759592,226,1405.9543564945131,0.0,0.0,0.0,False
2_39_92_442_2018-11-14 17:35:05.075302,31,52.24817895658263,0.0,0.0,0.0,False
2_39_92_442_2018-11-14 20:53:30.098268,33,92.51045448179272,1.0,0.36632661706349207,8.0,True
2_39_92_442_2018-11-15 16:08:38.755560,32,52.50582272408963,0.0,0.0,0.0,False
2_39_92_442_2018-11-16 02:24:26.768709,31,53.85368067226891,0.0,0.0,0.0,False
2_39_92_442_2018-11-16 15:15:14.578320,79,476.1645791141736,0.0,0.0,0.0,False
2_39_92_442_2018-11-17 00:51:49.809069,317,2193.015329035825,0.0,0.0,0.0,False
2_39_92_442_2018-11-19 18:37:26.585902,183,908.5314531420463,1.0,4.157778730936819,44.0,True
2_39_92_442_2018-11-20 17:43:15.162156,157,995.8721745098039,1.0,0.5725908333333334,9.0,True
2_39_92_442_2018-11-21 17:34:15.036267,273,948.7260635037348,3.0,18.34521921996576,147.0,True
2_39_92_442_2018-11-26 16:55:15.885361,100,518.9125485163572,0.0,0.0,0.0,False
2_39_92_442_2018-11-27 16:47:13.041122,70,92.81636137930697,0.0,0.0,0.0,False
2_39_92_442_2018-11-29 17:40:56.738832,60,76.13651745786893,0.0,0.0,0.0,False
2_39_92_442_2018-11-30 16:07:13.662627,465,3056.79183121342,1.0,0.8039874926081544,22.0,True
2_39_92_442_2019-03-01 16:43:17.053137,378,2518.216776505602,1.0,0.7711561111111112,22.0,True
2_39_92_442_2019-03-04 17:06:40.230617,176,1109.0943294772221,1.0,0.6662738194444445,15.0,True
2_39_92_442_2019-03-04 22:15:59.134269,33,179.15822083333333,1.0,0.7284497916666666,12.0,True
2_39_92_442_2019-03-05 16:42:48.358356,497,3291.39896370762,0.0,0.0,0.0,False
2_39_92_442_2019-03-06 21:16:59.460918,65,132.23677923239472,1.0,0.28184152777777777,8.0,True
2_39_92_442_2019-03-07 18:20:46.487950,272,1445.023349602672,2.0,1.389972434927187,47.0,True
2_39_92_442_2019-03-08 16:09:48.018961,395,2595.1376069400762,1.0,0.9262122920966632,22.0,True
2_39_92_442_2019-03-12 15:22:54.140318,430,2864.347607377577,0.0,0.0,0.0,False
2_39_92_442_2019-03-13 22:21:49.654985,120,428.2907349458204,0.0,0.0,0.0,False
2_39_92_442_2019-03-15 15:23:30.680825,182,1149.1688254848093,1.0,0.8781772916666668,21.0,True
2_39_92_442_2019-03-18 15:43:23.101673,312,2008.1591539968201,0.0,0.0,0.0,False
2_39_92_442_2019-03-20 16:26:15.355728,86,500.3436086915535,0.0,0.0,0.0,False
2_39_92_442_2019-03-21 15:42:34.532396,313,2032.18523115969,1.0,0.9713111073063646,24.0,True
2_39_92_442_2019-03-22 16:13:55.353390,180,1194.321113931996,0.0,0.0,0.0,False
2_39_92_442_2019-03-26 17:44:38.179143,117,384.7608144293615,5.0,1.1549299114774114,9.0,True
2_39_92_442_2019-03-27 16:03:32.861137,545,3496.6733929597362,1.0,0.9401625694444443,30.0,True
2_39_92_442_2019-03-28 15:45:04.980477,411,2711.2433442428655,0.0,0.0,0.0,False
2_39_92_442_2019-03-29 20:53:57.717762,172,1163.5928081996435,0.0,0.0,0.0,False
2_39_92_442_2019-04-01 20:46:35.055125,125,788.779779003268,0.0,0.0,0.0,False
2_39_92_442_2019-04-02 15:41:53.760262,109,654.8982424259177,1.0,0.1774455191798942,5.0,True
2_39_92_442_2019-04-03 16:05:35.907174,106,625.5000291666666,1.0,0.26662548611111114,7.0,True
2_39_92_442_2019-04-05 15:58:17.967394,255,1734.2724124299718,0.0,0.0,0.0,False
2_39_92_442_2019-04-08 15:13:29.109840,339,2212.5703691671074,0.0,0.0,0.0,False
2_39_92_442_2019-04-09 18:07:44.287563,196,1202.4152416666666,0.0,0.0,0.0,False
2_39_92_442_2019-04-10 16:52:11.186784,226,1342.4772472572363,0.0,0.0,0.0,False
2_39_92_442_2019-04-11 14:01:40.894076,210,1255.7822279411764,0.0,0.0,0.0,False
2_39_92_442_2019-04-16 15:51:55.216471,67,431.3889600490196,0.0,0.0,0.0,False
2_39_92_442_2019-04-17 16:11:25.309228,122,480.3729278944911,0.0,0.0,0.0,False
2_39_92_442_2019-04-19 15:42:34.704216,155,1031.0207546092795,0.0,0.0,0.0,False
2_39_92_442_2019-04-22 15:23:11.139473,403,2710.786467717087,0.0,0.0,0.0,False
2_39_92_442_2019-04-23 15:52:12.700270,155,1008.396081553169,0.0,0.0,0.0,False
2_39_92_442_2019-04-24 16:02:07.216956,175,1169.6739022408963,0.0,0.0,0.0,False
2_39_92_442_2019-04-25 19:19:01.209312,135,830.8767738445378,1.0,0.3663047916666667,9.0,True
2_39_92_442_2019-04-26 15:18:42.026987,340,2259.7890303317595,0.0,0.0,0.0,False
2_39_92_442_2019-04-28 16:53:55.324355,322,2231.3060314264167,0.0,0.0,0.0,False
2_39_92_442_2019-04-29 17:13:09.608151,207,1272.8843894491129,0.0,0.0,0.0,False
2_39_92_442_2019-04-30 15:51:58.864062,203,1335.1507360294117,0.0,0.0,0.0,False
2_39_92_442_2019-05-01 15:43:14.131837,464,3134.133370837251,0.0,0.0,0.0,False
2_39_92_442_2019-05-02 18:01:21.044022,228,1386.6352859484311,0.0,0.0,0.0,False
2_39_92_442_2019-05-03 16:33:08.312556,171,1054.1915063799204,1.0,0.16558479166666662,5.0,True
2_39_92_442_2019-05-05 18:46:46.938907,116,718.3135676470588,0.0,0.0,0.0,False
2_39_92_442_2019-05-06 15:56:56.110904,185,1203.0971446078431,1.0,0.6514861683006536,13.0,True
2_39_92_442_2019-05-07 17:07:06.007506,134,734.7705360914541,0.0,0.0,0.0,False
2_39_92_442_2019-05-07 22:01:26.503322,167,831.0711520080839,3.0,1.1478653614121086,27.0,True
2_39_92_442_2019-05-08 20:35:04.105284,77,488.1232924369748,1.0,0.6649476388888889,13.0,True
2_39_92_442_2019-05-09 17:42:27.963479,121,747.9544620098039,0.0,0.0,0.0,False
2_39_92_442_2019-05-10 15:11:39.827049,465,3102.95325276203,0.0,0.0,0.0,False
2_39_92_442_2019-05-13 15:21:17.725252,495,3213.8775529009604,1.0,0.5528931903594771,12.0,True
2_39_92_442_2019-05-14 21:56:08.856526,102,695.8163791221034,0.0,0.0,0.0,False
2_39_92_442_2019-05-15 17:23:30.859341,437,2951.349498638943,0.0,0.0,0.0,False
2_39_92_442_2019-05-16 19:15:41.212648,236,1615.1433049019608,0.0,0.0,0.0,False
2_39_92_442_2019-05-17 15:14:11.226523,259,1400.28290133951,1.0,0.6846177923669468,12.0,True
2_39_92_442_2019-05-19 04:49:03.086270,205,1290.7065175420169,0.0,0.0,0.0,False
2_39_92_442_2019-05-20 18:06:22.573433,118,388.7250719771242,2.0,0.6835292361111109,10.0,True
2_39_92_442_2019-05-21 17:01:16.832451,82,319.7983132239315,0.0,0.0,0.0,False
2_39_92_442_2019-05-21 18:56:41.024171,503,3408.016925138213,1.0,0.7459243055555556,16.0,True
2_39_92_442_2019-05-22 17:09:38.563719,82,509.4240318043884,1.0,0.5656600163398694,7.0,True
2_39_92_442_2019-05-24 15:23:51.831816,237,1533.676185249228,1.0,0.8861534027777777,22.0,True
2_39_92_442_2019-05-28 16:55:58.745410,31,52.158591666666666,0.0,0.0,0.0,False
2_39_92_442_2019-05-29 16:31:36.443316,209,1257.932871941496,0.0,0.0,0.0,False
2_39_92_442_2019-05-30 17:14:01.747072,135,680.2361546230773,1.0,0.7097667129629629,14.0,True
2_39_92_442_2019-05-31 15:15:12.881459,350,2258.7035845588234,0.0,0.0,0.0,False
2_39_92_442_2019-08-01 19:02:42.758289,20,124.09501785714285,0.0,0.0,0.0,False
2_39_92_442_2019-08-02 21:36:05.870701,51,129.40193205128205,2.0,0.4445322222222222,12.0,True
2_39_92_442_2019-08-05 16:03:07.780690,233,1503.2575062140645,0.0,0.0,0.0,False
2_39_92_442_2019-08-07 18:21:21.095691,70,134.6404316993464,1.0,0.21088843001089325,8.0,True
2_39_92_442_2019-08-08 15:45:53.159930,399,2494.811272222222,2.0,1.194911664731682,16.0,True
2_39_92_442_2019-08-11 04:41:44.351030,226,1345.666275625952,1.0,0.7104077235982112,12.0,True
2_39_92_442_2019-08-12 16:21:36.454497,437,2596.1882690509638,3.0,1.1510377686761837,14.0,True
2_39_92_442_2019-08-13 16:49:50.618980,17,109.21756217948717,0.0,0.0,0.0,False
2_39_92_442_2019-08-14 17:32:28.031706,32,51.44678725490196,0.0,0.0,0.0,False
2_39_92_442_2019-08-14 20:19:49.387178,35,80.64705999312005,2.0,0.6418462668415319,13.0,True
2_39_92_442_2019-08-16 15:39:25.560001,322,2108.129561862488,0.0,0.0,0.0,False
2_39_92_442_2019-08-19 17:06:19.009609,258,865.15661811481,4.0,1.3477559903127916,24.0,True
2_39_92_442_2019-08-20 15:49:16.074903,118,718.2356675420168,0.0,0.0,0.0,False
2_39_92_442_2019-08-20 21:35:19.554468,271,1760.6620286764705,0.0,0.0,0.0,False
2_39_92_442_2019-08-21 17:02:33.821242,190,571.3892037622509,4.0,0.8726286535768154,11.0,True
2_39_92_442_2019-08-26 19:31:02.818861,304,2019.2234100840335,0.0,0.0,0.0,False
2_39_92_442_2019-08-27 16:41:15.966372,224,685.5796441197691,6.0,1.2948687745098042,23.0,True
2_39_92_442_2019-08-28 16:36:12.739657,96,616.0192142270225,0.0,0.0,0.0,False
2_39_92_442_2019-08-29 15:53:42.825383,383,2410.9805379704444,0.0,0.0,0.0,False
2_39_92_442_2019-08-30 15:42:20.976538,31,43.66470694444444,1.0,0.0765122222222222,9.0,True
2_39_92_442_2019-10-01 16:54:38.064210,114,745.1023385180995,0.0,0.0,0.0,False
2_39_92_442_2019-10-02 17:06:03.374584,149,958.7876434927817,0.0,0.0,0.0,False
2_39_92_442_2019-10-03 15:08:45.300350,320,2101.8120932123434,1.0,0.2698029265873016,9.0,True
2_39_92_442_2019-10-04 17:12:09.305070,294,1968.5809867458522,0.0,0.0,0.0,False
2_39_92_442_2019-10-08 15:22:19.524357,351,2315.839702649393,1.0,0.7002059027777778,16.0,True
2_39_92_442_2019-10-09 17:04:07.511146,133,715.9304949585975,0.0,0.0,0.0,False
2_39_92_442_2019-10-10 16:34:57.540763,298,1011.1778094691385,14.0,3.6715547872336063,29.0,True
2_39_92_442_2019-10-11 16:39:25.141139,204,1346.575982761438,0.0,0.0,0.0,False
2_39_92_442_2019-10-12 20:51:13.416007,117,360.3179382352941,2.0,0.675170486111111,14.0,True
2_39_92_442_2019-10-14 15:24:20.027375,135,423.55472552889574,1.0,0.43042722222222224,14.0,True
2_39_92_442_2019-10-15 15:28:46.702153,51,345.2230268907563,0.0,0.0,0.0,False
2_39_92_442_2019-10-17 16:04:03.184292,290,1898.0978554738563,1.0,0.8871355555555556,18.0,True
2_39_92_442_2019-10-18 15:19:35.253613,172,1087.3777602025425,1.0,0.8144299305555556,17.0,True
2_39_92_442_2019-10-18 22:18:28.071527,44,287.33545833333335,0.0,0.0,0.0,False
2_39_92_442_2019-10-22 16:57:26.019593,191,1142.8542296568628,0.0,0.0,0.0,False
2_39_92_442_2019-10-23 15:31:50.964665,348,2184.9828065604243,1.0,0.7169704540598291,13.0,True
2_39_92_442_2019-10-24 16:30:53.286007,260,1724.9974812048504,0.0,0.0,0.0,False
2_39_92_442_2019-10-25 18:24:30.526452,149,474.67561155462187,0.0,0.0,0.0,False
2_39_92_442_2019-10-28 16:12:25.702193,255,1684.1486160014006,0.0,0.0,0.0,False
2_39_92_442_2019-10-29 16:26:08.184641,198,803.4179094654528,1.0,0.39375155909586057,10.0,True
2_39_92_442_2019-10-30 17:38:50.169395,115,508.4678723039216,0.0,0.0,0.0,False
2_39_95_27_2018-11-02 16:52:57.380785,32,59.45114022301228,0.0,0.0,0.0,False
2_39_95_27_2018-11-02 19:27:23.818609,141,246.39302000442797,0.0,0.0,0.0,False
2_39_95_27_2018-11-03 04:35:13.629102,435,2935.460457218332,1.0,0.7619333732103951,19.0,True
2_39_95_27_2018-11-03 22:23:29.480636,31,45.57105271493213,1.0,0.1717220299145299,8.0,True
2_39_95_27_2018-11-04 18:31:22.085389,31,55.300821762516804,0.0,0.0,0.0,False
2_39_95_27_2018-11-05 17:36:08.979619,34,56.684669542020586,0.0,0.0,0.0,False
2_39_95_27_2018-11-06 15:16:50.952928,83,512.6272871732026,1.0,0.4080132175925926,8.0,True
2_39_95_27_2018-11-07 18:41:18.644576,225,1474.2751958270487,1.0,0.8042307924836601,19.0,True
2_39_95_27_2018-11-08 16:48:09.268968,60,204.38401262838468,0.0,0.0,0.0,False
2_39_95_27_2018-11-08 18:32:23.363105,134,474.3824517089292,0.0,0.0,0.0,False
2_39_95_27_2018-11-09 01:17:21.487167,18,60.08313446969697,0.0,0.0,0.0,False
2_39_95_27_2018-11-09 16:28:55.043811,82,370.24698822990734,1.0,0.14144790791316528,7.0,True
2_39_95_27_2018-11-09 21:16:58.984352,32,53.53503022875817,0.0,0.0,0.0,False
2_39_95_27_2018-11-10 00:58:07.468590,44,287.2234721872082,0.0,0.0,0.0,False
2_39_95_27_2018-11-10 18:41:43.278938,415,2788.6720532401423,1.0,0.7987496691176472,20.0,True
2_39_95_27_2018-11-11 06:05:37.981122,32,52.664113888888885,0.0,0.0,0.0,False
2_39_95_27_2018-11-11 16:41:47.909602,89,283.71951011374244,1.0,0.25083854166666664,5.0,True
2_39_95_27_2018-11-12 17:52:24.602875,156,959.0740659141727,0.0,0.0,0.0,False
2_39_95_27_2018-11-13 17:08:31.798371,115,377.8851571320836,1.0,0.3673956821895425,9.0,True
2_39_95_27_2018-11-14 15:12:21.214415,193,1053.8865120636715,2.0,1.3152308564814814,32.0,True
2_39_95_27_2018-11-15 02:23:19.615780,136,473.63314199185044,0.0,0.0,0.0,False
2_39_95_27_2018-11-15 17:34:13.129913,32,51.95953316365007,0.0,0.0,0.0,False
2_39_95_27_2018-11-15 20:19:43.768973,131,396.88637107843135,1.0,0.26745559640522876,7.0,True
2_39_95_27_2018-11-16 03:12:35.510998,147,486.6110658963585,1.0,0.5097534150326798,18.0,True
2_39_95_27_2018-11-16 17:36:35.091008,86,253.63289472455648,2.0,1.475973248132586,46.0,True
2_39_95_27_2018-11-19 00:34:34.498565,31,53.66222729925303,0.0,0.0,0.0,False
2_39_95_27_2018-11-19 18:01:56.499286,31,57.76113731940144,0.0,0.0,0.0,False
2_39_95_27_2018-11-19 23:41:06.392033,58,391.61673830532214,0.0,0.0,0.0,False
2_39_95_27_2018-11-20 16:03:35.504940,452,2611.4971447739354,0.0,0.0,0.0,False
2_39_95_27_2018-11-21 05:48:35.016688,77,475.5530383169934,0.0,0.0,0.0,False
2_39_95_27_2018-11-21 15:11:42.834586,202,1138.0358478558292,2.0,2.4811419094304386,21.0,True
2_39_95_27_2018-11-21 19:43:41.325116,71,451.08910409663866,0.0,0.0,0.0,False
2_39_95_27_2018-11-26 17:05:12.786141,187,899.4643741813484,0.0,0.0,0.0,False
2_39_95_27_2018-11-26 21:13:40.519178,136,613.1887869584664,0.0,0.0,0.0,False
2_39_95_27_2018-11-27 01:40:08.040345,110,368.67831340946634,6.0,5.3758011223036215,29.0,True
2_39_95_27_2018-11-27 16:23:02.995122,145,405.5732717254237,3.0,0.9631588266145619,8.0,True
2_39_95_27_2018-11-28 18:48:08.187243,105,352.2749703488634,1.0,0.44908631944444444,9.0,True
2_39_95_27_2018-11-29 17:40:23.495380,265,1535.8934541634444,0.0,0.0,0.0,False
2_39_95_27_2018-11-30 18:03:13.384604,140,797.8660764992146,0.0,0.0,0.0,False
2_39_95_27_2019-03-01 15:31:28.971253,37,59.6675654036495,0.0,0.0,0.0,False
2_39_95_27_2019-03-03 04:50:39.759006,558,3502.6263551070047,1.0,1.0366531840074575,37.0,True
2_39_95_27_2019-03-03 23:24:58.175867,123,386.1681931931545,1.0,0.4911415277777777,15.0,True
2_39_95_27_2019-03-04 20:00:03.040561,95,288.463789757628,1.0,0.5235956974969475,17.0,True
2_39_95_27_2019-03-05 19:09:52.324145,94,486.9848731406665,0.0,0.0,0.0,False
2_39_95_27_2019-03-06 17:30:04.493760,37,62.39752007110537,0.0,0.0,0.0,False
2_39_95_27_2019-03-07 18:02:01.567046,121,717.9146945261438,0.0,0.0,0.0,False
2_39_95_27_2019-03-08 18:09:42.487144,114,681.9355024159663,0.0,0.0,0.0,False
2_39_95_27_2019-03-09 20:02:09.138882,98,679.2699970487845,0.0,0.0,0.0,False
2_39_95_27_2019-03-11 16:13:56.909578,77,257.2988766110523,4.0,0.6370227266034619,11.0,True
2_39_95_27_2019-03-11 19:59:55.544745,121,395.50606023576097,1.0,0.36110298844537814,9.0,True
2_39_95_27_2019-03-12 18:53:46.894867,135,452.3481940395389,3.0,0.8482593178104575,13.0,True
2_39_95_27_2019-03-13 18:30:36.188275,64,127.57509388601595,2.0,0.612241556372549,8.0,True
2_39_95_27_2019-03-15 16:26:24.172385,161,980.5801496853636,1.0,0.8036943055555557,12.0,True
2_39_95_27_2019-03-16 03:26:59.559285,31,104.12432328431372,1.0,0.24743159722222222,5.0,True
2_39_95_27_2019-03-16 18:29:52.686654,120,371.9042396125117,1.0,0.34059487745098044,8.0,True
2_39_95_27_2019-03-17 15:02:35.908510,97,330.5817127199598,1.0,0.2589094444444444,5.0,True
2_39_95_27_2019-03-18 17:53:33.892417,59,201.97494479888448,1.0,0.10416819444444443,5.0,True
2_39_95_27_2019-03-18 19:23:52.646109,107,351.6639116830065,1.0,0.32293493055555555,8.0,True
2_39_95_27_2019-03-19 17:04:26.053410,140,454.0264422502334,6.0,1.6401733496732027,21.0,True
2_39_95_27_2019-03-20 15:47:39.867638,8,46.569454644955144,0.0,0.0,0.0,False
2_39_95_27_2019-03-20 16:10:46.546153,117,672.6208028657617,1.0,0.7931638194444444,13.0,True
2_39_95_27_2019-03-20 19:43:42.487528,120,393.954454248366,1.0,0.32921805555555556,9.0,True
2_39_95_27_2019-03-21 20:19:30.154562,123,398.17998480392157,1.0,0.36434172385620917,9.0,True
2_39_95_27_2019-03-22 17:23:34.964402,122,722.0798311507937,1.0,0.8406166666666666,13.0,True
2_39_95_27_2019-03-25 23:05:16.906056,101,332.46575661021984,0.0,0.0,0.0,False
2_39_95_27_2019-03-26 15:44:19.259061,85,316.31014653679654,0.0,0.0,0.0,False
2_39_95_27_2019-03-27 15:43:39.651827,78,432.69906414565827,1.0,0.8527782638888886,13.0,True
2_39_95_27_2019-03-28 17:00:38.539436,102,560.9693204481792,0.0,0.0,0.0,False
2_39_95_27_2019-03-29 15:31:50.751725,44,286.98363333333333,0.0,0.0,0.0,False
2_39_95_27_2019-03-29 16:17:21.278960,191,1293.012243942577,0.0,0.0,0.0,False
2_39_95_27_2019-03-30 19:57:38.670354,358,2312.8883892156864,1.0,0.8245231658496731,21.0,True
2_39_95_27_2019-04-01 16:21:18.425884,33,53.74270340909091,0.0,0.0,0.0,False
2_39_95_27_2019-04-02 19:10:53.912313,32,53.4294125,0.0,0.0,0.0,False
2_39_95_27_2019-04-02 23:53:54.085989,134,456.03271357069144,4.0,0.7990865686274509,11.0,True
2_39_95_27_2019-04-04 00:13:32.398828,85,276.5991573879552,0.0,0.0,0.0,False
2_39_95_27_2019-04-04 16:23:08.961155,105,377.4786943277311,1.0,1.5634661805555554,53.0,True
2_39_95_27_2019-04-05 17:16:21.051596,116,378.1001841503268,1.0,0.28894250000000005,7.0,True
2_39_95_27_2019-04-06 22:33:34.865666,121,373.1184306372549,2.0,0.728898125,16.0,True
2_39_95_27_2019-04-08 16:03:00.096492,194,656.9459970970206,5.0,1.569071392973856,21.0,True
2_39_95_27_2019-04-09 15:29:34.382475,161,843.7958288917781,0.0,0.0,0.0,False
2_39_95_27_2019-04-10 15:10:51.135179,106,573.9674119090619,1.0,0.8047527042483659,13.0,True
2_39_95_27_2019-04-10 21:43:14.186410,99,595.1681468137255,0.0,0.0,0.0,False
2_39_95_27_2019-04-11 15:34:30.116157,127,792.5956824229692,1.0,0.6405894146825396,7.0,True
2_39_95_27_2019-04-12 14:40:27.132647,10,55.81431666666667,0.0,0.0,0.0,False
2_39_95_27_2019-04-12 16:41:06.254361,31,54.12482083333333,0.0,0.0,0.0,False
2_39_95_27_2019-04-12 22:56:15.530565,34,58.324049264705884,1.0,0.30261076388888886,11.0,True
2_39_95_27_2019-04-13 05:43:20.108973,547,3722.9725378618114,0.0,0.0,0.0,False
2_39_95_27_2019-04-14 00:55:48.119540,355,2274.019508578431,1.0,0.34392298611111116,7.0,True
2_39_95_27_2019-04-15 17:10:48.501981,100,554.754675,0.0,0.0,0.0,False
2_39_95_27_2019-04-16 14:42:18.448987,178,868.9321808629193,1.0,0.5160865645424837,8.0,True
2_39_95_27_2019-04-16 21:54:44.286692,82,264.89173556624405,1.0,0.4658182638888889,13.0,True
2_39_95_27_2019-04-17 15:42:56.475564,197,1161.0273424603174,1.0,0.7869288194444445,12.0,True
2_39_95_27_2019-04-18 16:32:04.077679,111,426.392054741964,3.0,1.078873472039233,14.0,True
2_39_95_27_2019-04-19 16:56:10.314742,45,118.99029507110536,1.0,0.5004923570261437,15.0,True
2_39_95_27_2019-04-19 22:20:06.190004,112,358.01790261437907,2.0,0.3587628472222222,8.0,True
2_39_95_27_2019-04-21 16:16:02.823390,90,275.5853863445378,1.0,0.2370665277777778,5.0,True
2_39_95_27_2019-04-22 17:09:15.120407,109,527.2773644607843,0.0,0.0,0.0,False
2_39_95_27_2019-04-23 16:14:04.970856,132,649.1674863095238,1.0,0.9883134027777779,30.0,True
2_39_95_27_2019-04-24 15:05:39.077575,199,1221.2857726307188,1.0,0.734193263888889,11.0,True
2_39_95_27_2019-04-24 19:46:03.651628,121,398.0229080532213,1.0,0.3763017361111112,8.0,True
2_39_95_27_2019-04-25 17:12:09.333359,64,126.13545340174531,2.0,0.6354520138888888,11.0,True
2_39_95_27_2019-04-26 18:35:58.148043,42,108.09561331847891,1.0,0.4916825746187365,15.0,True
2_39_95_27_2019-04-27 21:04:59.593333,68,232.52023406862745,1.0,0.2514632638888889,5.0,True
2_39_95_27_2019-04-28 18:23:01.905221,31,57.26358511904762,0.0,0.0,0.0,False
2_39_95_27_2019-04-29 15:48:57.204657,97,577.4269995915032,1.0,0.694552037037037,11.0,True
2_39_95_27_2019-04-29 18:16:47.738411,118,384.1012980962321,1.0,0.3771212500000001,9.0,True
2_39_95_27_2019-04-30 16:33:01.732517,141,836.095010461202,1.0,0.6628941666666667,8.0,True
2_39_95_27_2019-05-01 15:35:21.813898,265,1783.9888616013072,0.0,0.0,0.0,False
2_39_95_27_2019-05-02 17:38:11.200433,60,121.15214161010557,1.0,0.2565288888888889,8.0,True
2_39_95_27_2019-05-04 22:30:19.831562,101,316.96423848039217,1.0,0.41430118055555554,15.0,True
2_39_95_27_2019-05-06 15:44:18.916411,123,802.8888985724114,1.0,0.6081902083333333,7.0,True
2_39_95_27_2019-05-07 03:43:33.567939,119,371.7463803921569,2.0,0.7563092361111111,16.0,True
2_39_95_27_2019-05-07 16:13:40.716988,270,1837.0149244481256,0.0,0.0,0.0,False
2_39_95_27_2019-05-08 15:23:02.435833,149,897.572887990196,1.0,0.07306814133986927,5.0,True
2_39_95_27_2019-05-09 17:26:51.119879,59,404.54094471288516,0.0,0.0,0.0,False
2_39_95_27_2019-05-09 18:59:35.357676,63,127.41009758403361,2.0,0.5869902777777777,8.0,True
2_39_95_27_2019-05-10 15:57:19.910788,201,317.84803501150384,0.0,0.0,0.0,False
2_39_95_27_2019-05-11 22:11:15.013600,166,1057.5848604256853,0.0,0.0,0.0,False
2_39_95_27_2019-05-12 02:41:54.466742,31,56.93806691176471,0.0,0.0,0.0,False
2_39_95_27_2019-05-12 08:49:18.935658,121,379.4062558823529,2.0,0.8043548897058823,16.0,True
2_39_95_27_2019-05-13 15:11:39.232158,206,889.203969117647,1.0,0.7185260416666668,9.0,True
2_39_95_27_2019-05-14 15:29:10.471772,122,793.9687492077367,1.0,0.6539749387254902,7.0,True
2_39_95_27_2019-05-15 16:06:28.874158,127,324.84799583333336,1.0,0.3402875,9.0,True
2_39_95_27_2019-05-15 23:11:37.199671,201,656.5794067589273,0.0,0.0,0.0,False
2_39_95_27_2019-05-16 13:17:17.918794,80,259.6042010281385,1.0,0.24432381944444445,5.0,True
2_39_95_27_2019-05-16 16:27:34.327553,211,1313.1166020424837,0.0,0.0,0.0,False
2_39_95_27_2019-05-17 13:59:08.261560,74,238.0062886904762,0.0,0.0,0.0,False
2_39_95_27_2019-05-17 20:34:11.822206,89,568.4333462891296,0.0,0.0,0.0,False
2_39_95_27_2019-05-17 22:23:29.132166,116,357.8763741914948,1.0,0.5754536805555557,17.0,True
2_39_95_27_2019-05-18 20:49:18.298168,31,51.56346403743316,0.0,0.0,0.0,False
2_39_95_27_2019-05-19 15:26:29.873564,83,248.99891733193277,1.0,0.506712986111111,15.0,True
2_39_95_27_2019-05-19 18:56:20.392577,330,2198.215330388583,1.0,0.803477908496732,20.0,True
2_39_95_27_2019-05-20 15:12:01.894093,151,870.6247605158729,1.0,0.5822687500000001,8.0,True
2_39_95_27_2019-05-22 16:47:37.242042,120,387.2578781862745,1.0,0.366585433006536,8.0,True
2_39_95_27_2019-05-23 15:11:29.192804,51,290.790625,1.0,0.7181615277777776,12.0,True
2_39_95_27_2019-05-24 19:15:12.396217,118,389.106921864002,1.0,0.4030757638888888,8.0,True
2_39_95_27_2019-05-28 15:07:24.230536,74,455.5147793300653,1.0,0.671501875,10.0,True
2_39_95_27_2019-05-29 20:34:34.012162,23,63.18285833333333,1.0,0.26923895833333333,6.0,True
2_39_95_27_2019-05-30 17:06:52.938574,194,571.1994642885744,2.0,0.5843772463768115,10.0,True
2_39_95_27_2019-05-31 15:51:17.398152,82,547.1216465909091,0.0,0.0,0.0,False
2_39_95_27_2019-08-01 16:58:42.934619,68,419.18515451680673,0.0,0.0,0.0,False
2_39_95_27_2019-08-02 20:37:57.657656,30,52.39060416666667,0.0,0.0,0.0,False
2_39_95_27_2019-08-03 18:19:15.197588,522,3168.297053559757,3.0,1.9266310294117646,29.0,True
2_39_95_27_2019-08-05 14:03:31.334168,17,44.30443848039216,1.0,0.2669728472222222,7.0,True
2_39_95_27_2019-08-05 17:20:38.351303,123,405.3622330532213,1.0,0.33414249999999995,9.0,True
2_39_95_27_2019-08-06 16:58:33.674066,120,373.4352577614379,2.0,0.7209906685729848,15.0,True
2_39_95_27_2019-08-07 16:48:10.325710,240,790.3565492776057,7.0,2.3200829175266593,22.0,True
2_39_95_27_2019-08-08 17:10:27.566907,122,380.0016954248366,2.0,0.7085059027777778,16.0,True
2_39_95_27_2019-08-09 17:41:43.937541,66,135.29869166666666,2.0,0.6018506944444444,7.0,True
2_39_95_27_2019-08-10 17:16:19.289206,419,2635.5219434714795,4.0,1.1463114011437907,10.0,True
2_39_95_27_2019-08-12 16:31:12.885629,124,375.9094347593583,1.0,0.5627394444444443,16.0,True
2_39_95_27_2019-08-14 16:51:39.126740,90,288.4470033371041,0.0,0.0,0.0,False
2_39_95_27_2019-08-14 18:52:34.024811,134,387.1786866830065,3.0,1.0281596338193397,15.0,True
2_39_95_27_2019-08-15 17:19:54.101676,107,632.2464593137255,0.0,0.0,0.0,False
2_39_95_27_2019-08-16 16:12:47.245729,283,1748.8115757352941,1.0,0.7668480555555556,13.0,True
2_39_95_27_2019-08-19 17:15:00.381514,104,624.4555731751092,0.0,0.0,0.0,False
2_39_95_27_2019-08-20 16:20:57.426252,197,611.3937204481792,2.0,0.513547843137255,12.0,True
2_39_95_27_2019-08-21 15:18:57.952573,105,589.5787046918767,1.0,0.8235650326797386,12.0,True
2_39_95_27_2019-08-22 13:30:48.257884,32,48.157133333333334,0.0,0.0,0.0,False
2_39_95_27_2019-08-22 18:21:49.527937,67,136.2310625,2.0,0.6423363194444445,8.0,True
2_39_95_27_2019-08-23 16:26:37.830587,116,357.5101713235294,1.0,0.5151086805555556,15.0,True
2_39_95_27_2019-08-26 17:11:23.229260,55,344.23091666666664,0.0,0.0,0.0,False
2_39_95_27_2019-08-26 20:11:08.728196,28,48.371527916936,0.0,0.0,0.0,False
2_39_95_27_2019-08-27 00:04:30.059173,15,79.63263651960784,0.0,0.0,0.0,False
2_39_95_27_2019-08-27 17:00:41.116500,69,180.18282344771242,2.0,0.6074497222222222,12.0,True
2_39_95_27_2019-08-28 16:51:52.450907,51,114.7782913155472,0.0,0.0,0.0,False
2_39_95_27_2019-08-28 19:52:26.765298,123,406.89108284313727,1.0,0.27022125816993464,7.0,True
2_39_95_27_2019-08-29 17:01:41.427178,113,326.55261237161534,2.0,0.6219304166666667,12.0,True
2_39_95_27_2019-08-30 16:52:22.240729,217,685.7043360671191,2.0,0.904270486111111,12.0,True
2_39_95_27_2019-10-01 16:46:37.733554,173,553.9595236184825,2.0,0.8647711729794256,11.0,True
2_39_95_27_2019-10-02 16:57:59.404703,180,572.174221161733,3.0,1.1512486978050327,13.0,True
2_39_95_27_2019-10-03 16:48:20.758157,32,55.037399183006535,0.0,0.0,0.0,False
2_39_95_27_2019-10-04 18:39:00.930748,119,391.60852156862745,4.0,1.1089784027777776,9.0,True
2_39_95_27_2019-10-05 19:59:44.306023,227,788.5957281289789,6.0,4.423529588001867,90.0,True
2_39_95_27_2019-10-07 15:55:37.416718,115,357.91120294117644,2.0,0.7404422916666666,15.0,True
2_39_95_27_2019-10-08 17:02:53.085379,63,121.45266184640523,2.0,0.700685,11.0,True
2_39_95_27_2019-10-09 17:26:00.299908,54,106.74014415204678,2.0,0.7346918884015594,9.0,True
2_39_95_27_2019-10-10 15:20:37.879098,31,47.07928333333333,0.0,0.0,0.0,False
2_39_95_27_2019-10-11 14:57:58.527867,107,631.9234370098039,1.0,0.6913104575163399,12.0,True
2_39_95_27_2019-10-12 01:45:06.479552,60,335.7925488095238,1.0,0.6771112499999998,10.0,True
2_39_95_27_2019-10-14 17:14:55.858351,61,185.05795024509803,2.0,0.6291838194444445,11.0,True
2_39_95_27_2019-10-15 15:51:43.392615,20,33.29279219187675,0.0,0.0,0.0,False
2_39_95_27_2019-10-15 16:57:40.160495,146,476.8530770308123,0.0,0.0,0.0,False
2_39_95_27_2019-10-16 18:44:51.373145,40,97.95841397058824,2.0,0.5089374305555556,9.0,True
2_39_95_27_2019-10-17 15:13:02.785513,63,356.0869619047619,1.0,0.7296064583333333,11.0,True
2_39_95_27_2019-10-18 01:18:52.701636,237,827.0578950980392,7.0,2.830083709150326,49.0,True
2_39_95_27_2019-10-18 17:06:17.073684,84,353.97201593137254,0.0,0.0,0.0,False
2_39_95_27_2019-10-18 18:52:56.713779,116,374.62142598039213,2.0,1.7098508829365076,40.0,True
2_39_95_27_2019-10-19 20:09:39.705617,116,353.6804036764706,2.0,0.7419315155228758,15.0,True
2_39_95_27_2019-10-20 19:18:57.855080,227,811.11753767507,4.0,1.328019236111111,32.0,True
2_39_95_27_2019-10-21 17:20:41.567806,113,680.7526325280112,0.0,0.0,0.0,False
2_39_95_27_2019-10-22 21:11:45.046764,32,53.52195833333333,0.0,0.0,0.0,False
2_39_95_27_2019-10-23 16:49:14.160180,142,457.93043670006466,0.0,0.0,0.0,False
2_39_95_27_2019-10-24 17:13:22.618043,126,807.5222227941176,1.0,0.5820638194444444,7.0,True
2_39_95_27_2019-10-25 15:43:45.961909,116,359.36714656862745,1.0,0.545830625,16.0,True
2_39_95_27_2019-10-25 20:48:15.115835,31,54.880570454545456,0.0,0.0,0.0,False
2_39_95_27_2019-10-29 16:14:31.254740,195,1228.5992870915031,0.0,0.0,0.0,False
2_39_95_27_2019-10-30 16:37:11.264256,141,476.67814411764704,0.0,0.0,0.0,False
2_39_95_27_2019-10-31 19:40:33.840517,66,197.24742020000983,1.0,0.33413046160130727,12.0,True
2_39_95_444_2018-11-02 17:13:40.020301,142,793.7789987661762,0.0,0.0,0.0,False
2_39_95_444_2018-11-05 16:30:27.751194,34,53.922389554155,0.0,0.0,0.0,False
2_39_95_444_2018-11-06 18:08:11.911149,37,59.00487193317518,0.0,0.0,0.0,False
2_39_95_444_2018-11-07 15:02:59.532377,193,1196.2687952147526,1.0,0.2283065972222222,7.0,True
2_39_95_444_2018-11-09 17:49:33.630271,99,307.950839694211,1.0,0.3974897113289761,9.0,True
2_39_95_444_2018-11-12 21:25:35.360279,63,125.8941149859944,1.0,0.20923316993464053,8.0,True
2_39_95_444_2018-11-13 16:43:10.565628,102,622.2598337369158,1.0,0.2984467742374728,7.0,True
2_39_95_444_2018-11-14 17:50:07.385224,71,475.78420324295587,0.0,0.0,0.0,False
2_39_95_444_2018-11-15 17:48:08.259968,31,39.88284233193277,1.0,0.26259468954248366,25.0,True
2_39_95_444_2018-11-16 17:43:36.438412,76,513.7521828965797,0.0,0.0,0.0,False
2_39_95_444_2018-11-19 17:36:59.018633,149,475.3612110974071,1.0,0.32387804563492056,5.0,True
2_39_95_444_2018-11-20 15:58:16.210241,268,1559.265698503947,0.0,0.0,0.0,False
2_39_95_444_2018-11-21 15:51:30.744388,156,885.1918754622227,1.0,1.8297450061798226,38.0,True
2_39_95_444_2018-11-26 18:51:09.389717,41,53.72199908302482,0.0,0.0,0.0,False
2_39_95_444_2018-11-26 21:32:28.483082,244,1363.8780532143767,0.0,0.0,0.0,False
2_39_95_444_2018-11-27 17:33:41.968211,276,720.9141745484354,0.0,0.0,0.0,False
2_39_95_444_2018-11-28 17:06:36.965671,206,715.8777565323566,2.0,0.6370257528011204,12.0,True
2_39_95_444_2018-11-29 20:48:35.902800,51,119.41341188092781,2.0,0.7346934424603174,20.0,True
2_39_95_444_2018-11-30 21:01:32.307441,132,871.2339403102401,0.0,0.0,0.0,False
2_39_95_444_2019-03-01 16:51:17.263257,77,444.84468263729735,0.0,0.0,0.0,False
2_39_95_444_2019-03-04 16:17:55.614694,148,989.2136281628502,0.0,0.0,0.0,False
2_39_95_444_2019-03-05 18:14:02.037171,102,631.247021850535,0.0,0.0,0.0,False
2_39_95_444_2019-03-06 20:37:02.133219,128,849.3435455067807,1.0,0.3163586111111111,6.0,True
2_39_95_444_2019-03-07 16:25:37.827071,219,1475.7135902440696,0.0,0.0,0.0,False
2_39_95_444_2019-03-08 19:11:43.155423,78,399.37288294817927,0.0,0.0,0.0,False
2_39_95_444_2019-03-11 17:21:54.181305,66,441.63274858507503,0.0,0.0,0.0,False
2_39_95_444_2019-03-12 17:10:37.707875,78,474.03069570494864,1.0,0.7262887145969499,15.0,True
2_39_95_444_2019-03-13 21:38:10.880490,187,642.6659264176184,1.0,0.4895982638888888,14.0,True
2_39_95_444_2019-03-14 15:31:37.947462,262,1795.3139136716225,0.0,0.0,0.0,False
2_39_95_444_2019-03-18 21:15:40.018415,113,364.992966484904,5.0,1.3560580733082706,14.0,True
2_39_95_444_2019-03-19 15:34:00.398165,271,1820.2669871580817,0.0,0.0,0.0,False
2_39_95_444_2019-03-20 19:20:40.079098,71,142.37807711251168,1.0,0.2823097916666667,9.0,True
2_39_95_444_2019-03-21 17:47:36.859374,119,808.6138833333333,0.0,0.0,0.0,False
2_39_95_444_2019-03-27 20:27:36.156972,122,401.02832598039214,1.0,0.3246689583333333,8.0,True
2_39_95_444_2019-03-28 21:15:05.659316,40,124.42762568681319,1.0,0.36110590277777777,11.0,True
2_39_95_444_2019-04-02 17:28:23.070890,164,1050.409799264706,0.0,0.0,0.0,False
2_39_95_444_2019-04-05 18:43:20.030536,72,420.2491786531279,1.0,0.7882188235294116,16.0,True
2_39_95_444_2019-04-08 17:02:19.379784,168,569.5828017524959,1.0,0.47024241421568636,16.0,True
2_39_95_444_2019-04-09 17:14:12.866882,174,596.454353970376,1.0,0.37223857843137254,11.0,True
2_39_95_444_2019-04-11 16:51:33.957211,162,1089.4647597689075,0.0,0.0,0.0,False
2_39_95_444_2019-04-12 21:35:45.621576,128,866.1020301704831,0.0,0.0,0.0,False
2_39_95_444_2019-04-15 16:56:53.964684,391,2547.646362184874,1.0,0.4982683864379085,11.0,True
2_39_95_444_2019-04-17 17:14:54.160243,31,47.86036130952381,0.0,0.0,0.0,False
2_39_95_444_2019-04-18 17:00:27.859326,111,715.7101235294117,1.0,0.5154407638888888,9.0,True
2_39_95_444_2019-04-19 17:34:33.213381,67,413.8638832252199,1.0,0.5422356944444444,7.0,True
2_39_95_444_2019-04-22 19:19:15.098838,31,53.55563333333333,0.0,0.0,0.0,False
2_39_95_444_2019-04-23 17:19:55.236706,31,50.836462499999996,0.0,0.0,0.0,False
2_39_95_444_2019-04-23 19:55:19.690958,121,399.3763473039216,1.0,0.3615875694444444,8.0,True
2_39_95_444_2019-04-24 16:49:11.173066,149,686.999956897759,2.0,1.2264133741830063,25.0,True
2_39_95_444_2019-04-26 17:27:17.744117,32,54.47997985404688,0.0,0.0,0.0,False
2_39_95_444_2019-04-30 17:31:31.371893,86,513.1649747493734,0.0,0.0,0.0,False
2_39_95_444_2019-05-01 17:19:01.874288,218,738.9013668494989,3.0,0.820302914660016,16.0,True
2_39_95_444_2019-05-07 17:43:01.584667,104,393.9883855042017,0.0,0.0,0.0,False
2_39_95_444_2019-05-08 17:02:18.552134,102,625.0179083333334,0.0,0.0,0.0,False
2_39_95_444_2019-05-14 16:17:56.240835,105,648.8692355750802,1.0,0.25911256944444444,7.0,True
2_39_95_444_2019-05-15 16:40:16.437096,162,1042.8815621956476,1.0,0.6782401388888888,14.0,True
2_39_95_444_2019-05-20 16:41:12.491343,252,873.0388210847159,3.0,1.6514732638888887,42.0,True
2_39_95_444_2019-05-23 17:09:08.001476,119,738.0597693250377,0.0,0.0,0.0,False
2_39_95_444_2019-05-28 16:55:37.026014,55,326.82236666666665,1.0,0.7103138194444445,9.0,True
2_39_95_444_2019-05-30 16:10:22.128992,137,761.8079397058823,0.0,0.0,0.0,False
2_39_95_444_2019-05-31 19:49:20.745389,40,66.9534375953159,0.0,0.0,0.0,False
2_39_95_444_2019-08-07 19:03:16.998190,414,2650.476933600329,0.0,0.0,0.0,False
2_39_95_444_2019-08-12 17:45:44.806477,156,960.5553676470588,0.0,0.0,0.0,False
2_39_95_444_2019-08-14 16:24:23.007995,208,1140.7032768557422,2.0,1.845450972222222,29.0,True
2_39_95_444_2019-08-16 16:50:40.512511,105,669.0079323277213,1.0,0.7009734232026145,13.0,True
2_39_95_444_2019-08-21 03:46:22.228064,69,138.36286151960783,1.0,0.26947468137254904,9.0,True
2_39_95_444_2019-08-22 16:04:26.277779,33,53.05750985166794,0.0,0.0,0.0,False
2_39_95_444_2019-08-23 19:00:14.571475,198,1318.1609771293206,0.0,0.0,0.0,False
2_39_95_444_2019-08-27 19:07:10.159992,257,1683.4689891402713,0.0,0.0,0.0,False
2_39_95_444_2019-08-29 17:41:16.869694,249,1489.4507599882058,0.0,0.0,0.0,False
2_39_95_444_2019-10-01 16:12:01.038517,88,566.0160625,0.0,0.0,0.0,False
2_39_95_444_2019-10-03 15:51:00.523473,32,52.13041904761904,0.0,0.0,0.0,False
2_39_95_444_2019-10-04 19:54:21.027595,20,54.15043129628813,0.0,0.0,0.0,False
2_39_95_444_2019-10-07 18:29:19.007017,32,52.568925,0.0,0.0,0.0,False
2_39_95_444_2019-10-07 19:20:20.844353,60,168.02839007936507,1.0,0.5791823611111113,16.0,True
2_39_95_444_2019-10-08 18:22:29.436818,188,1286.3582999999999,0.0,0.0,0.0,False
2_39_95_444_2019-10-10 16:01:41.565332,77,412.7782073529412,0.0,0.0,0.0,False
2_39_95_444_2019-10-11 16:02:56.294393,117,726.77538732493,1.0,0.1871295833333333,5.0,True
2_39_95_444_2019-10-14 16:53:18.577397,157,1014.368157520584,1.0,0.7356945138888888,15.0,True
2_39_95_444_2019-10-15 20:49:07.602109,143,447.9869655287394,1.0,0.26019451388888887,9.0,True
2_39_95_444_2019-10-16 15:38:59.503842,79,475.9834241129785,0.0,0.0,0.0,False
2_39_95_444_2019-10-16 19:54:09.864756,123,395.491191713352,2.0,0.44280658769063175,8.0,True
2_39_95_444_2019-10-17 19:29:31.803870,30,50.978525,0.0,0.0,0.0,False
2_39_95_444_2019-10-18 17:01:22.050179,123,761.9432016573296,1.0,0.6868731250000001,13.0,True
2_39_95_444_2019-10-21 18:35:22.295097,104,213.02998571428571,2.0,0.6982861111111112,16.0,True
2_39_95_444_2019-10-22 21:02:45.646202,73,456.04346719187674,1.0,0.4222273611111111,7.0,True
2_39_95_444_2019-10-23 15:46:35.228325,76,493.94866904761903,0.0,0.0,0.0,False
2_39_95_444_2019-10-28 16:54:47.403230,220,1507.4803306372548,0.0,0.0,0.0,False
2_39_95_444_2019-10-29 16:53:01.567194,217,763.6810656862746,5.0,1.8630091299019604,39.0,True
2_39_95_444_2019-10-30 20:49:08.831751,31,46.590420343137254,0.0,0.0,0.0,False
