session_id,charging_minutes,work_energy_kwh,n_events,gap_energy_kwh,max_duration_min,has_event
2_39_123_23_2018-11-01 04:23:16.156007,90,542.8071945261438,0.0,0.0,0.0,False
2_39_123_23_2018-11-01 15:04:29.631977,31,52.51372781279178,0.0,0.0,0.0,False
2_39_123_23_2018-11-02 17:33:15.411733,61,102.90803716634672,0.0,0.0,0.0,False
2_39_123_23_2018-11-02 20:40:02.895705,119,218.43349501887002,0.0,0.0,0.0,False
2_39_123_23_2018-11-05 16:42:22.366162,77,252.15340079365077,1.0,0.3341099264705882,7.0,True
2_39_123_23_2018-11-06 06:12:47.216874,88,582.1342069444444,0.0,0.0,0.0,False
2_39_123_23_2018-11-06 17:19:37.210492,80,459.7970053221288,1.0,0.1513025735294118,5.0,True
2_39_123_23_2018-11-07 16:24:07.255283,276,958.7257901260504,1.0,0.5552211574074074,18.0,True
2_39_123_23_2018-11-08 16:02:06.013901,91,290.88580609243695,1.0,0.33574645833333333,8.0,True
2_39_123_23_2018-11-09 15:59:49.734040,120,387.451254318394,2.0,0.6368056944444445,9.0,True
2_39_123_23_2018-11-09 23:35:26.642470,87,582.584389414099,0.0,0.0,0.0,False
2_39_123_23_2018-11-10 17:46:45.567035,29,175.29063532851737,0.0,0.0,0.0,False
2_39_123_23_2018-11-12 16:08:46.787968,130,831.6101245331465,1.0,0.5967317197712418,7.0,True
2_39_123_23_2018-11-13 15:55:46.254768,118,383.34084295051355,2.0,0.7089657175925925,9.0,True
2_39_123_23_2018-11-14 00:58:55.942402,52,79.49455765362089,0.0,0.0,0.0,False
2_39_123_23_2018-11-14 16:49:10.682064,129,838.8650405462184,1.0,0.5898722222222222,7.0,True
2_39_123_23_2018-11-15 16:00:54.079519,126,405.03102690242764,1.0,0.3556416339869281,8.0,True
2_39_123_23_2018-11-16 01:39:43.833042,121,775.2904867905056,1.0,0.6409490808823529,7.0,True
2_39_123_23_2018-11-16 15:57:21.640131,128,406.8294961484594,1.0,0.4036353174603175,10.0,True
2_39_123_23_2018-11-17 00:45:33.163917,104,659.7350541549953,0.0,0.0,0.0,False
2_39_123_23_2018-11-18 21:51:42.176388,8,13.289983333333334,0.0,0.0,0.0,False
2_39_123_23_2018-11-19 00:21:58.462386,31,52.74380049019608,0.0,0.0,0.0,False
2_39_123_23_2018-11-19 19:43:02.270674,184,1224.5183912372843,0.0,0.0,0.0,False
2_39_123_23_2018-11-20 18:40:50.808187,61,92.56702048139768,0.0,0.0,0.0,False
2_39_123_23_2018-11-20 20:56:16.590808,136,872.3242621163623,0.0,0.0,0.0,False
2_39_123_23_2018-11-21 16:38:21.366310,115,381.82644618347337,3.0,6.320715174486461,80.0,True
2_39_123_23_2018-11-25 17:13:14.390504,84,252.51665710784312,2.0,6.047476965452848,49.0,True
2_39_123_23_2018-11-26 18:21:43.162547,277,872.2968496881128,15.0,5.000389234470595,14.0,True
2_39_123_23_2018-11-27 16:00:22.013104,91,273.17957872691034,2.0,2.0044371426530985,25.0,True
2_39_123_23_2018-11-28 16:25:33.851774,128,729.6284091331269,0.0,0.0,0.0,False
2_39_123_23_2018-11-29 00:55:49.294149,122,423.4520195961718,4.0,0.6014625667211329,10.0,True
2_39_123_23_2018-11-29 16:33:31.090861,146,819.7167371274622,0.0,0.0,0.0,False
2_39_123_23_2018-11-30 16:38:26.677452,142,822.4054354234001,0.0,0.0,0.0,False
2_39_123_23_2018-11-30 22:31:24.027960,13,65.00986666666667,1.0,0.30527250000000006,6.0,True
2_39_123_23_2018-12-02 21:58:25.887226,142,949.2788888835494,0.0,0.0,0.0,False
2_39_123_23_2018-12-03 16:36:38.147824,115,610.3483895928547,0.0,0.0,0.0,False
2_39_123_23_2018-12-04 17:02:01.716639,125,410.1838499111183,4.0,0.9420786828898225,13.0,True
2_39_123_23_2018-12-05 16:15:47.709593,137,814.8955430411908,0.0,0.0,0.0,False
2_39_123_23_2018-12-06 15:56:29.123852,136,845.3014604925303,1.0,0.5546707638888888,7.0,True
2_39_123_23_2018-12-07 17:02:21.740107,82,285.3499081265956,0.0,0.0,0.0,False
2_39_123_23_2018-12-07 20:07:50.398663,157,997.3028660714285,1.0,0.7806519444444445,18.0,True
2_39_123_23_2018-12-09 05:12:38.547218,225,788.1617086878679,1.0,0.29118169642857145,9.0,True
2_39_123_23_2018-12-09 20:19:24.124288,283,1909.6361679842216,0.0,0.0,0.0,False
2_39_123_23_2018-12-10 20:21:22.494874,144,631.8141377545055,3.0,1.0740126556776557,17.0,True
2_39_123_23_2018-12-11 16:00:29.156071,94,291.571479997127,1.0,0.42637298611111113,9.0,True
2_39_123_23_2018-12-12 00:34:49.581552,70,234.0221478174603,1.0,0.29228604166666666,5.0,True
2_39_123_23_2018-12-12 16:59:08.333943,97,303.7241844070962,1.0,0.3116734354575163,9.0,True
2_39_123_23_2018-12-12 21:49:58.749944,49,103.04212475024974,0.0,0.0,0.0,False
2_39_123_23_2018-12-13 16:00:11.718823,48,69.50630733620696,0.0,0.0,0.0,False
2_39_123_23_2018-12-13 17:52:10.582235,167,198.97172997052175,0.0,0.0,0.0,False
2_39_123_23_2018-12-14 10:39:43.601369,63,377.0301987839778,0.0,0.0,0.0,False
2_39_123_23_2018-12-14 15:55:55.887055,116,327.68833650185866,1.0,0.40639774572745446,9.0,True
2_39_123_23_2018-12-15 19:29:14.969899,168,672.6391517054282,5.0,1.632317167962327,38.0,True
2_39_123_23_2018-12-17 20:55:04.190756,150,627.1686649396097,1.0,0.25072361772486773,5.0,True
2_39_123_23_2018-12-18 15:54:47.324635,104,252.76840351957554,1.0,0.26439925324403263,8.0,True
2_39_123_23_2018-12-19 05:51:41.613659,34,57.02834595189812,0.0,0.0,0.0,False
2_39_123_23_2018-12-19 17:42:57.810753,26,167.01954811307112,0.0,0.0,0.0,False
2_39_123_23_2018-12-19 18:44:05.015526,38,214.59554526758072,0.0,0.0,0.0,False
2_39_123_23_2018-12-19 22:48:17.976241,61,387.98551101560116,0.0,0.0,0.0,False
2_39_123_23_2018-12-20 03:03:51.568590,112,692.8174220013608,1.0,0.45104783382066277,7.0,True
2_39_123_23_2018-12-20 15:59:43.011822,98,270.96872223764365,0.0,0.0,0.0,False
2_39_123_23_2018-12-21 17:16:27.985979,135,382.8299687301003,1.0,0.21373795252949665,6.0,True
2_39_123_23_2018-12-22 22:20:04.217533,55,374.3130786953243,0.0,0.0,0.0,False
2_39_123_23_2018-12-25 21:57:08.643848,65,422.469647621741,0.0,0.0,0.0,False
2_39_123_23_2018-12-29 21:20:53.252368,129,819.9350524827898,1.0,0.5848973809523809,7.0,True
2_39_123_23_2019-01-02 16:27:57.366037,382,2399.22668898128,0.0,0.0,0.0,False
2_39_123_23_2019-01-03 16:10:45.035789,84,248.71487506672034,1.0,0.43190958547307806,11.0,True
2_39_123_23_2019-01-04 13:57:31.140098,327,2072.4983946459106,0.0,0.0,0.0,False
2_39_123_23_2019-01-07 15:54:23.598488,86,234.82840662519453,1.0,0.42685512663398695,9.0,True
2_39_123_23_2019-01-08 15:58:42.988850,85,241.76718934964674,1.0,0.27519240351696234,7.0,True
2_39_123_23_2019-01-09 00:10:52.018002,93,297.1588742629103,1.0,0.36339574346405223,13.0,True
2_39_123_23_2019-01-09 17:18:07.853093,93,265.8501279122451,0.0,0.0,0.0,False
2_39_123_23_2019-01-10 21:33:29.915214,71,139.16849537815125,2.0,1.273026126406703,14.0,True
2_39_123_23_2019-01-11 18:13:10.478442,253,1261.5459240068453,0.0,0.0,0.0,False
2_39_123_23_2019-01-14 03:12:55.456144,140,834.3171409537229,0.0,0.0,0.0,False
2_39_123_23_2019-01-14 17:38:25.998117,99,275.23591662135163,2.0,1.583700312525595,57.0,True
2_39_123_23_2019-01-15 13:58:28.444557,516,3179.1793027488593,0.0,0.0,0.0,False
2_39_123_23_2019-01-16 02:06:19.205665,43,270.1357717691622,0.0,0.0,0.0,False
2_39_123_23_2019-01-16 13:51:58.452310,301,1652.8766577391411,1.0,0.6695853547135843,13.0,True
2_39_123_23_2019-01-17 16:03:59.206227,116,365.56324251427964,1.0,0.2951337561171772,9.0,True
2_39_123_23_2019-01-17 21:13:28.313440,267,933.38449681141,9.0,1.423362014121571,14.0,True
2_39_123_23_2019-01-18 13:49:01.282068,462,3028.268252808654,1.0,0.7429108796296299,20.0,True
2_39_123_23_2019-01-19 00:08:37.753598,78,436.8212114145658,1.0,0.7561681425070028,21.0,True
2_39_123_23_2019-01-20 17:58:04.551103,25,146.20056053921567,0.0,0.0,0.0,False
2_39_123_23_2019-01-21 17:02:30.913674,40,143.85546029411765,0.0,0.0,0.0,False
2_39_123_23_2019-01-22 15:56:22.590196,127,344.5086529951859,1.0,0.46237190359477126,11.0,True
2_39_123_23_2019-01-23 17:09:22.447889,115,367.2180930555555,1.0,0.4113987908496732,9.0,True
2_39_123_23_2019-01-24 01:09:11.767946,28,52.94678817693744,0.0,0.0,0.0,False
2_39_123_23_2019-01-24 15:57:49.743489,84,261.4908645424837,1.0,0.4248800694444444,10.0,True
2_39_123_23_2019-01-25 15:57:06.052136,121,383.8607193115708,1.0,0.4270912500000001,9.0,True
2_39_123_23_2019-01-28 13:43:14.875101,491,3216.9527037098005,1.0,0.8195134865349647,20.0,True
2_39_123_23_2019-01-29 15:55:12.210341,90,278.4396187173836,1.0,0.4955792491999458,10.0,True
2_39_123_23_2019-01-30 17:07:46.654608,80,249.9122731186469,3.0,0.745143054408898,9.0,True
2_39_123_23_2019-01-31 03:12:13.210277,110,714.4071382340655,1.0,0.6192716571350763,8.0,True
2_39_123_23_2019-01-31 15:59:12.685070,67,196.7372660087719,1.0,0.3882461887254902,9.0,True
2_39_123_23_2019-02-01 01:50:15.148759,24,63.835654166666664,1.0,0.352027638888889,11.0,True
2_39_123_23_2019-02-01 14:02:42.165943,471,3139.3295093560378,1.0,0.8700892349644537,23.0,True
2_39_123_23_2019-02-03 20:53:35.302183,139,855.8168887414056,1.0,0.7333817361111111,9.0,True
2_39_123_23_2019-02-11 20:06:44.687685,91,288.6868833333333,2.0,0.6538468055555555,11.0,True
2_39_123_23_2019-02-12 01:21:09.053992,123,782.0836641591252,1.0,0.5436059722222223,7.0,True
2_39_123_23_2019-02-12 18:10:06.017197,167,806.6776411594125,2.0,1.468863114495798,38.0,True
2_39_123_23_2019-02-13 03:32:34.405673,122,769.609425,1.0,0.5790369444444444,7.0,True
2_39_123_23_2019-02-13 16:29:05.235276,130,823.4216774617023,1.0,0.6740099959150327,8.0,True
2_39_123_23_2019-02-15 00:09:33.629995,22,55.83458341413488,1.0,0.340186641393737,11.0,True
2_39_123_23_2019-02-15 15:55:51.379866,66,203.78212405462185,2.0,0.6263146160130719,7.0,True
2_39_123_23_2019-02-19 18:47:20.120111,49,125.4523007531684,1.0,0.522636333046039,19.0,True
2_39_123_23_2019-02-20 18:01:01.837210,133,845.2400858893557,1.0,0.6922473611111111,8.0,True
2_39_123_23_2019-02-20 23:25:01.470958,53,139.58027536442316,1.0,0.5694310506854258,16.0,True
2_39_123_23_2019-02-21 19:26:56.339499,138,633.8181536531279,2.0,1.5763872685901847,22.0,True
2_39_123_23_2019-02-22 16:23:34.628589,100,312.5779686786203,1.0,0.36746126345274954,9.0,True
2_39_123_23_2019-02-23 16:57:38.844772,32,59.54264726092191,0.0,0.0,0.0,False
2_39_123_23_2019-02-23 19:22:55.646855,32,56.3624276874785,0.0,0.0,0.0,False
2_39_123_23_2019-02-25 15:55:54.669331,68,196.0005501549405,2.0,1.1638720296215652,12.0,True
2_39_123_23_2019-02-26 15:58:32.189546,91,282.39545621675796,2.0,0.3045154861111111,5.0,True
2_39_123_23_2019-02-27 17:01:44.802734,42,133.72644423369027,0.0,0.0,0.0,False
2_39_123_23_2019-02-28 00:46:43.585186,52,146.66486148102712,3.0,0.8142224766884079,15.0,True
2_39_123_23_2019-02-28 02:40:44.685585,31,48.875380260139906,0.0,0.0,0.0,False
2_39_123_23_2019-02-28 15:56:18.289560,54,181.13033224237063,1.0,0.2603950697311088,5.0,True
2_39_123_23_2019-03-01 15:57:09.682113,90,283.2600155994934,1.0,0.38752739379084966,9.0,True
2_39_123_23_2019-03-03 22:09:25.699541,125,819.572994117647,1.0,0.6399331372549019,7.0,True
2_39_123_23_2019-03-04 16:02:36.943042,114,365.1214016763723,2.0,0.6838758006535948,8.0,True
2_39_123_23_2019-03-05 15:59:19.961478,88,275.26334828431374,1.0,0.35927972222222226,9.0,True
2_39_123_23_2019-03-06 00:05:25.215575,81,245.1732317343604,1.0,0.45423115740740744,17.0,True
2_39_123_23_2019-03-06 03:59:53.566560,68,466.8064830341227,0.0,0.0,0.0,False
2_39_123_23_2019-03-06 18:45:41.791362,45,131.28019224654773,1.0,0.4250137132352941,10.0,True
2_39_123_23_2019-03-07 16:01:46.019372,64,195.23252779932486,0.0,0.0,0.0,False
2_39_123_23_2019-03-08 04:08:45.832253,108,724.7654,0.0,0.0,0.0,False
2_39_123_23_2019-03-08 20:24:32.984265,135,448.03750903361345,6.0,1.495868066643324,16.0,True
2_39_123_23_2019-03-11 15:03:34.855674,119,377.0620812353496,1.0,0.42239698412698423,9.0,True
2_39_123_23_2019-03-11 23:57:28.552776,210,730.2494496424328,6.0,2.152050433006536,25.0,True
2_39_123_23_2019-03-12 15:02:47.542967,97,304.2216495098039,1.0,0.4169980555555556,11.0,True
2_39_123_23_2019-03-13 00:04:42.138653,105,328.25920833333333,1.0,0.2941277083333333,11.0,True
2_39_123_23_2019-03-13 15:50:51.955589,223,1442.0403877450979,1.0,0.9923249387254904,20.0,True
2_39_123_23_2019-03-14 15:00:13.980242,120,384.1523904607647,1.0,0.4081118055555556,9.0,True
2_39_123_23_2019-03-15 14:59:11.041497,72,216.29610384998986,1.0,0.48074911861967007,10.0,True
2_39_123_23_2019-03-18 02:52:55.234729,123,798.9099770082858,1.0,0.5508515277777779,7.0,True
2_39_123_23_2019-03-18 16:08:05.392375,97,308.02213180438844,1.0,0.47704854166666677,12.0,True
2_39_123_23_2019-03-19 02:27:35.504913,103,650.6715922619047,1.0,0.5743090972222222,8.0,True
2_39_123_23_2019-03-19 15:00:14.446500,98,306.5999834383753,1.0,0.4238617261904762,11.0,True
2_39_123_23_2019-03-20 00:26:07.811194,102,340.8030116839043,0.0,0.0,0.0,False
2_39_123_23_2019-03-20 16:00:32.604370,77,239.2729320378151,2.0,0.499144375,9.0,True
2_39_123_23_2019-03-20 23:33:51.309015,86,291.49812299750903,0.0,0.0,0.0,False
2_39_123_23_2019-03-21 14:59:31.403109,111,355.59293732492995,1.0,0.3964667361111111,9.0,True
2_39_123_23_2019-03-22 00:48:43.951273,107,330.80229852941176,1.0,0.4129770138888889,17.0,True
2_39_123_23_2019-03-22 18:57:16.986484,65,131.82336617647059,1.0,0.25881020833333335,8.0,True
2_39_123_23_2019-03-24 04:31:46.405983,55,334.4623625,1.0,0.5401082638888889,7.0,True
2_39_123_23_2019-03-25 16:34:42.215325,138,868.2548980392156,1.0,0.6748915277777777,8.0,True
2_39_123_23_2019-03-26 15:05:23.182949,96,301.35240416666664,1.0,0.3843745833333333,9.0,True
2_39_123_23_2019-03-27 00:23:07.097088,83,251.5782583333333,1.0,0.4260089186507936,15.0,True
2_39_123_23_2019-03-27 15:28:41.862495,91,283.94992916666666,1.0,0.31068479166666674,8.0,True
2_39_123_23_2019-03-27 20:17:21.177134,25,70.05177340901272,2.0,0.526860278709437,7.0,True
2_39_123_23_2019-03-28 17:17:39.765788,196,1247.9002601190475,0.0,0.0,0.0,False
2_39_123_23_2019-03-29 02:39:36.360277,107,692.9677244047618,1.0,0.5407321527777778,7.0,True
2_39_123_23_2019-03-29 20:42:42.535267,34,100.00527321428571,1.0,0.26689409722222224,7.0,True
2_39_123_23_2019-03-31 07:36:48.299563,170,1062.8264083333333,0.0,0.0,0.0,False
2_39_123_23_2019-04-01 19:44:04.044943,45,281.08051964285715,0.0,0.0,0.0,False
2_39_123_23_2019-04-02 19:06:06.487180,108,685.4060553571428,1.0,0.63961875,7.0,True
2_39_123_23_2019-04-03 16:36:29.659416,52,150.85446547619046,1.0,0.4382429861111111,10.0,True
2_39_123_23_2019-04-04 14:58:06.694477,125,405.9373967006033,1.0,0.38669034722222223,9.0,True
2_39_123_23_2019-04-04 20:33:16.085581,76,243.7827531512605,0.0,0.0,0.0,False
2_39_123_23_2019-04-04 22:26:02.378645,69,226.60298838702147,2.0,0.520599106948335,8.0,True
2_39_123_23_2019-04-05 16:45:46.040437,115,378.29057727860373,4.0,0.9497388299486459,15.0,True
2_39_123_23_2019-04-06 15:14:56.321267,73,238.68032962184873,1.0,0.31523437500000007,6.0,True
2_39_123_23_2019-04-08 18:20:48.735854,124,662.7254916666666,1.0,1.0715667851307191,20.0,True
2_39_123_23_2019-04-08 23:26:13.006850,31,49.984953386809266,0.0,0.0,0.0,False
2_39_123_23_2019-04-09 16:10:58.362137,85,281.97846805555554,4.0,0.8221914351851853,12.0,True
2_39_123_23_2019-04-10 20:26:44.632663,22,58.05824264705882,1.0,0.27998062500000004,7.0,True
2_39_123_23_2019-04-11 15:04:14.851321,63,193.0122673573975,1.0,0.347119285130719,8.0,True
2_39_123_23_2019-04-12 18:51:02.235842,116,376.81631684891903,0.0,0.0,0.0,False
2_39_123_23_2019-04-12 20:51:13.690449,129,855.041587084076,0.0,0.0,0.0,False
2_39_123_23_2019-04-12 23:16:42.244072,121,377.08659660364145,3.0,0.6101933695144726,11.0,True
2_39_123_23_2019-04-13 16:52:05.754033,114,731.3917530354449,1.0,0.7237395833333334,18.0,True
2_39_123_23_2019-04-15 16:45:55.887332,113,408.9998443627451,3.0,1.6517607557189542,26.0,True
2_39_123_23_2019-04-16 18:14:21.662895,58,115.42948413865545,2.0,0.5397057638888889,8.0,True
2_39_123_23_2019-04-18 20:54:55.736636,31,56.21314093137255,0.0,0.0,0.0,False
2_39_123_23_2019-04-18 22:08:29.209358,81,266.0851838585434,1.0,0.17246131944444443,7.0,True
2_39_123_23_2019-04-19 16:47:23.518645,100,331.6534379084967,2.0,0.4982300694444444,8.0,True
2_39_123_23_2019-04-22 14:58:02.631982,69,215.41527142857143,1.0,0.39161131944444444,8.0,True
2_39_123_23_2019-04-22 23:37:41.626688,56,166.72800833333332,2.0,0.6716526388888888,10.0,True
2_39_123_23_2019-04-23 15:02:14.009386,97,306.52701999299717,1.0,0.38692433006535953,9.0,True
2_39_123_23_2019-04-24 16:12:32.625931,198,645.9752056372549,1.0,0.2850811111111111,7.0,True
2_39_123_23_2019-04-24 20:27:57.820955,43,111.44530833333333,1.0,0.5548911111111111,15.0,True
2_39_123_23_2019-04-25 14:56:24.973276,107,343.2880666666667,1.0,0.40026284722222216,9.0,True
2_39_123_23_2019-04-26 14:58:31.347500,111,357.94198970588235,1.0,0.29833483796296295,7.0,True
2_39_123_23_2019-04-29 20:22:00.051779,87,295.8260488095238,1.0,0.3182786805555555,6.0,True
2_39_123_23_2019-04-29 22:15:17.972618,183,1268.3703332516338,0.0,0.0,0.0,False
2_39_123_23_2019-04-30 15:50:13.833702,81,476.17257727272727,0.0,0.0,0.0,False
2_39_123_23_2019-04-30 17:33:08.771760,131,441.26972495421245,6.0,2.4015256845238095,29.0,True
2_39_123_23_2019-04-30 23:46:59.499525,15,87.46791666666667,0.0,0.0,0.0,False
2_39_123_23_2019-05-01 16:21:33.604642,96,299.06189404761903,1.0,0.3311004861111111,9.0,True
2_39_123_23_2019-05-01 21:09:06.461400,30,87.33587916666666,1.0,0.2595155555555556,7.0,True
2_39_123_23_2019-05-03 16:40:24.938897,102,344.55449999999996,2.0,0.7264092361111112,9.0,True
2_39_123_23_2019-05-06 16:22:21.991037,87,276.10094166666664,1.0,0.24792138888888887,6.0,True
2_39_123_23_2019-05-07 16:19:32.714612,106,351.91894044117646,1.0,0.45163423611111114,9.0,True
2_39_123_23_2019-05-08 16:35:02.905697,112,377.60237916666665,1.0,0.34553500000000004,9.0,True
2_39_123_23_2019-05-09 20:28:05.156721,36,109.0050863095238,1.0,0.24996673611111112,7.0,True
2_39_123_23_2019-05-10 14:56:56.061762,84,266.1179208333333,2.0,0.4582904861111112,8.0,True
2_39_123_23_2019-05-10 23:55:33.765469,41,116.93978333333332,1.0,0.375713125,13.0,True
2_39_123_23_2019-05-11 18:43:31.655175,32,55.08242114845938,0.0,0.0,0.0,False
2_39_123_23_2019-05-11 20:30:58.673491,31,55.3789975490196,0.0,0.0,0.0,False
2_39_123_23_2019-05-13 16:10:22.328837,69,219.26623676470587,1.0,0.39385090277777784,8.0,True
2_39_123_23_2019-05-14 16:16:13.425370,100,336.9074757352941,2.0,0.48808752450980386,8.0,True
2_39_123_23_2019-05-16 15:07:55.722587,75,231.2350625,2.0,0.6304526388888889,9.0,True
2_39_123_23_2019-05-17 01:42:03.103207,53,365.1512488095238,0.0,0.0,0.0,False
2_39_123_23_2019-05-17 15:00:22.688625,93,296.18686388888887,2.0,0.6243451388888888,9.0,True
2_39_123_23_2019-05-17 23:16:51.536057,96,315.6639916666667,1.0,0.3294702777777777,5.0,True
2_39_123_23_2019-05-20 15:00:27.039601,66,206.33500416666666,2.0,0.8932716666666667,25.0,True
2_39_123_23_2019-05-21 15:05:11.192556,53,155.92012115384614,1.0,0.4003085416666667,10.0,True
2_39_123_23_2019-05-22 15:57:55.570274,239,788.7839762371615,7.0,3.7842077952847806,86.0,True
2_39_123_23_2019-05-23 17:33:25.610476,93,606.3224713235294,1.0,0.6054378472222223,7.0,True
2_39_123_23_2019-05-24 16:49:45.125888,105,344.9613583333333,3.0,1.5674645833333332,43.0,True
2_39_123_23_2019-05-28 15:14:43.486918,89,281.3940125,1.0,0.4241106250000001,9.0,True
2_39_123_23_2019-05-29 15:56:22.262236,93,296.29241348039216,2.0,1.652594196623094,33.0,True
2_39_123_23_2019-05-30 15:07:18.632138,98,314.10030367647056,1.0,0.3898145833333334,8.0,True
2_39_123_23_2019-05-31 15:02:11.447760,78,245.3756709276018,1.0,0.3524740972222222,8.0,True
2_39_123_23_2019-06-01 16:04:31.442663,31,46.93073946078431,0.0,0.0,0.0,False
2_39_123_23_2019-06-01 16:59:25.852501,65,366.37967156862743,1.0,0.8087129861111112,21.0,True
2_39_123_23_2019-06-03 15:01:05.445367,56,167.46963373015873,1.0,0.36379481481481485,9.0,True
2_39_123_23_2019-06-04 14:58:23.899771,79,242.6631339869281,1.0,0.39321894607843144,9.0,True
2_39_123_23_2019-06-05 15:05:06.249190,72,225.89755850840336,1.0,0.3482210416666666,8.0,True
2_39_123_23_2019-06-06 17:14:57.891791,83,261.3433656045751,3.0,1.624836406590414,29.0,True
2_39_123_23_2019-06-07 16:00:16.784809,63,192.6416458333333,2.0,1.2249983333333332,30.0,True
2_39_123_23_2019-06-10 16:14:17.351393,32,53.01968977272727,0.0,0.0,0.0,False
2_39_123_23_2019-06-11 16:10:56.865408,93,292.57018559577676,3.0,1.8204538697209653,51.0,True
2_39_123_23_2019-06-12 15:48:17.413031,92,294.38135551311433,1.0,0.21803993055555557,5.0,True
2_39_123_23_2019-06-12 21:18:31.374887,57,180.16244183006535,1.0,0.20414208333333334,5.0,True
2_39_123_23_2019-06-13 16:33:25.024542,80,255.16924076797386,2.0,1.551417294389978,29.0,True
2_39_123_23_2019-06-14 15:13:13.808580,119,749.0931797619047,0.0,0.0,0.0,False
2_39_123_23_2019-06-14 20:18:06.825989,28,82.59117480876967,1.0,0.21704405228758172,6.0,True
2_39_123_23_2019-06-17 16:43:25.718678,117,770.8721120098039,0.0,0.0,0.0,False
2_39_123_23_2019-06-18 16:04:48.740161,91,304.96738497899156,3.0,1.7252072508169936,48.0,True
2_39_123_23_2019-06-19 16:31:48.723224,86,272.7732347222222,2.0,1.3167102696078432,26.0,True
2_39_123_23_2019-06-20 17:10:43.168478,44,113.71245336262035,2.0,0.8162107113229908,15.0,True
2_39_123_23_2019-06-21 00:31:39.999302,31,49.80368035714285,0.0,0.0,0.0,False
2_39_123_23_2019-06-21 17:33:29.871501,77,223.63045289694824,1.0,0.5409763294060315,16.0,True
2_39_123_23_2019-06-24 20:22:31.452299,59,190.91066295518206,1.0,0.7803436764705882,32.0,True
2_39_123_23_2019-06-24 22:47:15.513086,112,686.6913822341057,0.0,0.0,0.0,False
2_39_123_23_2019-06-25 01:22:31.669904,30,187.77600479691876,0.0,0.0,0.0,False
2_39_123_23_2019-06-25 16:11:09.588425,81,267.78025833333334,4.0,1.361126388888889,20.0,True
2_39_123_23_2019-06-26 16:52:32.469314,57,175.2685943627451,1.0,0.8486219812091504,27.0,True
2_39_123_23_2019-06-27 15:52:46.564037,90,296.47532303921565,2.0,1.838292949346405,46.0,True
2_39_123_23_2019-06-28 18:59:06.925653,24,115.0125266025641,0.0,0.0,0.0,False
2_39_123_23_2019-07-01 16:58:48.537719,49,127.43749117647059,3.0,0.7840089174836602,7.0,True
2_39_123_23_2019-07-02 16:21:50.124525,101,324.2466862502693,7.0,1.759265359881132,15.0,True
2_39_123_23_2019-07-03 16:53:18.952665,76,232.54933269500106,3.0,1.396328758798391,18.0,True
2_39_123_23_2019-07-08 16:53:43.665426,45,115.8810260270775,2.0,0.7670152933395581,14.0,True
2_39_123_23_2019-07-09 16:08:40.640262,111,365.215139654708,1.0,0.61840397875817,18.0,True
2_39_123_23_2019-07-10 16:57:56.495579,131,839.7031845588235,1.0,0.5181858333333333,6.0,True
2_39_123_23_2019-07-11 18:29:42.294810,33,47.72714119801767,0.0,0.0,0.0,False
2_39_123_23_2019-07-11 21:07:55.916970,64,206.23678627720318,3.0,1.1698213876768657,19.0,True
2_39_123_23_2019-07-11 22:51:29.698069,70,234.94810263951734,2.0,0.9806976540616247,25.0,True
2_39_123_23_2019-07-12 22:11:26.252856,157,1050.8289746732025,0.0,0.0,0.0,False
2_39_123_23_2019-07-13 01:52:34.766171,31,49.794225,0.0,0.0,0.0,False
2_39_123_23_2019-07-15 17:32:43.056347,162,495.6453978874883,2.0,0.5932383496732027,13.0,True
2_39_123_23_2019-07-16 18:47:00.677011,31,48.10896666666666,0.0,0.0,0.0,False
2_39_123_23_2019-07-17 17:23:52.007069,153,959.5361504084967,0.0,0.0,0.0,False
2_39_123_23_2019-07-18 16:33:58.015620,128,807.7712352941176,1.0,0.588101388888889,7.0,True
2_39_123_23_2019-07-19 16:58:00.262332,244,1628.0091266456582,0.0,0.0,0.0,False
2_39_123_23_2019-07-22 17:56:48.675728,32,52.36378137254902,0.0,0.0,0.0,False
2_39_123_23_2019-07-22 19:23:42.191845,120,382.85179166666666,1.0,0.4165026388888889,8.0,True
2_39_123_23_2019-07-23 16:15:36.469592,74,235.49910980392156,2.0,0.8774124305555555,19.0,True
2_39_123_23_2019-07-24 16:25:59.430667,72,228.21327916666667,1.0,0.43674111111111114,10.0,True
2_39_123_23_2019-07-25 17:44:48.840000,69,413.40424583333333,1.0,0.5996846527777778,7.0,True
2_39_123_23_2019-07-26 00:04:02.984908,31,51.880601190476185,0.0,0.0,0.0,False
2_39_123_23_2019-07-26 16:09:07.875467,74,242.198139046003,5.0,1.0979137214052288,15.0,True
2_39_123_23_2019-07-29 18:07:34.406171,51,133.81832797619046,2.0,0.7995510416666667,15.0,True
2_39_123_23_2019-07-30 01:01:13.240744,77,475.6146058823529,0.0,0.0,0.0,False
2_39_123_23_2019-07-30 16:01:01.264109,70,224.7992583333333,2.0,0.826370763888889,20.0,True
2_39_123_23_2019-07-31 19:25:13.182291,155,690.185181372549,2.0,1.7752007843137254,39.0,True
2_39_123_23_2019-08-01 16:55:40.693463,224,1442.4641140522874,0.0,0.0,0.0,False
2_39_123_23_2019-08-02 01:00:27.196631,280,956.2544309320624,7.0,2.644472308006536,49.0,True
2_39_123_23_2019-08-02 20:32:37.659159,75,237.95593333333332,1.0,0.2963205555555556,7.0,True
2_39_123_23_2019-08-05 19:10:44.883585,188,1184.7453448529411,0.0,0.0,0.0,False
2_39_123_23_2019-08-05 23:28:55.955571,280,966.6061480392157,8.0,4.000638656045751,63.0,True
2_39_123_23_2019-08-06 20:19:48.700480,33,74.545425,3.0,0.7990829861111111,12.0,True
2_39_123_23_2019-08-07 16:46:28.102116,135,425.1302915849673,3.0,0.8471808333333336,28.0,True
2_39_123_23_2019-08-08 17:03:01.476379,56,338.39409607843135,1.0,0.6174598611111113,7.0,True
2_39_123_23_2019-08-09 17:05:20.045424,80,477.527675,0.0,0.0,0.0,False
2_39_123_23_2019-08-09 19:42:22.586077,79,350.06674444444445,2.0,1.108419513888889,20.0,True
2_39_123_23_2019-08-10 17:25:42.172550,24,40.60756862745098,0.0,0.0,0.0,False
2_39_123_23_2019-08-12 17:01:48.227174,291,1837.8447678921568,0.0,0.0,0.0,False
2_39_123_23_2019-08-13 00:49:30.414323,110,360.4596287815126,1.0,0.6585190873015873,10.0,True
2_39_123_23_2019-08-14 15:47:24.600094,96,293.58021463675215,3.0,0.36612946486928116,8.0,True
2_39_123_23_2019-08-14 19:47:04.065259,59,117.86278057359307,1.0,0.2862046590909091,9.0,True
2_39_123_23_2019-08-15 16:50:35.664442,83,478.80089107142857,0.0,0.0,0.0,False
2_39_123_23_2019-08-16 00:08:04.947040,31,52.47,0.0,0.0,0.0,False
2_39_123_23_2019-08-16 20:44:29.106426,30,39.84052401960784,1.0,0.21677652777777776,13.0,True
2_39_123_23_2019-08-19 16:06:09.935976,84,265.48671666666667,1.0,0.201481875,5.0,True
2_39_123_23_2019-08-19 23:31:55.794982,284,957.2097458333333,5.0,3.106601458333333,43.0,True
2_39_123_23_2019-08-20 16:08:59.471101,94,279.73499166666664,5.0,0.9626433333333334,8.0,True
2_39_123_23_2019-08-20 20:26:03.449523,40,99.3924,2.0,0.4626649305555556,9.0,True
2_39_123_23_2019-08-21 15:49:02.159328,90,268.8881639705882,3.0,0.5626109027777779,8.0,True
2_39_123_23_2019-08-22 16:36:03.874339,53,319.51381726190476,1.0,0.5564047222222221,6.0,True
2_39_123_23_2019-08-23 16:48:52.854836,137,458.3489993229509,5.0,2.8801623528136666,65.0,True
2_39_123_23_2019-08-24 23:03:39.400536,67,179.55441904761904,2.0,0.5414525000000001,12.0,True
2_39_123_557_2018-11-01 16:14:11.701389,347,2265.7606402302545,0.0,0.0,0.0,False
2_39_123_557_2018-11-02 17:27:25.379905,155,567.216617986537,0.0,0.0,0.0,False
2_39_123_557_2018-11-06 16:45:06.617668,153,968.4025022337139,1.0,0.7219854616013072,14.0,True
2_39_123_557_2018-11-07 21:10:27.109649,138,899.8447672619047,0.0,0.0,0.0,False
2_39_123_557_2018-11-08 17:48:58.659108,211,706.5792988795517,1.0,0.5144923120915033,17.0,True
2_39_123_557_2018-11-09 17:54:55.297356,337,1916.6034887623468,2.0,1.321455486111111,37.0,True
2_39_123_557_2018-11-12 22:40:12.901031,31,58.33114833161335,0.0,0.0,0.0,False
2_39_123_557_2018-11-13 18:31:32.987707,53,337.9014858055343,0.0,0.0,0.0,False
2_39_123_557_2018-11-13 22:00:44.330687,83,477.00926444665583,0.0,0.0,0.0,False
2_39_123_557_2018-11-14 17:15:57.269288,150,974.2469073980628,1.0,0.6279847313238162,12.0,True
2_39_123_557_2018-11-15 16:51:17.374732,31,48.28516526610644,0.0,0.0,0.0,False
2_39_123_557_2018-11-19 19:00:41.093922,100,584.1869431372548,1.0,0.1713729166666667,5.0,True
2_39_123_557_2018-11-20 20:18:50.518551,35,57.05423695683401,0.0,0.0,0.0,False
2_39_123_557_2018-11-21 18:46:45.055444,101,596.8927791666666,1.0,0.5170304398148149,11.0,True
2_39_123_557_2018-11-25 18:25:19.317839,68,459.99937308802305,0.0,0.0,0.0,False
2_39_123_557_2018-11-26 19:07:29.007087,100,297.68503039692933,3.0,2.2362362157538453,15.0,True
2_39_123_557_2018-11-27 17:54:58.064449,219,594.198846796079,4.0,1.3506262388137893,15.0,True
2_39_123_557_2018-11-28 18:01:04.274868,74,480.2134397058823,0.0,0.0,0.0,False
2_39_123_557_2018-11-29 21:15:08.874252,68,245.39393731146305,0.0,0.0,0.0,False
2_39_123_557_2018-12-05 20:23:25.541474,32,51.01703284313725,0.0,0.0,0.0,False
2_39_123_557_2018-12-07 18:09:37.530486,114,686.8870098739495,1.0,0.8056507557189543,17.0,True
2_39_123_557_2018-12-11 18:17:17.159695,106,453.27732911279895,2.0,1.2959410985868705,32.0,True
2_39_123_557_2018-12-13 18:11:11.284480,155,672.623345625589,1.0,0.49505637488328663,10.0,True
2_39_123_557_2018-12-14 16:49:26.094556,215,1192.4949215723407,0.0,0.0,0.0,False
2_39_123_557_2018-12-18 17:55:38.932295,141,697.9797677057705,1.0,0.604502711038961,11.0,True
2_39_123_557_2018-12-19 18:02:09.173653,121,707.2468563530811,1.0,0.7424819146825397,12.0,True
2_39_123_557_2019-01-08 18:52:15.224822,136,707.561544101186,1.0,0.29338153035775716,8.0,True
2_39_123_557_2019-01-15 18:01:38.354416,162,799.7725418581633,0.0,0.0,0.0,False
2_39_123_557_2019-01-16 20:28:32.645659,119,346.9850247846323,0.0,0.0,0.0,False
2_39_123_557_2019-01-22 18:17:25.339337,118,722.0168503310973,1.0,0.8405623706427016,18.0,True
2_39_123_557_2019-01-24 21:24:42.706313,63,363.75520965072934,1.0,0.36903319444444443,9.0,True
2_39_123_557_2019-01-30 19:53:39.071977,140,881.8650284862197,0.0,0.0,0.0,False
2_39_123_557_2019-02-01 22:02:01.276770,96,573.6338973272642,1.0,0.16372333333333336,5.0,True
2_39_123_557_2019-02-07 18:16:11.232230,114,681.3972060861524,1.0,0.800870841503268,17.0,True
2_39_123_557_2019-02-12 21:36:04.165452,174,1081.5486070378151,0.0,0.0,0.0,False
2_39_123_557_2019-02-22 16:58:10.137354,330,2205.0074864410913,0.0,0.0,0.0,False
2_39_123_557_2019-02-27 21:06:07.999586,43,66.08951005709976,0.0,0.0,0.0,False
2_39_123_557_2019-02-28 17:20:11.644279,136,696.1434493852205,1.0,0.8012366176470588,15.0,True
2_39_123_557_2019-03-12 19:46:35.060944,57,112.05953974089635,2.0,0.6341102777777777,8.0,True
2_39_123_557_2019-03-19 17:06:21.190353,147,740.4069653011204,0.0,0.0,0.0,False
2_39_123_557_2019-03-20 20:31:32.128737,26,141.64881985294116,0.0,0.0,0.0,False
2_39_123_557_2019-03-28 16:09:57.003048,28,43.263466666666666,0.0,0.0,0.0,False
2_39_123_557_2019-04-14 20:27:08.112987,112,688.2007825980392,0.0,0.0,0.0,False
2_39_123_557_2019-04-23 16:26:13.616051,156,990.6979386904761,0.0,0.0,0.0,False
2_39_123_557_2019-05-13 14:39:15.536849,88,533.1206814728572,0.0,0.0,0.0,False
2_39_123_557_2019-05-16 21:11:16.998451,131,806.9043041666666,1.0,0.17778562499999997,5.0,True
2_39_123_557_2019-06-07 20:05:40.356267,31,51.35193210784313,0.0,0.0,0.0,False
2_39_123_557_2019-06-11 16:50:42.119644,102,666.4595475490196,0.0,0.0,0.0,False
2_39_123_557_2019-06-14 16:04:43.152646,32,51.44216130952381,0.0,0.0,0.0,False
2_39_123_557_2019-07-09 16:31:26.984011,66,397.27831249999997,1.0,0.5572268055555555,7.0,True
2_39_123_557_2019-07-18 16:46:40.485608,88,556.3380136904761,0.0,0.0,0.0,False
2_39_123_557_2019-07-23 18:01:08.748880,81,477.1757574472096,0.0,0.0,0.0,False
2_39_123_557_2019-07-30 16:40:22.980046,56,337.6192537581699,1.0,0.5504281944444445,6.0,True
2_39_123_557_2019-08-07 16:24:59.542260,85,475.45769583333333,1.0,0.07871347222222222,8.0,True
2_39_123_557_2019-08-14 17:20:16.383945,109,677.3313801948052,1.0,0.6282411805555556,7.0,True
2_39_123_557_2019-08-20 16:12:09.747366,48,280.83170213278294,1.0,0.540858112745098,6.0,True
2_39_124_22_2018-11-01 17:12:34.350482,286,967.2188239655511,0.0,0.0,0.0,False
2_39_124_22_2018-11-02 15:46:31.957846,119,801.884418837535,0.0,0.0,0.0,False
2_39_124_22_2018-11-05 16:22:28.287145,321,2173.4278167139664,0.0,0.0,0.0,False
2_39_124_22_2018-11-06 16:58:43.086837,131,847.808187556561,1.0,0.5674888194444444,7.0,True
2_39_124_22_2018-11-07 17:38:39.136481,32,47.11268333333333,0.0,0.0,0.0,False
2_39_124_22_2018-11-08 18:10:58.162521,86,263.58673995098036,1.0,0.5314907189542485,14.0,True
2_39_124_22_2018-11-09 17:20:50.659768,134,447.2574821127574,0.0,0.0,0.0,False
2_39_124_22_2018-11-10 00:03:55.527932,116,400.3610909098727,1.0,0.3286189583333334,11.0,True
2_39_124_22_2018-11-11 00:04:19.437896,219,1394.751256127451,0.0,0.0,0.0,False
2_39_124_22_2018-11-12 17:31:33.985850,74,207.3471900560224,2.0,0.974890042016807,17.0,True
2_39_124_22_2018-11-13 17:41:33.012643,50,79.19929173178043,0.0,0.0,0.0,False
2_39_124_22_2018-11-14 17:05:45.183771,128,768.8350821895425,1.0,0.4189996527777778,5.0,True
2_39_124_22_2018-11-15 16:55:54.216752,75,227.24021862745096,0.0,0.0,0.0,False
2_39_124_22_2018-11-15 18:48:44.252564,177,1152.7251337965954,0.0,0.0,0.0,False
2_39_124_22_2018-11-16 18:16:17.685371,32,53.274979236694676,0.0,0.0,0.0,False
2_39_124_22_2018-11-16 21:59:28.201960,22,112.86857075163398,1.0,0.6021289583333334,9.0,True
2_39_124_22_2018-11-18 18:14:50.924066,23,41.29840280291604,0.0,0.0,0.0,False
2_39_124_22_2018-11-19 18:04:55.880268,22,37.840277681224,0.0,0.0,0.0,False
2_39_124_22_2018-11-19 20:15:26.046539,131,393.16483692212927,1.0,0.4237533123249301,9.0,True
2_39_124_22_2018-11-20 18:51:38.180943,69,136.84092903375864,2.0,0.6781315536492375,9.0,True
2_39_124_22_2018-11-21 20:17:55.842406,51,160.7378137605042,1.0,2.2540143469887957,24.0,True
2_39_124_22_2018-11-24 15:23:17.804307,18,111.89434903846153,0.0,0.0,0.0,False
2_39_124_22_2018-11-26 16:33:26.499634,216,837.5216270541549,1.0,0.5603442075163398,7.0,True
2_39_124_22_2018-11-27 05:24:06.710439,31,54.65703186274509,0.0,0.0,0.0,False
2_39_124_22_2018-11-27 17:31:23.426100,142,256.0544794844861,0.0,0.0,0.0,False
2_39_124_22_2018-11-28 17:29:20.233354,102,605.1673784345556,0.0,0.0,0.0,False
2_39_124_22_2018-11-29 18:27:55.531891,93,507.4333451563959,0.0,0.0,0.0,False
2_39_124_22_2018-11-30 22:11:01.937115,20,55.065931583247334,1.0,0.20095879084967322,6.0,True
2_39_124_22_2018-12-03 18:27:40.188870,29,149.69545416666665,0.0,0.0,0.0,False
2_39_124_22_2018-12-04 01:43:41.504981,52,79.78526635154061,0.0,0.0,0.0,False
2_39_124_22_2018-12-04 17:15:44.033411,96,293.8865268207283,1.0,0.2627304983660131,10.0,True
2_39_124_22_2018-12-06 20:47:24.748562,125,812.2917488684948,0.0,0.0,0.0,False
2_39_124_22_2018-12-07 21:49:52.492613,179,1106.8567842553687,0.0,0.0,0.0,False
2_39_124_22_2018-12-10 17:33:00.124174,102,371.67786580237356,2.0,1.771603367733058,49.0,True
2_39_124_22_2018-12-11 02:22:06.488651,117,804.1638643090569,0.0,0.0,0.0,False
2_39_124_22_2018-12-11 20:07:29.193179,32,59.037953758169934,0.0,0.0,0.0,False
2_39_124_22_2018-12-12 17:43:06.993671,28,51.03957459150327,0.0,0.0,0.0,False
2_39_124_22_2018-12-12 18:26:47.689914,47,314.1538694401445,0.0,0.0,0.0,False
2_39_124_22_2018-12-12 23:05:51.137619,345,1470.6947775694655,3.0,0.4732651211489882,6.0,True
2_39_124_22_2018-12-13 21:31:04.385379,41,90.5228619254928,2.0,0.3039389451507099,6.0,True
2_39_124_22_2018-12-15 19:26:07.732215,44,138.3660448965551,0.0,0.0,0.0,False
2_39_124_22_2018-12-16 21:26:11.320252,31,51.71173027544351,0.0,0.0,0.0,False
2_39_124_22_2018-12-17 21:46:13.436537,136,645.0912567152017,0.0,0.0,0.0,False
2_39_124_22_2019-01-04 19:40:44.190316,74,503.9611692405032,0.0,0.0,0.0,False
2_39_124_22_2019-01-08 19:35:17.003346,67,126.48020865337362,1.0,0.2562916176470588,8.0,True
2_39_124_22_2019-01-09 18:17:26.680043,97,457.3783252647735,0.0,0.0,0.0,False
2_39_124_22_2019-01-10 03:07:04.683478,32,194.1846158263305,0.0,0.0,0.0,False
2_39_124_22_2019-01-11 17:24:34.427976,35,157.07210744631186,0.0,0.0,0.0,False
2_39_124_22_2019-01-14 23:03:36.776413,46,172.72795054467804,0.0,0.0,0.0,False
2_39_124_22_2019-01-15 17:01:58.790953,71,218.4848785587778,0.0,0.0,0.0,False
2_39_124_22_2019-01-15 18:16:15.103568,72,140.96654070961716,1.0,0.2741753676470588,10.0,True
2_39_124_22_2019-01-17 17:14:58.909286,264,1400.7388968111609,1.0,0.8110558333333333,21.0,True
2_39_124_22_2019-01-17 23:56:43.599989,65,408.45989558823527,1.0,0.4105547916666667,7.0,True
2_39_124_22_2019-01-18 18:54:44.005157,38,217.26315727124182,0.0,0.0,0.0,False
2_39_124_22_2019-01-18 20:29:11.119217,361,2400.055945704317,0.0,0.0,0.0,False
2_39_124_22_2019-01-22 19:10:41.514728,67,134.36098921568626,2.0,0.6433997222222223,9.0,True
2_39_124_22_2019-01-24 18:12:25.843813,83,270.2395612745098,0.0,0.0,0.0,False
2_39_124_22_2019-01-25 19:08:23.198699,31,53.798035784313726,0.0,0.0,0.0,False
2_39_124_22_2019-01-25 19:45:33.620214,70,141.33655416666667,2.0,0.6782367361111111,10.0,True
2_39_124_22_2019-01-28 17:00:38.684510,132,848.1768269607843,1.0,0.5882248611111112,8.0,True
2_39_124_22_2019-01-29 17:44:07.227691,35,49.14717107843137,0.0,0.0,0.0,False
2_39_124_22_2019-01-29 23:24:23.893322,34,54.94334183006536,0.0,0.0,0.0,False
2_39_124_22_2019-01-30 18:10:39.064423,97,299.54833606442577,2.0,0.7692887459150327,16.0,True
2_39_124_22_2019-02-01 21:55:12.490395,31,56.20328429487179,0.0,0.0,0.0,False
2_39_124_22_2019-02-01 22:40:54.911155,11,51.855029820261436,0.0,0.0,0.0,False
2_39_124_22_2019-02-05 17:06:00.929505,112,355.4928433453801,4.0,0.7617465237825899,11.0,True
2_39_124_22_2019-02-07 23:25:18.013863,68,219.4994142623716,2.0,0.6690490795206973,9.0,True
2_39_124_22_2019-02-12 17:15:11.404020,219,749.9609286378653,2.0,0.5499511111111112,11.0,True
2_39_124_22_2019-02-13 17:14:23.933389,32,57.7002716503268,0.0,0.0,0.0,False
2_39_124_22_2019-02-13 19:48:48.605945,34,51.59657409420289,0.0,0.0,0.0,False
2_39_124_22_2019-02-15 18:06:00.938173,62,427.1280009103641,0.0,0.0,0.0,False
2_39_124_22_2019-02-16 02:15:46.709471,171,1123.40038855042,0.0,0.0,0.0,False
2_39_124_22_2019-02-16 18:55:51.798167,62,422.566825,0.0,0.0,0.0,False
2_39_124_22_2019-02-19 16:59:56.041312,124,821.7873081699346,1.0,0.6286230555555555,7.0,True
2_39_124_22_2019-02-20 19:42:33.186116,100,661.4641499875254,0.0,0.0,0.0,False
2_39_124_22_2019-02-21 02:04:20.343184,31,53.90509621212121,0.0,0.0,0.0,False
2_39_124_22_2019-02-21 17:16:44.867099,99,247.96101101774042,2.0,1.940313427482104,67.0,True
2_39_124_22_2019-02-22 21:30:51.085773,67,131.41955714285714,2.0,0.6177836805555555,9.0,True
2_39_124_22_2019-02-23 16:10:16.383303,32,55.80985946969697,0.0,0.0,0.0,False
2_39_124_22_2019-02-23 22:13:32.271417,112,371.31372426470585,0.0,0.0,0.0,False
2_39_124_22_2019-02-26 02:07:40.586239,78,477.46916242997196,0.0,0.0,0.0,False
2_39_124_22_2019-02-26 17:23:31.340151,31,49.66887843137255,0.0,0.0,0.0,False
2_39_124_22_2019-02-26 20:21:09.090587,273,970.1514352169888,2.0,0.5357023064353946,11.0,True
2_39_124_22_2019-02-28 20:17:01.670022,23,40.8046618048618,0.0,0.0,0.0,False
2_39_124_22_2019-03-01 21:16:31.391199,247,884.4733357843137,1.0,0.32238408088235293,9.0,True
2_39_124_22_2019-03-06 18:41:19.700703,6,20.08921607142857,0.0,0.0,0.0,False
2_39_124_22_2019-03-07 00:40:34.995762,79,270.20989404761906,1.0,0.2892043055555556,5.0,True
2_39_124_22_2019-03-12 01:14:51.846588,79,477.62044999999995,0.0,0.0,0.0,False
2_39_124_22_2019-03-12 18:42:05.721489,31,40.99993365384615,1.0,0.24673694444444447,25.0,True
2_39_124_22_2019-03-13 16:58:03.654963,107,306.663206162465,2.0,0.5541286111111111,15.0,True
2_39_124_22_2019-03-14 20:48:19.681914,13,51.79673946078431,0.0,0.0,0.0,False
2_39_124_22_2019-03-16 14:39:40.648349,227,1499.3014229341736,1.0,0.7583228431372548,19.0,True
2_39_124_22_2019-03-16 18:44:39.232892,41,102.92983897058824,2.0,0.8074424795751634,15.0,True
2_39_124_22_2019-03-20 18:42:48.835417,64,166.13389215686274,1.0,0.5172587908496732,16.0,True
2_39_124_22_2019-03-26 00:24:00.610965,31,53.42476666666666,0.0,0.0,0.0,False
2_39_124_22_2019-03-26 20:55:16.837410,114,558.5804016806723,2.0,1.1348097747432306,20.0,True
2_39_124_22_2019-03-26 23:23:07.518690,31,53.71305646681749,0.0,0.0,0.0,False
2_39_124_22_2019-03-27 17:13:40.972079,46,117.99096666666667,1.0,0.5430228472222223,16.0,True
2_39_124_22_2019-03-28 19:36:40.433929,33,57.887432352941175,0.0,0.0,0.0,False
2_39_124_22_2019-03-29 00:17:34.437344,31,50.79886071428571,0.0,0.0,0.0,False
2_39_124_22_2019-03-29 17:33:11.539499,44,112.28770416666666,1.0,0.5211077777777777,16.0,True
2_39_124_22_2019-03-30 17:20:54.512632,78,476.1235791666667,0.0,0.0,0.0,False
2_39_124_22_2019-04-01 16:37:53.256149,287,963.7330279411764,10.0,2.4371422263071896,16.0,True
2_39_124_22_2019-04-02 15:51:23.262954,125,821.5946077317291,1.0,0.6235883333333334,7.0,True
2_39_124_22_2019-04-03 02:37:00.488206,31,53.45865833333333,0.0,0.0,0.0,False
2_39_124_22_2019-04-04 18:32:08.111610,45,115.79980297619048,1.0,0.5299890277777778,16.0,True
2_39_124_22_2019-04-05 18:33:09.376475,31,51.44302788461538,0.0,0.0,0.0,False
2_39_124_22_2019-04-08 16:58:22.793341,5,8.440394805194805,0.0,0.0,0.0,False
2_39_124_22_2019-04-09 17:42:29.949416,50,109.10626299019607,1.0,0.30885948529411766,13.0,True
2_39_124_22_2019-04-10 16:19:22.190813,57,173.65964737394958,1.0,0.19519805555555556,5.0,True
2_39_124_22_2019-04-11 19:59:56.253449,31,54.86753259803921,0.0,0.0,0.0,False
2_39_124_22_2019-04-12 18:17:51.301278,48,128.3727125,1.0,0.5552894444444445,16.0,True
2_39_124_22_2019-04-15 17:50:04.471722,59,149.9499031862745,1.0,0.4873549632352941,15.0,True
2_39_124_22_2019-04-16 15:48:57.932420,55,348.8899722222222,0.0,0.0,0.0,False
2_39_124_22_2019-04-16 17:26:29.858227,35,206.1047619047619,0.0,0.0,0.0,False
2_39_124_22_2019-04-18 19:21:57.677145,104,703.9528465686275,0.0,0.0,0.0,False
2_39_124_22_2019-04-18 21:17:25.455973,32,72.18729166666667,2.0,0.7757666666666667,15.0,True
2_39_124_22_2019-04-19 20:33:17.561611,18,56.87557916666666,0.0,0.0,0.0,False
2_39_124_22_2019-04-19 21:49:44.695015,58,207.70646348039213,2.0,0.9951645833333334,21.0,True
2_39_124_22_2019-04-19 23:21:45.549585,73,467.4011003205128,0.0,0.0,0.0,False
2_39_124_22_2019-04-20 17:19:01.178993,63,183.44723333333332,1.0,0.47497451388888895,15.0,True
2_39_124_22_2019-04-22 20:29:40.929352,50,135.56455416666665,2.0,0.7215936111111112,15.0,True
2_39_124_22_2019-04-23 19:28:44.254761,31,51.1295125,0.0,0.0,0.0,False
2_39_124_22_2019-04-23 21:17:22.019378,199,1361.7084731325863,0.0,0.0,0.0,False
2_39_124_22_2019-04-24 16:38:57.377070,121,783.2881718137255,1.0,0.7317169281045751,8.0,True
2_39_124_22_2019-04-25 20:43:52.435733,105,355.28780049019605,1.0,0.38117985702614376,8.0,True
2_39_124_22_2019-04-26 21:10:13.298527,43,128.2387814102564,2.0,1.0284669444444443,18.0,True
2_39_124_22_2019-04-28 16:54:27.629761,158,445.86680294117645,0.0,0.0,0.0,False
2_39_124_22_2019-04-29 16:01:43.569647,72,239.44131249999998,1.0,0.33808562499999995,8.0,True
2_39_124_22_2019-04-30 17:16:47.592064,148,749.2860906862745,2.0,1.1448173529411765,31.0,True
2_39_124_22_2019-05-01 17:59:37.023704,99,267.2000088235294,1.0,0.353780625,8.0,True
2_39_124_22_2019-05-03 16:36:36.174787,70,188.40830896358543,2.0,0.5974155555555556,10.0,True
2_39_124_22_2019-05-06 17:40:18.761496,123,398.7011725490196,1.0,0.37396909722222227,8.0,True
2_39_124_22_2019-05-07 16:49:56.428997,155,510.4597416666666,0.0,0.0,0.0,False
2_39_124_22_2019-05-07 19:37:09.556499,275,1873.5945138888887,1.0,0.7015722222222223,16.0,True
2_39_124_22_2019-05-08 16:07:26.818038,90,476.4705833333333,0.0,0.0,0.0,False
2_39_124_22_2019-05-08 18:41:00.139481,45,114.63506666666666,1.0,0.4971932638888889,16.0,True
2_39_124_22_2019-05-10 20:06:50.702615,112,384.8862586601307,2.0,0.6942983333333332,12.0,True
2_39_124_22_2019-05-13 04:05:31.116710,203,1098.9611499999999,2.0,1.2495727083333332,32.0,True
2_39_124_22_2019-05-14 16:55:08.465841,121,503.3007488095238,2.0,1.6848497222222225,46.0,True
2_39_124_22_2019-05-15 16:23:52.713104,101,310.78067831996435,1.0,0.5773565482026143,16.0,True
2_39_124_22_2019-05-16 18:03:06.986702,46,120.44668817873303,1.0,0.5381360784313726,16.0,True
2_39_124_22_2019-05-17 17:03:56.275620,110,361.0553277310924,1.0,0.39700284722222223,8.0,True
2_39_124_22_2019-05-19 05:46:43.740614,318,2167.3869475840334,0.0,0.0,0.0,False
2_39_124_22_2019-05-20 16:06:40.362413,78,273.1098333333333,2.0,0.6915179289215685,18.0,True
2_39_124_22_2019-05-20 17:48:12.692554,87,548.72552590612,1.0,0.535352169117647,7.0,True
2_39_124_22_2019-05-21 16:33:39.919218,127,387.8796225140056,1.0,0.3161227777777779,11.0,True
2_39_124_22_2019-05-22 17:05:39.100918,102,343.3729671568627,1.0,0.4710761111111111,9.0,True
2_39_124_22_2019-05-23 18:55:04.212310,56,111.68914166666666,1.0,0.25662624999999994,8.0,True
2_39_124_22_2019-05-24 18:42:03.983361,49,132.03556666666665,1.0,0.518644375,16.0,True
2_39_124_22_2019-05-28 17:46:22.339483,62,122.6972794117647,1.0,0.31860333333333335,9.0,True
2_39_124_22_2019-05-29 16:38:55.325873,48,128.6781239973262,2.0,0.8793808374183005,15.0,True
2_39_124_22_2019-05-30 20:06:51.563394,30,84.62849281045752,1.0,0.19826456018518523,6.0,True
2_39_124_22_2019-05-31 18:01:13.015421,65,130.57769881907308,1.0,0.28791125,8.0,True
2_39_124_22_2019-06-04 00:22:52.717910,41,101.75574166666667,1.0,0.5184259722222222,16.0,True
2_39_124_22_2019-06-04 17:38:06.177154,146,618.7611390989729,1.0,1.0998576266339872,34.0,True
2_39_124_22_2019-06-05 16:58:57.690719,111,380.1606424369748,2.0,0.36612236111111107,8.0,True
2_39_124_22_2019-06-06 18:16:08.035928,155,1003.9344097168354,0.0,0.0,0.0,False
2_39_124_22_2019-06-06 21:23:34.773481,33,61.643036274509804,0.0,0.0,0.0,False
2_39_124_22_2019-06-07 17:53:20.858742,69,223.02483088235294,2.0,1.2307191503267974,33.0,True
2_39_124_22_2019-06-10 16:30:12.159777,49,93.51255867269984,1.0,0.2883282679738562,10.0,True
2_39_124_22_2019-06-11 19:00:56.544817,19,32.998617401960786,1.0,0.6623448161764707,14.0,True
2_39_124_22_2019-06-12 17:32:40.160651,86,499.73572282913165,0.0,0.0,0.0,False
2_39_124_22_2019-06-12 20:01:06.347862,21,36.09148858543417,0.0,0.0,0.0,False
2_39_124_22_2019-06-14 17:01:44.461121,138,850.4184735294117,1.0,0.6070636805555556,7.0,True
2_39_124_22_2019-06-17 18:54:23.349680,47,124.25846029411764,1.0,0.4530264093137255,15.0,True
2_39_124_22_2019-06-18 18:38:13.951194,47,125.85578629679144,1.0,0.48933240196078437,15.0,True
2_39_124_22_2019-06-19 16:44:48.684061,32,58.21800416666667,0.0,0.0,0.0,False
2_39_124_22_2019-06-20 19:59:32.844677,193,1089.374582107843,3.0,1.222405077614379,19.0,True
2_39_124_22_2019-06-21 16:24:39.235916,113,423.43625490196075,1.0,1.7453651348039216,52.0,True
2_39_124_22_2019-06-24 16:46:11.560123,250,857.3478843137254,10.0,4.209887022058823,66.0,True
2_39_124_22_2019-06-25 18:39:57.350905,31,47.72143333333333,0.0,0.0,0.0,False
2_39_124_22_2019-06-25 19:51:28.738733,58,196.83115115546218,2.0,1.1591472222222223,25.0,True
2_39_124_22_2019-06-25 23:06:24.830152,45,129.40755416666667,2.0,0.6420793055555556,12.0,True
2_39_124_22_2019-06-26 18:23:25.167474,32,48.65183333333333,0.0,0.0,0.0,False
2_39_124_22_2019-06-26 21:09:54.304855,63,125.92758928571428,1.0,0.2988280555555555,9.0,True
2_39_124_22_2019-06-27 17:03:56.290597,239,825.8223995098039,6.0,2.7341838602941175,31.0,True
2_39_124_22_2019-06-28 16:24:36.187719,88,266.03305098039215,2.0,0.7881047916666667,15.0,True
2_39_124_22_2019-07-01 16:09:26.285500,108,459.18830694444443,1.0,1.4898299305555553,40.0,True
2_39_124_22_2019-07-04 22:25:00.901738,25,43.43751488095238,0.0,0.0,0.0,False
2_39_124_22_2019-07-09 01:35:44.233319,39,131.95824831932774,1.0,0.25948078431372545,5.0,True
2_39_124_22_2019-07-10 17:26:22.301140,230,795.0659538003663,5.0,2.382064936660562,38.0,True
2_39_124_22_2019-07-11 17:41:05.062585,135,685.6399887443439,0.0,0.0,0.0,False
2_39_124_22_2019-07-12 17:23:40.976753,127,332.8611039215686,4.0,1.6854060294117645,25.0,True
2_39_124_22_2019-07-15 16:38:18.636907,120,504.43031666666667,2.0,1.6603161274509808,46.0,True
2_39_124_22_2019-07-16 16:30:53.890328,127,825.7642960784314,1.0,0.6095249305555555,7.0,True
2_39_124_22_2019-07-16 23:39:26.617400,117,362.15770980392153,1.0,0.27911534722222225,9.0,True
2_39_124_22_2019-07-17 17:44:50.920709,32,48.00140416666667,0.0,0.0,0.0,False
2_39_124_22_2019-07-17 23:06:28.731669,41,74.31408333333333,0.0,0.0,0.0,False
2_39_124_22_2019-07-20 17:35:47.862772,76,243.24514803921568,2.0,0.7929798243464051,30.0,True
2_39_124_22_2019-07-21 20:24:27.773491,27,45.267488690476185,0.0,0.0,0.0,False
2_39_124_22_2019-07-22 17:58:35.814586,42,282.6034398755656,0.0,0.0,0.0,False
2_39_124_22_2019-07-23 20:02:08.533569,95,428.676035953997,0.0,0.0,0.0,False
2_39_124_22_2019-07-24 00:42:11.506804,31,47.1719931372549,0.0,0.0,0.0,False
2_39_124_22_2019-07-24 18:19:33.129431,76,209.76420416666664,2.0,0.8353811805555555,15.0,True
2_39_124_22_2019-07-26 16:32:53.820069,114,350.40175,3.0,1.6030961805555555,29.0,True
2_39_124_22_2019-07-29 04:01:40.539601,30,192.28472727272725,0.0,0.0,0.0,False
2_39_124_22_2019-07-29 21:29:54.675750,32,54.083891666666666,0.0,0.0,0.0,False
2_39_124_22_2019-07-30 18:14:07.450035,127,194.2358482142857,0.0,0.0,0.0,False
2_39_124_22_2019-07-31 21:28:00.554533,31,53.3567375,0.0,0.0,0.0,False
2_39_124_22_2019-07-31 23:57:29.692556,286,965.1880047268908,7.0,4.203163075980393,76.0,True
2_39_124_22_2019-08-01 20:28:50.326348,80,477.07291666666663,0.0,0.0,0.0,False
2_39_124_22_2019-08-02 12:57:25.881335,102,575.2101583333333,1.0,0.5093988194444444,9.0,True
2_39_124_22_2019-08-02 20:57:44.532862,31,183.50121348039215,0.0,0.0,0.0,False
2_39_124_22_2019-08-05 23:05:45.546084,62,200.1061368697479,0.0,0.0,0.0,False
2_39_124_22_2019-08-06 18:50:56.024419,31,48.6552375,0.0,0.0,0.0,False
2_39_124_22_2019-08-06 21:38:08.969041,166,1111.4491319444444,0.0,0.0,0.0,False
2_39_124_22_2019-08-08 19:33:29.757094,45,135.2841487745098,2.0,1.025820383986928,17.0,True
2_39_124_22_2019-08-12 23:19:58.143301,279,949.2693192307692,10.0,3.953215341880342,40.0,True
2_39_124_22_2019-08-14 17:20:15.195115,153,355.0156958333333,1.0,0.5190817361111112,15.0,True
2_39_124_22_2019-08-15 20:11:13.462784,179,1007.6190360294117,2.0,1.0014652083333333,17.0,True
2_39_124_22_2019-08-16 16:39:05.343292,82,301.2125093137255,1.0,1.260261094771242,38.0,True
2_39_124_22_2019-08-19 18:28:30.886479,76,216.56020325630251,3.0,1.0950233455882352,24.0,True
2_39_124_22_2019-08-20 17:01:33.329777,74,243.4606399859944,2.0,0.6520552246732028,14.0,True
2_39_124_22_2019-08-21 16:58:52.381298,32,54.58268545751634,0.0,0.0,0.0,False
2_39_124_22_2019-08-22 16:28:31.781491,35,57.154715873015874,0.0,0.0,0.0,False
2_39_124_22_2019-08-23 00:30:36.737202,32,54.2468875,0.0,0.0,0.0,False
2_39_124_22_2019-08-23 17:07:06.694604,118,759.3723530572755,1.0,0.5086588888888889,6.0,True
2_39_124_22_2019-08-24 00:34:44.892997,209,1158.4922458333333,1.0,1.0770705555555555,26.0,True
2_39_124_558_2018-11-01 14:33:18.767529,37,59.626923284313726,0.0,0.0,0.0,False
2_39_124_558_2018-11-07 21:16:51.666775,118,391.2232401260504,1.0,0.3158385130718955,8.0,True
2_39_124_558_2018-11-19 16:30:04.529303,85,254.31718935574227,1.0,0.5634677001633986,16.0,True
2_39_124_558_2018-11-20 19:57:02.494418,84,219.28378078579917,2.0,1.9284277927559912,18.0,True
2_39_124_558_2018-11-21 17:02:16.938478,164,1128.0917625236218,0.0,0.0,0.0,False
2_39_124_558_2018-11-26 16:50:43.343185,31,50.86864117647059,0.0,0.0,0.0,False
2_39_124_558_2018-12-06 17:17:22.793227,115,344.7342160216718,1.0,0.4193948937908497,12.0,True
2_39_124_558_2019-01-09 17:11:50.681611,161,345.3972251096727,0.0,0.0,0.0,False
2_39_124_558_2019-01-10 17:41:59.932827,206,489.52235981725937,1.0,0.10603134932345291,6.0,True
2_39_124_558_2019-01-15 17:02:26.877950,187,472.7007555071691,3.0,0.4133549373638345,8.0,True
2_39_124_558_2019-01-28 17:52:00.188684,104,335.9166184809982,0.0,0.0,0.0,False
2_39_124_558_2019-01-29 16:49:15.882669,116,380.6699909960954,0.0,0.0,0.0,False
2_39_124_558_2019-01-30 17:00:42.382422,178,576.1833983574131,0.0,0.0,0.0,False
2_39_124_558_2019-02-06 16:34:57.895006,188,611.4398572909932,1.0,0.26069208333333344,10.0,True
2_39_124_558_2019-02-13 17:26:22.935675,169,552.0539607843137,0.0,0.0,0.0,False
2_39_124_558_2019-02-14 16:46:19.511781,179,556.3136520676692,3.0,0.2659452875243665,5.0,True
2_39_124_558_2019-02-19 17:12:51.982376,102,296.7295208333333,0.0,0.0,0.0,False
2_39_124_558_2019-02-22 18:05:01.286225,111,359.4694125,0.0,0.0,0.0,False
2_39_124_558_2019-02-26 17:19:20.601636,93,294.54199241736507,0.0,0.0,0.0,False
2_39_124_558_2019-02-27 16:34:01.421887,118,348.1635083548804,0.0,0.0,0.0,False
2_39_124_558_2019-02-28 16:36:38.065552,149,430.19425351992777,1.0,0.12106124649859945,5.0,True
2_39_124_558_2019-03-01 17:23:14.990250,104,335.73440664335664,0.0,0.0,0.0,False
2_39_124_558_2019-03-04 17:06:16.722572,149,481.56960709404973,1.0,0.12197777777777778,5.0,True
2_39_124_558_2019-03-11 15:34:47.858205,123,398.39124999999996,0.0,0.0,0.0,False
2_39_124_558_2019-03-20 15:01:48.135082,270,880.4779171811032,0.0,0.0,0.0,False
2_39_124_558_2019-03-26 15:50:56.235090,93,306.40455886222907,2.0,0.30850224264705883,8.0,True
2_39_124_558_2019-04-01 16:34:05.412669,293,961.367937640056,0.0,0.0,0.0,False
2_39_124_558_2019-04-09 15:07:37.997768,98,321.5387789215686,0.0,0.0,0.0,False
2_39_124_558_2019-04-10 15:06:31.888314,93,285.5624869209222,0.0,0.0,0.0,False
2_39_124_558_2019-04-25 15:48:54.723737,203,673.0901007352941,0.0,0.0,0.0,False
2_39_124_558_2019-04-26 15:42:09.926682,86,278.9512135854342,0.0,0.0,0.0,False
2_39_124_558_2019-04-29 15:54:48.851021,308,1017.9655755980217,0.0,0.0,0.0,False
2_39_124_558_2019-04-30 15:45:30.152741,116,288.40291859166973,0.0,0.0,0.0,False
2_39_124_558_2019-05-01 16:03:34.809336,234,511.99186299059426,0.0,0.0,0.0,False
2_39_124_558_2019-05-03 15:46:27.946885,227,745.6250309124526,0.0,0.0,0.0,False
2_39_124_558_2019-05-06 16:21:42.771770,218,717.6882807692307,0.0,0.0,0.0,False
2_39_124_558_2019-05-08 16:16:21.293411,264,875.2572740306391,0.0,0.0,0.0,False
2_39_124_558_2019-05-15 15:49:12.005221,87,287.0823235294117,0.0,0.0,0.0,False
2_39_124_558_2019-05-16 15:35:36.976513,182,596.6875532679738,1.0,0.11787145833333332,5.0,True
2_39_124_558_2019-05-17 15:14:44.784903,97,316.97933970588235,1.0,0.27452573120915036,5.0,True
2_39_124_558_2019-05-21 14:39:35.972553,156,513.6681899859943,0.0,0.0,0.0,False
2_39_124_558_2019-05-22 14:55:18.163137,85,265.7886735644258,3.0,0.5287617361111111,10.0,True
2_39_124_558_2019-05-23 15:02:36.659581,33,60.203925,0.0,0.0,0.0,False
2_39_124_558_2019-05-24 15:31:23.684115,246,812.0886266456582,0.0,0.0,0.0,False
2_39_124_558_2019-05-30 15:04:12.892610,165,476.5764291666666,0.0,0.0,0.0,False
2_39_124_558_2019-05-31 15:16:42.605483,97,319.8023332584082,3.0,1.6002648944111444,35.0,True
2_39_124_558_2019-06-04 15:48:09.597291,146,481.95855290746834,0.0,0.0,0.0,False
2_39_124_558_2019-06-05 15:06:24.003651,118,389.9116039332399,0.0,0.0,0.0,False
2_39_124_558_2019-06-06 15:01:21.550326,120,396.19118586601303,0.0,0.0,0.0,False
2_39_124_558_2019-06-07 15:52:04.691491,96,314.5388702380952,0.0,0.0,0.0,False
2_39_124_558_2019-06-12 15:26:25.249373,119,390.5267609126984,1.0,0.1314747916666667,5.0,True
2_39_124_558_2019-06-14 15:25:00.302410,142,466.851675245098,0.0,0.0,0.0,False
2_39_124_558_2019-06-14 20:31:35.569324,67,128.86286593137254,1.0,0.17382314950980393,7.0,True
2_39_124_558_2019-06-19 16:14:28.580626,156,514.9563796577605,0.0,0.0,0.0,False
2_39_124_558_2019-06-26 16:04:36.253849,146,481.6745339285714,0.0,0.0,0.0,False
2_39_124_558_2019-07-12 15:54:52.927163,231,745.7687995098039,0.0,0.0,0.0,False
2_39_124_558_2019-07-19 15:32:36.868475,248,806.6133936274509,0.0,0.0,0.0,False
2_39_124_558_2019-08-14 17:38:36.368972,195,1261.7130681372548,0.0,0.0,0.0,False
2_39_125_21_2018-11-01 01:09:11.419838,43,206.77036150302226,0.0,0.0,0.0,False
2_39_125_21_2018-11-01 16:19:38.324243,71,407.5920851135191,0.0,0.0,0.0,False
2_39_125_21_2018-11-01 23:37:58.013856,32,52.53187181372549,0.0,0.0,0.0,False
2_39_125_21_2018-11-02 18:50:41.554366,317,1164.0909263892154,0.0,0.0,0.0,False
2_39_125_21_2018-11-03 21:30:14.040778,32,57.266756318445054,0.0,0.0,0.0,False
2_39_125_21_2018-11-05 17:28:08.762181,67,390.51595952773147,1.0,0.20367977824463127,6.0,True
2_39_125_21_2018-11-06 16:35:52.689437,32,53.48581495098039,0.0,0.0,0.0,False
2_39_125_21_2018-11-07 16:01:59.184209,127,401.8025027003784,1.0,0.34873472222222224,8.0,True
2_39_125_21_2018-11-08 04:06:25.228860,116,754.277900245098,1.0,0.6073172630718954,7.0,True
2_39_125_21_2018-11-08 15:34:40.023807,44,111.92438970588235,1.0,0.49818723039215684,15.0,True
2_39_125_21_2018-11-09 04:04:42.869319,119,773.9649522550247,1.0,0.5371642361111112,7.0,True
2_39_125_21_2018-11-09 17:09:11.146248,114,374.21516918677725,1.0,0.3904915277777778,8.0,True
2_39_125_21_2018-11-10 17:34:28.997073,32,54.80373970588235,0.0,0.0,0.0,False
2_39_125_21_2018-11-12 16:35:53.743238,119,703.8455295920427,1.0,0.30085206418824845,8.0,True
2_39_125_21_2018-11-13 03:00:10.233583,31,53.13990017613106,0.0,0.0,0.0,False
2_39_125_21_2018-11-13 16:38:51.242683,128,758.0484665567104,0.0,0.0,0.0,False
2_39_125_21_2018-11-14 04:20:34.071822,133,912.7541001400559,0.0,0.0,0.0,False
2_39_125_21_2018-11-14 16:36:01.697773,129,772.770683426704,1.0,0.2566432026143791,8.0,True
2_39_125_21_2018-11-15 16:38:39.592175,132,763.6501428921569,1.0,0.1972990400326798,6.0,True
2_39_125_21_2018-11-16 00:11:03.720179,26,87.00922182539682,0.0,0.0,0.0,False
2_39_125_21_2018-11-16 16:17:23.010119,142,475.39731508857926,1.0,0.32102886846405226,6.0,True
2_39_125_21_2018-11-17 04:45:11.958993,144,448.1194739182022,1.0,0.18363004901960792,10.0,True
2_39_125_21_2018-11-19 00:40:13.386801,195,1191.5540479820875,0.0,0.0,0.0,False
2_39_125_21_2018-11-19 14:27:30.585436,274,1854.5906545800776,0.0,0.0,0.0,False
2_39_125_21_2018-11-20 02:52:02.848124,31,56.649992752100836,0.0,0.0,0.0,False
2_39_125_21_2018-11-20 03:22:42.877439,30,55.22192916666666,0.0,0.0,0.0,False
2_39_125_21_2018-11-20 16:37:33.617093,69,225.84500115669073,1.0,0.2915046710526316,6.0,True
2_39_125_21_2018-11-21 14:00:39.226552,202,1309.8891495589464,1.0,0.9989879588779956,14.0,True
2_39_125_21_2018-11-25 23:40:28.066577,19,92.95493553921568,0.0,0.0,0.0,False
2_39_125_21_2018-11-26 03:52:01.050147,19,30.858900980392157,0.0,0.0,0.0,False
2_39_125_21_2018-11-26 16:24:49.646308,85,480.3811594691385,0.0,0.0,0.0,False
2_39_125_21_2018-11-27 16:27:00.167709,153,703.0877111997609,0.0,0.0,0.0,False
2_39_125_21_2018-11-27 23:26:17.230998,158,1015.6139835983676,0.0,0.0,0.0,False
2_39_125_21_2018-11-28 17:52:50.348372,98,311.7996953431372,1.0,0.3560315972222223,8.0,True
2_39_125_21_2018-11-29 16:56:13.952876,84,259.3412878267974,1.0,0.2507403717320262,7.0,True
2_39_125_21_2018-11-30 14:35:05.361641,267,1694.3876509742493,1.0,1.0160715032679737,23.0,True
2_39_125_21_2018-11-30 21:46:16.065825,122,399.575840028049,2.0,0.8928938602941177,9.0,True
2_39_125_21_2018-12-01 05:58:19.742371,27,47.25040910576352,0.0,0.0,0.0,False
2_39_125_21_2018-12-03 17:11:47.906426,76,245.6885548503612,1.0,0.36824651143790843,9.0,True
2_39_125_21_2018-12-04 14:50:51.316483,440,2763.021640433023,1.0,0.7920565583177716,16.0,True
2_39_125_21_2018-12-04 22:49:52.291008,102,579.3875096988795,0.0,0.0,0.0,False
2_39_125_21_2018-12-05 02:48:55.083666,118,765.5457501977984,1.0,0.48901125000000006,6.0,True
2_39_125_21_2018-12-05 20:01:58.543165,101,593.5786230392157,0.0,0.0,0.0,False
2_39_125_21_2018-12-06 03:38:22.725310,43,286.3472422515092,0.0,0.0,0.0,False
2_39_125_21_2018-12-06 16:59:19.641212,60,341.4537071633518,0.0,0.0,0.0,False
2_39_125_21_2018-12-07 03:07:38.530057,125,798.7539227554179,1.0,0.6237367592592592,7.0,True
2_39_125_21_2018-12-07 16:35:48.800664,134,710.7437543061084,0.0,0.0,0.0,False
2_39_125_21_2018-12-07 22:12:32.834308,22,117.87721519607842,1.0,0.28398256944444444,7.0,True
2_39_125_21_2018-12-07 23:07:50.879911,128,859.4094931833259,0.0,0.0,0.0,False
2_39_125_21_2018-12-08 01:46:11.896322,62,379.82735411369674,0.0,0.0,0.0,False
2_39_125_21_2018-12-08 19:38:16.075024,123,798.2638726307189,0.0,0.0,0.0,False
2_39_125_21_2018-12-09 16:26:33.137141,38,90.96610517040149,1.0,0.5055161451525055,15.0,True
2_39_125_21_2018-12-09 18:44:20.817951,32,52.31225081699346,0.0,0.0,0.0,False
2_39_125_21_2018-12-09 21:05:52.950827,29,78.02605433006535,2.0,0.5641012704248367,6.0,True
2_39_125_21_2018-12-10 17:56:08.653715,108,332.6379377798285,1.0,0.4105985688997822,12.0,True
2_39_125_21_2018-12-10 21:14:19.332025,112,717.5189146183194,0.0,0.0,0.0,False
2_39_125_21_2018-12-11 17:09:03.137170,119,390.0348855392157,1.0,0.3953416435185185,9.0,True
2_39_125_21_2018-12-12 16:19:00.320786,47,120.77331078431372,1.0,0.5184841503267974,17.0,True
2_39_125_21_2018-12-13 18:20:32.121059,149,402.69822594161474,1.0,0.2707032067226146,8.0,True
2_39_125_21_2018-12-16 19:45:06.536554,72,192.34257719628582,1.0,0.5305390890522876,16.0,True
2_39_125_21_2018-12-17 00:17:46.276405,129,786.9296686901076,0.0,0.0,0.0,False
2_39_125_21_2018-12-17 03:40:22.544202,108,329.10577841869,0.0,0.0,0.0,False
2_39_125_21_2018-12-17 16:41:25.017234,29,95.98408781299969,0.0,0.0,0.0,False
2_39_125_21_2018-12-18 18:37:36.005617,169,732.1935415520604,3.0,1.1035510659559598,23.0,True
2_39_125_21_2018-12-19 16:11:51.563390,47,118.22095938847873,1.0,0.5218736247276689,17.0,True
2_39_125_21_2018-12-20 17:01:03.394758,150,454.2820086229399,1.0,0.10498585648148148,5.0,True
2_39_125_21_2018-12-21 02:45:07.956342,103,662.8237377905548,0.0,0.0,0.0,False
2_39_125_21_2018-12-24 19:34:24.986581,31,56.85433194444444,0.0,0.0,0.0,False
2_39_125_21_2018-12-31 02:47:30.979114,141,812.6985806197371,1.0,0.707589776688453,8.0,True
2_39_125_21_2019-01-01 22:23:40.471724,128,804.602434801908,1.0,0.6061291666666667,8.0,True
2_39_125_21_2019-01-04 03:40:21.315553,138,808.7734085538644,1.0,0.6581082387955183,8.0,True
2_39_125_21_2019-01-04 17:40:42.635292,119,351.72951550308994,1.0,0.3344008050968926,9.0,True
2_39_125_21_2019-01-05 17:26:48.040576,34,50.39326558307533,0.0,0.0,0.0,False
2_39_125_21_2019-01-06 23:04:59.148776,133,805.0509966747377,1.0,0.5942594580610022,7.0,True
2_39_125_21_2019-01-07 18:10:23.686280,107,496.21681082895515,0.0,0.0,0.0,False
2_39_125_21_2019-01-08 19:16:20.222919,293,935.2780973451901,1.0,0.35613320728291314,10.0,True
2_39_125_21_2019-01-10 18:00:48.209882,115,305.04306547001124,2.0,0.28574774509803924,7.0,True
2_39_125_21_2019-01-10 21:31:14.374284,31,76.2715908082663,3.0,1.0067881754617514,9.0,True
2_39_125_21_2019-01-11 17:37:50.622275,211,642.7056096045677,1.0,0.49423605422051864,22.0,True
2_39_125_21_2019-01-13 16:13:28.842877,270,1723.58117974691,0.0,0.0,0.0,False
2_39_125_21_2019-01-13 22:29:01.838044,48,74.79789141669478,0.0,0.0,0.0,False
2_39_125_21_2019-01-14 22:10:19.332662,198,943.0260147713502,0.0,0.0,0.0,False
2_39_125_21_2019-01-16 16:35:13.803696,146,552.3215653704353,0.0,0.0,0.0,False
2_39_125_21_2019-01-18 04:50:09.708645,105,726.3012916666667,0.0,0.0,0.0,False
2_39_125_21_2019-01-18 17:51:56.035680,46,114.90743155300581,1.0,0.5237148733660131,17.0,True
2_39_125_21_2019-01-19 21:10:05.194637,83,257.85371520037836,0.0,0.0,0.0,False
2_39_125_21_2019-01-22 17:22:50.070025,31,50.934810294117646,0.0,0.0,0.0,False
2_39_125_21_2019-01-22 20:52:01.366075,73,483.2696141339869,0.0,0.0,0.0,False
2_39_125_21_2019-01-23 01:11:31.010385,232,1594.9351953922796,0.0,0.0,0.0,False
2_39_125_21_2019-01-23 23:03:18.656780,74,80.46748423202614,3.0,0.5102747916666668,15.0,True
2_39_125_21_2019-01-24 20:25:01.799896,59,148.69617920168068,1.0,0.5461376511437909,17.0,True
2_39_125_21_2019-01-28 03:13:05.208040,102,656.0003017857142,1.0,0.555234375,7.0,True
2_39_125_21_2019-01-30 03:41:27.713525,111,705.8218906862745,1.0,0.5783170833333333,7.0,True
2_39_125_21_2019-02-01 02:13:43.360935,73,242.2617143557423,0.0,0.0,0.0,False
2_39_125_21_2019-02-01 19:02:51.947894,65,130.43983749999998,2.0,0.6511731944444443,8.0,True
2_39_125_21_2019-02-02 16:06:55.055203,97,298.3744851190476,1.0,0.21385472222222224,5.0,True
2_39_125_21_2019-02-05 13:50:45.575159,528,3025.598785474789,0.0,0.0,0.0,False
2_39_125_21_2019-02-06 17:39:51.210477,62,88.35459294333117,2.0,0.15662151143790848,5.0,True
2_39_125_21_2019-02-07 03:43:26.061058,125,789.7896572510822,1.0,0.6069159523809523,7.0,True
2_39_125_21_2019-02-07 17:33:20.585545,79,241.95339586834731,2.0,0.5564258321661998,13.0,True
2_39_125_21_2019-02-08 02:27:14.473523,174,1161.6306345938374,0.0,0.0,0.0,False
2_39_125_21_2019-02-08 17:07:47.582308,73,224.32660080850522,3.0,0.6448512500000001,8.0,True
2_39_125_21_2019-02-10 16:22:28.026000,31,49.34215416666667,0.0,0.0,0.0,False
2_39_125_21_2019-02-12 03:07:09.878730,173,1074.969237955182,0.0,0.0,0.0,False
2_39_125_21_2019-02-12 13:47:43.974085,295,1887.1149134367515,1.0,0.8425927083333334,20.0,True
2_39_125_21_2019-02-15 16:17:28.196810,127,809.7470182189542,1.0,0.6091615972222222,8.0,True
2_39_125_21_2019-02-16 23:28:58.650931,73,487.5885083333333,0.0,0.0,0.0,False
2_39_125_21_2019-02-20 21:14:23.382732,99,363.85928333333334,0.0,0.0,0.0,False
2_39_125_21_2019-02-21 01:11:25.472983,32,53.371363919413916,0.0,0.0,0.0,False
2_39_125_21_2019-02-21 01:56:37.077909,31,50.51819391025641,0.0,0.0,0.0,False
2_39_125_21_2019-02-21 16:55:21.273351,191,660.9143074229692,3.0,0.5797085416666667,10.0,True
2_39_125_21_2019-02-23 01:06:53.383224,81,241.1709898001508,1.0,0.501005605921856,20.0,True
2_39_125_21_2019-02-26 02:59:39.275398,118,762.9648571428571,1.0,0.6409145833333334,8.0,True
2_39_125_21_2019-02-26 18:01:36.986346,30,49.49038598901099,0.0,0.0,0.0,False
2_39_125_21_2019-02-26 20:00:10.161259,126,798.7483499571507,1.0,0.5969963888888888,7.0,True
2_39_125_21_2019-02-27 17:30:05.958990,101,320.77562135585003,1.0,0.38140375,10.0,True
2_39_125_21_2019-02-28 19:20:02.195009,187,546.1593223512598,0.0,0.0,0.0,False
2_39_125_21_2019-03-01 02:22:48.568546,108,680.2083162878788,0.0,0.0,0.0,False
2_39_125_21_2019-03-01 17:39:40.833858,72,231.85711845238094,1.0,0.3272542857142858,7.0,True
2_39_125_21_2019-03-02 18:50:20.958854,174,1121.774573401027,1.0,0.8360207638888889,22.0,True
2_39_125_21_2019-03-05 05:03:04.211456,64,442.148412920168,0.0,0.0,0.0,False
2_39_125_21_2019-03-05 17:30:25.452160,103,646.2942341269841,1.0,0.6575745833333333,8.0,True
2_39_125_21_2019-03-06 17:35:56.301536,30,101.8092987368024,0.0,0.0,0.0,False
2_39_125_21_2019-03-07 18:36:53.615839,31,54.13764166666667,0.0,0.0,0.0,False
2_39_125_21_2019-03-07 21:11:53.440329,137,858.5650761904761,1.0,0.6498300694444445,8.0,True
2_39_125_21_2019-03-08 03:39:27.620638,126,808.1293117063492,1.0,0.5734244444444444,7.0,True
2_39_125_21_2019-03-08 15:58:20.775877,107,335.61286574675324,1.0,0.4095073511904762,9.0,True
2_39_125_21_2019-03-09 22:52:15.220567,115,269.3395594017094,1.0,0.27381520833333334,11.0,True
2_39_125_21_2019-03-11 02:36:21.240285,70,436.4356537240537,0.0,0.0,0.0,False
2_39_125_21_2019-03-11 15:30:10.062770,138,794.4422116716617,1.0,0.7169981944444445,8.0,True
2_39_125_21_2019-03-12 15:42:11.516939,129,811.5161234728506,1.0,0.7409793831699346,8.0,True
2_39_125_21_2019-03-13 15:38:46.621716,127,810.7846916666666,1.0,0.5495056944444444,7.0,True
2_39_125_21_2019-03-14 15:38:15.030533,128,809.1038673701298,1.0,0.6462050694444444,8.0,True
2_39_125_21_2019-03-15 02:34:14.882134,117,756.7451049242424,1.0,0.6151438888888889,7.0,True
2_39_125_21_2019-03-18 22:05:37.664688,65,204.54292916666665,1.0,0.21521513888888888,9.0,True
2_39_125_21_2019-03-18 23:33:18.536160,70,236.9048512955182,2.0,0.3901748611111111,6.0,True
2_39_125_21_2019-03-19 16:30:01.472260,120,740.7742944920276,1.0,0.6127602083333333,8.0,True
2_39_125_21_2019-03-20 20:26:40.320839,31,89.40177916666666,1.0,0.2572209027777778,7.0,True
2_39_125_21_2019-03-21 02:28:40.507342,230,711.737729204374,2.0,0.6156955158730161,13.0,True
2_39_125_21_2019-03-22 16:57:28.113743,96,295.8499185897436,2.0,1.7997049999999999,56.0,True
2_39_125_21_2019-03-23 17:08:02.652222,80,487.4695064560439,0.0,0.0,0.0,False
2_39_125_21_2019-03-24 22:30:47.390490,125,807.8022833333333,1.0,0.5403969444444444,6.0,True
2_39_125_21_2019-03-25 14:54:03.738388,117,368.27379782913164,1.0,0.41025351307189545,10.0,True
2_39_125_21_2019-03-25 23:34:54.066577,30,50.02525833333333,0.0,0.0,0.0,False
2_39_125_21_2019-03-26 18:40:39.418160,44,110.57476715686273,2.0,0.7343333946078432,16.0,True
2_39_125_21_2019-03-27 02:48:07.505714,76,512.1647523809523,0.0,0.0,0.0,False
2_39_125_21_2019-03-27 23:35:13.466643,45,125.54586267507003,1.0,0.4134509027777779,15.0,True
2_39_125_21_2019-03-28 01:31:48.533142,65,219.04312090336134,0.0,0.0,0.0,False
2_39_125_21_2019-03-29 15:46:01.047987,86,269.30638233433234,1.0,0.2937852083333334,8.0,True
2_39_125_21_2019-03-29 20:34:44.612436,82,258.1665141941392,1.0,0.10083069444444448,5.0,True
2_39_125_21_2019-03-30 17:51:20.201213,158,1011.9255742424242,1.0,0.7238904861111111,19.0,True
2_39_125_21_2019-03-30 22:54:58.118978,73,221.7084875,1.0,0.4672875694444445,14.0,True
2_39_125_21_2019-04-01 17:24:16.826653,31,48.91505,0.0,0.0,0.0,False
2_39_125_21_2019-04-01 21:04:06.505235,27,44.058773755656105,0.0,0.0,0.0,False
2_39_125_21_2019-04-02 18:22:20.607296,40,98.61871666666666,1.0,0.5306552777777778,15.0,True
2_39_125_21_2019-04-03 20:00:24.600596,62,123.02607638888888,2.0,0.6625820138888889,9.0,True
2_39_125_21_2019-04-05 23:38:27.542824,31,49.97472083333333,0.0,0.0,0.0,False
2_39_125_21_2019-04-06 16:57:49.382854,30,44.401129166666664,0.0,0.0,0.0,False
2_39_125_21_2019-04-06 20:26:09.307609,226,716.7945006410256,1.0,0.2356531944444444,8.0,True
2_39_125_21_2019-04-08 16:07:58.624459,7,7.321055952380952,0.0,0.0,0.0,False
2_39_125_21_2019-04-09 14:59:48.385366,112,357.2780580532213,2.0,0.7419883578431372,10.0,True
2_39_125_21_2019-04-10 17:16:13.360388,53,138.78283333333331,1.0,0.5393380555555557,16.0,True
2_39_125_21_2019-04-11 19:19:02.916605,62,124.83188175770307,1.0,0.2667233333333333,8.0,True
2_39_125_21_2019-04-13 15:41:35.379309,32,58.25361071428571,0.0,0.0,0.0,False
2_39_125_21_2019-04-15 23:32:50.485777,87,296.5444958333333,0.0,0.0,0.0,False
2_39_125_21_2019-04-16 15:23:55.926114,37,58.87039432773109,0.0,0.0,0.0,False
2_39_125_21_2019-04-18 17:26:06.052456,45,118.09321602564101,2.0,0.7484750694444444,15.0,True
2_39_125_21_2019-04-19 14:55:57.790470,95,303.94610416666666,1.0,0.30911215277777776,7.0,True
2_39_125_21_2019-04-20 22:33:29.137627,90,295.28010416666666,0.0,0.0,0.0,False
2_39_125_21_2019-04-23 16:10:27.176004,112,371.19654623015873,1.0,0.12435986111111112,6.0,True
2_39_125_21_2019-04-26 16:02:07.251361,81,270.4873425770308,1.0,0.2413126388888889,7.0,True
2_39_125_21_2019-04-28 00:33:45.668151,88,290.9188291666666,0.0,0.0,0.0,False
2_39_125_21_2019-04-29 15:05:35.178817,63,189.06430714285713,1.0,0.3968917361111111,9.0,True
2_39_125_21_2019-04-30 00:20:18.268622,31,50.52492954545454,0.0,0.0,0.0,False
2_39_125_21_2019-04-30 15:01:26.857533,87,268.850375,1.0,0.4087321527777778,9.0,True
2_39_125_21_2019-05-06 23:32:58.144607,84,287.92482083333334,0.0,0.0,0.0,False
2_39_125_21_2019-05-07 15:04:05.834357,63,189.970566025641,1.0,0.38286625,9.0,True
2_39_125_21_2019-05-09 15:06:00.222097,56,168.60957083333332,1.0,0.3838815972222222,9.0,True
2_39_125_21_2019-05-11 22:02:56.433509,86,265.7990375,1.0,0.35470006944444443,13.0,True
2_39_125_21_2019-05-14 15:00:46.074270,78,243.5802958333333,2.0,0.6745460416666667,8.0,True
2_39_125_21_2019-05-20 15:28:33.948259,82,476.60896249999996,0.0,0.0,0.0,False
2_39_125_21_2019-05-21 16:03:50.109267,104,343.6741107142857,3.0,0.846260505952381,18.0,True
2_39_125_21_2019-05-22 16:04:33.738250,100,318.12922951680673,1.0,0.3843989583333334,9.0,True
2_39_125_21_2019-05-24 01:02:16.328999,61,193.48788333333331,1.0,1.1581904166666668,31.0,True
2_39_125_21_2019-05-24 13:31:28.010296,207,1146.3150458333332,3.0,1.2466765972222222,21.0,True
2_39_125_21_2019-05-24 20:03:06.677096,44,119.26548365384615,2.0,1.1502038194444446,23.0,True
2_39_125_21_2019-05-25 22:24:07.725014,63,184.64735625942683,1.0,0.447767308006536,15.0,True
2_39_125_21_2019-05-28 13:39:29.391422,204,1108.797912780112,1.0,1.2121599060457515,33.0,True
2_39_125_21_2019-05-28 20:07:54.729768,47,128.001775,1.0,1.1756846527777778,29.0,True
2_39_125_21_2019-05-29 13:28:15.888282,198,1092.9669436720142,1.0,1.0347224305555556,25.0,True
2_39_125_21_2019-05-29 19:36:15.524193,38,98.18926856060605,2.0,0.9925828472222222,17.0,True
2_39_125_21_2019-05-30 13:30:37.941718,200,1122.698968137255,1.0,1.0001381944444447,22.0,True
2_39_125_21_2019-05-31 13:29:07.286110,203,1145.8232559523808,2.0,0.8135097916666668,19.0,True
2_39_125_21_2019-06-03 13:28:16.705248,205,1109.745525,2.0,1.2745022222222218,31.0,True
2_39_125_21_2019-06-04 13:35:26.594300,201,1117.996869096916,1.0,0.9951382638888888,21.0,True
2_39_125_21_2019-06-05 13:31:58.077992,196,1084.930856135531,1.0,0.9430501304945054,23.0,True
2_39_125_21_2019-06-05 19:38:54.802076,45,145.10419044117646,2.0,1.0082671732026145,15.0,True
2_39_125_21_2019-06-06 13:31:50.450167,203,1130.3234901960784,3.0,1.2472796527777776,21.0,True
2_39_125_21_2019-06-06 20:04:55.645819,38,101.86495833333333,2.0,0.9888179861111112,15.0,True
2_39_125_21_2019-06-07 13:32:49.813200,192,1146.7359791666665,1.0,0.3316357638888889,17.0,True
2_39_125_21_2019-06-08 18:39:33.510121,157,1079.8580244047619,0.0,0.0,0.0,False
2_39_125_21_2019-06-09 22:54:47.217067,28,179.0782773809524,0.0,0.0,0.0,False
2_39_125_21_2019-06-10 13:34:13.721250,207,1123.8256930735931,1.0,1.1174163888888888,31.0,True
2_39_125_21_2019-06-11 13:38:26.141425,193,1089.2502134920635,2.0,1.0479497916666665,20.0,True
2_39_125_21_2019-06-12 04:22:10.973449,22,145.87990595238094,0.0,0.0,0.0,False
2_39_125_21_2019-06-12 13:32:04.388774,194,1087.181857142857,2.0,1.0366969444444443,19.0,True
2_39_125_21_2019-06-12 19:05:04.140090,31,51.770220238095234,0.0,0.0,0.0,False
2_39_125_21_2019-06-13 13:35:02.071727,191,1054.958655952381,1.0,1.059254513888889,24.0,True
2_39_125_21_2019-06-13 20:24:40.463322,19,51.0180625,1.0,0.17925840277777777,5.0,True
2_39_125_21_2019-06-14 13:34:19.292921,199,1112.118727479465,1.0,0.9801765972222223,21.0,True
2_39_125_21_2019-06-14 18:50:02.408655,122,388.3900575280112,1.0,0.3277452083333333,7.0,True
2_39_125_21_2019-06-15 22:33:32.940561,87,268.5278525210084,1.0,0.32150034722222226,12.0,True
2_39_125_21_2019-06-17 13:33:21.297950,206,1133.1968827380952,1.0,0.9392352876984126,26.0,True
2_39_125_21_2019-06-17 19:21:46.891021,41,107.15657083333333,2.0,0.956205,18.0,True
2_39_125_21_2019-06-18 13:27:54.431809,203,1151.9361808823528,2.0,1.0436395138888885,20.0,True
2_39_125_21_2019-06-18 19:47:55.425530,63,125.6921632191338,2.0,0.653918010620915,9.0,True
2_39_125_21_2019-06-19 13:29:37.298970,190,1147.1335610751992,1.0,0.3041107141959348,16.0,True
2_39_125_21_2019-06-19 19:45:07.707650,43,145.93781858974359,2.0,0.9117447222222221,13.0,True
2_39_125_21_2019-06-20 02:37:26.233734,93,556.2946447712418,0.0,0.0,0.0,False
2_39_125_21_2019-06-20 15:39:16.607885,125,397.0759412878788,1.0,0.3767089583333334,8.0,True
2_39_125_21_2019-06-21 16:01:57.312317,83,262.09291666666667,1.0,0.20303194444444442,5.0,True
2_39_125_21_2019-06-24 02:06:43.103004,32,51.864875,0.0,0.0,0.0,False
2_39_125_21_2019-06-24 13:35:41.290306,196,1079.1964556372548,2.0,1.0703623937908497,21.0,True
2_39_125_21_2019-06-25 03:07:20.690099,31,55.7809619047619,0.0,0.0,0.0,False
2_39_125_21_2019-06-25 13:28:04.706962,195,1093.935724404762,2.0,1.0547222222222223,20.0,True
2_39_125_21_2019-06-26 13:29:00.026710,199,1109.2426625,1.0,0.9309770138888888,21.0,True
2_39_125_21_2019-06-27 13:35:02.854322,195,1107.4770892857143,2.0,1.1219055555555555,16.0,True
2_39_125_21_2019-06-27 19:51:39.271736,18,49.74919166666666,1.0,0.19561104166666668,5.0,True
2_39_125_21_2019-06-28 13:34:59.356222,194,1085.4224749999998,2.0,1.1050409722222223,20.0,True
2_39_125_21_2019-06-28 20:12:24.749575,51,176.1763511904762,2.0,1.094904365079365,17.0,True
2_39_125_21_2019-07-01 13:33:41.577716,191,1052.5761458333334,2.0,1.123783263888889,23.0,True
2_39_125_21_2019-07-01 18:57:26.057586,38,108.11473088235293,2.0,0.9720083333333334,15.0,True
2_39_125_21_2019-07-02 13:36:23.406545,182,1028.218839703189,3.0,1.3643011436112906,17.0,True
2_39_125_21_2019-07-02 23:00:57.948439,204,1352.966707533398,0.0,0.0,0.0,False
2_39_125_21_2019-07-03 22:29:47.610757,130,849.9759312351863,0.0,0.0,0.0,False
2_39_125_21_2019-07-07 18:32:34.091110,43,106.63700413165266,2.0,0.829703898809524,15.0,True
2_39_125_21_2019-07-09 01:12:37.272077,79,477.1892039215686,0.0,0.0,0.0,False
2_39_125_21_2019-07-09 13:43:51.235435,193,1069.1713541666666,2.0,1.0408095833333333,20.0,True
2_39_125_21_2019-07-09 19:15:00.504208,40,123.84612083333333,2.0,1.0072489583333333,14.0,True
2_39_125_21_2019-07-10 00:12:31.858818,46,114.86257976190475,1.0,0.5745974305555558,17.0,True
2_39_125_21_2019-07-10 13:44:23.116232,192,1064.5999148917258,2.0,0.9838893055555556,19.0,True
2_39_125_21_2019-07-10 23:50:59.840267,207,714.5189197128851,4.0,1.84252945063923,54.0,True
2_39_125_21_2019-07-13 22:59:54.957625,45,278.8569333333333,0.0,0.0,0.0,False
2_39_125_21_2019-07-15 16:10:41.213195,87,282.5249657051282,1.0,0.3684721527777778,9.0,True
2_39_125_21_2019-07-16 16:25:04.730001,31,51.970570238095235,0.0,0.0,0.0,False
2_39_125_21_2019-07-17 16:28:14.075169,209,700.9132820409982,7.0,3.859991441993464,84.0,True
2_39_125_21_2019-07-18 20:53:46.884195,31,58.3202375,0.0,0.0,0.0,False
2_39_125_21_2019-07-19 18:34:52.850488,30,54.9476125,0.0,0.0,0.0,False
2_39_125_21_2019-07-19 20:23:15.260812,82,229.50582083333333,1.0,0.5237959722222222,15.0,True
2_39_125_21_2019-07-23 16:04:53.755283,131,422.99449999999996,4.0,2.5280311111111113,44.0,True
2_39_125_21_2019-07-24 16:05:02.701512,55,143.26115833333333,1.0,0.4570115972222223,15.0,True
2_39_125_21_2019-07-25 18:32:53.021290,31,43.5224,0.0,0.0,0.0,False
2_39_125_21_2019-07-25 23:15:10.243791,44,62.55304659090909,0.0,0.0,0.0,False
2_39_125_21_2019-07-26 02:59:55.491749,111,649.109294739819,1.0,0.30332430555555556,8.0,True
2_39_125_21_2019-07-29 16:11:42.432606,76,242.67960833333333,1.0,0.29908465277777774,7.0,True
2_39_125_21_2019-07-30 04:02:52.715073,95,583.5589458333333,0.0,0.0,0.0,False
2_39_125_21_2019-07-30 13:54:19.086269,191,1048.424013757321,1.0,1.0175290972222222,23.0,True
2_39_125_21_2019-07-30 19:19:09.784252,62,93.96818333333333,1.0,0.10580499999999998,6.0,True
2_39_125_21_2019-07-31 00:31:20.069677,140,443.89057857142853,1.0,0.354061875,9.0,True
2_39_125_21_2019-07-31 13:29:22.137180,184,1024.4156985994398,2.0,1.047353978174603,20.0,True
2_39_125_21_2019-07-31 19:49:54.567001,43,142.70990833333332,2.0,0.9025398611111111,13.0,True
2_39_125_21_2019-08-01 00:05:04.263992,47,137.5615549019608,1.0,0.3832805433006536,11.0,True
2_39_125_21_2019-08-01 13:25:53.563898,189,1049.4421589285714,2.0,1.0305984722222221,21.0,True
2_39_125_21_2019-08-01 19:43:13.417002,66,281.5214208333333,2.0,1.1033196527777778,17.0,True
2_39_125_21_2019-08-02 00:35:05.677195,90,545.6321816849817,0.0,0.0,0.0,False
2_39_125_21_2019-08-02 13:34:57.983755,195,1094.6519609432235,1.0,1.4862036965811964,29.0,True
2_39_125_21_2019-08-02 19:37:38.827961,40,106.47820416666666,2.0,1.0433555555555556,16.0,True
2_39_125_21_2019-08-05 13:33:24.916949,197,1076.2466409313724,2.0,1.0894061642156863,21.0,True
2_39_125_21_2019-08-06 04:21:15.468207,32,213.02912817460316,0.0,0.0,0.0,False
2_39_125_21_2019-08-06 16:09:13.221428,72,234.45629358974358,1.0,0.34174687500000006,8.0,True
2_39_125_21_2019-08-12 20:50:29.207226,56,147.00018308823527,3.0,0.9836069076797385,15.0,True
2_39_125_21_2019-08-15 23:27:48.837667,97,322.97295833333334,0.0,0.0,0.0,False
2_39_125_21_2019-08-16 16:27:24.536137,52,314.40159166666666,1.0,0.6508306944444444,7.0,True
2_39_125_21_2019-08-19 16:09:02.055059,74,233.04255238095237,1.0,0.37382604166666666,9.0,True
2_39_125_21_2019-08-23 16:59:49.743354,78,249.12280416666667,4.0,1.2541256944444443,19.0,True
2_39_125_559_2018-11-12 23:01:49.194364,31,58.644521886824904,0.0,0.0,0.0,False
2_39_125_559_2018-12-05 17:22:34.349069,105,329.38148333333334,1.0,0.39771875,10.0,True
2_39_125_559_2018-12-09 22:53:10.252139,54,334.53281443205486,0.0,0.0,0.0,False
2_39_125_559_2019-03-21 20:43:28.931385,177,1120.7344946023748,0.0,0.0,0.0,False
2_39_125_559_2019-05-22 20:12:03.899712,31,53.86569130178387,0.0,0.0,0.0,False
2_39_125_559_2019-06-27 21:27:33.648603,135,837.7976969187674,0.0,0.0,0.0,False
2_39_126_20_2018-11-01 02:07:44.976006,187,1227.3521775560223,0.0,0.0,0.0,False
2_39_126_20_2018-11-01 17:07:57.267706,67,232.84311577227382,0.0,0.0,0.0,False
2_39_126_20_2018-11-03 00:03:02.359145,31,50.93231503267974,0.0,0.0,0.0,False
2_39_126_20_2018-11-04 18:30:24.126026,31,55.08293954248366,0.0,0.0,0.0,False
2_39_126_20_2018-11-05 16:34:42.151858,131,376.37534886112337,0.0,0.0,0.0,False
2_39_126_20_2018-11-05 18:52:37.855450,128,399.9870366713352,2.0,0.49092978349673205,8.0,True
2_39_126_20_2018-11-06 20:20:28.504069,120,396.99617780112044,1.0,0.37271020833333335,8.0,True
2_39_126_20_2018-11-07 01:26:36.289876,32,54.825636169467785,0.0,0.0,0.0,False
2_39_126_20_2018-11-08 17:22:44.174963,113,437.7299253925254,0.0,0.0,0.0,False
2_39_126_20_2018-11-08 23:17:12.386367,99,675.0001111928104,0.0,0.0,0.0,False
2_39_126_20_2018-11-14 23:12:38.270653,136,866.4058675301779,0.0,0.0,0.0,False
2_39_126_20_2018-11-15 16:58:37.209014,45,188.38997554609563,0.0,0.0,0.0,False
2_39_126_20_2018-11-15 19:56:52.364637,66,135.08829187736498,2.0,0.6221680035259718,8.0,True
2_39_126_20_2018-11-16 16:43:57.069000,136,805.2454322695908,0.0,0.0,0.0,False
2_39_126_20_2018-11-18 18:06:40.403823,74,212.18606740196077,1.0,0.5706225816993464,17.0,True
2_39_126_20_2018-11-19 18:56:21.225067,67,137.37626544117646,2.0,0.5795341421568627,8.0,True
2_39_126_20_2018-11-21 01:50:56.873540,31,45.7945031512605,0.0,0.0,0.0,False
2_39_126_20_2018-11-24 22:34:55.865923,102,697.6405068160598,0.0,0.0,0.0,False
2_39_126_20_2018-11-25 00:36:30.139974,145,970.6220931956116,0.0,0.0,0.0,False
2_39_126_20_2018-12-02 00:34:22.941840,223,1409.0177023102033,0.0,0.0,0.0,False
2_39_126_20_2018-12-04 00:26:56.482403,62,197.66978799019606,0.0,0.0,0.0,False
2_39_126_20_2018-12-05 16:58:16.196125,110,353.71018134284014,1.0,0.08106777777777777,5.0,True
2_39_126_20_2018-12-07 20:15:41.054837,31,50.7130375,0.0,0.0,0.0,False
2_39_126_20_2018-12-07 22:02:52.490037,52,345.58257459150326,0.0,0.0,0.0,False
2_39_126_20_2018-12-13 20:46:17.100622,112,444.98458793771584,0.0,0.0,0.0,False
2_39_126_20_2018-12-13 23:09:07.546127,101,293.1098278224699,1.0,0.2703218191721133,8.0,True
2_39_126_20_2018-12-15 23:34:40.796183,108,313.8001341668179,2.0,0.8144865400326797,18.0,True
2_39_126_20_2018-12-20 01:27:08.752854,102,690.0569277401177,0.0,0.0,0.0,False
2_39_126_20_2018-12-22 05:42:06.308764,31,156.6453601131282,0.0,0.0,0.0,False
2_39_126_20_2019-01-10 02:31:20.405006,76,236.05763651426832,1.0,0.1724021524911134,8.0,True
2_39_126_20_2019-01-11 16:52:56.845225,68,97.34994029071633,0.0,0.0,0.0,False
2_39_126_20_2019-01-11 20:58:58.682313,65,97.66429738643578,0.0,0.0,0.0,False
2_39_126_20_2019-01-13 23:32:34.918131,24,69.32984655283657,0.0,0.0,0.0,False
2_39_126_20_2019-01-14 02:48:10.576686,136,827.0161416727026,0.0,0.0,0.0,False
2_39_126_20_2019-01-19 20:07:16.554058,44,150.89804975490196,0.0,0.0,0.0,False
2_39_126_20_2019-01-24 03:46:24.403457,142,846.5425229071453,0.0,0.0,0.0,False
2_39_126_20_2019-01-26 19:40:07.244033,125,780.9233482376284,1.0,0.812850943627451,20.0,True
2_39_126_20_2019-01-30 17:41:55.843797,62,126.32244912105867,1.0,0.2733025694444444,8.0,True
2_39_126_20_2019-02-01 21:31:00.456822,32,94.02528333333333,2.0,0.624707638888889,8.0,True
2_39_126_20_2019-02-05 02:05:40.824870,102,341.1085076797385,0.0,0.0,0.0,False
2_39_126_20_2019-02-07 19:37:38.698734,63,122.89535833333333,2.0,0.6575088888888889,10.0,True
2_39_126_20_2019-02-13 16:53:26.588903,120,357.95905874183006,1.0,0.5089872303921569,16.0,True
2_39_126_20_2019-02-14 16:53:19.936601,135,832.369156302521,1.0,0.5162541666666667,7.0,True
2_39_126_20_2019-02-15 05:07:25.906099,38,264.3539154761905,0.0,0.0,0.0,False
2_39_126_20_2019-02-18 18:23:47.985552,72,202.3012960218703,2.0,0.807757716503268,19.0,True
2_39_126_20_2019-02-20 22:01:18.433328,98,315.699122308975,0.0,0.0,0.0,False
2_39_126_20_2019-02-21 01:46:03.702502,136,916.9600833925276,0.0,0.0,0.0,False
2_39_126_20_2019-02-23 18:30:00.955815,99,651.9392492296919,1.0,0.3495713194444444,6.0,True
2_39_126_20_2019-02-25 17:45:43.573786,117,358.3178429514113,2.0,2.019203598452201,64.0,True
2_39_126_20_2019-02-27 17:41:18.459589,50,124.30943948943214,1.0,0.5584859517973856,17.0,True
2_39_126_20_2019-03-03 22:06:57.187110,168,1158.659994222689,0.0,0.0,0.0,False
2_39_126_20_2019-03-04 01:02:07.227159,19,126.63374187675069,0.0,0.0,0.0,False
2_39_126_20_2019-03-06 03:36:38.851835,93,334.6570936759319,0.0,0.0,0.0,False
2_39_126_20_2019-03-11 20:52:31.791134,33,95.77279821428571,1.0,0.3027865277777778,8.0,True
2_39_126_20_2019-03-13 19:48:28.634942,58,181.05945616246498,2.0,1.1919589186507935,30.0,True
2_39_126_20_2019-03-16 15:44:56.527353,30,48.22509562693498,0.0,0.0,0.0,False
2_39_126_20_2019-03-18 16:27:17.432979,139,878.9135127569326,0.0,0.0,0.0,False
2_39_126_20_2019-03-27 20:22:12.292548,132,824.7809104665072,1.0,0.6284638194444445,8.0,True
2_39_126_20_2019-03-27 23:40:44.250780,282,963.3057252578303,13.0,4.142054785565741,43.0,True
2_39_126_20_2019-03-31 23:07:32.517614,40,236.73622549019606,0.0,0.0,0.0,False
2_39_126_20_2019-04-03 15:27:43.639886,127,812.3102264705882,1.0,0.5892283333333334,7.0,True
2_39_126_20_2019-04-13 23:59:14.520913,31,52.76183068181818,0.0,0.0,0.0,False
2_39_126_20_2019-04-20 18:11:39.379906,53,304.0893208333333,1.0,0.21142256944444443,6.0,True
2_39_126_20_2019-04-21 22:21:19.823422,33,219.5999143493761,0.0,0.0,0.0,False
2_39_126_20_2019-04-23 01:12:24.711979,88,291.66717083333333,0.0,0.0,0.0,False
2_39_126_20_2019-04-25 02:51:17.401134,239,1473.8774848707665,0.0,0.0,0.0,False
2_39_126_20_2019-04-29 21:15:24.651036,80,257.009225,0.0,0.0,0.0,False
2_39_126_20_2019-04-29 23:33:20.189288,85,293.47889696969696,1.0,0.26538402777777775,5.0,True
2_39_126_20_2019-04-30 16:10:13.557853,183,394.9418600713012,1.0,0.42376118055555545,20.0,True
2_39_126_20_2019-05-02 01:21:53.704574,61,355.2883625,0.0,0.0,0.0,False
2_39_126_20_2019-05-02 17:10:10.452245,31,53.60389583333333,0.0,0.0,0.0,False
2_39_126_20_2019-05-04 00:12:31.489862,31,51.29529583333333,0.0,0.0,0.0,False
2_39_126_20_2019-05-06 00:38:39.918068,6,39.12792857142857,0.0,0.0,0.0,False
2_39_126_20_2019-05-06 01:10:22.389181,22,148.80107976190476,0.0,0.0,0.0,False
2_39_126_20_2019-05-09 17:07:08.982445,102,338.7905328431372,1.0,0.38441993055555557,9.0,True
2_39_126_20_2019-05-10 20:20:08.483145,31,53.22560297619047,0.0,0.0,0.0,False
2_39_126_20_2019-05-15 23:38:09.941850,73,250.9499419817927,0.0,0.0,0.0,False
2_39_126_20_2019-05-19 02:07:38.483253,61,416.82102499999996,0.0,0.0,0.0,False
2_39_126_20_2019-05-20 02:22:56.016206,83,493.39710626750696,0.0,0.0,0.0,False
2_39_126_20_2019-05-21 19:22:10.496443,64,127.10501021062271,1.0,0.22611215277777777,8.0,True
2_39_126_20_2019-05-23 17:36:10.196176,84,249.2436802197802,4.0,1.5910484226190476,24.0,True
2_39_126_20_2019-05-26 00:38:24.422338,7,44.40530654761905,0.0,0.0,0.0,False
2_39_126_20_2019-05-28 16:20:41.228372,34,62.29114166666666,1.0,0.5861327083333333,17.0,True
2_39_126_20_2019-05-29 02:16:08.150619,111,657.6153452874739,1.0,0.17699833333333334,5.0,True
2_39_126_20_2019-05-29 23:28:21.167806,87,302.4025237394958,1.0,0.2534459027777778,5.0,True
2_39_126_20_2019-06-03 21:43:20.536951,66,218.76246838235292,0.0,0.0,0.0,False
2_39_126_20_2019-06-03 23:54:45.705886,94,307.4642001867413,1.0,0.1754911111111111,7.0,True
2_39_126_20_2019-06-04 16:42:32.910167,85,269.9183958333333,1.0,0.29876250000000004,7.0,True
2_39_126_20_2019-06-04 23:48:09.172078,58,192.60303154761903,0.0,0.0,0.0,False
2_39_126_20_2019-06-05 02:06:32.424995,133,768.8884588922223,1.0,0.17577659722222222,5.0,True
2_39_126_20_2019-06-05 21:25:15.877664,143,971.8970015151515,0.0,0.0,0.0,False
2_39_126_20_2019-06-06 00:45:31.472087,119,377.79982030004305,4.0,1.7974018839330603,40.0,True
2_39_126_20_2019-06-12 02:56:27.672617,110,640.9461867647059,0.0,0.0,0.0,False
2_39_126_20_2019-06-13 22:45:08.405006,76,472.74347916666665,0.0,0.0,0.0,False
2_39_126_20_2019-06-16 21:49:37.288313,106,698.5738166666666,0.0,0.0,0.0,False
2_39_126_20_2019-06-17 16:20:59.451411,123,375.8623355392157,1.0,0.4532186805555556,16.0,True
2_39_126_20_2019-06-19 00:21:31.818158,36,83.73829583333332,2.0,0.7925795138888889,16.0,True
2_39_126_20_2019-06-22 00:00:55.698020,273,1806.6234465686273,0.0,0.0,0.0,False
2_39_126_20_2019-06-23 23:02:06.944349,19,126.69535557359306,0.0,0.0,0.0,False
2_39_126_20_2019-06-27 01:53:42.983519,102,602.2253637254902,1.0,0.2863290972222223,7.0,True
2_39_126_20_2019-06-27 16:42:45.333000,43,109.88490833333333,2.0,0.9680598611111109,18.0,True
2_39_126_20_2019-06-27 19:44:09.923315,32,47.763620833333334,0.0,0.0,0.0,False
2_39_126_20_2019-06-28 23:53:07.267636,70,229.19238809523807,0.0,0.0,0.0,False
2_39_126_20_2019-06-30 02:58:49.765590,37,244.18864166666665,0.0,0.0,0.0,False
2_39_126_20_2019-07-03 16:26:39.142555,235,783.1499966144149,9.0,4.018144165230194,61.0,True
2_39_126_20_2019-07-11 13:35:23.272104,197,1085.696987478453,2.0,1.1842998350750558,24.0,True
2_39_126_20_2019-07-12 13:30:58.136483,191,1064.1898910714285,2.0,1.0926847916666667,21.0,True
2_39_126_20_2019-07-15 18:04:43.926465,30,51.08226666666666,0.0,0.0,0.0,False
2_39_126_20_2019-07-15 18:46:26.333147,32,52.47703333333333,0.0,0.0,0.0,False
2_39_126_20_2019-07-16 01:18:29.016154,97,643.2065203781513,0.0,0.0,0.0,False
2_39_126_20_2019-07-16 16:33:20.396329,98,293.61657491087345,4.0,1.9219372957516336,55.0,True
2_39_126_20_2019-07-17 00:16:58.531217,44,112.15500416666666,1.0,0.569197638888889,16.0,True
2_39_126_20_2019-07-17 17:30:54.257951,116,356.1779769607843,1.0,0.5808598406862745,16.0,True
2_39_126_20_2019-07-17 20:31:19.733369,77,225.25719999999998,1.0,0.46155812500000004,14.0,True
2_39_126_20_2019-07-24 20:44:02.381509,30,43.09337083333333,0.0,0.0,0.0,False
2_39_126_20_2019-07-26 14:41:21.541061,128,843.8933419117647,0.0,0.0,0.0,False
2_39_126_20_2019-07-26 17:14:57.580726,163,566.4266791666666,7.0,2.934476388888889,49.0,True
2_39_126_20_2019-07-29 00:40:27.934810,153,915.4802389705882,1.0,0.26820312500000004,7.0,True
2_39_126_20_2019-08-01 04:53:49.198649,13,87.28012132352941,0.0,0.0,0.0,False
2_39_126_20_2019-08-08 04:59:02.088397,21,138.19820476190475,0.0,0.0,0.0,False
2_39_126_20_2019-08-14 15:08:07.731903,31,45.623346493212665,0.0,0.0,0.0,False
2_39_126_20_2019-08-16 17:59:49.115907,31,44.547420833333334,0.0,0.0,0.0,False
2_39_126_20_2019-08-22 02:49:16.861302,125,732.5466710784314,1.0,0.24316743055555556,7.0,True
2_39_126_20_2019-08-22 19:37:24.349481,48,164.4535875,2.0,0.9385773611111112,16.0,True
2_39_126_560_2018-11-01 17:22:41.328984,34,53.48227892156863,0.0,0.0,0.0,False
2_39_126_560_2018-11-05 17:09:39.766161,501,1154.5401432008007,4.0,3.3669904226181027,104.0,True
2_39_126_560_2018-11-09 18:07:10.380783,93,234.2314496381886,0.0,0.0,0.0,False
2_39_126_560_2018-11-27 18:09:01.164645,196,530.133972840279,0.0,0.0,0.0,False
2_39_126_560_2018-11-28 18:22:48.180789,70,197.5227232843137,1.0,0.5058444812091504,16.0,True
2_39_126_560_2018-11-28 20:34:29.468744,48,286.09300021065104,0.0,0.0,0.0,False
2_39_126_560_2018-12-07 17:30:12.032100,32,51.0840387605042,0.0,0.0,0.0,False
2_39_126_560_2018-12-11 21:48:27.774651,194,606.9186351145586,1.0,0.3728694354216045,12.0,True
2_39_126_560_2018-12-20 17:55:45.487197,62,80.84704313438539,0.0,0.0,0.0,False
2_39_126_560_2019-01-11 17:04:53.776386,272,654.1675522863102,3.0,0.42678164701991916,8.0,True
2_39_126_560_2019-01-24 17:40:01.651169,110,670.7161856092437,0.0,0.0,0.0,False
2_39_126_560_2019-01-25 16:47:56.261725,113,364.7599213235294,0.0,0.0,0.0,False
2_39_126_560_2019-02-01 17:20:19.487162,193,633.3063176572224,0.0,0.0,0.0,False
2_39_126_560_2019-02-21 18:25:07.287957,121,397.4773970238095,0.0,0.0,0.0,False
2_39_126_560_2019-03-06 17:03:37.092354,30,99.1710016025641,0.0,0.0,0.0,False
2_39_126_560_2019-03-07 16:47:12.867964,135,440.6600567808825,0.0,0.0,0.0,False
2_39_126_560_2019-03-21 15:24:14.885379,174,571.3175958301503,0.0,0.0,0.0,False
2_39_126_560_2019-03-26 16:51:17.494188,113,678.0417958296476,1.0,0.21057902369281048,6.0,True
2_39_126_560_2019-04-03 15:00:37.848724,93,306.0729807422969,0.0,0.0,0.0,False
2_39_126_560_2019-04-08 15:12:32.892745,137,309.07305476190476,0.0,0.0,0.0,False
2_39_126_560_2019-04-11 16:15:22.924573,96,316.84631119281045,0.0,0.0,0.0,False
2_39_126_560_2019-04-15 15:27:56.283502,230,1359.8945616946778,0.0,0.0,0.0,False
2_39_126_560_2019-04-23 15:35:58.527945,160,489.1977910130719,0.0,0.0,0.0,False
2_39_126_560_2019-05-03 21:37:55.815261,77,231.59609999999998,1.0,0.4955775,14.0,True
2_39_126_560_2019-05-10 16:02:16.272461,183,594.6251208333333,0.0,0.0,0.0,False
2_39_126_560_2019-05-28 16:30:00.092143,114,375.98057401960784,1.0,0.29462048611111114,5.0,True
2_39_126_560_2019-06-11 16:03:47.218102,95,293.24131225490197,0.0,0.0,0.0,False
2_39_127_19_2018-11-01 17:44:57.369291,32,52.1952625,0.0,0.0,0.0,False
2_39_127_19_2018-11-01 18:43:56.384836,31,51.66885412087912,0.0,0.0,0.0,False
2_39_127_19_2018-11-02 17:10:25.588822,156,491.47437243475474,0.0,0.0,0.0,False
2_39_127_19_2018-11-03 16:03:58.023925,31,53.22409604833161,0.0,0.0,0.0,False
2_39_127_19_2018-11-05 03:53:51.073246,32,52.67052990196078,0.0,0.0,0.0,False
2_39_127_19_2018-11-05 13:44:33.661641,307,1711.49365359673,1.0,0.3287478793183941,7.0,True
2_39_127_19_2018-11-06 00:17:34.551488,32,52.06097675070028,0.0,0.0,0.0,False
2_39_127_19_2018-11-06 16:57:56.398269,31,54.565252322595704,0.0,0.0,0.0,False
2_39_127_19_2018-11-06 20:17:35.806100,97,325.7935247441284,2.0,0.6340261805555556,8.0,True
2_39_127_19_2018-11-07 13:44:15.681189,394,2619.1178463752103,1.0,0.7994009471288517,19.0,True
2_39_127_19_2018-11-08 02:55:10.237299,83,569.3278450531494,0.0,0.0,0.0,False
2_39_127_19_2018-11-08 16:39:54.200325,127,402.2936382352941,1.0,0.32686784722222223,7.0,True
2_39_127_19_2018-11-09 10:33:02.342605,47,75.69441990534824,0.0,0.0,0.0,False
2_39_127_19_2018-11-19 16:56:04.406759,77,522.0090443160598,0.0,0.0,0.0,False
2_39_127_19_2018-11-19 20:48:54.359631,62,202.76381450746965,0.0,0.0,0.0,False
2_39_127_19_2018-11-20 07:09:14.713298,48,307.6543994949495,0.0,0.0,0.0,False
2_39_127_19_2018-11-20 13:57:50.151518,204,1322.7100829856504,1.0,0.8547715849673203,19.0,True
2_39_127_19_2018-11-20 22:59:05.898265,28,105.71005312285753,0.0,0.0,0.0,False
2_39_127_19_2018-11-21 18:00:08.340331,32,58.618979003267974,0.0,0.0,0.0,False
2_39_127_19_2018-11-25 04:18:48.706448,79,372.1608201805547,1.0,1.1823627982026146,15.0,True
2_39_127_19_2018-11-26 02:21:11.378520,43,237.66709334464554,1.0,1.0263913194444443,11.0,True
2_39_127_19_2018-11-26 14:07:14.109097,296,1798.2077585200745,0.0,0.0,0.0,False
2_39_127_19_2018-11-27 02:04:58.674200,114,737.2410574929971,1.0,0.4880614583333333,6.0,True
2_39_127_19_2018-11-27 14:14:40.227748,202,1284.5884278416845,0.0,0.0,0.0,False
2_39_127_19_2018-11-27 19:24:32.840689,29,34.16252711071608,1.0,0.0885078027065527,5.0,True
2_39_127_19_2018-11-27 20:18:20.217180,117,284.24478206959446,2.0,0.47677891189370486,10.0,True
2_39_127_19_2018-11-28 02:36:43.215388,114,729.3522514705882,1.0,0.5975445506535948,7.0,True
2_39_127_19_2018-11-28 20:41:20.259271,101,315.4093150846702,2.0,0.5399204534313725,8.0,True
2_39_127_19_2018-11-29 03:06:28.806800,119,760.52665,1.0,0.6019758946078431,8.0,True
2_39_127_19_2018-11-29 14:39:59.381966,435,2734.1355388205147,1.0,1.1638646263227514,19.0,True
2_39_127_19_2018-11-29 23:09:31.560525,148,841.41632535014,0.0,0.0,0.0,False
2_39_127_19_2018-11-30 16:45:07.130462,32,54.85434047619047,0.0,0.0,0.0,False
2_39_127_19_2018-11-30 20:31:15.584584,56,364.9702645148968,0.0,0.0,0.0,False
2_39_127_19_2018-12-01 01:32:03.706370,124,799.879060866013,1.0,0.6326304166666666,7.0,True
2_39_127_19_2018-12-03 17:54:46.330655,121,354.2198490196078,2.0,0.38023231209150327,10.0,True
2_39_127_19_2018-12-04 03:25:43.400313,122,770.9839597117794,1.0,0.5969419771241831,7.0,True
2_39_127_19_2018-12-04 13:32:23.855634,26,49.8828919117647,0.0,0.0,0.0,False
2_39_127_19_2018-12-04 16:31:50.024074,141,774.2960853334573,1.0,0.3124628869047619,8.0,True
2_39_127_19_2018-12-05 03:02:40.866126,41,262.09608725490193,0.0,0.0,0.0,False
2_39_127_19_2018-12-05 04:05:43.949631,107,712.9115111928104,0.0,0.0,0.0,False
2_39_127_19_2018-12-07 19:14:41.136235,77,227.59092139781012,1.0,0.6289409258959994,16.0,True
2_39_127_19_2018-12-09 07:50:43.576155,127,822.2039291623666,1.0,0.5686426552287582,7.0,True
2_39_127_19_2018-12-10 01:27:14.375435,73,458.23871029411765,1.0,0.6403161111111112,7.0,True
2_39_127_19_2018-12-10 13:39:29.663755,252,1663.0997949690402,1.0,0.8366677777777777,21.0,True
2_39_127_19_2018-12-10 23:50:22.794549,32,56.8430056372549,0.0,0.0,0.0,False
2_39_127_19_2018-12-11 04:55:23.452612,9,46.99092916666667,0.0,0.0,0.0,False
2_39_127_19_2018-12-11 17:05:28.593139,93,288.27611371381886,2.0,0.6513388766339869,11.0,True
2_39_127_19_2018-12-12 13:48:35.120624,351,2317.7723045364423,0.0,0.0,0.0,False
2_39_127_19_2018-12-13 01:19:37.275808,304,866.7408810476443,2.0,0.1807472962709805,5.0,True
2_39_127_19_2018-12-14 13:58:37.031801,486,2943.2394409787535,1.0,0.812748994125428,16.0,True
2_39_127_19_2018-12-15 18:41:03.053090,128,719.461748114035,1.0,1.0950856722689077,17.0,True
2_39_127_19_2018-12-17 00:12:23.856777,31,48.04981540526467,0.0,0.0,0.0,False
2_39_127_19_2018-12-17 16:11:47.013860,120,315.9272154639049,0.0,0.0,0.0,False
2_39_127_19_2018-12-18 02:55:34.183221,126,776.8666527778894,1.0,0.49346543709150326,7.0,True
2_39_127_19_2018-12-18 17:35:21.111233,112,334.7077729609185,1.0,0.3196470961718021,9.0,True
2_39_127_19_2018-12-19 13:18:20.819324,226,1456.327155556784,1.0,0.9704632400957457,19.0,True
2_39_127_19_2018-12-20 13:59:08.790425,207,1269.45639564267,0.0,0.0,0.0,False
2_39_127_19_2018-12-23 21:21:20.262028,69,427.7921268778564,0.0,0.0,0.0,False
2_39_127_19_2018-12-23 23:47:55.751538,60,374.7625162348273,0.0,0.0,0.0,False
2_39_127_19_2019-01-02 13:53:10.182304,357,2206.8326816865883,1.0,1.2050738969666814,23.0,True
2_39_127_19_2019-01-04 00:16:32.425740,282,937.0528933295287,1.0,0.4174206318082788,13.0,True
2_39_127_19_2019-01-04 16:36:48.444659,280,943.5808907542526,1.0,0.31377924019607845,10.0,True
2_39_127_19_2019-01-07 13:50:59.641869,531,3004.103544985398,0.0,0.0,0.0,False
2_39_127_19_2019-01-07 23:31:27.973382,33,167.10108265885302,0.0,0.0,0.0,False
2_39_127_19_2019-01-08 00:39:58.033145,77,231.8537294688155,0.0,0.0,0.0,False
2_39_127_19_2019-01-08 13:46:16.156198,285,1621.0104244959632,2.0,0.5227294742063492,7.0,True
2_39_127_19_2019-01-09 03:31:59.205103,173,1094.4248244555108,0.0,0.0,0.0,False
2_39_127_19_2019-01-09 17:12:38.788772,50,124.73719849895546,1.0,0.35394622111355273,11.0,True
2_39_127_19_2019-01-13 17:59:31.049850,71,237.3109510374644,0.0,0.0,0.0,False
2_39_127_19_2019-01-14 16:58:12.158150,150,357.22315873748283,0.0,0.0,0.0,False
2_39_127_19_2019-01-15 17:08:41.895036,117,356.05980532572,1.0,0.18312243055555558,5.0,True
2_39_127_19_2019-01-16 16:56:09.806467,131,378.5734062064569,3.0,0.8785668185475944,17.0,True
2_39_127_19_2019-01-17 17:24:52.925242,257,1427.5982377747252,0.0,0.0,0.0,False
2_39_127_19_2019-01-17 22:08:52.451331,90,557.0499515056022,1.0,0.3650797222222222,10.0,True
2_39_127_19_2019-01-18 03:51:35.182150,127,818.3298353609625,1.0,0.5769083333333334,7.0,True
2_39_127_19_2019-01-19 19:17:48.046131,107,652.237202124183,1.0,0.18327916666666672,5.0,True
2_39_127_19_2019-01-20 01:23:46.369250,19,129.48417137021474,0.0,0.0,0.0,False
2_39_127_19_2019-01-21 02:32:56.176428,120,776.5429857026144,1.0,0.6145024305555555,8.0,True
2_39_127_19_2019-01-22 18:20:18.462964,145,734.4660192988599,1.0,1.062993914207496,33.0,True
2_39_127_19_2019-01-23 04:04:11.519478,110,739.8583134615384,0.0,0.0,0.0,False
2_39_127_19_2019-01-23 17:18:03.081754,38,57.31035423669468,1.0,0.09917531746031746,5.0,True
2_39_127_19_2019-01-24 23:41:53.313675,31,52.23891866246498,0.0,0.0,0.0,False
2_39_127_19_2019-01-25 01:46:36.779419,105,322.20593526647497,1.0,0.49256570540935674,18.0,True
2_39_127_19_2019-01-26 23:45:55.128253,133,435.8514326168929,0.0,0.0,0.0,False
2_39_127_19_2019-01-27 03:57:32.071398,125,818.115,1.0,0.6478245833333334,7.0,True
2_39_127_19_2019-01-28 17:42:44.138773,102,318.2121767857143,1.0,0.3266158333333334,9.0,True
2_39_127_19_2019-01-29 02:08:08.276797,114,737.6024827120591,1.0,0.5845761805555555,7.0,True
2_39_127_19_2019-01-30 22:19:43.709958,20,52.38969583333333,2.0,0.5555006250000001,7.0,True
2_39_127_19_2019-01-31 16:45:57.914781,80,269.34288161764704,1.0,0.3317434027777778,10.0,True
2_39_127_19_2019-02-01 03:25:24.707059,116,758.5808710784313,1.0,0.5904784027777777,7.0,True
2_39_127_19_2019-02-02 17:43:54.919618,129,855.2196525560224,0.0,0.0,0.0,False
2_39_127_19_2019-02-02 23:20:48.299456,31,56.939325,0.0,0.0,0.0,False
2_39_127_19_2019-02-04 16:41:32.228684,298,973.48255349936,3.0,0.5789486642156864,12.0,True
2_39_127_19_2019-02-05 16:39:46.379425,128,351.9830078494218,3.0,0.4577789198179273,7.0,True
2_39_127_19_2019-02-05 21:01:07.301528,82,420.1748391507185,0.0,0.0,0.0,False
2_39_127_19_2019-02-05 23:09:34.693756,80,257.03915227836745,0.0,0.0,0.0,False
2_39_127_19_2019-02-06 02:32:43.739957,30,50.153456286549705,0.0,0.0,0.0,False
2_39_127_19_2019-02-06 03:56:04.401544,151,1002.6175928921568,0.0,0.0,0.0,False
2_39_127_19_2019-02-06 16:46:57.195255,105,324.73036162464984,2.0,0.6716545138888887,10.0,True
2_39_127_19_2019-02-06 21:04:00.668800,22,55.97855833333333,1.0,0.38676958333333333,10.0,True
2_39_127_19_2019-02-07 17:56:05.791417,32,51.8990300070028,0.0,0.0,0.0,False
2_39_127_19_2019-02-08 01:23:42.729741,273,933.6611502917833,7.0,1.4718606419234361,12.0,True
2_39_127_19_2019-02-08 16:31:47.615521,105,326.6239539118561,2.0,0.423005160880786,10.0,True
2_39_127_19_2019-02-09 18:06:30.345136,81,475.66123855042014,0.0,0.0,0.0,False
2_39_127_19_2019-02-11 21:20:26.123479,33,91.78754464285714,1.0,0.32134879960317464,10.0,True
2_39_127_19_2019-02-12 16:54:25.215091,117,366.5650702838828,1.0,0.35215166666666675,10.0,True
2_39_127_19_2019-02-14 02:08:46.326007,33,185.421975,1.0,0.31632847222222216,6.0,True
2_39_127_19_2019-02-14 05:18:42.018821,68,436.5324971665589,0.0,0.0,0.0,False
2_39_127_19_2019-02-14 18:24:06.009445,70,226.16223154761903,2.0,0.8807637500000001,23.0,True
2_39_127_19_2019-02-16 18:42:14.227260,77,476.8389886904762,0.0,0.0,0.0,False
2_39_127_19_2019-02-16 21:07:35.064898,194,673.7752526260504,0.0,0.0,0.0,False
2_39_127_19_2019-02-17 01:06:55.026352,48,134.59138035714284,1.0,0.29571938492063493,13.0,True
2_39_127_19_2019-02-17 18:57:01.639831,89,272.19796428571425,1.0,0.3180802083333333,5.0,True
2_39_127_19_2019-02-20 05:19:44.652077,20,32.45565416666666,0.0,0.0,0.0,False
2_39_127_19_2019-02-21 01:28:59.134043,265,919.8830483651152,1.0,0.3295500694444445,10.0,True
2_39_127_19_2019-02-21 16:55:21.841856,147,994.5657990196078,0.0,0.0,0.0,False
2_39_127_19_2019-02-22 04:55:51.284127,96,645.1277207664884,0.0,0.0,0.0,False
2_39_127_19_2019-02-23 02:26:14.836806,445,2975.6833957487775,1.0,0.7754880147058825,24.0,True
2_39_127_19_2019-02-24 00:00:58.516697,82,551.124223192004,0.0,0.0,0.0,False
2_39_127_19_2019-02-26 16:43:07.335458,100,621.3630950808393,1.0,0.43230738970588234,7.0,True
2_39_127_19_2019-02-27 16:44:59.984433,73,236.35638758276036,1.0,0.35247812500000003,9.0,True
2_39_127_19_2019-02-28 03:03:20.506429,18,106.04356985294118,0.0,0.0,0.0,False
2_39_127_19_2019-02-28 05:07:59.983250,92,591.4780208333333,1.0,0.7014089583333333,8.0,True
2_39_127_19_2019-02-28 20:46:45.496405,32,47.31035144819061,0.0,0.0,0.0,False
2_39_127_19_2019-02-28 21:56:22.464926,22,31.925589743589743,0.0,0.0,0.0,False
2_39_127_19_2019-03-01 17:11:33.762646,167,584.3646355042016,1.0,0.25121701388888895,8.0,True
2_39_127_19_2019-03-02 17:42:29.055130,17,112.86853457792208,0.0,0.0,0.0,False
2_39_127_19_2019-03-02 18:13:16.871261,61,416.72375906862743,0.0,0.0,0.0,False
2_39_127_19_2019-03-04 17:12:06.200853,84,255.7193056229374,2.0,0.437744367997199,11.0,True
2_39_127_19_2019-03-04 23:05:58.599339,164,571.1449787667698,3.0,0.6654801195390436,10.0,True
2_39_127_19_2019-03-05 17:05:32.120930,108,364.985869012605,1.0,0.38885604166666676,9.0,True
2_39_127_19_2019-03-07 02:01:33.243762,77,478.3418089285714,0.0,0.0,0.0,False
2_39_127_19_2019-03-07 17:01:25.731190,147,597.8181210003232,2.0,1.8929304592670404,62.0,True
2_39_127_19_2019-03-08 18:33:19.094455,134,865.8913930258467,1.0,0.6499213194444444,8.0,True
2_39_127_19_2019-03-09 00:53:28.258372,221,1422.7543245214752,1.0,0.913635,24.0,True
2_39_127_19_2019-03-11 18:10:41.488475,268,933.0388176470587,2.0,0.57331125,13.0,True
2_39_127_19_2019-03-12 05:07:44.494336,222,704.1961800177763,1.0,0.2909152083333333,11.0,True
2_39_127_19_2019-03-14 16:04:21.796448,144,799.6880223856209,1.0,0.6331912268518518,7.0,True
2_39_127_19_2019-03-14 23:32:17.705931,22,148.04629289215686,0.0,0.0,0.0,False
2_39_127_19_2019-03-15 00:48:24.846758,80,241.07538088235293,1.0,0.46945604166666666,17.0,True
2_39_127_19_2019-03-15 16:42:20.551511,150,624.9204536764705,2.0,1.818845833333333,62.0,True
2_39_127_19_2019-03-16 18:07:40.236305,84,561.7571953431373,0.0,0.0,0.0,False
2_39_127_19_2019-03-17 20:35:54.683746,31,49.48817916666666,0.0,0.0,0.0,False
2_39_127_19_2019-03-18 15:49:14.211368,88,277.31501470588233,1.0,0.3272244444444445,8.0,True
2_39_127_19_2019-03-19 15:58:50.118573,125,444.256075,2.0,1.8652398611111114,58.0,True
2_39_127_19_2019-03-19 23:49:02.056044,40,128.61935892857142,1.0,0.35939263888888895,11.0,True
2_39_127_19_2019-03-20 15:49:31.405741,91,285.36293333333333,1.0,0.2475572916666667,7.0,True
2_39_127_19_2019-03-20 20:13:14.151598,31,56.77742083333333,0.0,0.0,0.0,False
2_39_127_19_2019-03-20 22:49:12.066033,98,317.7528977833441,1.0,0.18093234616282414,9.0,True
2_39_127_19_2019-03-21 02:17:21.020495,66,384.4528305555555,0.0,0.0,0.0,False
2_39_127_19_2019-03-21 04:50:42.708039,498,3297.3049951680673,1.0,0.820537638888889,21.0,True
2_39_127_19_2019-03-21 15:33:50.422811,90,284.3247928571428,1.0,0.3209752281746032,8.0,True
2_39_127_19_2019-03-22 15:28:43.718403,90,283.3341375,1.0,0.2289010416666667,6.0,True
2_39_127_19_2019-03-22 20:25:00.493905,23,64.0264,1.0,0.20338069444444445,6.0,True
2_39_127_19_2019-03-23 17:00:14.653881,77,475.92922397186146,0.0,0.0,0.0,False
2_39_127_19_2019-03-23 22:34:51.994207,72,213.0895708333333,1.0,0.446391875,16.0,True
2_39_127_19_2019-03-25 15:35:51.602907,124,804.1308301470588,1.0,0.6469217361111111,7.0,True
2_39_127_19_2019-03-27 04:41:51.111565,209,658.5842352941177,4.0,1.4773389950980396,24.0,True
2_39_127_19_2019-03-28 16:44:12.065295,103,317.85005416666667,4.0,1.0459669444444444,13.0,True
2_39_127_19_2019-03-30 00:23:39.965740,89,269.59202916666663,1.0,0.326534513888889,10.0,True
2_39_127_19_2019-03-30 16:30:26.032390,151,988.2239263888888,0.0,0.0,0.0,False
2_39_127_19_2019-04-01 16:38:48.027813,102,321.275775,2.0,0.6071075694444444,10.0,True
2_39_127_19_2019-04-02 16:02:02.383299,68,219.4527107492997,1.0,0.36417909722222225,8.0,True
2_39_127_19_2019-04-03 02:43:19.558101,198,1324.6645033963584,0.0,0.0,0.0,False
2_39_127_19_2019-04-03 22:24:29.813296,68,200.06139614845938,1.0,0.3927945138888889,13.0,True
2_39_127_19_2019-04-04 19:27:02.603090,121,718.2302535714285,0.0,0.0,0.0,False
2_39_127_19_2019-04-05 19:23:19.594302,61,182.1928107843137,1.0,0.36508163807189553,15.0,True
2_39_127_19_2019-04-08 15:46:21.065342,17,30.015585822510822,0.0,0.0,0.0,False
2_39_127_19_2019-04-09 15:48:04.324525,88,277.8785833333333,1.0,0.27834840277777784,8.0,True
2_39_127_19_2019-04-09 20:03:22.043087,46,125.1629378968254,2.0,1.0662300694444444,21.0,True
2_39_127_19_2019-04-11 03:44:26.834055,24,34.855694444444445,0.0,0.0,0.0,False
2_39_127_19_2019-04-12 01:59:34.270888,78,516.7121781162465,0.0,0.0,0.0,False
2_39_127_19_2019-04-12 06:06:51.262929,37,61.07103210784314,0.0,0.0,0.0,False
2_39_127_19_2019-04-17 15:58:29.786073,110,248.57283214285712,0.0,0.0,0.0,False
2_39_127_19_2019-04-18 01:55:46.739007,43,238.65687916666667,0.0,0.0,0.0,False
2_39_127_19_2019-04-18 15:01:41.620155,124,397.9183375,1.0,0.4048286111111111,8.0,True
2_39_127_19_2019-04-19 02:39:08.343538,240,849.5327886904762,2.0,0.26842680555555554,8.0,True
2_39_127_19_2019-04-20 03:51:54.682148,156,554.1992836834734,0.0,0.0,0.0,False
2_39_127_19_2019-04-20 17:04:16.919308,76,475.67084166666666,0.0,0.0,0.0,False
2_39_127_19_2019-04-22 00:18:45.642673,267,1753.6951450980391,1.0,0.859167638888889,23.0,True
2_39_127_19_2019-04-23 23:52:34.850008,34,75.08070416666666,2.0,0.7971467361111111,16.0,True
2_39_127_19_2019-04-24 17:14:19.160504,82,475.1924334733893,0.0,0.0,0.0,False
2_39_127_19_2019-04-24 20:52:34.233683,19,51.68890952380952,2.0,0.4778470833333332,5.0,True
2_39_127_19_2019-04-27 17:23:09.737112,50,295.5946049019608,0.0,0.0,0.0,False
2_39_127_19_2019-04-28 18:45:36.390798,162,1039.5898900910363,1.0,0.7263409027777779,18.0,True
2_39_127_19_2019-04-29 15:39:56.667684,234,831.3301049019608,1.0,0.26080854166666667,8.0,True
2_39_127_19_2019-04-30 14:18:11.303447,52,321.445859478022,0.0,0.0,0.0,False
2_39_127_19_2019-05-01 01:19:02.861477,60,350.31927619047616,1.0,0.7459104166666666,16.0,True
2_39_127_19_2019-05-01 03:27:30.968615,133,816.4912239010989,0.0,0.0,0.0,False
2_39_127_19_2019-05-01 15:39:18.925731,84,281.6143916666667,1.0,0.2374282638888889,10.0,True
2_39_127_19_2019-05-02 16:25:14.187512,31,41.25066666666666,1.0,0.24451763888888892,25.0,True
2_39_127_19_2019-05-02 17:24:56.355403,94,318.8503159313725,2.0,0.5712805514705881,9.0,True
2_39_127_19_2019-05-03 16:11:51.417585,130,449.6517465686274,1.0,0.29606722222222226,8.0,True
2_39_127_19_2019-05-04 18:35:42.242225,147,456.26181299019606,0.0,0.0,0.0,False
2_39_127_19_2019-05-05 16:52:24.210678,354,2376.55265122549,1.0,0.8620580555555555,20.0,True
2_39_127_19_2019-05-06 02:08:34.544085,161,981.8779053921568,0.0,0.0,0.0,False
2_39_127_19_2019-05-06 16:19:15.140380,88,458.39932901387823,0.0,0.0,0.0,False
2_39_127_19_2019-05-08 02:40:11.760693,140,845.8235360294117,0.0,0.0,0.0,False
2_39_127_19_2019-05-08 18:54:52.441841,322,2142.7250026960783,1.0,0.754725277777778,20.0,True
2_39_127_19_2019-05-09 15:28:35.482330,84,266.1776284313725,2.0,0.3071227083333333,5.0,True
2_39_127_19_2019-05-10 16:32:19.081504,100,343.05061694890077,1.0,0.3150276388888889,10.0,True
2_39_127_19_2019-05-11 15:35:50.538883,192,680.3732148809523,0.0,0.0,0.0,False
2_39_127_19_2019-05-11 19:10:17.584746,113,783.9018692307692,0.0,0.0,0.0,False
2_39_127_19_2019-05-12 05:21:53.368755,31,51.11244166666666,0.0,0.0,0.0,False
2_39_127_19_2019-05-12 22:11:18.721176,145,921.5825412655971,0.0,0.0,0.0,False
2_39_127_19_2019-05-13 19:09:31.592521,32,54.67150955882353,0.0,0.0,0.0,False
2_39_127_19_2019-05-13 21:46:37.987216,32,55.882891666666666,0.0,0.0,0.0,False
2_39_127_19_2019-05-15 15:59:44.607209,103,355.84564747899157,0.0,0.0,0.0,False
2_39_127_19_2019-05-17 00:43:52.724774,46,268.56561666666664,1.0,0.654197361111111,12.0,True
2_39_127_19_2019-05-17 04:06:37.609447,167,521.2372982843137,1.0,0.32515194444444445,10.0,True
2_39_127_19_2019-05-19 20:05:14.335840,51,173.08643799019606,1.0,0.10726513888888889,5.0,True
2_39_127_19_2019-05-20 15:32:41.075334,272,947.9527160977625,6.0,4.306289609154938,112.0,True
2_39_127_19_2019-05-21 15:30:08.296784,89,280.1389713989442,1.0,0.3111908333333333,8.0,True
2_39_127_19_2019-05-22 15:40:00.585449,82,274.8121625,3.0,0.8301640972222223,14.0,True
2_39_127_19_2019-05-23 16:34:27.798269,130,840.7555475840336,1.0,0.6118079942810457,7.0,True
2_39_127_19_2019-05-23 23:35:48.122959,124,373.02032028478055,0.0,0.0,0.0,False
2_39_127_19_2019-05-24 01:51:29.723054,84,462.7977591970121,1.0,0.9589010375816994,24.0,True
2_39_127_19_2019-05-24 16:20:02.103741,76,255.3804223506069,3.0,1.0145382053376908,26.0,True
2_39_127_19_2019-05-25 06:07:31.077102,217,692.8412964635854,1.0,0.2437756944444444,7.0,True
2_39_127_19_2019-05-28 15:55:11.337275,142,493.81421176739923,4.0,1.7118969246031743,37.0,True
2_39_127_19_2019-06-02 16:21:07.803082,69,220.1170446266968,1.0,0.2453132638888889,5.0,True
2_39_127_19_2019-06-03 06:20:22.641529,159,966.0746583333333,0.0,0.0,0.0,False
2_39_127_19_2019-06-05 16:03:14.513045,31,57.532532607588486,0.0,0.0,0.0,False
2_39_127_19_2019-06-06 19:26:28.080785,68,137.77499583333332,2.0,0.6259768749999999,8.0,True
2_39_127_19_2019-06-07 22:50:13.078217,255,892.2483933789249,4.0,2.4857742848164905,80.0,True
2_39_127_19_2019-06-12 15:42:47.549856,96,298.1475171568627,2.0,1.6683360632586366,36.0,True
2_39_127_19_2019-06-13 19:54:01.735906,221,699.9728137254901,1.0,0.2520902777777778,8.0,True
2_39_127_19_2019-06-15 16:32:41.198557,164,1008.5634007352941,0.0,0.0,0.0,False
2_39_127_19_2019-06-16 18:43:16.382496,42,108.62216666666666,1.0,0.4667113888888888,15.0,True
2_39_127_19_2019-06-17 16:10:54.804631,67,219.60519926470587,2.0,0.654149375,15.0,True
2_39_127_19_2019-06-20 01:03:31.934566,78,477.0146900910364,0.0,0.0,0.0,False
2_39_127_19_2019-06-20 15:54:00.573131,78,261.5662879901961,3.0,1.035165522875817,16.0,True
2_39_127_19_2019-06-21 16:00:31.816085,79,267.45122885154063,5.0,1.0415717810457514,18.0,True
2_39_127_19_2019-06-24 01:02:12.827475,187,656.8222611928104,1.0,2.930866086601307,139.0,True
2_39_127_19_2019-06-24 15:47:30.399083,80,256.36580865384616,1.0,0.17225696078431377,5.0,True
2_39_127_19_2019-06-24 20:23:29.414671,30,86.16388284313724,1.0,0.24901984885620915,6.0,True
2_39_127_19_2019-06-26 00:21:58.973441,37,85.43414166666666,1.0,0.5851782638888889,16.0,True
2_39_127_19_2019-06-27 04:40:34.441679,82,237.02145773809522,1.0,0.295428125,10.0,True
2_39_127_19_2019-06-28 15:34:57.422099,88,297.9986325980392,4.0,1.376924718137255,24.0,True
2_39_127_19_2019-06-30 22:06:14.032012,33,217.37081958874458,0.0,0.0,0.0,False
2_39_127_19_2019-07-01 03:02:54.473303,153,945.8933166666666,0.0,0.0,0.0,False
2_39_127_19_2019-07-01 13:30:32.663926,81,257.52251369047616,1.0,0.27049375,5.0,True
2_39_127_19_2019-07-03 15:57:25.704799,108,407.45611002477915,1.0,1.6907166857897007,46.0,True
2_39_127_19_2019-07-06 14:30:30.582384,30,52.67552797619047,0.0,0.0,0.0,False
2_39_127_19_2019-07-08 16:14:50.428397,68,221.4789289215686,2.0,1.0333339624183007,22.0,True
2_39_127_19_2019-07-10 16:22:53.154565,114,349.1241473856209,1.0,0.4802664624183007,16.0,True
2_39_127_19_2019-07-13 16:45:31.311280,237,1470.8932531862745,1.0,0.8953872712418302,21.0,True
2_39_127_19_2019-07-15 00:30:01.310859,139,490.88968790849674,3.0,1.3924153349673203,32.0,True
2_39_127_19_2019-07-15 15:23:03.883481,134,390.0815660014005,0.0,0.0,0.0,False
2_39_127_19_2019-07-16 15:59:43.845053,88,274.5017544117647,2.0,1.6866549959150325,40.0,True
2_39_127_19_2019-07-17 02:09:26.041625,480,3048.9073878034546,2.0,1.34001414624183,27.0,True
2_39_127_19_2019-07-17 16:42:53.964899,79,260.28044093137254,2.0,0.5811479820261438,9.0,True
2_39_127_19_2019-07-18 00:58:31.066813,77,476.4681434523809,0.0,0.0,0.0,False
2_39_127_19_2019-07-18 20:07:28.830165,88,476.5098118464052,0.0,0.0,0.0,False
2_39_127_19_2019-07-19 18:56:47.242905,222,706.1171732843137,1.0,0.27641791666666665,8.0,True
2_39_127_19_2019-07-20 16:20:57.194008,213,1400.8731970588235,1.0,0.7627825694444444,16.0,True
2_39_127_19_2019-07-22 01:31:29.333779,32,51.90963774509804,0.0,0.0,0.0,False
2_39_127_19_2019-07-22 16:06:08.264251,65,212.62098746498597,3.0,0.7104233409197012,8.0,True
2_39_127_19_2019-07-23 15:45:16.089593,119,367.4845779188948,1.0,0.5133872222222222,15.0,True
2_39_127_19_2019-07-25 15:56:08.487101,95,302.3531541316527,2.0,1.9082540581232492,45.0,True
2_39_127_19_2019-07-26 15:52:48.602996,30,51.44630833333333,0.0,0.0,0.0,False
2_39_127_19_2019-07-29 15:32:06.486944,122,384.23120889355744,1.0,0.4304459027777778,9.0,True
2_39_127_19_2019-07-31 00:27:24.519207,281,958.8735450360913,3.0,3.1271196256194784,65.0,True
2_39_127_19_2019-07-31 16:09:26.784875,253,827.9095281862744,1.0,0.2068265277777778,6.0,True
2_39_127_19_2019-08-01 16:08:40.622200,66,211.2818237529627,2.0,0.7088665073529412,13.0,True
2_39_127_19_2019-08-03 19:16:25.209112,187,1202.4440451797386,0.0,0.0,0.0,False
2_39_127_19_2019-08-06 15:58:19.370627,86,269.9655263071895,3.0,1.2308993695533768,27.0,True
2_39_127_19_2019-08-07 01:22:58.080904,63,413.0406375,0.0,0.0,0.0,False
2_39_127_19_2019-08-07 17:16:18.160628,74,235.71150900178253,2.0,1.2726211315359475,29.0,True
2_39_127_19_2019-08-08 15:52:57.878766,113,367.3358100834193,5.0,1.1861650797643617,17.0,True
2_39_127_19_2019-08-10 16:20:35.024203,271,1669.8221481235998,1.0,1.0953193084631516,29.0,True
2_39_127_19_2019-08-12 16:17:35.874329,74,235.97295,3.0,1.1049213194444445,23.0,True
2_39_127_19_2019-08-14 03:17:09.766469,9,50.579451307189544,0.0,0.0,0.0,False
2_39_127_19_2019-08-16 21:17:33.204461,32,55.23284138655462,0.0,0.0,0.0,False
2_39_127_19_2019-08-17 18:58:15.971808,31,50.917422549019605,0.0,0.0,0.0,False
2_39_127_19_2019-08-21 00:24:40.411577,74,249.89814310224088,3.0,1.2898788153594771,26.0,True
2_39_127_19_2019-08-21 15:13:15.014247,32,53.19694919786096,0.0,0.0,0.0,False
2_39_127_19_2019-08-22 16:02:31.434677,89,279.670068627451,1.0,0.25436673611111116,7.0,True
2_39_127_561_2018-11-06 18:23:56.848160,193,577.1294557880844,0.0,0.0,0.0,False
2_39_127_561_2018-11-09 20:26:53.648009,67,137.61447573529412,2.0,0.6172471732026144,8.0,True
2_39_127_561_2018-11-15 18:51:02.967755,313,2105.5103405031714,0.0,0.0,0.0,False
2_39_127_561_2019-01-15 17:20:09.331306,136,746.5910458923017,1.0,0.1853172426470588,5.0,True
2_39_127_561_2019-02-01 18:08:51.966809,121,759.2810975596041,0.0,0.0,0.0,False
2_39_127_561_2019-05-20 19:22:01.580156,89,566.7625553921569,1.0,0.4751802410130718,8.0,True
2_39_128_18_2018-11-01 00:53:58.011134,13,78.95574901960784,0.0,0.0,0.0,False
2_39_128_18_2018-11-01 01:05:59.690300,38,203.0647414215686,0.0,0.0,0.0,False
2_39_128_18_2018-11-01 03:01:39.691629,26,147.15500537065702,0.0,0.0,0.0,False
2_39_128_18_2018-11-01 04:49:45.954251,45,199.8638714869281,0.0,0.0,0.0,False
2_39_128_18_2018-11-01 19:02:28.170182,32,79.90516922268907,0.0,0.0,0.0,False
2_39_128_18_2018-11-02 22:15:18.554146,104,552.5897295510862,0.0,0.0,0.0,False
2_39_128_18_2018-11-04 23:35:07.465662,31,48.17695323924441,0.0,0.0,0.0,False
2_39_128_18_2018-11-05 17:37:46.620139,273,1199.8387120589464,0.0,0.0,0.0,False
2_39_128_18_2018-11-06 17:07:22.407989,197,1063.6499486215582,1.0,1.122353747306615,33.0,True
2_39_128_18_2018-11-08 14:33:45.873369,67,449.7470916971573,0.0,0.0,0.0,False
2_39_128_18_2018-11-09 16:14:07.519979,233,1321.2508113752517,0.0,0.0,0.0,False
2_39_128_18_2018-11-15 16:45:10.022281,33,57.024972028629264,0.0,0.0,0.0,False
2_39_128_18_2018-11-15 23:13:11.223612,298,1980.5948590734943,0.0,0.0,0.0,False
2_39_128_18_2018-11-19 20:04:23.497207,94,280.4729992806213,1.0,0.5767781600140055,15.0,True
2_39_128_18_2018-11-20 20:50:03.135547,32,56.32431080047403,0.0,0.0,0.0,False
2_39_128_18_2018-11-20 21:26:48.604417,12,20.499483653846152,0.0,0.0,0.0,False
2_39_128_18_2018-11-20 22:17:47.252875,26,46.34815474035768,0.0,0.0,0.0,False
2_39_128_18_2018-11-21 00:24:04.309508,107,714.3850257703081,0.0,0.0,0.0,False
2_39_128_18_2018-11-21 18:15:15.753085,112,755.1670354066986,0.0,0.0,0.0,False
2_39_128_18_2018-11-22 01:36:07.412617,114,734.5453990651205,0.0,0.0,0.0,False
2_39_128_18_2018-11-24 18:52:28.555915,60,165.07832083333332,2.0,4.369026458333334,29.0,True
2_39_128_18_2018-11-26 16:52:13.540312,57,72.49979081465919,0.0,0.0,0.0,False
2_39_128_18_2018-11-27 20:42:06.278530,70,117.90853276249894,2.0,0.6317250221755368,8.0,True
2_39_128_18_2018-11-28 20:41:23.254549,33,49.398743627450976,0.0,0.0,0.0,False
2_39_128_18_2018-11-28 23:48:42.135861,139,908.0509567011419,0.0,0.0,0.0,False
2_39_128_18_2018-11-30 16:56:34.614050,105,310.1891354638009,2.0,0.7746637091503268,17.0,True
2_39_128_18_2018-12-02 02:30:13.130153,131,398.53092909663866,1.0,0.5966231751867414,18.0,True
2_39_128_18_2018-12-03 23:46:52.899317,31,54.82334093137255,0.0,0.0,0.0,False
2_39_128_18_2018-12-04 17:06:05.064321,31,53.76749317226891,0.0,0.0,0.0,False
2_39_128_18_2018-12-04 20:21:16.206905,68,135.14052761527688,1.0,0.260456339869281,9.0,True
2_39_128_18_2018-12-05 16:17:42.896199,267,1754.6892792313079,0.0,0.0,0.0,False
2_39_128_18_2018-12-14 21:40:58.488122,59,299.3117712456575,0.0,0.0,0.0,False
2_39_128_18_2018-12-16 17:13:16.578662,34,54.93569347449935,0.0,0.0,0.0,False
2_39_128_18_2018-12-17 12:07:01.314943,17,32.06686815700639,0.0,0.0,0.0,False
2_39_128_18_2018-12-17 16:10:38.895315,428,1939.585368487635,0.0,0.0,0.0,False
2_39_128_18_2018-12-20 02:03:07.092594,25,42.55794819708585,0.0,0.0,0.0,False
2_39_128_18_2018-12-20 21:30:17.377619,40,229.6672557893087,0.0,0.0,0.0,False
2_39_128_18_2018-12-21 16:41:26.534282,334,1720.9908557134772,0.0,0.0,0.0,False
2_39_128_18_2018-12-24 05:51:49.461149,143,935.6580024448375,0.0,0.0,0.0,False
2_39_128_18_2019-01-03 21:19:29.211622,31,53.15229300887021,0.0,0.0,0.0,False
2_39_128_18_2019-01-03 21:53:49.659556,26,47.13551007236227,0.0,0.0,0.0,False
2_39_128_18_2019-01-07 21:46:28.850134,58,270.5302568745839,0.0,0.0,0.0,False
2_39_128_18_2019-01-10 21:15:28.668292,114,613.3738030429108,0.0,0.0,0.0,False
2_39_128_18_2019-01-11 03:53:02.257112,163,974.872777452776,0.0,0.0,0.0,False
2_39_128_18_2019-01-11 21:14:10.541044,37,67.8661030259687,1.0,0.5087560209724915,17.0,True
2_39_128_18_2019-01-12 19:21:47.698512,37,55.489292006978225,0.0,0.0,0.0,False
2_39_128_18_2019-01-13 20:22:13.090141,402,2375.175411794693,0.0,0.0,0.0,False
2_39_128_18_2019-01-14 17:40:07.964547,137,290.8793158030437,2.0,0.4533769096508068,11.0,True
2_39_128_18_2019-01-15 01:41:35.446631,112,724.9206205589259,0.0,0.0,0.0,False
2_39_128_18_2019-01-16 03:22:02.586769,159,957.4969583683474,1.0,0.2121139338235294,6.0,True
2_39_128_18_2019-01-17 01:42:20.763533,128,754.2617733225494,1.0,0.17589092320261437,5.0,True
2_39_128_18_2019-01-17 17:17:01.055877,84,236.3196221245127,1.0,1.4894480965818242,51.0,True
2_39_128_18_2019-01-19 01:42:25.061614,31,198.44628014705881,0.0,0.0,0.0,False
2_39_128_18_2019-01-21 17:47:22.470378,102,315.706095996732,2.0,0.7936916952614379,16.0,True
2_39_128_18_2019-01-22 17:51:27.061319,104,242.4579725901764,2.0,0.6857899213106294,25.0,True
2_39_128_18_2019-01-23 17:10:51.639623,47,119.22426525197798,1.0,0.5307085389433551,17.0,True
2_39_128_18_2019-01-24 02:47:03.559153,264,928.257026704015,1.0,0.3357619444444444,9.0,True
2_39_128_18_2019-01-26 18:44:31.486926,44,109.76658022875816,2.0,0.7865623434095861,17.0,True
2_39_128_18_2019-01-26 21:35:36.897566,88,576.2642908496732,0.0,0.0,0.0,False
2_39_128_18_2019-01-28 02:27:57.267150,109,764.8954162815126,0.0,0.0,0.0,False
2_39_128_18_2019-01-29 16:31:32.063865,47,121.23915906593406,2.0,0.7592086805555556,15.0,True
2_39_128_18_2019-01-29 20:15:10.863218,32,54.25825714285714,0.0,0.0,0.0,False
2_39_128_18_2019-01-29 22:29:36.852218,517,3477.0331170985874,0.0,0.0,0.0,False
2_39_128_18_2019-01-31 00:39:55.698045,80,268.8403127917834,0.0,0.0,0.0,False
2_39_128_18_2019-02-01 16:27:01.103275,150,547.9421202380952,3.0,2.4263209372082164,72.0,True
2_39_128_18_2019-02-07 02:37:53.847259,71,234.17612518853693,1.0,0.10734698120915036,5.0,True
2_39_128_18_2019-02-10 02:09:04.027260,116,782.4413010154061,0.0,0.0,0.0,False
2_39_128_18_2019-02-12 16:56:10.896016,134,824.509833352187,1.0,0.555107258986928,7.0,True
2_39_128_18_2019-02-14 01:05:45.062776,135,872.4200694327731,0.0,0.0,0.0,False
2_39_128_18_2019-02-24 19:03:24.581234,44,282.2009458333333,0.0,0.0,0.0,False
2_39_128_18_2019-02-26 22:18:08.980560,31,58.18758557692308,0.0,0.0,0.0,False
2_39_128_18_2019-02-27 17:35:59.670216,145,619.4930042016806,1.0,1.397314296607532,46.0,True
2_39_128_18_2019-02-28 18:26:26.254024,45,66.32042095363786,0.0,0.0,0.0,False
2_39_128_18_2019-03-05 00:35:22.182081,85,290.5397421551316,0.0,0.0,0.0,False
2_39_128_18_2019-03-05 16:27:42.399597,121,365.0922171009632,2.0,0.774462216703933,17.0,True
2_39_128_18_2019-03-10 21:31:09.477634,249,1349.5871503124326,3.0,1.2569759027777778,29.0,True
2_39_128_18_2019-03-11 21:43:42.401079,80,247.13825897705235,0.0,0.0,0.0,False
2_39_128_18_2019-03-11 23:34:57.668213,85,289.25473446455504,2.0,0.4624447115384615,6.0,True
2_39_128_18_2019-03-12 01:46:23.095089,97,596.4013375,0.0,0.0,0.0,False
2_39_128_18_2019-03-13 16:09:47.904534,114,716.8578546568627,1.0,0.6595622916666667,8.0,True
2_39_128_18_2019-03-14 16:30:25.598546,471,3160.5361876633983,0.0,0.0,0.0,False
2_39_128_18_2019-03-15 02:34:56.208275,53,352.0348632352941,0.0,0.0,0.0,False
2_39_128_18_2019-03-16 14:33:04.014545,106,656.3141041666667,0.0,0.0,0.0,False
2_39_128_18_2019-03-25 16:55:09.897259,31,51.91215980392157,0.0,0.0,0.0,False
2_39_128_18_2019-04-01 16:53:17.042576,98,300.50593570261435,6.0,1.8229261519607842,30.0,True
2_39_128_18_2019-04-04 02:11:10.022330,98,572.7120625816993,0.0,0.0,0.0,False
2_39_128_18_2019-04-04 15:29:53.075613,125,813.0577117296918,1.0,0.6438221527777778,7.0,True
2_39_128_18_2019-04-04 23:52:23.509076,270,943.6829465686274,6.0,1.0885828553921568,12.0,True
2_39_128_18_2019-04-06 17:18:39.592381,77,476.7457632352941,0.0,0.0,0.0,False
2_39_128_18_2019-04-06 19:40:15.696010,29,43.14270871212121,0.0,0.0,0.0,False
2_39_128_18_2019-04-06 21:31:03.702755,85,234.9547,1.0,0.7328718750000001,24.0,True
2_39_128_18_2019-04-07 03:02:28.782064,85,495.3250658613445,0.0,0.0,0.0,False
2_39_128_18_2019-04-08 15:34:06.569144,31,108.59340708874458,1.0,0.4262317361111111,6.0,True
2_39_128_18_2019-04-11 17:48:34.381478,45,114.9760494047619,1.0,0.48304319444444443,15.0,True
2_39_128_18_2019-04-18 02:50:38.790340,82,483.73432990196073,1.0,0.2595613888888889,7.0,True
2_39_128_18_2019-04-21 01:49:54.510280,62,361.19620416666663,1.0,0.18539743055555558,5.0,True
2_39_128_18_2019-04-28 21:04:22.869438,144,835.905079248366,1.0,0.5409819444444445,7.0,True
2_39_128_18_2019-05-01 15:19:15.333912,93,528.5814201393378,1.0,0.7612256563180828,18.0,True
2_39_128_18_2019-05-01 20:50:20.478241,83,265.7148871212121,0.0,0.0,0.0,False
2_39_128_18_2019-05-08 01:52:49.457746,107,724.3330791666666,0.0,0.0,0.0,False
2_39_128_18_2019-05-10 16:23:48.115268,81,247.3585763655462,4.0,0.8851987599206348,14.0,True
2_39_128_18_2019-05-10 20:09:09.962051,68,451.9293759171212,0.0,0.0,0.0,False
2_39_128_18_2019-05-12 22:12:23.059253,60,164.67544583333333,1.0,0.5198734722222222,16.0,True
2_39_128_18_2019-05-20 16:01:55.044520,48,286.47596666666664,1.0,0.6614672916666666,7.0,True
2_39_128_18_2019-05-20 23:40:17.567084,75,257.35813333333334,3.0,1.0823635416666666,28.0,True
2_39_128_18_2019-05-21 15:43:12.127465,80,475.3028347985348,0.0,0.0,0.0,False
2_39_128_18_2019-05-21 18:54:43.228647,157,790.0461964285714,2.0,1.2375971726190478,33.0,True
2_39_128_18_2019-05-24 20:55:11.394554,84,283.11049287330314,1.0,0.38239715277777775,10.0,True
2_39_128_18_2019-05-28 01:12:35.737167,42,140.45485,1.0,0.28892083333333324,5.0,True
2_39_128_18_2019-05-29 15:51:14.946113,99,344.0594571969697,1.0,1.5187524305555558,47.0,True
2_39_128_18_2019-06-03 16:02:46.157537,67,210.3780463235294,2.0,0.6280474754901959,12.0,True
2_39_128_18_2019-06-05 23:30:18.960813,87,295.0776968137255,1.0,0.26908513888888885,5.0,True
2_39_128_18_2019-06-10 17:21:06.116510,125,361.87980980392155,1.0,0.46247813316993464,15.0,True
2_39_128_18_2019-06-10 23:25:29.294440,90,305.9378050802139,1.0,0.27619034722222224,5.0,True
2_39_128_18_2019-06-12 19:25:28.780700,25,39.36545833333333,1.0,0.7245033333333333,7.0,True
2_39_128_18_2019-06-13 15:42:00.992932,96,620.0444904761905,1.0,0.43471916666666666,7.0,True
2_39_128_18_2019-06-14 15:54:58.203525,99,367.21763658963584,2.0,1.512679897875817,42.0,True
2_39_128_18_2019-06-23 18:29:49.799992,88,261.67465,1.0,0.5303806944444445,16.0,True
2_39_128_18_2019-07-01 16:07:06.558928,228,755.4389388197586,5.0,4.08589222630719,60.0,True
2_39_128_18_2019-07-03 14:40:52.787284,100,624.130925105042,0.0,0.0,0.0,False
2_39_128_18_2019-07-04 02:08:24.603359,125,743.7870396669507,1.0,0.4412016765873016,12.0,True
2_39_128_18_2019-07-07 07:57:30.865453,339,2258.0723123087696,0.0,0.0,0.0,False
2_39_128_18_2019-07-08 16:17:32.265190,48,121.48016176470588,2.0,0.7460008374183007,14.0,True
2_39_128_18_2019-07-09 15:42:13.174368,262,884.6422877334267,6.0,3.532806867997199,39.0,True
2_39_128_18_2019-07-12 15:35:00.321445,222,749.2142791666666,9.0,3.742264097222222,65.0,True
2_39_128_18_2019-07-14 18:38:23.888596,111,346.6970093954248,2.0,0.6914517973856209,15.0,True
2_39_128_18_2019-07-15 16:13:03.732844,31,51.64327321428571,0.0,0.0,0.0,False
2_39_128_18_2019-07-18 23:50:52.515352,33,55.649480555555556,0.0,0.0,0.0,False
2_39_128_18_2019-07-22 04:32:15.787070,66,364.4650768939394,0.0,0.0,0.0,False
2_39_128_18_2019-07-25 20:41:14.974874,83,232.99457638146166,2.0,0.811631454248366,14.0,True
2_39_128_18_2019-07-26 01:58:52.375069,98,666.8984892857143,0.0,0.0,0.0,False
2_39_128_18_2019-07-26 16:22:05.485980,99,309.77414915966386,3.0,1.4323040318627451,23.0,True
2_39_128_18_2019-08-02 16:07:28.277023,21,34.49253311965812,1.0,1.3788763568376072,15.0,True
2_39_128_18_2019-08-04 18:52:11.010100,81,476.6690791666666,1.0,0.2947660416666667,8.0,True
2_39_128_18_2019-08-07 02:52:30.645253,265,897.4520488095237,4.0,5.543028849206348,94.0,True
2_39_128_18_2019-08-08 01:00:24.458470,41,137.75281666666666,0.0,0.0,0.0,False
2_39_128_18_2019-08-08 21:34:46.520675,43,144.12981666666667,2.0,0.9163876919934641,14.0,True
2_39_128_18_2019-08-09 18:33:26.808326,123,528.6553130952381,0.0,0.0,0.0,False
2_39_128_18_2019-08-10 17:49:39.194340,76,467.40799642857144,0.0,0.0,0.0,False
2_39_128_18_2019-08-10 19:11:40.797463,31,38.569182352941176,1.0,0.27623487745098035,25.0,True
2_39_128_18_2019-08-15 15:47:07.859679,148,685.9839317307692,1.0,1.4937050694444445,42.0,True
2_39_128_18_2019-08-17 22:26:52.164317,87,278.6496795231729,0.0,0.0,0.0,False
2_39_128_18_2019-08-18 20:24:46.977850,44,113.81099068627451,2.0,0.8404733333333334,15.0,True
2_39_128_18_2019-08-20 00:53:01.308686,148,991.1601938683049,0.0,0.0,0.0,False
2_39_128_562_2018-11-01 16:01:17.128455,164,990.5307069603599,0.0,0.0,0.0,False
2_39_128_562_2018-11-08 17:55:48.938290,69,446.63758037599655,0.0,0.0,0.0,False
2_39_128_562_2018-11-27 18:31:49.878432,211,1091.935913248572,1.0,0.5744411805555555,11.0,True
2_39_128_562_2018-12-10 19:43:11.946974,20,104.7991282051282,0.0,0.0,0.0,False
2_39_128_562_2018-12-14 17:56:45.426948,93,261.909952338567,2.0,0.7052649614436417,14.0,True
2_39_128_562_2018-12-18 18:33:20.627633,323,1644.631239924206,0.0,0.0,0.0,False
2_39_128_562_2019-01-07 18:19:58.889585,205,914.9583797691489,0.0,0.0,0.0,False
2_39_128_562_2019-01-08 17:18:57.453853,133,358.8339424477502,3.0,0.322407713808809,8.0,True
2_39_128_562_2019-01-22 17:39:16.548676,217,594.3849298351158,0.0,0.0,0.0,False
2_39_128_562_2019-03-04 17:40:41.693652,113,669.0305720410093,1.0,0.20392314133986933,6.0,True
2_39_128_562_2019-03-13 16:13:45.670160,119,386.41302103174604,0.0,0.0,0.0,False
2_39_128_562_2019-04-22 16:08:44.682137,175,444.3015833333333,1.0,0.3108505555555555,5.0,True
2_39_128_562_2019-05-13 16:13:11.916556,180,592.974838095238,0.0,0.0,0.0,False
2_39_128_562_2019-05-14 16:05:58.813306,129,428.9549833333333,0.0,0.0,0.0,False
2_39_129_17_2018-11-01 01:19:56.985078,107,714.0873995214753,0.0,0.0,0.0,False
2_39_129_17_2018-11-01 16:12:39.127222,97,307.3070934781807,0.0,0.0,0.0,False
2_39_129_17_2018-11-02 15:37:34.937166,97,305.89268216067126,0.0,0.0,0.0,False
2_39_129_17_2018-11-02 20:06:24.447908,161,272.943550903345,0.0,0.0,0.0,False
2_39_129_17_2018-11-02 23:40:58.995691,31,51.93781419848641,0.0,0.0,0.0,False
2_39_129_17_2018-11-03 16:00:26.822764,31,49.30900350447196,0.0,0.0,0.0,False
2_39_129_17_2018-11-04 03:56:16.817298,19,31.88077900326797,0.0,0.0,0.0,False
2_39_129_17_2018-11-05 02:52:18.812406,140,813.1272624225447,0.0,0.0,0.0,False
2_39_129_17_2018-11-05 14:58:27.409381,32,54.78750276712134,0.0,0.0,0.0,False
2_39_129_17_2018-11-05 15:47:03.172314,33,55.69353725490196,0.0,0.0,0.0,False
2_39_129_17_2018-11-06 16:36:19.043865,99,314.811746100713,1.0,0.3924650694444445,8.0,True
2_39_129_17_2018-11-07 03:30:01.103580,107,693.6548516456583,1.0,0.5739890972222222,7.0,True
2_39_129_17_2018-11-07 16:24:29.863235,129,836.4829465686274,1.0,0.6168426756535949,7.0,True
2_39_129_17_2018-11-08 03:32:54.726964,107,645.9849960538601,0.0,0.0,0.0,False
2_39_129_17_2018-11-08 16:07:57.053467,139,855.2631171396629,1.0,0.9357660995012039,23.0,True
2_39_129_17_2018-11-09 05:44:32.265215,31,58.557568833235045,0.0,0.0,0.0,False
2_39_129_17_2018-11-09 06:37:28.292480,210,673.1837997241879,1.0,0.3025899957717004,10.0,True
2_39_129_17_2018-11-10 15:58:19.282443,79,243.09641086601306,1.0,0.499291617647059,13.0,True
2_39_129_17_2018-11-10 18:14:15.846197,22,37.7669319009422,0.0,0.0,0.0,False
2_39_129_17_2018-11-10 21:25:11.297862,31,52.653425431839395,0.0,0.0,0.0,False
2_39_129_17_2018-11-12 16:00:09.176760,128,783.8333086978381,1.0,0.45992583333333337,5.0,True
2_39_129_17_2018-11-13 14:26:29.687251,301,2077.9436353192086,0.0,0.0,0.0,False
2_39_129_17_2018-11-13 20:02:34.119716,123,762.0989250319426,1.0,0.8522171729364261,22.0,True
2_39_129_17_2018-11-13 23:30:34.437713,127,837.8173450083939,0.0,0.0,0.0,False
2_39_129_17_2018-11-15 01:41:16.616934,411,2743.5039923995037,1.0,0.6283960036938753,13.0,True
2_39_129_17_2018-11-15 14:18:33.551158,451,2999.9594029410086,1.0,1.5194070382553606,20.0,True
2_39_129_17_2018-11-15 23:25:39.394856,67,460.0472280357757,0.0,0.0,0.0,False
2_39_129_17_2018-11-16 04:09:11.699310,144,991.0146385233918,0.0,0.0,0.0,False
2_39_129_17_2018-11-16 16:07:27.348047,366,2452.7993050578248,1.0,0.6145938868822383,20.0,True
2_39_129_17_2018-11-17 18:55:20.830147,192,1094.1963398016155,1.0,0.4987078186274509,11.0,True
2_39_129_17_2018-11-18 21:40:23.060085,231,783.734470629392,1.0,0.27794616443068454,8.0,True
2_39_129_17_2018-11-19 04:28:03.133023,182,1240.848003878569,0.0,0.0,0.0,False
2_39_129_17_2018-11-19 17:59:11.851401,31,52.889406265711415,0.0,0.0,0.0,False
2_39_129_17_2018-11-20 03:33:20.858201,119,761.8623376633986,1.0,0.3628607407407408,5.0,True
2_39_129_17_2018-11-20 17:49:04.136786,229,714.6270853874883,0.0,0.0,0.0,False
2_39_129_17_2018-11-21 16:46:30.003350,84,250.81785287237702,2.0,5.932140140035546,49.0,True
2_39_129_17_2018-11-22 18:30:07.290914,42,278.82901200980393,0.0,0.0,0.0,False
2_39_129_17_2018-11-25 00:17:57.395393,65,448.09511241830063,0.0,0.0,0.0,False
2_39_129_17_2018-11-25 02:59:11.614785,598,3762.9612363894576,2.0,3.6139082203159036,29.0,True
2_39_129_17_2018-11-26 11:48:49.982062,33,53.97250686274509,0.0,0.0,0.0,False
2_39_129_17_2018-11-27 00:45:40.635816,78,263.25305473856207,4.0,2.3521745220588235,19.0,True
2_39_129_17_2018-11-27 16:48:15.693319,128,373.0825988999906,4.0,2.1887163971100136,34.0,True
2_39_129_17_2018-11-28 16:44:27.728475,130,382.117122661433,2.0,0.6342961410675382,25.0,True
2_39_129_17_2018-11-30 16:37:41.700977,86,292.81798684210526,1.0,0.3458258864379085,10.0,True
2_39_129_17_2018-12-02 00:16:15.895319,133,861.900215871173,0.0,0.0,0.0,False
2_39_129_17_2018-12-02 15:08:45.891602,70,136.00656323529412,2.0,0.7461732638888889,12.0,True
2_39_129_17_2018-12-04 20:47:20.511234,48,69.42714625043,0.0,0.0,0.0,False
2_39_129_17_2018-12-05 16:49:50.851989,98,326.36044877880977,2.0,0.5752401608903795,12.0,True
2_39_129_17_2018-12-06 02:59:55.804739,31,55.28049424664602,0.0,0.0,0.0,False
2_39_129_17_2018-12-06 16:49:50.661509,125,413.51741198235027,3.0,0.6714136015795207,10.0,True
2_39_129_17_2018-12-09 17:50:20.017030,108,507.97103321918877,0.0,0.0,0.0,False
2_39_129_17_2018-12-09 21:09:52.010736,32,56.967783169934634,0.0,0.0,0.0,False
2_39_129_17_2018-12-09 23:29:39.410660,169,1050.4852605426222,0.0,0.0,0.0,False
2_39_129_17_2018-12-11 16:53:15.697422,78,265.6622666507512,3.0,0.561416854186119,8.0,True
2_39_129_17_2018-12-12 16:17:39.836328,130,782.0799436704506,0.0,0.0,0.0,False
2_39_129_17_2018-12-13 00:21:53.635957,104,270.95425054623524,1.0,0.214794052960928,5.0,True
2_39_129_17_2018-12-13 03:12:40.353128,173,748.9981677796771,1.0,0.3466051760249555,6.0,True
2_39_129_17_2018-12-14 04:10:31.171860,284,966.7516289697555,2.0,0.764976631301574,13.0,True
2_39_129_17_2018-12-14 20:59:19.811360,151,415.2401649073542,1.0,0.07816782153032152,5.0,True
2_39_129_17_2018-12-15 17:11:15.735851,109,344.2603778110485,0.0,0.0,0.0,False
2_39_129_17_2018-12-15 20:03:54.060923,183,911.222727764255,2.0,1.37380160445026,29.0,True
2_39_129_17_2018-12-16 19:29:21.327893,271,899.9901197596263,3.0,0.9381924207391622,13.0,True
2_39_129_17_2018-12-17 16:01:40.053168,136,590.129620223116,0.0,0.0,0.0,False
2_39_129_17_2018-12-18 02:21:13.741665,90,542.2028201934761,1.0,0.6532671296296295,14.0,True
2_39_129_17_2018-12-18 13:47:30.394887,316,1737.666677561932,0.0,0.0,0.0,False
2_39_129_17_2018-12-19 03:08:11.341640,115,719.7369381005605,1.0,0.5565920391218688,7.0,True
2_39_129_17_2018-12-19 16:01:29.243471,95,284.41725028184317,1.0,0.41039613425925925,12.0,True
2_39_129_17_2018-12-20 16:43:27.316605,30,82.46304341908092,0.0,0.0,0.0,False
2_39_129_17_2018-12-20 19:39:22.502442,35,57.61816208446696,0.0,0.0,0.0,False
2_39_129_17_2018-12-21 01:38:28.482642,78,248.63654138521437,1.0,0.09261272798008095,5.0,True
2_39_129_17_2018-12-21 21:24:33.870705,115,382.9774782495454,1.0,0.3088833674463937,9.0,True
2_39_129_17_2018-12-22 21:06:34.127927,38,239.1228089580569,0.0,0.0,0.0,False
2_39_129_17_2018-12-23 07:08:23.301385,284,911.2023983007904,0.0,0.0,0.0,False
2_39_129_17_2018-12-28 21:13:31.981270,31,54.406046289129684,0.0,0.0,0.0,False
2_39_129_17_2018-12-29 18:15:24.556618,206,1387.4523202771686,0.0,0.0,0.0,False
2_39_129_17_2018-12-30 21:05:11.058402,39,253.14229093931093,0.0,0.0,0.0,False
2_39_129_17_2018-12-31 22:03:45.971883,129,408.5323895673298,0.0,0.0,0.0,False
2_39_129_17_2019-01-03 00:23:47.453354,101,549.5094363242275,0.0,0.0,0.0,False
2_39_129_17_2019-01-03 17:08:08.638289,58,144.64630100802245,1.0,0.5519697794834307,19.0,True
2_39_129_17_2019-01-03 22:06:19.718617,27,170.46461901487314,0.0,0.0,0.0,False
2_39_129_17_2019-01-03 23:25:13.852731,401,2384.3318029026186,1.0,0.6649236835915919,17.0,True
2_39_129_17_2019-01-06 00:48:56.829773,59,149.5717617761882,1.0,0.4712681018518519,17.0,True
2_39_129_17_2019-01-07 16:31:18.133044,494,2518.017121976295,0.0,0.0,0.0,False
2_39_129_17_2019-01-08 02:22:06.714228,274,941.8706610947357,3.0,1.2368620766097507,35.0,True
2_39_129_17_2019-01-08 20:58:29.050774,31,56.976613451147045,0.0,0.0,0.0,False
2_39_129_17_2019-01-09 00:55:52.629947,273,915.6513202031064,5.0,1.1037305690390191,14.0,True
2_39_129_17_2019-01-09 16:43:34.769948,94,289.59955244507796,2.0,0.389269275916507,8.0,True
2_39_129_17_2019-01-10 16:51:37.343046,103,334.2792581095676,1.0,0.2745357760721248,7.0,True
2_39_129_17_2019-01-12 17:24:15.830346,40,132.77975657596616,0.0,0.0,0.0,False
2_39_129_17_2019-01-14 16:38:23.348950,183,567.9000631264302,2.0,0.5305147478851117,11.0,True
2_39_129_17_2019-01-16 02:54:39.268065,93,239.46329065754506,3.0,1.4932399622926094,26.0,True
2_39_129_17_2019-01-17 16:56:04.550641,123,385.6360657351635,1.0,0.27524807158119663,8.0,True
2_39_129_17_2019-01-18 16:33:27.891835,282,1845.7933652406416,1.0,0.9704577982026145,27.0,True
2_39_129_17_2019-01-19 02:11:00.127819,31,55.033449509803916,0.0,0.0,0.0,False
2_39_129_17_2019-01-19 17:42:02.276709,122,793.2729850490196,0.0,0.0,0.0,False
2_39_129_17_2019-01-19 20:38:11.533682,31,52.36380222473605,0.0,0.0,0.0,False
2_39_129_17_2019-01-19 23:38:16.387399,169,1093.3739210784313,0.0,0.0,0.0,False
2_39_129_17_2019-01-20 18:11:15.674302,311,2044.6296770424835,1.0,0.8909323611111112,24.0,True
2_39_129_17_2019-01-21 01:07:47.759030,73,242.68685693277308,0.0,0.0,0.0,False
2_39_129_17_2019-01-22 04:20:37.965244,62,418.37341985294114,0.0,0.0,0.0,False
2_39_129_17_2019-01-22 15:58:51.515135,114,363.35525163610896,0.0,0.0,0.0,False
2_39_129_17_2019-01-23 00:53:01.204305,271,944.9854335191768,6.0,1.4239182843137255,15.0,True
2_39_129_17_2019-01-23 16:30:15.208059,224,372.73628690476187,10.0,1.8199710037348271,24.0,True
2_39_129_17_2019-01-24 00:46:07.824845,71,208.19006213369963,1.0,0.4075991666666667,6.0,True
2_39_129_17_2019-01-24 02:22:52.355864,86,290.088783496732,1.0,0.13472409722222223,6.0,True
2_39_129_17_2019-01-24 17:34:29.441332,34,56.775475484667545,0.0,0.0,0.0,False
2_39_129_17_2019-01-25 02:03:29.935592,262,910.6246251040496,4.0,1.814287401960784,31.0,True
2_39_129_17_2019-01-25 21:11:49.132365,89,566.9586049603174,0.0,0.0,0.0,False
2_39_129_17_2019-01-27 00:18:12.967321,85,566.8714944423224,0.0,0.0,0.0,False
2_39_129_17_2019-01-27 09:47:50.614590,39,198.06609408263304,1.0,0.4858380555555555,9.0,True
2_39_129_17_2019-01-29 21:30:36.818590,56,372.01957916666663,0.0,0.0,0.0,False
2_39_129_17_2019-01-30 01:43:19.999600,171,1134.2291499625373,0.0,0.0,0.0,False
2_39_129_17_2019-01-31 02:20:53.661205,272,949.6764049962292,4.0,0.7620496733821734,12.0,True
2_39_129_17_2019-02-03 17:12:17.666786,125,808.2891342264976,1.0,0.4491934722222222,7.0,True
2_39_129_17_2019-02-04 23:33:29.646987,119,360.2072478299478,2.0,0.820710249558448,17.0,True
2_39_129_17_2019-02-05 03:15:42.584857,100,656.5876223134708,0.0,0.0,0.0,False
2_39_129_17_2019-02-05 05:08:30.971642,122,744.9746847338935,0.0,0.0,0.0,False
2_39_129_17_2019-02-06 00:41:24.261723,36,96.15847670638185,2.0,0.6995624612152553,15.0,True
2_39_129_17_2019-02-06 03:18:14.506613,126,798.0611149859943,1.0,0.6353141666666667,7.0,True
2_39_129_17_2019-02-07 01:13:11.453183,275,949.3672637294894,8.0,4.874223180932629,51.0,True
2_39_129_17_2019-02-07 17:17:13.164043,107,647.9577551704015,1.0,0.19306701388888892,6.0,True
2_39_129_17_2019-02-08 02:24:30.976655,31,41.661967857142855,1.0,0.21349194444444441,10.0,True
2_39_129_17_2019-02-08 16:52:31.327339,102,342.1101323439649,5.0,1.2254620422491165,16.0,True
2_39_129_17_2019-02-09 18:00:45.665854,26,170.7851327614379,0.0,0.0,0.0,False
2_39_129_17_2019-02-11 23:15:56.553005,63,185.20269297646797,2.0,0.5069519146825396,6.0,True
2_39_129_17_2019-02-12 02:55:46.054249,34,214.45217328431372,0.0,0.0,0.0,False
2_39_129_17_2019-02-13 16:44:49.567548,114,380.64281218487395,6.0,1.4922221714519142,24.0,True
2_39_129_17_2019-02-14 17:00:32.988301,121,404.9355976073763,9.0,2.221620400326797,29.0,True
2_39_129_17_2019-02-15 17:12:01.163390,106,363.33140294117646,1.0,0.37013625,12.0,True
2_39_129_17_2019-02-18 23:53:35.761643,34,151.31041295518207,0.0,0.0,0.0,False
2_39_129_17_2019-02-19 01:08:42.441164,76,476.60891233031674,0.0,0.0,0.0,False
2_39_129_17_2019-02-19 17:26:20.164957,216,758.074134499569,4.0,0.7270298406862745,12.0,True
2_39_129_17_2019-02-20 04:05:23.064026,101,603.4586459465872,0.0,0.0,0.0,False
2_39_129_17_2019-02-20 16:29:58.562000,45,115.01320892857143,1.0,0.5311083134920636,18.0,True
2_39_129_17_2019-02-21 02:47:21.298118,31,51.0822375,0.0,0.0,0.0,False
2_39_129_17_2019-02-21 16:53:49.231137,104,652.6728814695109,1.0,0.6182618849206349,8.0,True
2_39_129_17_2019-02-22 17:30:08.304455,113,335.5754926820728,3.0,2.0002860743464055,68.0,True
2_39_129_17_2019-02-23 02:05:42.985253,194,673.1414593137255,5.0,1.261511388888889,14.0,True
2_39_129_17_2019-02-23 15:51:52.995438,109,555.5309846153846,2.0,1.0307111805555556,20.0,True
2_39_129_17_2019-02-23 18:12:49.827836,76,477.66490923243424,0.0,0.0,0.0,False
2_39_129_17_2019-02-23 20:03:18.019669,172,590.2711636150614,8.0,2.039887862978525,27.0,True
2_39_129_17_2019-02-26 03:56:26.476212,69,484.6944822712418,0.0,0.0,0.0,False
2_39_129_17_2019-02-27 03:33:15.525778,114,744.8695563416975,1.0,0.6197137499999998,7.0,True
2_39_129_17_2019-02-27 16:40:52.606886,414,2763.803123687518,0.0,0.0,0.0,False
2_39_129_17_2019-02-28 02:11:37.413306,77,476.3496498330101,0.0,0.0,0.0,False
2_39_129_17_2019-02-28 16:56:20.262881,31,52.28217704991087,0.0,0.0,0.0,False
2_39_129_17_2019-03-02 17:38:36.509843,136,908.0642559523809,0.0,0.0,0.0,False
2_39_129_17_2019-03-03 03:14:44.404777,191,668.3431385387488,4.0,1.0418343178104572,26.0,True
2_39_129_17_2019-03-04 17:12:32.096958,72,237.12674089105337,1.0,0.2959273778998779,6.0,True
2_39_129_17_2019-03-05 03:26:02.151930,115,751.8741070970696,1.0,0.569470763888889,7.0,True
2_39_129_17_2019-03-06 02:45:15.155199,144,516.3874597718458,2.0,0.3052022916666667,9.0,True
2_39_129_17_2019-03-06 17:28:37.887258,31,98.35054527310923,0.0,0.0,0.0,False
2_39_129_17_2019-03-07 16:44:27.321126,96,299.4678501537678,1.0,0.32473936027616185,9.0,True
2_39_129_17_2019-03-08 17:07:25.733934,75,254.21262329598505,1.0,0.3781147123015873,8.0,True
2_39_129_17_2019-03-11 16:06:55.569682,72,241.24339999999998,1.0,0.4592502532679738,12.0,True
2_39_129_17_2019-03-12 16:03:30.623426,134,465.1624505135387,3.0,1.089673823529412,30.0,True
2_39_129_17_2019-03-12 23:47:59.523047,265,909.44591643324,8.0,4.5182016378773735,90.0,True
2_39_129_17_2019-03-13 15:47:01.540567,164,535.1077066876751,0.0,0.0,0.0,False
2_39_129_17_2019-03-13 19:52:16.252200,31,57.71209404761905,0.0,0.0,0.0,False
2_39_129_17_2019-03-14 01:40:45.739735,113,736.0386264705882,1.0,0.6207690277777778,7.0,True
2_39_129_17_2019-03-14 04:27:59.021360,47,165.5439161764706,0.0,0.0,0.0,False
2_39_129_17_2019-03-14 15:52:32.840435,246,863.8203176587301,5.0,1.6210693164488017,33.0,True
2_39_129_17_2019-03-15 16:13:37.867562,81,275.96544848901095,1.0,0.34220034722222215,10.0,True
2_39_129_17_2019-03-16 03:39:18.918234,77,252.34468333333334,0.0,0.0,0.0,False
2_39_129_17_2019-03-16 22:03:22.054270,86,264.8354872863248,1.0,0.4251750694444445,15.0,True
2_39_129_17_2019-03-17 17:35:16.113133,25,169.4783125,0.0,0.0,0.0,False
2_39_129_17_2019-03-18 15:38:57.541764,227,787.6162269181798,7.0,3.6780471439258338,66.0,True
2_39_129_17_2019-03-19 15:58:08.065462,107,663.9142922834518,1.0,0.7035425653594772,13.0,True
2_39_129_17_2019-03-20 03:26:54.358109,124,752.4355453431373,1.0,0.2101884926470588,6.0,True
2_39_129_17_2019-03-20 15:46:14.922345,63,393.6084696969697,1.0,0.36788402777777773,6.0,True
2_39_129_17_2019-03-21 02:00:12.680649,171,576.4790785830999,6.0,1.9096088480392155,22.0,True
2_39_129_17_2019-03-21 15:56:53.291813,89,298.90441286181135,3.0,1.341424474206349,30.0,True
2_39_129_17_2019-03-22 03:12:35.484976,122,746.3770736721611,1.0,0.201323125,6.0,True
2_39_129_17_2019-03-22 16:53:42.254206,101,674.5570927215758,0.0,0.0,0.0,False
2_39_129_17_2019-03-22 19:50:46.640872,39,225.54635,1.0,0.5865735416666666,8.0,True
2_39_129_17_2019-03-23 15:58:59.652894,147,494.98052990465413,2.0,0.5357856500933706,19.0,True
2_39_129_17_2019-03-23 20:20:31.755771,270,949.896567028478,8.0,2.937401554038282,49.0,True
2_39_129_17_2019-03-24 19:24:30.173061,156,857.7002760854341,2.0,1.431673244631186,29.0,True
2_39_129_17_2019-03-26 01:24:01.712535,107,378.72981285014004,2.0,0.3943954411764706,12.0,True
2_39_129_17_2019-03-26 16:04:30.975643,265,931.8907778361344,9.0,2.1945204820261437,20.0,True
2_39_129_17_2019-03-27 03:33:56.516136,160,546.2705727941176,4.0,1.2157161764705882,19.0,True
2_39_129_17_2019-03-27 19:24:45.519026,70,141.7108171967738,2.0,0.5896363515406162,9.0,True
2_39_129_17_2019-03-28 16:20:32.874574,115,705.9145436409995,0.0,0.0,0.0,False
2_39_129_17_2019-03-28 19:20:02.488536,57,113.77574534313725,2.0,0.5998654452614379,8.0,True
2_39_129_17_2019-03-29 20:30:27.462699,34,59.67586887254902,0.0,0.0,0.0,False
2_39_129_17_2019-03-30 04:46:00.032233,438,2903.7695787698412,1.0,0.8444121527777778,20.0,True
2_39_129_17_2019-03-31 21:16:45.760847,8,38.0903375,0.0,0.0,0.0,False
2_39_129_17_2019-04-02 01:56:29.317011,282,955.8180696078431,6.0,4.871122499999999,82.0,True
2_39_129_17_2019-04-02 15:59:17.023084,77,259.54059645721924,4.0,1.0180402532679738,14.0,True
2_39_129_17_2019-04-03 01:28:50.411251,71,236.59492181372548,0.0,0.0,0.0,False
2_39_129_17_2019-04-03 05:27:42.744303,479,3250.159087406629,1.0,0.7836572222222222,19.0,True
2_39_129_17_2019-04-03 15:57:14.716897,101,345.132836942959,1.0,0.44019006944444444,9.0,True
2_39_129_17_2019-04-04 15:39:23.609397,83,281.5641317460317,3.0,1.0773574305555556,26.0,True
2_39_129_17_2019-04-06 16:44:56.368472,106,683.0163351190475,1.0,0.26116417658730157,5.0,True
2_39_129_17_2019-04-10 04:23:17.833480,180,579.1640090686275,1.0,0.30581826388888894,9.0,True
2_39_129_17_2019-04-11 01:52:58.052883,78,454.321375,1.0,0.37965979166666664,10.0,True
2_39_129_17_2019-04-11 18:39:33.554593,164,1054.8523118347339,0.0,0.0,0.0,False
2_39_129_17_2019-04-12 00:57:00.618904,78,475.6845465686274,0.0,0.0,0.0,False
2_39_129_17_2019-04-12 15:59:57.726690,77,265.1225134803922,3.0,0.6023435130718955,11.0,True
2_39_129_17_2019-04-13 02:52:40.356817,280,973.4813487745098,3.0,0.8400311805555556,17.0,True
2_39_129_17_2019-04-13 18:24:19.431941,55,366.6474587121212,0.0,0.0,0.0,False
2_39_129_17_2019-04-16 14:47:27.484181,302,1872.78681967428,1.0,0.74076875,16.0,True
2_39_129_17_2019-04-17 15:40:08.391369,110,379.22385609243696,1.0,0.3739271527777778,9.0,True
2_39_129_17_2019-04-18 01:19:45.560320,57,189.98150416666667,0.0,0.0,0.0,False
2_39_129_17_2019-04-18 16:02:04.486254,108,369.5711416666666,1.0,0.36589361111111113,9.0,True
2_39_129_17_2019-04-19 16:14:57.634292,32,53.21946593137255,0.0,0.0,0.0,False
2_39_129_17_2019-04-20 02:54:43.636223,274,959.4485125,4.0,0.8334591666666666,14.0,True
2_39_129_17_2019-04-21 23:02:45.281906,144,514.3377333333333,1.0,0.22141833333333333,11.0,True
2_39_129_17_2019-04-22 15:38:34.518095,208,734.3812433123248,3.0,0.7412845138888889,10.0,True
2_39_129_17_2019-04-25 15:49:41.088498,82,280.5722709464555,2.0,0.39937875,8.0,True
2_39_129_17_2019-04-26 01:21:17.579681,31,58.42064558823529,0.0,0.0,0.0,False
2_39_129_17_2019-04-26 15:29:51.147587,104,408.6794106092437,1.0,1.3361860725957049,42.0,True
2_39_129_17_2019-04-27 23:12:33.602857,24,41.37727070707071,0.0,0.0,0.0,False
2_39_129_17_2019-04-28 02:06:40.362854,32,56.06508504901961,0.0,0.0,0.0,False
2_39_129_17_2019-04-28 16:50:18.934901,97,635.504975461269,1.0,0.2808494117647059,5.0,True
2_39_129_17_2019-04-28 20:55:01.868569,31,146.12819730392155,0.0,0.0,0.0,False
2_39_129_17_2019-05-01 01:35:21.105598,69,469.0620760620915,0.0,0.0,0.0,False
2_39_129_17_2019-05-01 04:39:07.562205,49,142.19209003267974,1.0,0.287234068627451,10.0,True
2_39_129_17_2019-05-01 14:43:41.837319,280,1787.7040023468362,1.0,0.7439489093137255,16.0,True
2_39_129_17_2019-05-02 15:46:53.346703,85,293.6479,1.0,0.28675402777777775,8.0,True
2_39_129_17_2019-05-02 20:40:23.789901,20,34.598299836601306,0.0,0.0,0.0,False
2_39_129_17_2019-05-03 01:22:56.900026,75,475.2158080882353,0.0,0.0,0.0,False
2_39_129_17_2019-05-04 14:47:58.239568,70,369.6939584443334,1.0,0.9718146527777778,25.0,True
2_39_129_17_2019-05-04 17:10:45.426205,99,597.4405593137254,0.0,0.0,0.0,False
2_39_129_17_2019-05-04 20:15:58.612464,46,150.05596225490194,0.0,0.0,0.0,False
2_39_129_17_2019-05-05 03:04:57.137023,279,972.0753951797385,6.0,3.0200882924836603,64.0,True
2_39_129_17_2019-05-06 16:09:25.240309,73,234.26216299019606,2.0,0.6256339583333334,11.0,True
2_39_129_17_2019-05-06 20:41:55.185184,31,54.469449999999995,0.0,0.0,0.0,False
2_39_129_17_2019-05-07 16:00:21.440025,92,316.83606470588234,1.0,0.3177913194444444,9.0,True
2_39_129_17_2019-05-09 03:04:30.129991,84,299.0657761904762,5.0,0.9342923739495799,12.0,True
2_39_129_17_2019-05-09 15:27:43.229563,45,116.81194166666666,2.0,0.7542945833333334,15.0,True
2_39_129_17_2019-05-11 15:22:24.707051,31,54.24084411764706,0.0,0.0,0.0,False
2_39_129_17_2019-05-11 19:02:17.921385,21,36.221155357142855,0.0,0.0,0.0,False
2_39_129_17_2019-05-12 18:54:05.778193,44,115.08125369532428,1.0,0.5272794444444445,16.0,True
2_39_129_17_2019-05-15 15:41:12.174223,90,304.71045935143286,3.0,0.6373336233660131,9.0,True
2_39_129_17_2019-05-16 15:55:27.411308,86,293.3035972222222,2.0,0.48181611111111117,9.0,True
2_39_129_17_2019-05-17 15:58:48.398110,119,409.98400490196076,1.0,0.4152477083333333,11.0,True
2_39_129_17_2019-05-18 18:05:34.160863,131,811.3434835784313,0.0,0.0,0.0,False
2_39_129_17_2019-05-19 00:25:03.619071,63,199.09888214285712,0.0,0.0,0.0,False
2_39_129_17_2019-05-19 18:51:24.952692,31,54.678599999999996,0.0,0.0,0.0,False
2_39_129_17_2019-05-20 00:16:47.302720,32,58.46813700980392,0.0,0.0,0.0,False
2_39_129_17_2019-05-20 16:04:47.436558,76,234.71404485294116,2.0,0.29690583333333337,6.0,True
2_39_129_17_2019-05-21 16:01:59.007777,79,270.3048980392157,2.0,0.601076736111111,15.0,True
2_39_129_17_2019-05-22 14:58:27.914718,127,398.39287889822594,1.0,0.45894995778867104,11.0,True
2_39_129_17_2019-05-23 15:56:03.604498,265,946.1250035364145,5.0,1.1755630065359477,15.0,True
2_39_129_17_2019-05-24 01:40:04.615587,24,41.486732738095235,0.0,0.0,0.0,False
2_39_129_17_2019-05-24 19:51:23.690199,32,55.66957720588235,0.0,0.0,0.0,False
2_39_129_17_2019-05-25 17:22:57.599111,45,121.11261666666667,1.0,0.4846225694444445,15.0,True
2_39_129_17_2019-05-26 16:51:07.045703,96,644.1546854691876,0.0,0.0,0.0,False
2_39_129_17_2019-05-26 22:33:48.951010,62,197.30867857142857,0.0,0.0,0.0,False
2_39_129_17_2019-05-27 18:19:30.662603,89,586.1006494047618,0.0,0.0,0.0,False
2_39_129_17_2019-05-29 00:45:14.519887,75,475.909315530303,0.0,0.0,0.0,False
2_39_129_17_2019-05-29 13:46:29.577510,81,275.2467408613445,4.0,1.0482743055555555,15.0,True
2_39_129_17_2019-05-30 01:52:41.875590,103,274.9383242647059,2.0,1.7801136805555555,49.0,True
2_39_129_17_2019-05-31 16:18:24.467004,211,743.3247748599439,3.0,1.3132554166666668,39.0,True
2_39_129_17_2019-06-01 14:55:43.279724,85,488.4822490196078,1.0,0.8660793750000001,21.0,True
2_39_129_17_2019-06-01 21:02:28.342188,89,306.12899305555555,3.0,0.7594546527777777,11.0,True
2_39_129_17_2019-06-04 02:26:39.972610,254,897.1694198529411,1.0,0.9555844321895427,47.0,True
2_39_129_17_2019-06-04 16:04:43.297305,111,368.11114793417363,2.0,0.5477678472222222,9.0,True
2_39_129_17_2019-06-06 15:53:28.358243,83,283.7022712885154,4.0,0.8932560218253969,16.0,True
2_39_129_17_2019-06-07 16:02:16.551147,80,272.9128340909091,3.0,1.2777765277777777,33.0,True
2_39_129_17_2019-06-08 04:28:46.786624,66,214.6540737044818,0.0,0.0,0.0,False
2_39_129_17_2019-06-09 00:21:45.752479,48,154.53404166666667,1.0,0.27796736111111114,5.0,True
2_39_129_17_2019-06-11 19:49:16.773897,44,139.77519318181817,2.0,1.037275625,17.0,True
2_39_129_17_2019-06-12 00:16:11.739445,35,80.50145931372549,1.0,0.4835904166666665,15.0,True
2_39_129_17_2019-06-13 22:57:51.014005,65,214.01805157563024,0.0,0.0,0.0,False
2_39_129_17_2019-06-14 15:36:13.969279,74,251.29486098484847,2.0,1.2670342361111109,29.0,True
2_39_129_17_2019-06-14 20:05:30.867293,100,482.09140950046685,2.0,1.032653148148148,19.0,True
2_39_129_17_2019-06-15 15:12:08.135069,46,119.50223035714285,2.0,0.8145682638888889,16.0,True
2_39_129_17_2019-06-15 17:01:18.451891,77,476.92170259740254,0.0,0.0,0.0,False
2_39_129_17_2019-06-15 23:42:39.217356,195,635.5697666666666,0.0,0.0,0.0,False
2_39_129_17_2019-06-16 15:07:04.826629,152,533.5048071428571,2.0,0.9182637499999999,29.0,True
2_39_129_17_2019-06-17 15:41:30.131238,120,400.4592666666666,4.0,1.2429154166666667,24.0,True
2_39_129_17_2019-06-17 20:51:30.205927,122,506.36904485294116,2.0,1.7122857802287583,44.0,True
2_39_129_17_2019-06-19 01:51:59.482828,101,586.4732054738562,1.0,0.8315586111111112,18.0,True
2_39_129_17_2019-06-19 15:56:45.719968,235,1198.443569362745,0.0,0.0,0.0,False
2_39_129_17_2019-06-20 15:52:21.266955,92,293.84055367647056,0.0,0.0,0.0,False
2_39_129_17_2019-06-20 20:35:25.718634,35,108.16404583333333,1.0,0.19562388888888893,5.0,True
2_39_129_17_2019-06-21 15:32:47.240964,80,315.4082174719888,2.0,1.229915096872082,30.0,True
2_39_129_17_2019-06-22 20:38:31.595247,32,59.18004411764706,0.0,0.0,0.0,False
2_39_129_17_2019-06-22 21:43:29.354973,23,43.21443210784314,0.0,0.0,0.0,False
2_39_129_17_2019-06-23 23:49:23.284268,74,264.034605250258,2.0,0.5476031368249055,15.0,True
2_39_129_17_2019-06-24 06:02:34.530086,31,52.86834632352941,0.0,0.0,0.0,False
2_39_129_17_2019-06-24 15:39:26.129574,55,164.03355472996216,3.0,1.2786044745442036,21.0,True
2_39_129_17_2019-06-25 01:15:26.343652,31,52.80632303491572,0.0,0.0,0.0,False
2_39_129_17_2019-06-25 15:44:33.925469,23,39.4798693977591,0.0,0.0,0.0,False
2_39_129_17_2019-06-26 15:50:00.960379,89,289.5870082526392,0.0,0.0,0.0,False
2_39_129_17_2019-06-26 19:46:59.230743,48,168.34154386824906,2.0,1.0648592034313726,14.0,True
2_39_129_17_2019-06-26 23:26:56.515258,32,54.2641136996904,0.0,0.0,0.0,False
2_39_129_17_2019-06-27 02:58:25.766395,24,40.70732411420708,0.0,0.0,0.0,False
2_39_129_17_2019-06-27 15:50:49.355444,114,420.786596726721,1.0,1.7715369177846578,50.0,True
2_39_129_17_2019-06-28 21:29:58.405659,87,274.59470450943536,4.0,2.050710332049486,34.0,True
2_39_129_17_2019-06-29 06:27:37.212435,27,45.852485049019606,0.0,0.0,0.0,False
2_39_129_17_2019-06-30 16:56:29.994915,73,218.5675345238095,2.0,0.7689561111111112,15.0,True
2_39_129_17_2019-06-30 23:50:44.090178,111,395.5358958333333,2.0,1.280689375,57.0,True
2_39_129_17_2019-07-01 15:38:28.707870,242,827.2761157249741,3.0,2.2953370565302147,72.0,True
2_39_129_17_2019-07-02 13:18:31.415962,44,271.60035778388277,0.0,0.0,0.0,False
2_39_129_17_2019-07-02 16:04:10.622084,107,354.6644530408317,2.0,0.8894213194444445,10.0,True
2_39_129_17_2019-07-06 17:08:52.691581,77,476.98293672969186,0.0,0.0,0.0,False
2_39_129_17_2019-07-07 23:44:00.657672,32,54.29837857142857,0.0,0.0,0.0,False
2_39_129_17_2019-07-08 16:03:40.038058,251,865.9298209733893,5.0,2.018462924836601,32.0,True
2_39_129_17_2019-07-09 01:46:02.270203,122,430.23373186274506,4.0,1.252006572712418,32.0,True
2_39_129_17_2019-07-10 23:27:24.258477,34,55.90750214124111,0.0,0.0,0.0,False
2_39_129_17_2019-07-14 21:32:28.947667,236,846.7096242647059,10.0,1.9376584926470588,25.0,True
2_39_129_17_2019-07-15 02:00:27.199218,157,956.2914624183006,1.0,0.26340423611111113,7.0,True
2_39_129_17_2019-07-15 15:53:03.991645,138,787.9098725140055,0.0,0.0,0.0,False
2_39_129_17_2019-07-16 01:49:13.738035,77,531.317656060606,0.0,0.0,0.0,False
2_39_129_17_2019-07-16 15:58:11.651852,85,285.15070651260504,4.0,0.8586018055555555,9.0,True
2_39_129_17_2019-07-19 15:40:40.547245,101,330.5557083333333,3.0,0.7655450694444443,15.0,True
2_39_129_17_2019-07-22 15:40:41.761657,89,280.279106127451,1.0,0.26145381944444446,8.0,True
2_39_129_17_2019-07-24 00:50:41.435251,504,3130.2541660364145,2.0,1.8593544444444448,29.0,True
2_39_129_17_2019-07-25 15:53:31.422668,98,294.33731666666665,2.0,0.3361365972222222,8.0,True
2_39_129_17_2019-07-25 20:17:25.073751,38,86.42619387254902,2.0,0.5176194940476191,11.0,True
2_39_129_17_2019-07-26 15:44:29.374381,96,294.1989111111111,1.0,0.22806298611111112,8.0,True
2_39_129_17_2019-07-26 21:39:31.518714,43,233.71661666666665,0.0,0.0,0.0,False
2_39_129_17_2019-07-28 19:39:32.510953,223,717.6429479341737,1.0,0.2684730555555556,7.0,True
2_39_129_17_2019-07-30 15:52:38.071216,89,283.15110416666664,2.0,1.744987986111111,42.0,True
2_39_129_17_2019-07-30 23:51:22.463550,36,119.68930416666666,1.0,0.25407618055555553,12.0,True
2_39_129_17_2019-07-31 16:07:17.303887,67,224.02144278074866,3.0,0.5710697916666667,7.0,True
2_39_129_17_2019-08-01 01:57:36.712328,78,476.61355,0.0,0.0,0.0,False
2_39_129_17_2019-08-01 15:50:21.302516,102,327.75373480392153,3.0,1.650383725490196,46.0,True
2_39_129_17_2019-08-02 16:58:43.854981,93,300.152825,0.0,0.0,0.0,False
2_39_129_17_2019-08-03 04:44:22.774173,222,712.5839516573295,2.0,0.9019661706349207,9.0,True
2_39_129_17_2019-08-03 19:08:07.465679,76,473.39736488095235,0.0,0.0,0.0,False
2_39_129_17_2019-08-05 16:09:56.920094,79,264.65466922268905,1.0,0.3086296078431372,7.0,True
2_39_129_17_2019-08-06 23:56:28.325689,292,975.9582175904977,6.0,2.885874100678733,35.0,True
2_39_129_17_2019-08-07 16:18:25.948469,120,748.2197833333333,0.0,0.0,0.0,False
2_39_129_17_2019-08-08 00:41:55.552419,137,484.986281127451,3.0,0.9596475449346404,21.0,True
2_39_129_17_2019-08-08 14:46:33.454386,61,189.10858210784312,1.0,0.35359909722222227,7.0,True
2_39_129_17_2019-08-10 15:07:11.482260,31,51.79607948717948,0.0,0.0,0.0,False
2_39_129_17_2019-08-10 17:07:22.941726,31,52.15427066993464,0.0,0.0,0.0,False
2_39_129_17_2019-08-10 20:59:21.526566,31,51.83873570261438,0.0,0.0,0.0,False
2_39_129_17_2019-08-12 00:08:58.771492,62,203.03493480392157,1.0,0.31278548611111107,5.0,True
2_39_129_17_2019-08-14 15:50:06.066672,218,792.7683099017812,0.0,0.0,0.0,False
2_39_129_17_2019-08-15 00:23:34.755103,48,155.09174926470587,1.0,0.3113975694444444,5.0,True
2_39_129_17_2019-08-15 15:44:43.439193,92,291.1416458333333,4.0,1.2764029166666666,18.0,True
2_39_129_17_2019-08-18 23:53:39.102584,173,552.4762169117647,1.0,0.2826376388888889,8.0,True
2_39_129_17_2019-08-21 15:34:26.663209,144,782.5961227941176,1.0,0.4447983333333333,5.0,True
2_39_129_17_2019-08-22 01:47:17.715380,31,55.1330375,0.0,0.0,0.0,False
2_39_129_17_2019-08-23 04:10:09.024625,48,159.05037916666666,1.0,0.7098985416666665,10.0,True
2_39_129_563_2018-11-01 17:51:08.541602,94,491.0168469753286,0.0,0.0,0.0,False
2_39_129_563_2018-11-01 22:16:40.806373,123,750.6653391152277,0.0,0.0,0.0,False
2_39_129_563_2018-11-06 18:08:42.577904,93,553.2415700214817,0.0,0.0,0.0,False
2_39_129_563_2018-12-13 19:55:38.519715,55,197.31185014232844,0.0,0.0,0.0,False
2_39_129_563_2019-01-14 18:21:28.936072,122,684.9508883595889,0.0,0.0,0.0,False
2_39_129_563_2019-01-17 18:17:20.785662,179,893.033439135314,1.0,0.17827702654129288,5.0,True
2_39_130_31_2018-11-01 00:06:02.370437,61,203.1993308006536,0.0,0.0,0.0,False
2_39_130_31_2018-11-01 01:17:06.182990,39,205.30388186274507,0.0,0.0,0.0,False
2_39_130_31_2018-11-01 02:39:24.014414,43,205.34442104341736,0.0,0.0,0.0,False
2_39_130_31_2018-11-02 17:46:45.856961,61,97.91074390756302,0.0,0.0,0.0,False
2_39_130_31_2018-11-03 18:29:39.969544,72,235.23541961951446,0.0,0.0,0.0,False
2_39_130_31_2018-11-04 20:55:56.597110,119,818.8925249883287,0.0,0.0,0.0,False
2_39_130_31_2018-11-05 16:32:11.226682,90,270.75491610374917,1.0,0.3525911710239652,13.0,True
2_39_130_31_2018-11-05 20:34:14.813742,32,57.0306382881824,0.0,0.0,0.0,False
2_39_130_31_2018-11-05 23:40:36.939301,31,54.446006792717085,0.0,0.0,0.0,False
2_39_130_31_2018-11-06 13:45:18.839260,128,838.2492099185129,0.0,0.0,0.0,False
2_39_130_31_2018-11-06 16:59:31.244331,34,58.65797892156863,0.0,0.0,0.0,False
2_39_130_31_2018-11-09 00:57:45.041363,32,49.321750490196074,0.0,0.0,0.0,False
2_39_130_31_2018-11-09 17:04:32.825556,32,57.06561960784313,0.0,0.0,0.0,False
2_39_130_31_2018-11-09 18:03:19.649081,202,716.286124372931,0.0,0.0,0.0,False
2_39_130_31_2018-11-09 21:59:02.937983,59,329.5163423319328,1.0,0.512985763888889,10.0,True
2_39_130_31_2018-11-10 02:56:11.186176,120,815.9818785768153,0.0,0.0,0.0,False
2_39_130_31_2018-11-11 23:55:39.073644,41,261.3727718137255,0.0,0.0,0.0,False
2_39_130_31_2018-11-12 06:12:42.808975,28,48.92806470588235,0.0,0.0,0.0,False
2_39_130_31_2018-11-12 16:51:38.853054,171,807.6938731442576,3.0,3.51905170751634,48.0,True
2_39_130_31_2018-11-13 17:10:48.684501,86,223.69595023547404,0.0,0.0,0.0,False
2_39_130_31_2018-11-14 04:09:31.118169,31,54.11865816993464,0.0,0.0,0.0,False
2_39_130_31_2018-11-14 16:06:36.373346,42,100.27646677170868,2.0,0.7421245594070962,13.0,True
2_39_130_31_2018-11-14 21:13:03.837947,119,400.743611622807,1.0,0.31607904411764703,7.0,True
2_39_130_31_2018-11-16 16:45:34.127032,116,349.27717006855374,2.0,0.7445700694444444,16.0,True
2_39_130_31_2018-11-18 22:15:01.975148,37,249.54479740896357,0.0,0.0,0.0,False
2_39_130_31_2018-11-19 00:12:16.202363,36,238.87794950980393,0.0,0.0,0.0,False
2_39_130_31_2018-11-19 01:22:17.028221,32,53.18865706858501,0.0,0.0,0.0,False
2_39_130_31_2018-11-20 21:15:01.269607,219,1444.3034598932713,0.0,0.0,0.0,False
2_39_130_31_2018-11-21 03:45:28.816617,100,595.8000749703727,1.0,0.2750664583333333,7.0,True
2_39_130_31_2018-11-22 01:34:07.886563,88,557.900768942577,0.0,0.0,0.0,False
2_39_130_31_2018-11-24 21:32:11.883834,79,477.0058344187675,0.0,0.0,0.0,False
2_39_130_31_2018-11-26 16:39:29.180427,160,315.3300447270136,1.0,0.35395597222222225,7.0,True
2_39_130_31_2018-11-26 20:44:16.086360,125,398.27805546536797,6.0,4.250673281395891,19.0,True
2_39_130_31_2018-11-28 17:15:18.166773,116,307.95487781608654,1.0,0.33588625,10.0,True
2_39_130_31_2018-11-29 03:16:11.621360,112,659.6332825603317,1.0,0.20234465277777783,6.0,True
2_39_130_31_2018-12-01 18:43:20.110121,125,847.2381316919192,0.0,0.0,0.0,False
2_39_130_31_2018-12-02 17:54:04.955830,71,215.63343676470586,1.0,0.36612993055555554,9.0,True
2_39_130_31_2018-12-03 03:05:23.383409,163,991.3600054118137,1.0,0.18368902725563907,5.0,True
2_39_130_31_2018-12-04 02:16:59.672703,31,53.010963970588236,0.0,0.0,0.0,False
2_39_130_31_2018-12-04 20:39:53.182445,53,165.66391486928103,2.0,0.9076117497276688,22.0,True
2_39_130_31_2018-12-05 01:09:17.999022,266,910.3074395936837,2.0,0.6442822263071896,16.0,True
2_39_130_31_2018-12-07 03:35:42.156726,140,851.977906372549,0.0,0.0,0.0,False
2_39_130_31_2018-12-10 03:27:54.620353,127,398.75956388888886,1.0,0.5904896963507625,19.0,True
2_39_130_31_2018-12-10 16:45:35.051780,46,116.23767128667255,2.0,0.8402155921052632,17.0,True
2_39_130_31_2018-12-11 05:29:29.468309,54,359.3409490196078,0.0,0.0,0.0,False
2_39_130_31_2018-12-12 00:40:35.056426,56,179.3710656512605,1.0,0.29236750000000006,10.0,True
2_39_130_31_2018-12-12 04:21:43.380598,70,457.4533520467278,0.0,0.0,0.0,False
2_39_130_31_2018-12-12 16:42:54.492749,83,273.3230176470588,3.0,0.5989747753267973,8.0,True
2_39_130_31_2018-12-13 16:25:16.022872,158,760.9122939923337,0.0,0.0,0.0,False
2_39_130_31_2018-12-15 19:01:40.122603,113,593.8112615349175,0.0,0.0,0.0,False
2_39_130_31_2018-12-18 18:41:23.316237,50,278.15147031979456,0.0,0.0,0.0,False
2_39_130_31_2018-12-19 00:23:46.602869,32,99.97281942004074,0.0,0.0,0.0,False
2_39_130_31_2018-12-19 01:14:16.884212,71,192.53776082087415,0.0,0.0,0.0,False
2_39_130_31_2018-12-19 03:07:18.853166,31,54.4468295032367,0.0,0.0,0.0,False
2_39_130_31_2018-12-19 16:42:43.005304,42,67.9826277482923,0.0,0.0,0.0,False
2_39_130_31_2018-12-21 01:45:37.635480,19,62.18739770963041,0.0,0.0,0.0,False
2_39_130_31_2018-12-21 18:07:14.239500,68,166.2621873204042,2.0,0.6937205215141613,16.0,True
2_39_130_31_2018-12-21 22:06:12.195560,57,154.7017295622635,1.0,0.4964095305154226,15.0,True
2_39_130_31_2018-12-26 07:28:07.214012,268,897.0687259887601,0.0,0.0,0.0,False
2_39_130_31_2019-01-01 05:28:33.527740,36,200.73261063688633,0.0,0.0,0.0,False
2_39_130_31_2019-01-03 00:37:01.399881,282,928.5918163050871,1.0,0.32655319236612773,8.0,True
2_39_130_31_2019-01-04 01:20:34.462567,262,867.3290873590634,1.0,0.36869244517543864,12.0,True
2_39_130_31_2019-01-04 22:01:38.589683,56,365.8419746142316,0.0,0.0,0.0,False
2_39_130_31_2019-01-06 20:46:46.864177,44,275.2230874459433,0.0,0.0,0.0,False
2_39_130_31_2019-01-09 16:36:07.859981,129,497.32159690273176,3.0,1.0415055008706036,31.0,True
2_39_130_31_2019-01-10 16:49:38.735673,98,301.1223523029387,1.0,0.2997562697798417,12.0,True
2_39_130_31_2019-01-11 02:53:33.790126,140,793.8509412781276,1.0,0.22245192810457515,6.0,True
2_39_130_31_2019-01-11 20:57:35.521565,26,60.48107150245265,1.0,0.09075753156565658,6.0,True
2_39_130_31_2019-01-12 18:47:41.109324,154,471.0808858254924,1.0,0.37115418583459026,7.0,True
2_39_130_31_2019-01-13 23:02:47.245760,38,118.46127792197109,0.0,0.0,0.0,False
2_39_130_31_2019-01-14 02:41:30.009582,196,1121.4609777820822,0.0,0.0,0.0,False
2_39_130_31_2019-01-15 01:47:03.768004,266,929.2071341208413,2.0,0.5133521527777778,9.0,True
2_39_130_31_2019-01-17 02:03:18.176557,274,947.0580878632761,3.0,1.409323716153128,12.0,True
2_39_130_31_2019-01-18 20:54:29.530910,63,123.46800420168067,1.0,0.2819688439542484,9.0,True
2_39_130_31_2019-01-19 20:56:24.352717,128,393.52469993535874,2.0,0.45356802664655604,9.0,True
2_39_130_31_2019-01-21 17:34:07.894882,98,652.2949869469583,0.0,0.0,0.0,False
2_39_130_31_2019-01-22 16:53:14.971009,278,976.745546763857,1.0,0.34445916666666665,11.0,True
2_39_130_31_2019-01-23 17:13:51.216759,100,312.56639583333333,1.0,0.3697413888888889,11.0,True
2_39_130_31_2019-01-23 22:39:29.618721,412,2384.714765613128,0.0,0.0,0.0,False
2_39_130_31_2019-01-24 20:58:21.351763,41,262.84804673202615,0.0,0.0,0.0,False
2_39_130_31_2019-01-26 01:17:23.971612,117,805.8919654411765,0.0,0.0,0.0,False
2_39_130_31_2019-01-26 18:32:18.053312,130,805.8679599789915,1.0,0.7970108619281047,22.0,True
2_39_130_31_2019-01-27 03:53:35.593500,185,649.1549041666666,1.0,0.3424277777777778,10.0,True
2_39_130_31_2019-01-28 04:22:22.101335,136,858.5056779061624,0.0,0.0,0.0,False
2_39_130_31_2019-01-30 00:29:21.555931,28,72.93684697712418,1.0,0.3745465277777778,12.0,True
2_39_130_31_2019-01-30 16:24:35.476095,116,362.390000280112,1.0,0.5565139583333333,15.0,True
2_39_130_31_2019-01-30 20:41:08.095967,32,55.56063511904762,0.0,0.0,0.0,False
2_39_130_31_2019-01-31 18:27:13.263172,31,46.916574999999995,1.0,0.10609777777777779,6.0,True
2_39_130_31_2019-02-04 16:10:42.377580,57,174.37341066017316,1.0,0.26738729166666664,5.0,True
2_39_130_31_2019-02-06 02:34:39.747789,31,52.20255744671994,0.0,0.0,0.0,False
2_39_130_31_2019-02-06 23:32:48.445627,59,189.02639722222222,2.0,0.44572736111111116,16.0,True
2_39_130_31_2019-02-07 01:05:40.644944,35,94.07539464285713,2.0,0.6212304365079365,13.0,True
2_39_130_31_2019-02-08 00:57:12.355054,35,94.67774294871795,1.0,0.40143506944444446,14.0,True
2_39_130_31_2019-02-13 02:08:10.056088,72,235.78936249999998,1.0,0.11816569444444444,5.0,True
2_39_130_31_2019-02-13 04:43:10.337623,88,516.6892044871795,0.0,0.0,0.0,False
2_39_130_31_2019-02-16 01:23:35.787670,36,239.79225833333334,0.0,0.0,0.0,False
2_39_130_31_2019-02-16 19:39:22.926136,267,941.6247103174603,1.0,0.5456828472222222,18.0,True
2_39_130_31_2019-02-18 22:12:45.281431,84,532.0720859010271,1.0,0.506564236111111,9.0,True
2_39_130_31_2019-02-19 02:51:21.867900,33,56.56763995773748,0.0,0.0,0.0,False
2_39_130_31_2019-02-20 16:47:11.842928,103,351.0568569327731,0.0,0.0,0.0,False
2_39_130_31_2019-02-20 18:41:00.913587,135,862.2832426847662,1.0,0.6188511805555555,9.0,True
2_39_130_31_2019-02-21 00:48:23.905336,69,236.6140964285714,0.0,0.0,0.0,False
2_39_130_31_2019-02-21 02:33:26.719013,64,204.26993452380952,1.0,1.078695972222222,30.0,True
2_39_130_31_2019-02-21 04:59:15.213704,27,46.456026785714286,0.0,0.0,0.0,False
2_39_130_31_2019-02-22 16:37:33.331068,87,571.5090613445378,0.0,0.0,0.0,False
2_39_130_31_2019-02-23 17:33:47.552294,220,781.2066324121956,3.0,0.36652395833333334,6.0,True
2_39_130_31_2019-02-24 21:57:57.101679,32,48.36251369047619,0.0,0.0,0.0,False
2_39_130_31_2019-02-25 03:53:04.623151,149,916.9166708333333,0.0,0.0,0.0,False
2_39_130_31_2019-02-25 15:42:52.095220,340,2312.182275177763,0.0,0.0,0.0,False
2_39_130_31_2019-02-26 16:48:05.575744,119,363.8735343253968,2.0,0.7919233864379085,17.0,True
2_39_130_31_2019-02-27 22:36:04.194528,80,281.10076355042014,0.0,0.0,0.0,False
2_39_130_31_2019-02-28 00:30:13.168696,90,307.5324604655149,1.0,0.26593034722222225,5.0,True
2_39_130_31_2019-02-28 02:27:39.695677,98,334.7357075980392,2.0,0.2745521527777778,7.0,True
2_39_130_31_2019-03-01 04:13:56.422820,60,349.84910407329596,1.0,0.2628620710784314,7.0,True
2_39_130_31_2019-03-01 22:13:25.653198,114,409.32536355779155,0.0,0.0,0.0,False
2_39_130_31_2019-03-03 20:12:08.276090,256,1775.0075780366692,0.0,0.0,0.0,False
2_39_130_31_2019-03-05 00:32:06.447634,268,928.5103132884014,4.0,0.9192779182758962,13.0,True
2_39_130_31_2019-03-07 02:37:37.855296,93,391.1641932900433,3.0,1.3723385714285714,26.0,True
2_39_130_31_2019-03-08 03:53:49.917225,31,52.27235833333333,0.0,0.0,0.0,False
2_39_130_31_2019-03-08 22:31:25.068000,32,54.11470795454545,0.0,0.0,0.0,False
2_39_130_31_2019-03-08 23:44:31.189846,271,932.8564473550958,5.0,2.066898729575163,27.0,True
2_39_130_31_2019-03-13 16:01:11.807890,263,857.9676679038282,7.0,1.4967782230392157,15.0,True
2_39_130_31_2019-03-14 01:28:12.331170,70,234.82934615384613,0.0,0.0,0.0,False
2_39_130_31_2019-03-15 00:00:46.779692,274,938.2096033370525,4.0,1.370866031746032,26.0,True
2_39_130_31_2019-03-16 00:32:21.209051,70,443.40467051135136,0.0,0.0,0.0,False
2_39_130_31_2019-03-16 15:12:09.802746,31,50.483642075163395,0.0,0.0,0.0,False
2_39_130_31_2019-03-18 01:41:38.230682,67,444.33896785714285,0.0,0.0,0.0,False
2_39_130_31_2019-03-18 15:39:47.408851,192,931.9058442604136,3.0,1.411668761618284,34.0,True
2_39_130_31_2019-03-22 15:29:05.482096,112,349.7933199175824,2.0,0.7814357638888888,15.0,True
2_39_130_31_2019-03-22 21:28:02.120940,417,2835.3703359309807,0.0,0.0,0.0,False
2_39_130_31_2019-03-23 23:22:35.010196,52,175.68951397058822,0.0,0.0,0.0,False
2_39_130_31_2019-03-25 02:48:06.028434,149,893.1175165912518,0.0,0.0,0.0,False
2_39_130_31_2019-03-25 16:04:31.425780,104,359.0155768907563,2.0,1.7230060264939309,53.0,True
2_39_130_31_2019-03-26 01:13:43.769911,78,258.07069534313723,0.0,0.0,0.0,False
2_39_130_31_2019-03-27 17:01:29.226654,64,205.1061347222222,1.0,0.24861756944444446,5.0,True
2_39_130_31_2019-03-28 23:36:33.259325,270,912.945550595238,4.0,0.8426225,12.0,True
2_39_130_31_2019-03-31 18:26:14.851519,65,184.40597916666667,2.0,0.7402563888888889,15.0,True
2_39_130_31_2019-04-02 01:37:53.894071,58,192.65780392156861,1.0,0.2625022222222222,5.0,True
2_39_130_31_2019-04-02 20:43:16.389714,81,256.1862624497235,0.0,0.0,0.0,False
2_39_130_31_2019-04-04 00:41:10.216097,31,52.770986538461536,0.0,0.0,0.0,False
2_39_130_31_2019-04-04 03:01:20.003245,108,655.1498653011204,1.0,0.2047086805555556,6.0,True
2_39_130_31_2019-04-06 05:10:33.358544,142,846.4117583333333,1.0,0.499021875,7.0,True
2_39_130_31_2019-04-11 23:08:15.126127,92,299.7394875,0.0,0.0,0.0,False
2_39_130_31_2019-04-12 01:22:29.696296,31,56.53552202380952,0.0,0.0,0.0,False
2_39_130_31_2019-04-13 00:59:23.158480,65,214.04139583333333,0.0,0.0,0.0,False
2_39_130_31_2019-04-16 15:51:31.810511,85,281.9164131652661,1.0,0.36421076388888896,9.0,True
2_39_130_31_2019-04-19 19:53:43.224495,38,110.31782083333333,1.0,0.20299854166666667,6.0,True
2_39_130_31_2019-04-23 20:39:16.709871,71,227.92891907777465,0.0,0.0,0.0,False
2_39_130_31_2019-04-23 23:14:28.737709,72,218.88988649626515,1.0,0.35756008986928106,13.0,True
2_39_130_31_2019-04-25 01:21:17.564385,156,845.2613696078431,1.0,0.5244615277777778,7.0,True
2_39_130_31_2019-04-28 19:14:16.617854,31,58.33440147058823,0.0,0.0,0.0,False
2_39_130_31_2019-05-03 15:40:16.861912,101,387.1135542006196,2.0,1.4251175231481483,41.0,True
2_39_130_31_2019-05-08 01:33:51.566418,63,191.34134779411764,0.0,0.0,0.0,False
2_39_130_31_2019-05-10 00:43:42.034188,198,694.712817834698,0.0,0.0,0.0,False
2_39_130_31_2019-05-11 23:50:27.281172,20,123.60968888888888,0.0,0.0,0.0,False
2_39_130_31_2019-05-15 03:26:26.318391,75,447.92141805555553,1.0,0.3949695138888889,6.0,True
2_39_130_31_2019-05-16 19:22:12.701074,63,126.55342303921569,2.0,0.5564572916666666,8.0,True
2_39_130_31_2019-05-18 18:10:50.165310,45,118.825075,1.0,0.527510625,16.0,True
2_39_130_31_2019-05-20 15:28:46.786425,130,363.5755006652661,1.0,0.4840504166666667,15.0,True
2_39_130_31_2019-05-21 15:33:18.053266,99,396.7323220588235,1.0,1.28510279003268,37.0,True
2_39_130_31_2019-05-22 00:44:05.181009,31,51.66274464285714,0.0,0.0,0.0,False
2_39_130_31_2019-05-22 15:41:43.680741,32,57.6257375,0.0,0.0,0.0,False
2_39_130_31_2019-05-23 19:44:52.390374,194,1069.4591982492996,2.0,1.1442838848039216,26.0,True
2_39_130_31_2019-05-24 00:28:01.028040,76,476.0725056722689,0.0,0.0,0.0,False
2_39_130_31_2019-05-24 15:51:16.145378,106,358.9287971988795,3.0,1.7450420115546217,55.0,True
2_39_130_31_2019-05-26 05:27:47.511232,265,925.6002450980392,9.0,2.446670253267974,29.0,True
2_39_130_31_2019-05-27 23:38:15.964803,102,354.1856765151515,3.0,0.8471325,29.0,True
2_39_130_31_2019-05-29 23:52:44.180645,31,57.98025833333333,0.0,0.0,0.0,False
2_39_130_31_2019-05-31 16:15:02.421753,112,428.09218749999997,2.0,1.68149375,49.0,True
2_39_130_31_2019-06-04 15:23:27.551881,94,582.281497875817,0.0,0.0,0.0,False
2_39_130_31_2019-06-06 15:52:14.810376,86,274.16951477272727,1.0,0.23203263888888886,6.0,True
2_39_130_31_2019-06-10 15:54:31.570338,92,276.28300993589744,2.0,0.37184576388888896,6.0,True
2_39_130_31_2019-06-11 19:15:54.491131,465,2945.765114845938,0.0,0.0,0.0,False
2_39_130_31_2019-06-13 04:57:34.917717,23,40.48383333333333,0.0,0.0,0.0,False
2_39_130_31_2019-06-14 03:26:17.774849,78,532.5498009803921,0.0,0.0,0.0,False
2_39_130_31_2019-06-14 19:57:44.969288,32,59.62795401853049,0.0,0.0,0.0,False
2_39_130_31_2019-06-14 22:36:16.415115,114,393.1768607843137,3.0,1.5084423815359476,34.0,True
2_39_130_31_2019-06-17 22:10:06.015453,113,717.0459913838612,0.0,0.0,0.0,False
2_39_130_31_2019-06-19 16:29:11.168901,100,334.57475080532214,3.0,1.235490371732026,24.0,True
2_39_130_31_2019-06-20 15:02:57.780013,226,773.8042335707593,10.0,3.2962834074463117,43.0,True
2_39_130_31_2019-06-21 15:33:03.084406,230,785.6014394798829,8.0,2.650687718253968,29.0,True
2_39_130_31_2019-06-22 00:28:16.460650,51,319.3741442307692,0.0,0.0,0.0,False
2_39_130_31_2019-06-23 17:08:07.093756,260,919.8487166666666,8.0,3.5332645465686277,48.0,True
2_39_130_31_2019-06-24 23:32:28.792291,86,291.0172229784019,3.0,1.381834370915033,40.0,True
2_39_130_31_2019-07-02 01:54:42.438305,32,55.87515902014652,0.0,0.0,0.0,False
2_39_130_31_2019-07-02 15:56:37.881639,49,128.93633569273862,2.0,0.7750251274420025,15.0,True
2_39_130_31_2019-07-07 02:08:44.846176,108,660.7319279923507,0.0,0.0,0.0,False
2_39_130_31_2019-07-09 00:45:17.485665,31,53.134901388888885,0.0,0.0,0.0,False
2_39_130_31_2019-07-11 22:49:45.731580,32,59.30689929971989,0.0,0.0,0.0,False
2_39_130_31_2019-07-12 15:51:22.176637,51,164.027775,1.0,1.0636665972222223,27.0,True
2_39_130_31_2019-07-13 15:17:01.963560,31,53.32442261904762,0.0,0.0,0.0,False
2_39_130_31_2019-07-13 23:44:29.141020,54,349.9716330128205,0.0,0.0,0.0,False
2_39_130_31_2019-07-15 20:38:02.015297,45,115.92802820777433,2.0,0.3766925854259832,11.0,True
2_39_130_31_2019-07-16 01:16:13.077914,48,317.045169047619,0.0,0.0,0.0,False
2_39_130_31_2019-07-16 03:12:34.009078,203,716.502119362745,2.0,0.9401670833333332,35.0,True
2_39_130_31_2019-07-17 20:22:22.098332,138,623.3273365196078,2.0,1.5104587500000002,39.0,True
2_39_130_31_2019-07-18 18:49:30.382270,212,709.0970786764706,7.0,2.0404712826797384,23.0,True
2_39_130_31_2019-07-19 02:03:04.926700,60,126.81934137700534,0.0,0.0,0.0,False
2_39_130_31_2019-07-22 23:45:10.819185,49,127.70611642156862,2.0,0.8584231250000001,17.0,True
2_39_130_31_2019-07-23 01:02:41.046968,76,477.46482336601304,0.0,0.0,0.0,False
2_39_130_31_2019-07-23 15:40:25.222686,94,293.9755718954248,3.0,1.0056223570261438,23.0,True
2_39_130_31_2019-07-25 23:30:26.830208,184,594.9888458333334,3.0,3.530890416666666,90.0,True
2_39_130_31_2019-07-27 17:11:18.546775,41,109.94900297619047,1.0,0.2546270833333333,5.0,True
2_39_130_31_2019-07-29 16:08:37.030098,285,1933.5179333333333,0.0,0.0,0.0,False
2_39_130_31_2019-07-29 21:02:35.894146,38,89.97984950980393,2.0,0.5605922303921569,12.0,True
2_39_130_31_2019-07-30 04:46:01.632289,204,715.5319625,4.0,3.5589189583333334,66.0,True
2_39_130_31_2019-07-31 00:15:58.386224,79,227.71969166666665,1.0,0.5592812500000001,15.0,True
2_39_130_31_2019-08-06 16:10:30.427143,32,54.590913725490196,0.0,0.0,0.0,False
2_39_130_31_2019-08-07 02:49:01.920195,63,135.0091956932773,1.0,0.4704945138888889,6.0,True
2_39_130_31_2019-08-10 14:28:29.389896,168,1015.164429493464,0.0,0.0,0.0,False
2_39_130_31_2019-08-10 21:30:16.927240,85,551.2142299019607,0.0,0.0,0.0,False
2_39_130_31_2019-08-12 17:26:49.962555,93,599.3574799019608,0.0,0.0,0.0,False
2_39_130_31_2019-08-12 20:05:03.297828,111,321.73820980392156,2.0,1.6544782594896934,40.0,True
2_39_130_31_2019-08-13 01:08:10.021710,80,477.2320878959276,0.0,0.0,0.0,False
2_39_130_31_2019-08-16 15:40:05.867058,138,592.099300420168,2.0,0.8658120179738562,19.0,True
2_39_130_31_2019-08-21 00:30:42.472750,400,2485.7319799019606,2.0,1.5801325,27.0,True
2_39_130_31_2019-08-24 16:21:38.949480,179,604.1287632352941,7.0,1.6122825694444445,18.0,True
2_39_130_564_2018-11-01 16:55:42.193723,30,45.2364669117647,0.0,0.0,0.0,False
2_39_130_564_2018-11-01 19:32:40.492359,31,53.845934593837534,0.0,0.0,0.0,False
2_39_130_564_2018-11-02 20:12:51.097435,30,54.2952737012987,0.0,0.0,0.0,False
2_39_130_564_2018-11-05 17:35:02.826410,154,256.69826877289375,1.0,0.21032444444444442,12.0,True
2_39_130_564_2018-11-06 16:57:17.679856,87,266.49072556022406,2.0,1.6881341966979102,49.0,True
2_39_130_564_2018-11-16 17:03:56.900157,272,1635.4302602517237,0.0,0.0,0.0,False
2_39_130_564_2018-11-20 20:07:15.274411,251,633.899574815952,1.0,0.6235938194444445,10.0,True
2_39_130_564_2018-11-27 18:33:47.884735,176,324.27990797071004,3.0,0.45511579403983815,8.0,True
2_39_130_564_2018-11-28 18:34:52.679358,58,302.9796242647059,0.0,0.0,0.0,False
2_39_130_564_2018-11-29 20:07:11.126092,172,638.1154869398575,1.0,0.7639940958605664,32.0,True
2_39_130_564_2018-12-11 21:56:13.226164,159,806.5657220897738,2.0,0.40964017837690636,8.0,True
2_39_130_564_2018-12-12 17:22:44.672428,106,382.02496447759756,3.0,1.6379132045038294,38.0,True
2_39_130_564_2019-01-02 17:00:19.033308,130,345.04885674363067,5.0,1.3373258895603002,39.0,True
2_39_130_564_2019-01-18 18:15:37.865958,29,138.39684107142855,0.0,0.0,0.0,False
2_39_130_564_2019-02-08 18:45:22.258535,43,62.15179297793709,0.0,0.0,0.0,False
2_39_130_564_2019-02-15 18:38:01.325891,135,397.99266936274506,3.0,1.892440272525677,66.0,True
2_39_130_564_2019-04-01 16:52:10.658234,129,476.6156705882353,2.0,1.365612573529412,31.0,True
2_39_130_564_2019-04-02 16:18:06.561985,110,361.022916025641,3.0,1.3991004166666667,43.0,True
2_39_130_564_2019-04-11 17:33:37.764016,117,377.65575413165266,3.0,1.7769478869047617,50.0,True
2_39_130_564_2019-06-10 17:14:21.975907,64,134.72181663165264,1.0,0.3116420138888889,8.0,True
2_39_130_564_2019-06-19 18:25:58.737598,32,52.391616666666664,0.0,0.0,0.0,False
2_39_131_30_2018-11-01 01:48:14.342432,42,208.6923789215686,0.0,0.0,0.0,False
2_39_131_30_2018-11-01 06:25:55.685229,31,59.01876495098039,0.0,0.0,0.0,False
2_39_131_30_2018-11-01 23:18:09.985005,32,52.49719331950729,0.0,0.0,0.0,False
2_39_131_30_2018-11-02 02:18:43.385849,112,711.5466867647059,0.0,0.0,0.0,False
2_39_131_30_2018-11-02 15:19:57.815175,252,1585.0868410765104,1.0,0.9039620749158248,20.0,True
2_39_131_30_2018-11-03 00:27:15.892034,507,3359.5860136363635,2.0,1.0117509027777778,19.0,True
2_39_131_30_2018-11-03 19:37:38.017323,31,53.02885357142857,0.0,0.0,0.0,False
2_39_131_30_2018-11-04 04:48:56.224494,183,644.0512805115636,0.0,0.0,0.0,False
2_39_131_30_2018-11-05 03:08:23.163482,372,2529.269637686741,0.0,0.0,0.0,False
2_39_131_30_2018-11-05 14:58:50.111821,97,311.8023914915966,1.0,0.33032178396358547,7.0,True
2_39_131_30_2018-11-06 02:59:15.694798,112,724.5404405005942,1.0,0.6146840482026144,7.0,True
2_39_131_30_2018-11-06 15:13:09.279838,238,1590.5061505485528,1.0,0.5469733333333333,9.0,True
2_39_131_30_2018-11-07 04:02:38.858385,68,453.8986283619588,0.0,0.0,0.0,False
2_39_131_30_2018-11-08 05:12:00.600588,31,50.33247083333333,0.0,0.0,0.0,False
2_39_131_30_2018-11-08 14:59:57.770851,134,849.2855175303454,1.0,0.7640935539215687,16.0,True
2_39_131_30_2018-11-09 02:31:49.144867,123,848.3522277777778,0.0,0.0,0.0,False
2_39_131_30_2018-11-09 15:55:16.049409,131,767.6679723649715,0.0,0.0,0.0,False
2_39_131_30_2018-11-10 18:36:34.598755,32,53.12056544117647,0.0,0.0,0.0,False
2_39_131_30_2018-11-10 22:00:30.524993,32,54.42210899184235,0.0,0.0,0.0,False
2_39_131_30_2018-11-13 02:30:26.916087,105,715.3925470588235,0.0,0.0,0.0,False
2_39_131_30_2018-11-14 01:24:18.779180,97,518.1367485347168,0.0,0.0,0.0,False
2_39_131_30_2018-11-14 03:35:28.561909,118,711.4843566993463,0.0,0.0,0.0,False
2_39_131_30_2018-11-15 01:16:53.691427,87,593.3803375816993,0.0,0.0,0.0,False
2_39_131_30_2018-11-15 16:00:32.062693,113,652.6978931040837,0.0,0.0,0.0,False
2_39_131_30_2018-11-16 05:27:51.196848,228,728.7739122942158,1.0,0.36464141203703704,11.0,True
2_39_131_30_2018-11-17 18:18:56.637049,99,677.7047737566957,0.0,0.0,0.0,False
2_39_131_30_2018-11-18 00:17:12.023980,497,3296.5923390198723,1.0,0.8329203553921569,22.0,True
2_39_131_30_2018-11-19 16:07:34.048178,58,174.2093275431225,0.0,0.0,0.0,False
2_39_131_30_2018-11-20 04:56:31.877575,64,309.5846530812325,0.0,0.0,0.0,False
2_39_131_30_2018-11-22 19:14:21.670415,32,59.14568905228758,0.0,0.0,0.0,False
2_39_131_30_2018-11-22 21:21:11.013002,257,895.7090612942612,3.0,17.301295358699033,132.0,True
2_39_131_30_2018-11-24 16:03:53.670818,32,53.06629057078972,0.0,0.0,0.0,False
2_39_131_30_2018-11-24 18:10:59.007855,31,53.6770931372549,0.0,0.0,0.0,False
2_39_131_30_2018-11-25 01:17:57.394980,237,1560.9516963235294,0.0,0.0,0.0,False
2_39_131_30_2018-11-25 21:51:04.353948,77,505.6330454984558,0.0,0.0,0.0,False
2_39_131_30_2018-11-26 00:20:25.550680,25,166.05612083333332,0.0,0.0,0.0,False
2_39_131_30_2018-11-26 02:57:23.652391,114,682.8185968128276,1.0,0.4499819444444444,11.0,True
2_39_131_30_2018-11-26 08:03:43.266573,331,2156.6881461977564,1.0,0.7376537488328663,20.0,True
2_39_131_30_2018-11-28 16:24:51.171005,130,773.0371694700509,0.0,0.0,0.0,False
2_39_131_30_2018-11-28 23:34:11.383727,32,52.81250297619047,0.0,0.0,0.0,False
2_39_131_30_2018-11-29 16:05:20.933458,130,391.1058555290298,1.0,0.40074961309523816,10.0,True
2_39_131_30_2018-11-30 02:15:53.890837,126,810.7050510504201,1.0,0.6588098406862745,8.0,True
2_39_131_30_2018-11-30 16:27:32.742827,105,326.7477789478495,1.0,0.34366773809523815,10.0,True
2_39_131_30_2018-12-01 22:11:41.985930,274,951.382618707518,3.0,0.5842938875421964,9.0,True
2_39_131_30_2018-12-02 16:59:59.380427,116,795.480314772564,0.0,0.0,0.0,False
2_39_131_30_2018-12-04 01:33:59.254660,306,954.9213284858115,5.0,1.0149805409663863,13.0,True
2_39_131_30_2018-12-05 02:50:50.164619,19,112.60370931372549,0.0,0.0,0.0,False
2_39_131_30_2018-12-05 16:37:07.920172,109,339.6351185523197,1.0,0.3448994730392157,11.0,True
2_39_131_30_2018-12-06 03:41:09.368129,72,434.19286296699516,0.0,0.0,0.0,False
2_39_131_30_2018-12-06 13:50:18.638680,25,166.23092906162464,0.0,0.0,0.0,False
2_39_131_30_2018-12-06 16:21:46.005752,138,773.3711405951891,1.0,0.5486823504273505,9.0,True
2_39_131_30_2018-12-07 03:21:18.724097,274,962.4343911249182,5.0,1.3400657735212842,25.0,True
2_39_131_30_2018-12-07 16:49:53.399414,33,58.17002738095238,0.0,0.0,0.0,False
2_39_131_30_2018-12-08 05:48:29.591101,19,67.42146903594771,0.0,0.0,0.0,False
2_39_131_30_2018-12-08 18:58:46.436611,25,43.53171567460318,0.0,0.0,0.0,False
2_39_131_30_2018-12-08 22:54:23.170154,32,57.68591008403361,0.0,0.0,0.0,False
2_39_131_30_2018-12-09 04:08:15.874195,153,949.4093474362711,0.0,0.0,0.0,False
2_39_131_30_2018-12-10 00:57:32.263237,31,53.178087581699344,0.0,0.0,0.0,False
2_39_131_30_2018-12-11 16:19:13.398417,10,46.6430678030303,0.0,0.0,0.0,False
2_39_131_30_2018-12-12 02:45:34.584946,129,829.4904259301973,1.0,0.640298988095238,7.0,True
2_39_131_30_2018-12-12 14:34:18.761631,181,1169.9059270024093,1.0,0.8369484568903319,20.0,True
2_39_131_30_2018-12-13 16:49:29.588899,122,303.38298369174794,2.0,0.23137349320270373,6.0,True
2_39_131_30_2018-12-13 20:58:31.344928,72,131.26529261823495,1.0,0.2072006044541525,8.0,True
2_39_131_30_2018-12-15 17:52:40.161972,295,988.8816721343156,5.0,1.084990367821821,16.0,True
2_39_131_30_2018-12-16 18:56:10.944349,80,259.06101554239683,0.0,0.0,0.0,False
2_39_131_30_2018-12-17 03:26:00.245598,144,779.717348755132,0.0,0.0,0.0,False
2_39_131_30_2018-12-17 06:22:35.145620,358,2175.3436833916685,1.0,0.7917126205242557,18.0,True
2_39_131_30_2018-12-17 16:44:14.616459,137,332.8991962502597,1.0,0.09175054834054835,5.0,True
2_39_131_30_2018-12-19 02:47:37.471954,231,730.9527005900876,1.0,0.28678547979797986,9.0,True
2_39_131_30_2018-12-20 00:22:16.403733,106,341.85631374051644,0.0,0.0,0.0,False
2_39_131_30_2018-12-20 06:09:34.974194,281,962.525106029355,2.0,0.5323653602552132,11.0,True
2_39_131_30_2018-12-20 16:07:47.014903,74,211.4042805645335,0.0,0.0,0.0,False
2_39_131_30_2018-12-21 19:23:05.987233,32,52.605170846800256,0.0,0.0,0.0,False
2_39_131_30_2018-12-22 19:58:14.816430,279,964.7610795216222,3.0,0.5749385183239963,10.0,True
2_39_131_30_2018-12-23 19:28:05.708662,21,31.147689762443438,0.0,0.0,0.0,False
2_39_131_30_2018-12-24 02:11:22.086640,388,2408.2789785558693,0.0,0.0,0.0,False
2_39_131_30_2018-12-24 15:28:42.390593,233,1551.8008794294474,0.0,0.0,0.0,False
2_39_131_30_2019-01-02 16:37:52.964126,156,486.6474601233027,0.0,0.0,0.0,False
2_39_131_30_2019-01-03 02:49:06.860687,123,664.7551975669038,0.0,0.0,0.0,False
2_39_131_30_2019-01-03 16:38:57.642255,149,553.0878243774075,3.0,1.7126044166332752,44.0,True
2_39_131_30_2019-01-04 17:06:48.135023,113,386.6290467500679,3.0,1.3808609415522843,29.0,True
2_39_131_30_2019-01-05 18:36:03.526833,45,139.42128595260948,0.0,0.0,0.0,False
2_39_131_30_2019-01-05 19:37:49.307057,280,944.2018844192959,4.0,0.7118860325445968,7.0,True
2_39_131_30_2019-01-06 23:18:28.240043,98,573.9875786191749,0.0,0.0,0.0,False
2_39_131_30_2019-01-07 16:37:58.016519,272,838.6722707405855,0.0,0.0,0.0,False
2_39_131_30_2019-01-07 21:52:04.229188,250,643.4495056598973,4.0,0.8906595903130096,13.0,True
2_39_131_30_2019-01-08 16:14:34.602997,114,261.66274590620486,1.0,0.3024846560846561,5.0,True
2_39_131_30_2019-01-09 04:16:15.132333,83,459.01231126708257,1.0,0.6627674310942325,15.0,True
2_39_131_30_2019-01-09 16:33:09.851381,126,388.2303698500201,3.0,0.4044664836130645,6.0,True
2_39_131_30_2019-01-09 23:46:48.437356,32,47.95978543123543,0.0,0.0,0.0,False
2_39_131_30_2019-01-10 01:48:25.196478,278,897.771191816723,2.0,0.2761879561546841,6.0,True
2_39_131_30_2019-01-10 15:11:04.194346,112,678.7486542074927,1.0,0.601364168417367,8.0,True
2_39_131_30_2019-01-11 04:10:18.146190,265,886.262355059453,2.0,0.36468183372591473,8.0,True
2_39_131_30_2019-01-11 16:40:23.829979,134,411.2823893762623,1.0,0.3170903987423396,10.0,True
2_39_131_30_2019-01-12 15:57:53.921811,278,940.8508319482934,3.0,0.9110102242329681,9.0,True
2_39_131_30_2019-01-13 23:27:23.503649,529,3156.9071653928004,2.0,0.9527397680877343,14.0,True
2_39_131_30_2019-01-14 16:37:53.827429,132,365.45662107255487,1.0,0.5313867118992119,16.0,True
2_39_131_30_2019-01-15 16:51:52.790739,167,741.6025401594105,0.0,0.0,0.0,False
2_39_131_30_2019-01-16 16:39:35.821270,131,375.8331939729646,1.0,0.17293681216931217,5.0,True
2_39_131_30_2019-01-17 16:51:22.118394,129,362.6562430076803,1.0,0.21032348901098905,8.0,True
2_39_131_30_2019-01-18 16:40:23.156372,114,387.97256006248654,2.0,0.47221389705882355,9.0,True
2_39_131_30_2019-01-19 18:06:17.737347,126,432.28429945697576,1.0,0.3014787949346406,9.0,True
2_39_131_30_2019-01-19 22:32:05.147207,80,265.9375613538938,1.0,0.3730576593137254,10.0,True
2_39_131_30_2019-01-20 02:01:36.245741,379,2499.7748057072827,1.0,0.7747861274509804,20.0,True
2_39_131_30_2019-01-21 00:51:47.141545,268,936.0785226181498,0.0,0.0,0.0,False
2_39_131_30_2019-01-21 17:02:31.482683,97,603.3369952443798,1.0,0.22109541666666666,6.0,True
2_39_131_30_2019-01-22 02:32:24.601506,97,596.3548754557963,0.0,0.0,0.0,False
2_39_131_30_2019-01-22 17:23:00.417653,95,300.6108187048504,2.0,0.6873585934095862,10.0,True
2_39_131_30_2019-01-23 03:23:42.338597,31,56.04095727124183,0.0,0.0,0.0,False
2_39_131_30_2019-01-23 16:37:02.078393,82,277.3300516597867,1.0,0.3707629479847495,10.0,True
2_39_131_30_2019-01-24 16:56:56.030128,83,277.98966911764705,2.0,0.5155992197712418,9.0,True
2_39_131_30_2019-01-25 04:49:44.278280,108,734.6785154411764,0.0,0.0,0.0,False
2_39_131_30_2019-01-25 16:38:44.196178,82,268.60114779411765,2.0,0.5405978635620916,12.0,True
2_39_131_30_2019-01-26 17:02:50.958044,34,60.677245098039215,0.0,0.0,0.0,False
2_39_131_30_2019-01-28 16:39:02.434172,120,390.2422237936593,1.0,0.34205500000000005,9.0,True
2_39_131_30_2019-01-29 16:27:38.278072,34,51.70339794372294,0.0,0.0,0.0,False
2_39_131_30_2019-01-30 05:40:22.311391,31,58.542673068924536,0.0,0.0,0.0,False
2_39_131_30_2019-01-30 16:40:42.146788,76,253.96569358076562,4.0,0.7459967075163398,11.0,True
2_39_131_30_2019-01-31 01:31:34.954559,269,924.4116059496876,5.0,1.3353981168300653,15.0,True
2_39_131_30_2019-01-31 16:16:20.977539,91,279.9757406862745,1.0,0.34916442810457515,9.0,True
2_39_131_30_2019-02-01 03:15:48.794753,31,54.394754166666665,0.0,0.0,0.0,False
2_39_131_30_2019-02-01 16:38:29.208970,34,58.91568308823529,0.0,0.0,0.0,False
2_39_131_30_2019-02-02 17:00:04.686332,44,106.46651904761904,1.0,0.3782807638888889,9.0,True
2_39_131_30_2019-02-02 18:18:42.120750,48,125.69497205882352,2.0,0.788057753267974,17.0,True
2_39_131_30_2019-02-02 20:55:51.960043,27,39.43094464285714,0.0,0.0,0.0,False
2_39_131_30_2019-02-02 21:31:47.268386,31,56.342985405525845,0.0,0.0,0.0,False
2_39_131_30_2019-02-03 01:25:44.086115,41,136.96114166666666,0.0,0.0,0.0,False
2_39_131_30_2019-02-04 16:35:46.235102,106,326.69421402788385,2.0,0.5041855654761906,11.0,True
2_39_131_30_2019-02-05 02:50:11.894060,92,599.4317166666666,0.0,0.0,0.0,False
2_39_131_30_2019-02-05 04:45:19.638094,262,898.6953259794943,4.0,0.9136037785947713,13.0,True
2_39_131_30_2019-02-05 16:18:29.803741,432,2840.9692099135555,0.0,0.0,0.0,False
2_39_131_30_2019-02-05 23:58:15.483779,90,263.1456831035794,1.0,0.5316057061457062,15.0,True
2_39_131_30_2019-02-06 02:12:06.123369,273,941.8089572604682,7.0,1.9072449428104576,23.0,True
2_39_131_30_2019-02-06 16:39:38.792012,117,382.9676136985563,5.0,1.2302845751633988,20.0,True
2_39_131_30_2019-02-07 16:46:12.998757,122,402.7541212694168,5.0,1.2513505841503267,14.0,True
2_39_131_30_2019-02-08 16:01:28.794921,52,134.8639907320148,2.0,0.8008935866013072,17.0,True
2_39_131_30_2019-02-09 00:36:27.911081,46,301.46363169934637,0.0,0.0,0.0,False
2_39_131_30_2019-02-09 17:00:39.199147,102,687.9601934035735,0.0,0.0,0.0,False
2_39_131_30_2019-02-09 19:01:14.269045,154,960.339625630252,1.0,0.8042729534313727,23.0,True
2_39_131_30_2019-02-10 00:06:22.924966,38,126.53214384920635,0.0,0.0,0.0,False
2_39_131_30_2019-02-10 02:20:49.541511,26,63.80359035947712,1.0,0.4063355310457517,13.0,True
2_39_131_30_2019-02-10 17:14:02.828064,93,298.5755532212885,1.0,0.11904458333333333,5.0,True
2_39_131_30_2019-02-11 16:41:50.769455,285,963.2727175303454,6.0,1.0516147467320263,15.0,True
2_39_131_30_2019-02-12 16:27:28.342729,112,328.5066336978381,2.0,0.7258667681623932,12.0,True
2_39_131_30_2019-02-13 00:31:23.711403,28,71.41978353174603,1.0,0.3857649107142857,13.0,True
2_39_131_30_2019-02-13 16:38:38.167929,106,330.3270258477633,1.0,0.34214555555555565,9.0,True
2_39_131_30_2019-02-14 03:02:18.999455,270,920.8314099251238,6.0,3.2567815000808014,20.0,True
2_39_131_30_2019-02-14 16:40:36.398742,119,364.6344792663219,3.0,0.8438895599906632,15.0,True
2_39_131_30_2019-02-15 00:37:06.233865,263,913.7490242512389,2.0,0.8134267110177402,16.0,True
2_39_131_30_2019-02-15 15:45:14.296552,73,242.4585351190476,4.0,0.8727765972222221,10.0,True
2_39_131_30_2019-02-16 03:00:28.830739,55,196.0448363095238,0.0,0.0,0.0,False
2_39_131_30_2019-02-16 17:26:15.123456,182,1201.6750242431588,1.0,0.375455,10.0,True
2_39_131_30_2019-02-17 00:48:28.012293,295,968.3846670485526,2.0,0.4898713888888888,13.0,True
2_39_131_30_2019-02-17 17:55:12.875358,101,666.303431060606,0.0,0.0,0.0,False
2_39_131_30_2019-02-17 22:38:44.848516,24,34.75189345238095,0.0,0.0,0.0,False
2_39_131_30_2019-02-18 02:28:16.489559,31,59.47917916666666,0.0,0.0,0.0,False
2_39_131_30_2019-02-18 15:53:02.963358,257,1676.2237933958197,1.0,0.8637714583333335,23.0,True
2_39_131_30_2019-02-19 01:49:52.080961,120,807.6204806984682,0.0,0.0,0.0,False
2_39_131_30_2019-02-19 04:21:07.555062,265,935.8055648625883,2.0,0.4776209027777778,10.0,True
2_39_131_30_2019-02-19 16:33:10.549315,52,130.4596089285714,2.0,0.8068641666666666,19.0,True
2_39_131_30_2019-02-20 04:27:05.946066,78,477.04355502080585,0.0,0.0,0.0,False
2_39_131_30_2019-02-20 16:45:19.448709,33,58.44948821301248,0.0,0.0,0.0,False
2_39_131_30_2019-02-21 16:01:46.693622,171,1159.541486111111,0.0,0.0,0.0,False
2_39_131_30_2019-02-21 22:14:02.780221,59,190.52653257575756,0.0,0.0,0.0,False
2_39_131_30_2019-02-22 00:44:42.530753,32,59.17741078431372,0.0,0.0,0.0,False
2_39_131_30_2019-02-22 03:49:04.329359,239,843.6270418417366,4.0,0.6875132148692811,9.0,True
2_39_131_30_2019-02-22 23:10:59.071348,83,265.91366157078215,0.0,0.0,0.0,False
2_39_131_30_2019-02-23 02:15:52.039428,116,704.364624789916,2.0,0.7833636805555556,13.0,True
2_39_131_30_2019-02-23 20:55:41.090860,152,508.78391607142856,1.0,0.34259104166666665,10.0,True
2_39_131_30_2019-02-24 18:50:10.048843,99,493.41315486694674,2.0,0.6058860714285715,8.0,True
2_39_131_30_2019-02-24 20:54:37.883405,85,494.42329107142854,1.0,0.7460212599206351,16.0,True
2_39_131_30_2019-02-25 17:04:17.805598,32,55.3133287464986,0.0,0.0,0.0,False
2_39_131_30_2019-02-25 22:31:46.112997,88,278.7925824579832,2.0,0.4095316900093371,5.0,True
2_39_131_30_2019-02-26 00:27:05.804439,270,931.4128936274509,5.0,1.1878491584967321,13.0,True
2_39_131_30_2019-02-26 21:25:30.389270,23,62.90302647058823,1.0,0.25743006944444446,8.0,True
2_39_131_30_2019-02-27 16:29:57.167100,104,376.338080071644,3.0,0.9542346895424837,19.0,True
2_39_131_30_2019-02-28 04:00:49.048289,281,849.7110844042063,4.0,0.7166136011904762,10.0,True
2_39_131_30_2019-02-28 16:25:00.861947,80,239.86087008016491,1.0,0.2543561111111111,5.0,True
2_39_131_30_2019-03-01 16:44:39.054829,90,282.5707574579832,1.0,0.33777131944444444,10.0,True
2_39_131_30_2019-03-02 02:58:05.270524,183,628.0644488014436,3.0,0.8629648197227608,13.0,True
2_39_131_30_2019-03-04 16:40:06.973106,109,364.8913118717067,2.0,0.4902313538544788,10.0,True
2_39_131_30_2019-03-05 02:20:47.158830,126,798.119602294764,0.0,0.0,0.0,False
2_39_131_30_2019-03-05 16:32:33.849613,91,308.4085824929972,1.0,0.3565672222222222,9.0,True
2_39_131_30_2019-03-06 02:38:46.816021,109,719.8839998562582,0.0,0.0,0.0,False
2_39_131_30_2019-03-06 16:42:36.799233,28,84.76646598793363,2.0,0.4788123397435897,9.0,True
2_39_131_30_2019-03-07 02:32:52.051600,79,259.7553140873016,2.0,0.2776794444444444,7.0,True
2_39_131_30_2019-03-07 16:42:48.660629,79,262.42722988482103,2.0,0.48716825847763345,10.0,True
2_39_131_30_2019-03-08 01:04:59.844127,68,225.03198095238093,2.0,0.498808611111111,11.0,True
2_39_131_30_2019-03-08 16:37:13.848936,33,57.084628192640686,0.0,0.0,0.0,False
2_39_131_30_2019-03-10 00:24:35.563117,45,113.05904166666666,1.0,0.4715833333333333,15.0,True
2_39_131_30_2019-03-10 19:12:05.574446,64,422.8826814102564,0.0,0.0,0.0,False
2_39_131_30_2019-03-10 20:31:53.566989,171,1073.596066095669,0.0,0.0,0.0,False
2_39_131_30_2019-03-11 03:24:56.619809,134,818.0996025974025,0.0,0.0,0.0,False
2_39_131_30_2019-03-11 15:32:27.788628,213,979.6346904411764,2.0,1.8266465873015874,64.0,True
2_39_131_30_2019-03-12 01:14:06.831904,77,254.43051025641023,0.0,0.0,0.0,False
2_39_131_30_2019-03-12 03:26:15.445863,265,929.4841622064209,9.0,2.0481566896502192,20.0,True
2_39_131_30_2019-03-12 16:02:20.944894,103,326.97229666199814,1.0,0.24088418300653594,7.0,True
2_39_131_30_2019-03-13 15:33:23.106073,32,53.100070833333334,0.0,0.0,0.0,False
2_39_131_30_2019-03-14 00:59:28.085974,31,51.939409722222216,0.0,0.0,0.0,False
2_39_131_30_2019-03-14 03:35:23.219700,31,52.32169583333333,0.0,0.0,0.0,False
2_39_131_30_2019-03-14 15:41:51.437275,108,344.24867489495796,1.0,0.1979488888888889,7.0,True
2_39_131_30_2019-03-15 15:30:57.228279,109,353.3138576707606,0.0,0.0,0.0,False
2_39_131_30_2019-03-15 20:14:44.826248,84,263.2022747997917,0.0,0.0,0.0,False
2_39_131_30_2019-03-15 22:09:56.886093,28,165.06610469187675,0.0,0.0,0.0,False
2_39_131_30_2019-03-16 02:02:15.404359,152,533.2852418363499,5.0,1.0833798897058824,15.0,True
2_39_131_30_2019-03-16 16:30:15.679043,31,51.70332649286987,0.0,0.0,0.0,False
2_39_131_30_2019-03-17 16:14:14.008255,103,650.4327034536542,1.0,0.3604805555555555,7.0,True
2_39_131_30_2019-03-17 18:16:43.430975,130,440.09872598039215,2.0,0.5679793137254903,16.0,True
2_39_131_30_2019-03-18 14:50:02.090826,285,1802.6932966404981,1.0,0.8893182498832867,18.0,True
2_39_131_30_2019-03-19 02:01:40.168149,32,52.816199999999995,0.0,0.0,0.0,False
2_39_131_30_2019-03-19 15:48:41.833498,84,280.01833112745095,4.0,0.6992300694444444,10.0,True
2_39_131_30_2019-03-20 02:07:11.073420,89,595.2249915849673,0.0,0.0,0.0,False
2_39_131_30_2019-03-20 15:41:39.740445,98,327.1020862044818,3.0,0.9012150490196078,16.0,True
2_39_131_30_2019-03-21 01:07:33.103411,78,476.5712426820728,0.0,0.0,0.0,False
2_39_131_30_2019-03-21 04:14:48.383940,56,369.9235559523809,0.0,0.0,0.0,False
2_39_131_30_2019-03-21 15:52:57.605201,113,710.5939353195823,1.0,0.49524395833333335,9.0,True
2_39_131_30_2019-03-22 16:27:11.891068,83,253.23853385217723,3.0,1.2035668154761905,18.0,True
2_39_131_30_2019-03-23 15:10:32.033948,31,53.08757559523809,0.0,0.0,0.0,False
2_39_131_30_2019-03-23 19:19:03.365679,108,349.51664166666666,0.0,0.0,0.0,False
2_39_131_30_2019-03-23 23:03:24.940105,185,642.5094124999999,1.0,0.23808027777777777,7.0,True
2_39_131_30_2019-03-24 18:36:49.845851,32,53.972387499999996,0.0,0.0,0.0,False
2_39_131_30_2019-03-25 15:40:40.682726,91,289.2499553571428,1.0,0.22279069444444444,7.0,True
2_39_131_30_2019-03-26 04:24:15.421862,238,1556.5506339285714,1.0,0.7856057638888889,19.0,True
2_39_131_30_2019-03-26 15:53:21.199517,86,274.4571634803921,1.0,0.26608993055555563,7.0,True
2_39_131_30_2019-03-27 01:52:40.249312,40,195.341031372549,1.0,0.7622567524509805,16.0,True
2_39_131_30_2019-03-27 04:32:08.516904,334,2203.7754438393304,1.0,0.8026005555555555,17.0,True
2_39_131_30_2019-03-27 15:11:03.662694,83,276.5596307422969,2.0,0.4637262540849673,10.0,True
2_39_131_30_2019-03-28 01:57:48.044767,45,252.8721088235294,1.0,0.20263867238562097,5.0,True
2_39_131_30_2019-03-28 15:48:10.111496,85,280.2509800070028,4.0,0.9644070138888888,11.0,True
2_39_131_30_2019-03-29 15:43:22.522886,145,567.0500652391726,2.0,1.8902546483037659,64.0,True
2_39_131_30_2019-03-30 00:14:53.111617,277,934.9195517662321,5.0,1.8155542987109783,27.0,True
2_39_131_30_2019-03-30 20:16:33.162954,107,323.1022046665237,0.0,0.0,0.0,False
2_39_131_30_2019-04-01 04:12:22.668145,401,2639.5466979341736,1.0,0.8245691666666666,19.0,True
2_39_131_30_2019-04-01 15:36:40.966759,216,735.4623255252101,10.0,3.0997852170868345,51.0,True
2_39_131_30_2019-04-02 01:17:56.477637,31,50.605756652661064,0.0,0.0,0.0,False
2_39_131_30_2019-04-02 04:05:52.683919,221,708.389200245098,1.0,0.37973145833333344,11.0,True
2_39_131_30_2019-04-03 15:43:03.308762,77,254.59694215686272,3.0,0.72390039624183,9.0,True
2_39_131_30_2019-04-04 15:32:21.120768,175,836.0061649886877,3.0,1.7711269566993464,46.0,True
2_39_131_30_2019-04-05 04:22:45.828998,33,54.31075416666666,0.0,0.0,0.0,False
2_39_131_30_2019-04-05 16:11:29.746484,82,272.3318520658263,3.0,0.7304971527777777,17.0,True
2_39_131_30_2019-04-06 19:45:28.854050,86,289.89274166666667,2.0,0.6057772916666666,13.0,True
2_39_131_30_2019-04-09 16:02:34.240838,105,346.4550509803921,3.0,1.3092731985294117,27.0,True
2_39_131_30_2019-04-10 15:42:24.917196,83,277.8009257326007,2.0,1.1529065476190477,30.0,True
2_39_131_30_2019-04-11 01:46:19.508877,32,48.59064507575757,0.0,0.0,0.0,False
2_39_131_30_2019-04-11 15:49:49.985574,83,273.69083112745096,4.0,0.8372201593137255,9.0,True
2_39_131_30_2019-04-12 03:06:39.159846,233,819.5434166666666,3.0,0.5818165277777778,15.0,True
2_39_131_30_2019-04-12 14:30:45.667741,276,1880.6752468137254,0.0,0.0,0.0,False
2_39_131_30_2019-04-12 19:17:14.967177,60,121.33272123440284,2.0,0.5297587500000001,8.0,True
2_39_131_30_2019-04-13 14:51:15.546685,112,738.0076390151514,0.0,0.0,0.0,False
2_39_131_30_2019-04-13 17:01:49.548015,77,476.56752083333333,0.0,0.0,0.0,False
2_39_131_30_2019-04-14 04:49:06.997343,134,469.96408878205125,0.0,0.0,0.0,False
2_39_131_30_2019-04-14 16:28:19.882456,110,693.8656080882353,1.0,0.27919895833333336,6.0,True
2_39_131_30_2019-04-15 15:38:05.474697,249,856.9137634803922,10.0,2.008470235177404,16.0,True
2_39_131_30_2019-04-17 04:06:53.543187,179,559.0627625,1.0,0.3097414583333333,10.0,True
2_39_131_30_2019-04-18 15:45:03.448671,81,275.43679583333335,1.0,0.2729346527777778,7.0,True
2_39_131_30_2019-04-19 03:42:20.061829,366,2462.831018417367,1.0,0.6527177777777777,14.0,True
2_39_131_30_2019-04-19 15:37:03.032559,79,262.6930456805449,1.0,0.2956608333333334,8.0,True
2_39_131_30_2019-04-20 14:51:40.254630,84,481.0994416666666,1.0,0.8743599999999999,21.0,True
2_39_131_30_2019-04-21 21:39:24.100612,303,2016.1580485347984,1.0,0.8435969444444444,21.0,True
2_39_131_30_2019-04-22 15:59:07.836335,71,204.5333671245421,1.0,0.45977687500000003,16.0,True
2_39_131_30_2019-04-22 17:37:47.019964,41,180.27243333333334,0.0,0.0,0.0,False
2_39_131_30_2019-04-22 20:49:57.030347,56,177.002075,0.0,0.0,0.0,False
2_39_131_30_2019-04-23 15:41:55.261199,77,255.7276375,3.0,0.7432890972222224,8.0,True
2_39_131_30_2019-04-24 01:19:49.520264,78,254.2962137254902,0.0,0.0,0.0,False
2_39_131_30_2019-04-24 15:47:58.117568,77,258.84943529411765,2.0,0.6082747263071895,12.0,True
2_39_131_30_2019-04-25 01:53:03.823762,68,382.5788110294117,1.0,0.8790458741830066,19.0,True
2_39_131_30_2019-04-25 15:30:18.507850,155,719.1973899509803,1.0,1.4763494444444443,43.0,True
2_39_131_30_2019-04-26 00:31:53.223923,53,173.1685225490196,2.0,0.23323888071895427,5.0,True
2_39_131_30_2019-04-26 06:57:53.086509,290,1922.6446593137255,1.0,0.8008303472222222,21.0,True
2_39_131_30_2019-04-27 19:50:59.462138,72,458.9017169117647,0.0,0.0,0.0,False
2_39_131_30_2019-04-27 22:51:32.197150,44,234.47503749999998,0.0,0.0,0.0,False
2_39_131_30_2019-04-28 14:14:31.126306,73,143.95120832104772,2.0,0.7127622753267973,13.0,True
2_39_131_30_2019-04-28 17:40:30.336113,44,113.73167853091275,1.0,0.5179327278981769,16.0,True
2_39_131_30_2019-04-28 20:30:00.222139,115,378.5076131864867,0.0,0.0,0.0,False
2_39_131_30_2019-04-29 19:44:41.326016,31,52.47215078259374,0.0,0.0,0.0,False
2_39_131_30_2019-04-30 01:20:18.503797,82,272.77173210784315,0.0,0.0,0.0,False
2_39_131_30_2019-04-30 04:25:50.911724,204,715.0582147015823,3.0,0.5746370547385621,12.0,True
2_39_131_30_2019-05-01 08:18:44.595638,398,2662.0764426470587,1.0,0.7625729861111114,20.0,True
2_39_131_30_2019-05-02 15:00:18.523087,61,185.87770416666666,1.0,0.4104402777777778,8.0,True
2_39_131_30_2019-05-04 04:44:54.092420,223,710.7103791666666,1.0,0.23736118055555555,9.0,True
2_39_131_30_2019-05-05 01:40:56.513642,294,969.1351166666666,4.0,1.0571800694444444,15.0,True
2_39_131_30_2019-05-05 19:10:40.815735,32,59.211637499999995,0.0,0.0,0.0,False
2_39_131_30_2019-05-05 20:28:14.793299,100,322.22334431818183,0.0,0.0,0.0,False
2_39_131_30_2019-05-06 15:36:27.191936,181,622.0045889005602,3.0,1.6576981448412695,48.0,True
2_39_131_30_2019-05-07 20:49:32.354775,32,55.85770833333333,0.0,0.0,0.0,False
2_39_131_30_2019-05-07 22:20:18.379305,46,257.5993840909091,0.0,0.0,0.0,False
2_39_131_30_2019-05-08 00:59:02.602404,40,103.22354999999999,0.0,0.0,0.0,False
2_39_131_30_2019-05-08 03:10:20.138388,21,82.7481015151515,1.0,0.7213140277777779,10.0,True
2_39_131_30_2019-05-08 15:33:53.111063,87,293.3982208333333,2.0,0.46275083333333333,9.0,True
2_39_131_30_2019-05-09 01:47:30.976644,49,276.9739732142857,1.0,0.1726611805555556,5.0,True
2_39_131_30_2019-05-09 15:27:34.822756,83,280.0938933823529,1.0,0.2977381250000001,9.0,True
2_39_131_30_2019-05-11 01:38:31.433319,440,2968.602581652661,1.0,0.8265127532679739,20.0,True
2_39_131_30_2019-05-11 17:58:19.123775,114,374.18053888146164,1.0,0.4357900694444445,10.0,True
2_39_131_30_2019-05-12 17:36:03.258372,66,393.9702973856209,1.0,0.177749375,5.0,True
2_39_131_30_2019-05-13 00:18:36.067880,178,631.4127508169935,1.0,0.16418013480392155,8.0,True
2_39_131_30_2019-05-13 15:35:40.961213,271,931.7130095238094,9.0,3.6805742448646126,63.0,True
2_39_131_30_2019-05-13 23:43:47.596207,76,257.56394681372547,1.0,0.25050319444444447,5.0,True
2_39_131_30_2019-05-14 15:50:30.918103,154,531.9422950046685,2.0,0.6251500000000001,12.0,True
2_39_131_30_2019-05-15 15:29:02.517461,170,804.9114392857142,2.0,1.6901590972222227,42.0,True
2_39_131_30_2019-05-16 01:23:53.683349,76,249.12854583333333,0.0,0.0,0.0,False
2_39_131_30_2019-05-16 13:45:47.973583,32,55.050155637254896,0.0,0.0,0.0,False
2_39_131_30_2019-05-17 16:01:09.854223,84,260.51139166666667,4.0,0.9614575000000001,13.0,True
2_39_131_30_2019-05-18 14:51:36.958860,108,722.4967370098038,0.0,0.0,0.0,False
2_39_131_30_2019-05-18 20:16:33.285587,81,265.1343677547942,0.0,0.0,0.0,False
2_39_131_30_2019-05-19 17:00:20.643607,119,808.030106862745,0.0,0.0,0.0,False
2_39_131_30_2019-05-20 15:59:51.604026,98,371.69100987394955,2.0,1.4704350805322128,39.0,True
2_39_131_30_2019-05-21 14:26:55.958399,130,835.7826031862745,1.0,0.47565645833333325,6.0,True
2_39_131_30_2019-05-22 04:01:40.167831,78,253.08196004901959,0.0,0.0,0.0,False
2_39_131_30_2019-05-22 15:24:31.502430,87,274.914768872549,1.0,0.26383104166666665,7.0,True
2_39_131_30_2019-05-22 19:36:36.021327,48,136.19631393557424,2.0,1.1096060002334267,24.0,True
2_39_131_30_2019-05-23 04:15:43.425460,78,251.96999093137254,0.0,0.0,0.0,False
2_39_131_30_2019-05-23 15:46:00.336294,86,275.7218815359477,2.0,1.1903581712962963,29.0,True
2_39_131_30_2019-05-24 15:09:37.525706,85,341.1268019607843,1.0,1.1338597916666664,31.0,True
2_39_131_30_2019-05-25 18:04:47.110961,125,858.5151957983193,0.0,0.0,0.0,False
2_39_131_30_2019-05-25 23:50:42.993780,451,3034.129123330999,1.0,0.7786911111111112,21.0,True
2_39_131_30_2019-05-29 15:42:39.686999,92,288.872781547619,1.0,0.29204312500000007,7.0,True
2_39_131_30_2019-05-30 01:31:48.006325,62,355.7105071078431,0.0,0.0,0.0,False
2_39_131_30_2019-05-30 04:41:36.491061,109,338.64573375350136,1.0,0.2751240277777778,8.0,True
2_39_131_30_2019-05-31 15:22:22.275196,83,265.0022225490196,1.0,0.25465578431372554,7.0,True
2_39_131_30_2019-06-01 01:09:08.646704,135,634.9326029223228,2.0,1.3633328308823527,40.0,True
2_39_131_30_2019-06-01 21:37:27.850715,117,701.9005484477124,1.0,0.3405394907407408,9.0,True
2_39_131_30_2019-06-02 17:49:25.848888,255,897.0722953431372,2.0,1.2849902777777777,43.0,True
2_39_131_30_2019-06-03 15:37:40.938546,272,932.5145512955181,7.0,5.354898619281046,139.0,True
2_39_131_30_2019-06-04 00:54:38.204836,78,476.90780612745095,0.0,0.0,0.0,False
2_39_131_30_2019-06-04 03:23:16.018826,495,3312.1786477124183,1.0,0.8791726225490195,22.0,True
2_39_131_30_2019-06-04 15:56:40.486579,77,258.1459904411765,3.0,1.3069962214052286,25.0,True
2_39_131_30_2019-06-05 15:36:15.102065,117,405.2942647504456,6.0,1.8224022263071893,30.0,True
2_39_131_30_2019-06-06 15:51:01.559763,93,368.4749329131652,2.0,1.3474969444444442,37.0,True
2_39_131_30_2019-06-07 00:56:01.652980,77,476.28189121148455,0.0,0.0,0.0,False
2_39_131_30_2019-06-07 15:27:03.489518,390,2564.8923973506066,1.0,0.8209852777777779,22.0,True
2_39_131_30_2019-06-08 03:11:31.821207,32,53.03285535714285,0.0,0.0,0.0,False
2_39_131_30_2019-06-08 17:54:38.688264,50,338.5735656862745,0.0,0.0,0.0,False
2_39_131_30_2019-06-08 18:57:53.529106,63,172.46223725490196,1.0,0.5376365277777779,15.0,True
2_39_131_30_2019-06-08 23:02:52.452534,30,55.22992083333333,0.0,0.0,0.0,False
2_39_131_30_2019-06-09 18:22:09.928039,31,57.81384166666667,0.0,0.0,0.0,False
2_39_131_30_2019-06-10 00:01:08.018330,81,265.70324937782806,0.0,0.0,0.0,False
2_39_131_30_2019-06-10 15:35:29.553217,287,964.9159516456582,6.0,4.417150833333333,56.0,True
2_39_131_30_2019-06-11 15:35:05.498341,87,548.8561670168067,0.0,0.0,0.0,False
2_39_131_30_2019-06-12 19:35:25.084656,239,764.429032743482,2.0,0.25812006944444443,5.0,True
2_39_131_30_2019-06-13 15:50:32.570213,88,282.4514844187675,3.0,1.161683047385621,21.0,True
2_39_131_30_2019-06-14 01:12:17.241660,484,3188.9615973548507,2.0,1.0819697916666668,18.0,True
2_39_131_30_2019-06-15 09:41:34.069130,288,1825.5491154411764,1.0,0.7434499305555556,20.0,True
2_39_131_30_2019-06-17 15:30:23.901108,32,53.544725,0.0,0.0,0.0,False
2_39_131_30_2019-06-17 20:26:48.121088,29,85.25710833333333,1.0,0.21269625,6.0,True
2_39_131_30_2019-06-18 14:12:18.758880,88,283.2501,3.0,1.7436937499999998,45.0,True
2_39_131_30_2019-06-18 19:34:19.770794,40,117.02084495184037,2.0,1.026421583319,15.0,True
2_39_131_30_2019-06-19 01:10:36.231832,154,535.7983210784314,4.0,0.9388734517973856,23.0,True
2_39_131_30_2019-06-19 15:42:49.228716,91,305.55626928104573,4.0,1.4429580569172114,33.0,True
2_39_131_30_2019-06-20 01:42:43.602003,32,57.963938725490195,0.0,0.0,0.0,False
2_39_131_30_2019-06-24 15:40:51.829741,278,938.2801955882353,7.0,5.504538790849673,56.0,True
2_39_131_30_2019-06-25 04:41:43.135552,235,741.3650404761904,1.0,0.2772602083333333,8.0,True
2_39_131_30_2019-06-26 15:41:24.031928,85,285.0981815359477,4.0,1.5868496364379083,30.0,True
2_39_131_30_2019-06-27 16:02:33.176249,123,385.6540598893066,2.0,2.0881120075850648,48.0,True
2_39_131_30_2019-06-28 16:15:53.372423,103,343.860775,3.0,1.3485545138888888,30.0,True
2_39_131_30_2019-06-29 15:07:51.268351,45,116.21069166666666,1.0,0.5666808333333334,16.0,True
2_39_131_30_2019-06-30 09:20:21.109915,224,720.3236375,1.0,0.24656736111111108,8.0,True
2_39_131_30_2019-06-30 23:48:25.637092,61,194.29005833333332,0.0,0.0,0.0,False
2_39_131_30_2019-07-01 15:37:05.317489,125,394.03136547619044,1.0,0.43154944444444454,10.0,True
2_39_131_30_2019-07-02 01:18:05.518479,78,477.6198862179487,0.0,0.0,0.0,False
2_39_131_30_2019-07-02 05:40:16.355966,31,50.85484224035768,0.0,0.0,0.0,False
2_39_131_30_2019-07-02 16:03:51.404814,85,528.8599032751562,0.0,0.0,0.0,False
2_39_131_30_2019-07-03 15:40:30.854583,98,321.5022971207714,4.0,2.2740175190332543,50.0,True
2_39_131_30_2019-07-04 01:32:19.621469,94,322.82760332902393,4.0,1.3180114261922717,35.0,True
2_39_131_30_2019-07-05 15:38:05.836951,23,145.7157726190476,0.0,0.0,0.0,False
2_39_131_30_2019-07-05 23:33:32.708049,35,97.01942083333333,1.0,0.3851552480158731,10.0,True
2_39_131_30_2019-07-06 03:40:53.395697,325,2047.73391927117,2.0,0.904955525793651,21.0,True
2_39_131_30_2019-07-07 22:40:40.972616,129,387.0785347365869,6.0,2.50996063034188,52.0,True
2_39_131_30_2019-07-08 15:38:50.125671,281,955.9259497549019,10.0,5.234797818627451,53.0,True
2_39_131_30_2019-07-09 02:06:39.424504,100,331.16681805555555,1.0,0.26253152777777783,5.0,True
2_39_131_30_2019-07-10 15:44:33.721681,102,337.42181666666664,3.0,1.1934843750000002,30.0,True
2_39_131_30_2019-07-11 01:02:57.746643,78,474.8974303131509,0.0,0.0,0.0,False
2_39_131_30_2019-07-11 15:36:33.127344,103,287.1309542905624,2.0,0.8173958925429146,15.0,True
2_39_131_30_2019-07-12 15:18:53.341584,48,129.80327083333333,1.0,0.5157790972222224,15.0,True
2_39_131_30_2019-07-12 17:16:03.523552,31,52.260130357142856,0.0,0.0,0.0,False
2_39_131_30_2019-07-14 04:59:48.901417,437,2812.027369362745,2.0,0.978983472222222,15.0,True
2_39_131_30_2019-07-14 20:15:58.046334,202,690.6526352941177,3.0,1.3903958333333333,21.0,True
2_39_131_30_2019-07-15 15:43:36.268159,88,279.1782818627451,1.0,0.19045451388888898,6.0,True
2_39_131_30_2019-07-16 01:09:29.638967,85,464.47919916929476,0.0,0.0,0.0,False
2_39_131_30_2019-07-16 15:45:42.833313,82,254.67682499999998,1.0,0.41247666666666666,9.0,True
2_39_131_30_2019-07-17 15:39:01.363980,85,267.74958529411765,4.0,1.6070961519607843,33.0,True
2_39_131_30_2019-07-18 01:51:00.982048,66,391.7938783613445,1.0,0.22214423611111112,5.0,True
2_39_131_30_2019-07-18 04:56:12.457222,80,269.44612034313724,0.0,0.0,0.0,False
2_39_131_30_2019-07-19 01:14:38.541663,40,136.8066789969834,1.0,0.18826111111111113,9.0,True
2_39_131_30_2019-07-19 15:32:36.017371,90,287.10536666666667,1.0,0.10387847222222223,5.0,True
2_39_131_30_2019-07-19 20:22:06.641393,39,101.51332445324283,2.0,0.4522528472222222,9.0,True
2_39_131_30_2019-07-20 14:56:09.216589,110,339.57335207390645,1.0,0.855234513888889,29.0,True
2_39_131_30_2019-07-21 18:53:51.015449,63,211.15123844537814,2.0,0.9376208134920635,24.0,True
2_39_131_30_2019-07-22 15:36:05.885755,248,835.3556439856711,10.0,4.185978860294118,56.0,True
2_39_131_30_2019-07-23 00:40:06.844497,31,54.947515705128204,0.0,0.0,0.0,False
2_39_131_30_2019-07-23 15:36:29.897325,84,259.1709600840336,1.0,0.40139090277777784,9.0,True
2_39_131_30_2019-07-24 02:57:51.097622,98,317.8012287815126,3.0,1.2202475064192344,25.0,True
2_39_131_30_2019-07-24 15:48:00.098417,101,322.78055861344535,4.0,1.287870727124183,18.0,True
2_39_131_30_2019-07-25 15:39:00.916851,51,135.17570449346405,1.0,0.5666854697712417,15.0,True
2_39_131_30_2019-07-26 04:45:46.684708,224,719.0159051470588,1.0,0.23577361111111111,7.0,True
2_39_131_30_2019-07-26 19:57:59.656839,47,115.60931134453782,2.0,0.4797453869047619,12.0,True
2_39_131_30_2019-07-27 02:59:35.230929,61,381.20885555555554,0.0,0.0,0.0,False
2_39_131_30_2019-07-28 00:02:27.342798,541,3392.380825781979,3.0,1.9755081296685337,26.0,True
2_39_131_30_2019-07-28 17:06:31.358951,114,369.31207647058824,3.0,2.049811633986928,67.0,True
2_39_131_30_2019-07-29 15:34:38.724253,100,313.56604800420166,3.0,1.1722366625816996,26.0,True
2_39_131_30_2019-07-30 01:14:03.892903,71,225.86924047619047,4.0,1.1354330555555554,16.0,True
2_39_131_30_2019-07-30 15:08:03.251930,31,52.852758333333334,0.0,0.0,0.0,False
2_39_131_30_2019-07-30 17:49:17.712786,31,51.351104166666666,0.0,0.0,0.0,False
2_39_131_30_2019-07-31 15:39:55.007479,109,347.28555857843133,2.0,2.2126868014705883,67.0,True
2_39_131_30_2019-08-01 15:42:48.863451,84,266.7592470717234,1.0,0.23746097222222223,6.0,True
2_39_131_30_2019-08-02 15:42:19.285976,85,265.1322756593896,2.0,1.955756057871867,32.0,True
2_39_131_30_2019-08-03 15:18:43.522237,74,255.27433333333332,1.0,0.2534045833333334,5.0,True
2_39_131_30_2019-08-03 19:26:27.823472,285,986.6712284313725,7.0,4.696416654411765,80.0,True
2_39_131_30_2019-08-05 12:57:19.762035,86,277.30142331932774,2.0,0.70144431372549,20.0,True
2_39_131_30_2019-08-05 15:37:35.177075,288,960.7400007518796,7.0,5.380368610251118,67.0,True
2_39_131_30_2019-08-06 03:12:47.846545,32,46.714237499999996,0.0,0.0,0.0,False
2_39_131_30_2019-08-06 04:45:51.811627,241,753.2926506535947,1.0,0.16555305555555552,6.0,True
2_39_131_30_2019-08-07 15:46:00.586598,101,311.71819999999997,3.0,2.094478125,34.0,True
2_39_131_30_2019-08-08 01:58:55.344276,62,215.02940416666667,3.0,0.7304382638888889,20.0,True
2_39_131_30_2019-08-08 15:40:18.076964,88,282.01283333333333,1.0,0.17122965277777777,6.0,True
2_39_131_30_2019-08-09 15:30:51.137249,92,294.1808732843137,2.0,1.8317235008169932,48.0,True
2_39_131_30_2019-08-10 17:25:35.942667,32,53.429004166666665,0.0,0.0,0.0,False
2_39_131_30_2019-08-11 22:26:16.831336,118,748.8465009803921,0.0,0.0,0.0,False
2_39_131_30_2019-08-12 15:36:46.875002,301,988.3651870098039,12.0,5.173423970588235,49.0,True
2_39_131_30_2019-08-14 15:36:08.068301,194,942.6640965811965,2.0,1.6383006944444443,40.0,True
2_39_131_30_2019-08-15 01:03:28.172562,112,449.4142362511671,3.0,1.6690279289215684,20.0,True
2_39_131_30_2019-08-16 03:20:44.715217,93,575.5950205882352,1.0,0.38019791666666664,6.0,True
2_39_131_30_2019-08-16 13:35:55.188638,27,174.1550695028011,0.0,0.0,0.0,False
2_39_131_30_2019-08-16 15:30:50.188366,87,280.23271673669467,1.0,0.4813729166666667,14.0,True
2_39_131_30_2019-08-18 21:22:48.919246,97,316.41880735294114,1.0,0.9078819689542483,37.0,True
2_39_131_30_2019-08-18 23:40:32.688322,113,399.86925990896356,3.0,1.286522682072829,38.0,True
2_39_131_30_2019-08-19 14:56:41.797200,120,384.01081911764703,1.0,0.3821197916666667,8.0,True
2_39_131_30_2019-08-20 15:56:59.740207,88,276.8622482843137,3.0,1.2608020138888887,20.0,True
2_39_131_30_2019-08-21 03:25:22.437245,86,587.4898339985995,0.0,0.0,0.0,False
2_39_131_30_2019-08-21 15:46:06.548719,85,265.6717766025641,3.0,1.659565980392157,30.0,True
2_39_131_30_2019-08-22 01:33:20.162074,85,384.8155469919786,1.0,1.003394007352941,22.0,True
2_39_131_30_2019-08-22 15:59:34.521959,94,292.50751911764706,3.0,1.949714403594771,36.0,True
2_39_131_30_2019-08-23 01:23:05.796474,74,260.5534039489922,2.0,0.9192613439542485,31.0,True
2_39_131_30_2019-08-23 03:32:56.577722,71,433.71471119281046,0.0,0.0,0.0,False
2_39_131_30_2019-08-23 15:37:58.253131,167,550.6873269607843,6.0,2.8198325857843134,34.0,True
2_39_131_30_2019-08-24 04:41:42.919062,112,364.7133971620227,0.0,0.0,0.0,False
2_39_131_565_2018-11-05 18:12:24.635365,80,235.9853889106808,0.0,0.0,0.0,False
2_39_131_565_2018-11-07 17:11:16.112965,101,345.35317285067873,1.0,1.7185348905138977,55.0,True
2_39_131_565_2018-11-08 19:32:40.076087,51,295.56273455882354,1.0,0.19775902777777782,6.0,True
2_39_131_565_2018-11-13 17:48:19.727973,329,2167.868860894884,0.0,0.0,0.0,False
2_39_131_565_2018-11-15 20:02:19.023250,151,967.4082970084525,1.0,0.677084885620915,14.0,True
2_39_131_565_2018-11-26 18:55:16.344496,249,1171.6779633438457,1.0,0.47584127042483665,9.0,True
2_39_131_565_2018-11-27 19:37:53.891885,187,397.0395301640353,1.0,0.3108513194444445,8.0,True
2_39_131_565_2018-11-28 18:09:53.505974,107,665.9122555506584,1.0,0.7400654537823289,14.0,True
2_39_131_565_2018-11-30 16:34:31.919008,33,53.829866526610644,0.0,0.0,0.0,False
2_39_131_565_2018-12-07 16:37:56.618363,87,239.25261738245413,2.0,1.6970623756186622,55.0,True
2_39_131_565_2018-12-11 17:08:24.920560,106,336.58916047367666,2.0,1.9331173665128445,58.0,True
2_39_131_565_2018-12-31 06:05:45.682974,542,3273.513924366745,0.0,0.0,0.0,False
2_39_131_565_2019-02-06 17:42:21.866298,139,405.9127471288515,2.0,2.545430035597572,82.0,True
2_39_131_565_2019-02-19 17:37:59.322065,34,54.585449999999994,0.0,0.0,0.0,False
2_39_131_565_2019-04-24 21:57:34.820621,32,53.507799999999996,0.0,0.0,0.0,False
2_39_131_565_2019-08-15 16:19:05.532124,30,49.64338384238311,0.0,0.0,0.0,False
2_39_138_29_2018-11-01 02:43:05.472698,64,202.37916207983193,0.0,0.0,0.0,False
2_39_138_29_2018-11-01 14:32:26.135048,42,267.20208439542483,0.0,0.0,0.0,False
2_39_138_29_2018-11-02 15:29:11.215072,118,480.21993665290677,0.0,0.0,0.0,False
2_39_138_29_2018-11-03 19:44:15.879103,31,56.24884616755793,0.0,0.0,0.0,False
2_39_138_29_2018-11-04 17:49:37.267054,32,52.713929656862746,0.0,0.0,0.0,False
2_39_138_29_2018-11-06 16:26:25.166461,143,650.3761630684675,3.0,1.48774232565637,31.0,True
2_39_138_29_2018-11-07 02:25:56.145021,57,180.4306856442577,0.0,0.0,0.0,False
2_39_138_29_2018-11-07 16:25:26.626963,101,399.3048963591147,1.0,1.3068061134453786,39.0,True
2_39_138_29_2018-11-08 03:02:59.003644,151,1039.1359885620914,0.0,0.0,0.0,False
2_39_138_29_2018-11-08 16:41:47.968540,105,405.1822262211902,2.0,1.3445638276143792,41.0,True
2_39_138_29_2018-11-10 20:21:42.320581,83,543.7973627242125,0.0,0.0,0.0,False
2_39_138_29_2018-11-12 15:24:27.556027,258,1749.6067648163112,0.0,0.0,0.0,False
2_39_138_29_2018-11-14 14:00:43.195577,77,472.8664754110483,0.0,0.0,0.0,False
2_39_138_29_2018-11-15 16:27:26.891503,172,797.7934218020541,3.0,1.6058928145424842,47.0,True
2_39_138_29_2018-11-16 16:26:40.160120,110,413.44685190488474,2.0,1.5284425962475634,44.0,True
2_39_138_29_2018-11-17 22:10:34.016822,84,564.6902382703081,0.0,0.0,0.0,False
2_39_138_29_2018-11-18 19:13:26.097591,32,54.070574754901955,0.0,0.0,0.0,False
2_39_138_29_2018-11-18 20:38:56.895573,439,2578.374426285299,0.0,0.0,0.0,False
2_39_138_29_2018-11-19 16:42:51.010977,103,323.3728646991253,2.0,0.6397384585237604,11.0,True
2_39_138_29_2018-11-20 16:32:55.563671,190,875.3591571587339,3.0,2.612344434750621,37.0,True
2_39_138_29_2018-11-21 13:37:38.048606,32,55.54019471288515,0.0,0.0,0.0,False
2_39_138_29_2018-11-21 17:47:04.801204,109,696.8372402178618,0.0,0.0,0.0,False
2_39_138_29_2018-11-21 23:19:48.528590,162,1084.3070149012235,0.0,0.0,0.0,False
2_39_138_29_2018-11-24 19:41:22.356317,355,2385.3031661531277,0.0,0.0,0.0,False
2_39_138_29_2018-11-26 16:28:17.542204,137,574.5459724366319,1.0,2.018826120448179,41.0,True
2_39_138_29_2018-11-29 15:52:02.660996,23,148.51848092903828,0.0,0.0,0.0,False
2_39_138_29_2018-11-30 16:29:17.263359,168,767.6102014456131,3.0,1.6950861286181138,45.0,True
2_39_138_29_2018-12-01 19:54:51.943467,53,355.21797745098036,0.0,0.0,0.0,False
2_39_138_29_2018-12-02 07:11:40.941073,273,960.7414611928104,1.0,0.253934212962963,8.0,True
2_39_138_29_2018-12-02 20:56:04.806578,36,235.78119068320308,0.0,0.0,0.0,False
2_39_138_29_2018-12-03 01:39:40.943824,32,52.87395424836601,0.0,0.0,0.0,False
2_39_138_29_2018-12-04 02:41:17.426300,422,2814.200152194344,1.0,0.8142849388176323,22.0,True
2_39_138_29_2018-12-06 02:27:03.040773,54,359.4449150326797,0.0,0.0,0.0,False
2_39_138_29_2018-12-06 16:34:49.580578,194,852.418937968649,1.0,1.7386468154761905,59.0,True
2_39_138_29_2018-12-07 02:23:06.660149,40,239.1452677045177,0.0,0.0,0.0,False
2_39_138_29_2018-12-07 16:30:33.668835,120,453.3474834033613,2.0,1.4768995103874885,50.0,True
2_39_138_29_2018-12-09 20:53:20.512794,166,897.4493110626302,2.0,1.4138120343137253,29.0,True
2_39_138_29_2018-12-10 00:44:13.629893,22,39.78446095938375,0.0,0.0,0.0,False
2_39_138_29_2018-12-11 04:10:34.113349,31,53.93885399159664,0.0,0.0,0.0,False
2_39_138_29_2018-12-11 16:32:40.340598,118,446.52489593388634,2.0,1.448753501939237,48.0,True
2_39_138_29_2018-12-12 05:19:20.355289,29,191.92886511258348,0.0,0.0,0.0,False
2_39_138_29_2018-12-12 16:56:15.097363,248,1317.0299703176966,2.0,0.4507640560188722,6.0,True
2_39_138_29_2018-12-13 14:14:37.343060,74,213.0114006210748,0.0,0.0,0.0,False
2_39_138_29_2018-12-14 16:23:11.253152,124,424.4918783132717,2.0,1.308261511998923,30.0,True
2_39_138_29_2018-12-15 02:09:28.295618,37,240.24270115536768,0.0,0.0,0.0,False
2_39_138_29_2018-12-15 22:22:57.474988,61,397.73449458874455,0.0,0.0,0.0,False
2_39_138_29_2018-12-16 19:17:48.568621,52,300.3222542534263,0.0,0.0,0.0,False
2_39_138_29_2018-12-17 16:35:25.453288,143,469.32876802353036,2.0,0.22501312419062422,7.0,True
2_39_138_29_2018-12-18 17:01:59.633022,108,285.69524739297077,1.0,0.3910704125816994,9.0,True
2_39_138_29_2018-12-19 03:42:44.869312,123,735.5952997153173,0.0,0.0,0.0,False
2_39_138_29_2018-12-19 17:46:40.699223,134,412.225502252529,1.0,0.10220221916971921,5.0,True
2_39_138_29_2018-12-19 21:48:16.932684,89,261.73205297757795,1.0,0.2018694543650794,6.0,True
2_39_138_29_2018-12-20 16:36:11.012276,118,326.96726310182333,1.0,0.35473234840573653,11.0,True
2_39_138_29_2018-12-20 21:19:15.337656,37,93.09757564445358,0.0,0.0,0.0,False
2_39_138_29_2018-12-21 02:19:21.992048,34,56.6239380085257,0.0,0.0,0.0,False
2_39_138_29_2018-12-21 16:30:15.621319,164,664.1093353881885,4.0,1.2367339854113035,35.0,True
2_39_138_29_2018-12-23 21:52:50.207944,98,605.5975445537864,0.0,0.0,0.0,False
2_39_138_29_2018-12-27 01:53:17.156937,45,147.98231290849674,1.0,0.26200616421568623,5.0,True
2_39_138_29_2018-12-28 23:26:45.782650,465,3063.7996349511213,0.0,0.0,0.0,False
2_39_138_29_2018-12-30 07:43:31.139889,122,364.38490182072826,2.0,0.6802452153361345,16.0,True
2_39_138_29_2018-12-30 19:24:38.614053,103,326.21537229837156,0.0,0.0,0.0,False
2_39_138_29_2018-12-30 21:31:33.639721,46,287.0214473093083,0.0,0.0,0.0,False
2_39_138_29_2018-12-31 19:37:01.102684,50,76.9696476572447,0.0,0.0,0.0,False
2_39_138_29_2019-01-01 03:45:49.452098,416,2608.856669174861,2.0,0.8807503449328451,11.0,True
2_39_138_29_2019-01-03 00:22:30.703412,26,42.20219493472214,0.0,0.0,0.0,False
2_39_138_29_2019-01-03 16:20:04.905452,110,646.4004841525305,0.0,0.0,0.0,False
2_39_138_29_2019-01-04 16:14:47.577728,130,685.7266602074438,1.0,0.5126738904151404,8.0,True
2_39_138_29_2019-01-05 18:20:28.266831,69,177.5929294417184,2.0,0.8191140237744281,18.0,True
2_39_138_29_2019-01-05 20:43:25.597843,85,256.7897119414555,0.0,0.0,0.0,False
2_39_138_29_2019-01-07 16:30:47.221398,158,640.3080355235451,3.0,1.2136033324505016,23.0,True
2_39_138_29_2019-01-08 16:29:03.335236,111,407.35413410553156,4.0,1.29521571205304,22.0,True
2_39_138_29_2019-01-09 03:22:05.684823,32,54.46156099439776,0.0,0.0,0.0,False
2_39_138_29_2019-01-09 16:32:51.838995,64,327.17215866521246,2.0,0.6745822988939165,9.0,True
2_39_138_29_2019-01-10 00:33:14.249981,83,271.4759738753893,0.0,0.0,0.0,False
2_39_138_29_2019-01-11 04:20:41.578653,85,491.38746607898895,0.0,0.0,0.0,False
2_39_138_29_2019-01-12 18:16:54.365427,172,1022.5850883494772,2.0,0.7836168146681749,11.0,True
2_39_138_29_2019-01-15 01:20:20.177269,96,560.4825226249827,0.0,0.0,0.0,False
2_39_138_29_2019-01-15 17:02:45.651152,66,159.5370333679006,1.0,0.5221475539645684,17.0,True
2_39_138_29_2019-01-16 02:11:57.909662,27,40.646035448538385,0.0,0.0,0.0,False
2_39_138_29_2019-01-16 04:19:50.401688,89,579.7856950046685,0.0,0.0,0.0,False
2_39_138_29_2019-01-17 00:59:32.897743,31,51.681326212023265,0.0,0.0,0.0,False
2_39_138_29_2019-01-17 04:39:56.309590,96,314.38753660796976,2.0,0.859699897875817,8.0,True
2_39_138_29_2019-01-18 02:33:38.699788,14,90.53156544117647,0.0,0.0,0.0,False
2_39_138_29_2019-01-19 04:59:15.094714,278,956.888731582633,2.0,1.0291694117647059,26.0,True
2_39_138_29_2019-01-19 18:53:18.336733,223,1478.7696306421992,0.0,0.0,0.0,False
2_39_138_29_2019-01-20 19:32:54.723759,38,97.75017176704014,0.0,0.0,0.0,False
2_39_138_29_2019-01-20 20:59:56.131399,156,935.4976066563468,1.0,0.9382391230936821,29.0,True
2_39_138_29_2019-01-22 01:30:08.603037,33,141.78453244631186,0.0,0.0,0.0,False
2_39_138_29_2019-01-23 03:11:56.929666,84,511.32447485994396,0.0,0.0,0.0,False
2_39_138_29_2019-01-23 20:53:07.034538,35,102.28468087436728,1.0,0.30980861519607844,9.0,True
2_39_138_29_2019-01-24 02:37:44.038252,71,233.63507862179958,0.0,0.0,0.0,False
2_39_138_29_2019-01-24 05:13:43.235614,158,544.9541110644258,2.0,0.46655469226579527,11.0,True
2_39_138_29_2019-01-26 20:16:08.870842,349,2299.7366495231076,0.0,0.0,0.0,False
2_39_138_29_2019-01-27 18:08:28.319864,232,789.0962896358543,2.0,0.6001175694444445,9.0,True
2_39_138_29_2019-01-28 16:28:33.075830,103,328.6823410136389,3.0,0.7027207414480943,13.0,True
2_39_138_29_2019-01-29 00:33:17.475513,64,205.4339212148962,1.0,0.2599814191595442,5.0,True
2_39_138_29_2019-01-29 02:15:01.609860,79,257.49707912651076,0.0,0.0,0.0,False
2_39_138_29_2019-01-29 16:33:57.961968,70,223.17192271135727,3.0,1.3810779536435787,27.0,True
2_39_138_29_2019-01-30 06:07:31.807701,115,307.70866775210084,1.0,0.49825354166666663,16.0,True
2_39_138_29_2019-01-31 02:27:38.258502,88,361.936606372549,1.0,1.0945409722222221,29.0,True
2_39_138_29_2019-01-31 16:31:44.509317,171,762.3652606442577,2.0,1.9201341421568627,49.0,True
2_39_138_29_2019-02-01 16:28:59.233366,107,396.9467100490196,2.0,1.3903590808823532,45.0,True
2_39_138_29_2019-02-02 02:03:08.936530,66,449.9209583333333,0.0,0.0,0.0,False
2_39_138_29_2019-02-04 16:36:56.177379,106,389.93251458425476,2.0,1.2359715044351074,45.0,True
2_39_138_29_2019-02-05 03:21:14.514676,31,51.92993333333333,0.0,0.0,0.0,False
2_39_138_29_2019-02-05 16:22:22.329355,125,362.9985814497594,2.0,0.9294229003267973,20.0,True
2_39_138_29_2019-02-07 03:08:49.816025,31,51.812299490950224,0.0,0.0,0.0,False
2_39_138_29_2019-02-08 04:23:38.404443,82,547.1305623026483,0.0,0.0,0.0,False
2_39_138_29_2019-02-13 04:21:51.840233,80,525.8246672619048,0.0,0.0,0.0,False
2_39_138_29_2019-02-13 16:34:10.675383,113,433.27231986673456,2.0,1.4637694907407406,45.0,True
2_39_138_29_2019-02-15 04:22:11.721214,78,538.8416495421245,0.0,0.0,0.0,False
2_39_138_29_2019-02-15 16:12:38.587998,115,346.0112700980392,1.0,0.5468194444444445,18.0,True
2_39_138_29_2019-02-17 18:11:46.941342,51,148.5851875,1.0,0.3382311111111111,10.0,True
2_39_138_29_2019-02-17 21:59:37.237673,110,745.7814486374737,0.0,0.0,0.0,False
2_39_138_29_2019-02-18 23:53:38.632173,107,729.279047185739,0.0,0.0,0.0,False
2_39_138_29_2019-02-19 02:29:18.086202,60,211.46127008906126,0.0,0.0,0.0,False
2_39_138_29_2019-02-20 02:25:17.686394,89,296.70535434981684,0.0,0.0,0.0,False
2_39_138_29_2019-02-20 04:02:57.446261,70,397.528892970918,1.0,0.26633118055555555,6.0,True
2_39_138_29_2019-02-20 16:27:37.300599,126,455.8157077380952,1.0,1.5589746323529414,57.0,True
2_39_138_29_2019-02-21 02:22:24.305081,350,2273.603918460461,1.0,0.706915138888889,23.0,True
2_39_138_29_2019-02-21 16:26:54.359382,116,419.6833708333333,2.0,1.663840277777778,53.0,True
2_39_138_29_2019-02-23 17:31:08.038870,242,857.9743564971792,2.0,0.4932840114379086,12.0,True
2_39_138_29_2019-02-26 00:43:02.558612,74,242.1355378384687,1.0,0.5010985294117648,7.0,True
2_39_138_29_2019-02-26 16:31:22.190377,162,667.847617237123,4.0,1.862761119432898,53.0,True
2_39_138_29_2019-02-27 03:13:34.801993,73,244.58809044117646,1.0,0.34460402777777777,11.0,True
2_39_138_29_2019-02-28 02:02:59.304920,87,561.4878029061624,0.0,0.0,0.0,False
2_39_138_29_2019-03-01 02:51:42.729638,44,210.45605061182366,1.0,0.8350873173436042,18.0,True
2_39_138_29_2019-03-04 15:37:08.520932,283,1895.5414892132076,0.0,0.0,0.0,False
2_39_138_29_2019-03-05 16:42:09.961089,115,437.76176379060394,1.0,1.295702163609596,47.0,True
2_39_138_29_2019-03-06 21:25:26.683068,32,70.68077777777778,1.0,0.5466992810457517,17.0,True
2_39_138_29_2019-03-06 22:33:41.062016,27,53.570789938080495,2.0,0.8013669732542141,15.0,True
2_39_138_29_2019-03-07 16:29:08.949520,97,296.60461744378773,3.0,0.799328130395433,16.0,True
2_39_138_29_2019-03-08 04:49:41.565567,106,619.6168952227382,0.0,0.0,0.0,False
2_39_138_29_2019-03-12 16:32:15.680179,95,612.126738092055,0.0,0.0,0.0,False
2_39_138_29_2019-03-14 01:30:30.304628,110,484.95228210784313,2.0,1.236303263888889,29.0,True
2_39_138_29_2019-03-15 15:38:56.613184,110,394.96198139164756,1.0,1.4108686204481795,50.0,True
2_39_138_29_2019-03-16 14:49:17.555703,77,475.8175083333333,0.0,0.0,0.0,False
2_39_138_29_2019-03-18 14:51:28.223930,92,294.22855708270487,3.0,0.8221766765873015,13.0,True
2_39_138_29_2019-03-18 21:18:32.566279,32,91.64884479949875,1.0,0.28061780492898913,7.0,True
2_39_138_29_2019-03-20 15:50:43.037886,138,454.316256442577,5.0,1.6954128455164117,30.0,True
2_39_138_29_2019-03-21 03:02:44.658341,73,456.7531447245565,0.0,0.0,0.0,False
2_39_138_29_2019-03-21 19:37:19.018859,159,872.2917997169496,1.0,0.611069658119658,8.0,True
2_39_138_29_2019-03-23 14:48:43.710663,108,629.7309583333333,1.0,0.6716994444444445,14.0,True
2_39_138_29_2019-03-28 00:55:32.658845,79,476.06685416666664,0.0,0.0,0.0,False
2_39_138_29_2019-03-31 23:35:22.093959,81,272.05279975490197,0.0,0.0,0.0,False
2_39_138_29_2019-04-03 02:08:04.704211,30,51.33130833333333,0.0,0.0,0.0,False
2_39_138_29_2019-04-03 23:38:16.153994,82,280.7235113795518,1.0,0.25316145833333337,5.0,True
2_39_138_29_2019-04-04 15:40:39.539708,68,203.02546715686273,1.0,0.41134736111111114,8.0,True
2_39_138_29_2019-04-05 23:22:31.098985,52,344.49511547619045,0.0,0.0,0.0,False
2_39_138_29_2019-04-06 14:55:40.764473,53,249.52983774509804,1.0,0.9426721364379084,23.0,True
2_39_138_29_2019-04-09 14:30:52.037149,65,212.69321717914437,0.0,0.0,0.0,False
2_39_138_29_2019-04-10 03:23:46.441500,79,475.4708644607843,0.0,0.0,0.0,False
2_39_138_29_2019-04-11 01:32:15.550750,125,594.0412837121212,2.0,1.26258125,30.0,True
2_39_138_29_2019-04-12 01:18:28.915767,85,531.8271676470588,0.0,0.0,0.0,False
2_39_138_29_2019-04-12 15:28:33.197315,106,400.7697281862745,2.0,1.5434234722222218,45.0,True
2_39_138_29_2019-04-13 14:29:46.498911,19,32.102138970588236,0.0,0.0,0.0,False
2_39_138_29_2019-04-15 15:37:30.032139,148,620.7871444677871,5.0,1.6566129125816993,25.0,True
2_39_138_29_2019-04-16 01:14:48.910440,64,208.89929331232491,1.0,0.11519999999999998,5.0,True
2_39_138_29_2019-04-16 14:46:04.595018,39,95.61804114145657,1.0,0.41630497140522876,12.0,True
2_39_138_29_2019-04-18 02:15:11.203670,64,223.99756274509804,1.0,0.1638351388888889,8.0,True
2_39_138_29_2019-04-22 16:10:26.983549,73,238.47154166666667,2.0,0.5229879861111111,8.0,True
2_39_138_29_2019-04-23 19:41:04.720577,35,82.08123869047618,2.0,0.7333477777777777,15.0,True
2_39_138_29_2019-04-24 03:18:39.793776,103,714.808906127451,0.0,0.0,0.0,False
2_39_138_29_2019-04-25 15:48:46.930212,84,267.4829611111111,1.0,0.246874375,6.0,True
2_39_138_29_2019-04-26 14:51:11.307234,76,324.35197428086616,1.0,0.9340779125816995,23.0,True
2_39_138_29_2019-04-26 23:36:05.589532,20,32.51253012820513,1.0,0.6158957638888889,14.0,True
2_39_138_29_2019-04-27 01:15:59.475648,89,607.3729411764706,0.0,0.0,0.0,False
2_39_138_29_2019-04-28 01:41:05.225974,31,57.328427976190476,0.0,0.0,0.0,False
2_39_138_29_2019-04-29 15:32:19.269120,32,59.287881439393935,0.0,0.0,0.0,False
2_39_138_29_2019-05-01 01:18:34.430773,88,290.67129163165265,0.0,0.0,0.0,False
2_39_138_29_2019-05-02 15:55:35.116833,88,281.45315238095236,1.0,0.2785311805555556,7.0,True
2_39_138_29_2019-05-03 04:20:30.914594,73,239.61251719187675,0.0,0.0,0.0,False
2_39_138_29_2019-05-04 17:09:36.969474,76,477.4422583333333,0.0,0.0,0.0,False
2_39_138_29_2019-05-05 03:07:25.463972,273,952.2879833333333,7.0,1.8150241666666667,15.0,True
2_39_138_29_2019-05-07 01:39:17.643064,64,212.24568928571426,1.0,0.11299756944444447,5.0,True
2_39_138_29_2019-05-07 19:23:09.477836,43,120.31527019202417,2.0,0.9672601307189543,20.0,True
2_39_138_29_2019-05-08 00:09:11.603397,202,714.6813078431372,1.0,0.10219694444444445,5.0,True
2_39_138_29_2019-05-09 01:29:07.465368,84,353.94322850140054,2.0,1.2865124305555555,23.0,True
2_39_138_29_2019-05-10 00:42:10.400782,77,476.601206184012,0.0,0.0,0.0,False
2_39_138_29_2019-05-10 21:34:04.344187,75,245.82697777777776,0.0,0.0,0.0,False
2_39_138_29_2019-05-10 23:07:12.247776,86,475.18619487179484,0.0,0.0,0.0,False
2_39_138_29_2019-05-12 20:11:27.538675,32,56.8501419117647,0.0,0.0,0.0,False
2_39_138_29_2019-05-15 15:20:11.681684,91,272.72952598039217,1.0,0.5389554861111112,16.0,True
2_39_138_29_2019-05-17 15:43:23.089190,114,349.07694444444445,1.0,0.5257179861111111,16.0,True
2_39_138_29_2019-05-20 04:22:02.916967,51,289.96798809523807,0.0,0.0,0.0,False
2_39_138_29_2019-05-20 15:25:16.513412,94,309.2301088235294,2.0,1.6135713153594773,50.0,True
2_39_138_29_2019-05-22 03:31:17.764985,73,498.71007499999996,0.0,0.0,0.0,False
2_39_138_29_2019-05-22 15:07:13.450522,81,334.67527965686276,1.0,0.9807930555555555,25.0,True
2_39_138_29_2019-05-23 03:04:33.892425,31,53.716854166666664,0.0,0.0,0.0,False
2_39_138_29_2019-05-23 16:18:45.048941,40,64.79482916666666,0.0,0.0,0.0,False
2_39_138_29_2019-05-29 00:37:35.949290,82,531.6625268748409,0.0,0.0,0.0,False
2_39_138_29_2019-05-31 15:27:37.231926,191,957.2598982142856,1.0,1.5237429942810454,44.0,True
2_39_138_29_2019-06-02 16:03:25.709353,32,49.3600875,0.0,0.0,0.0,False
2_39_138_29_2019-06-03 15:52:59.429226,94,302.1607769607843,2.0,0.5386381004901961,6.0,True
2_39_138_29_2019-06-03 20:06:42.443279,30,88.08534999999999,2.0,0.5069770138888889,5.0,True
2_39_138_29_2019-06-04 19:44:14.957584,62,400.82466704545453,0.0,0.0,0.0,False
2_39_138_29_2019-06-05 03:31:01.731976,72,439.6021131069094,0.0,0.0,0.0,False
2_39_138_29_2019-06-05 15:45:30.899534,83,265.53519922969184,1.0,0.24528868055555558,6.0,True
2_39_138_29_2019-06-05 20:25:51.405735,18,50.30174716117216,1.0,0.27801763888888886,6.0,True
2_39_138_29_2019-06-10 22:31:34.391120,44,108.62254957983193,2.0,0.8219183619281047,15.0,True
2_39_138_29_2019-06-13 15:36:42.308017,136,663.1999285364145,2.0,1.2234550122549022,34.0,True
2_39_138_29_2019-06-14 15:37:54.056531,104,424.66333452442376,2.0,1.3471225040849673,32.0,True
2_39_138_29_2019-06-15 16:35:34.199984,278,962.3511291666666,6.0,4.046935277777777,46.0,True
2_39_138_29_2019-06-19 00:37:56.068395,79,523.3574446078431,0.0,0.0,0.0,False
2_39_138_29_2019-06-21 16:33:46.436371,107,349.62272916666666,5.0,1.2959126388888889,15.0,True
2_39_138_29_2019-06-25 23:55:41.360753,47,153.12372916666666,0.0,0.0,0.0,False
2_39_138_29_2019-06-26 02:30:41.344833,31,53.119279166666665,0.0,0.0,0.0,False
2_39_138_29_2019-06-26 03:26:58.639518,31,54.33343235294117,0.0,0.0,0.0,False
2_39_138_29_2019-06-26 16:06:41.563995,90,266.07593562271063,1.0,0.4738910416666667,15.0,True
2_39_138_29_2019-06-27 15:33:43.110331,75,213.45015059523809,2.0,0.7545404861111111,15.0,True
2_39_138_29_2019-06-28 04:24:07.878017,107,358.1411909798535,2.0,1.1032136805555557,45.0,True
2_39_138_29_2019-06-30 20:51:53.735535,30,52.732166666666664,0.0,0.0,0.0,False
2_39_138_29_2019-07-01 13:39:20.255915,22,127.73796028138528,0.0,0.0,0.0,False
2_39_138_29_2019-07-01 16:09:28.799947,67,218.38323333333332,2.0,0.7996051388888886,22.0,True
2_39_138_29_2019-07-02 16:06:23.881211,48,124.57610042465704,2.0,0.9520169129318394,15.0,True
2_39_138_29_2019-07-03 00:16:57.122921,55,147.89668127289377,1.0,0.5368334310134311,16.0,True
2_39_138_29_2019-07-03 22:03:43.672966,63,173.40921375511743,2.0,0.9496205555555555,15.0,True
2_39_138_29_2019-07-04 01:29:32.421575,119,689.9540532450071,1.0,0.4473081946389667,10.0,True
2_39_138_29_2019-07-08 13:19:21.594975,49,311.4673972222222,0.0,0.0,0.0,False
2_39_138_29_2019-07-09 00:33:25.229543,205,716.3503827380952,1.0,0.35670047794117643,17.0,True
2_39_138_29_2019-07-09 15:28:53.019202,57,154.1503286764706,2.0,0.7385216666666666,16.0,True
2_39_138_29_2019-07-11 01:16:11.480789,57,366.34137655138977,0.0,0.0,0.0,False
2_39_138_29_2019-07-12 15:38:25.893046,41,134.38162499999999,1.0,0.3179723611111111,14.0,True
2_39_138_29_2019-07-12 19:02:45.552615,162,933.3408612745097,0.0,0.0,0.0,False
2_39_138_29_2019-07-13 15:13:53.138157,92,285.5933416666667,1.0,0.4634422916666667,17.0,True
2_39_138_29_2019-07-14 20:10:09.742456,31,53.84204166666667,0.0,0.0,0.0,False
2_39_138_29_2019-07-15 15:53:53.671232,185,945.9610548777202,1.0,1.2682281740196077,37.0,True
2_39_138_29_2019-07-16 16:25:06.145323,31,51.95150892857143,0.0,0.0,0.0,False
2_39_138_29_2019-07-17 19:28:29.088183,34,43.533432352941176,1.0,0.25855515522875816,26.0,True
2_39_138_29_2019-07-18 01:32:01.342742,65,291.95427207792204,1.0,0.17815472222222223,6.0,True
2_39_138_29_2019-07-18 15:53:23.876172,162,831.9475392347032,1.0,0.20982156454248366,13.0,True
2_39_138_29_2019-07-20 00:25:49.913970,37,119.06744166666665,1.0,0.22238270833333332,11.0,True
2_39_138_29_2019-07-21 22:38:23.738628,74,244.31199999999998,0.0,0.0,0.0,False
2_39_138_29_2019-07-22 14:54:07.371419,48,172.03054166666666,1.0,0.776390625,16.0,True
2_39_138_29_2019-07-25 02:59:53.744781,82,312.8893166666667,0.0,0.0,0.0,False
2_39_138_29_2019-07-27 18:21:07.530443,78,148.08267756410257,1.0,0.41170263888888886,14.0,True
2_39_138_29_2019-07-28 21:42:50.330324,18,31.20209734848485,0.0,0.0,0.0,False
2_39_138_29_2019-07-31 02:08:03.995197,70,143.29829415584416,1.0,0.38802847222222225,5.0,True
2_39_138_29_2019-07-31 16:13:21.242115,106,265.3002830882353,1.0,0.5130100694444445,15.0,True
2_39_138_29_2019-08-02 17:04:28.334258,55,331.37287900326794,1.0,0.57461,7.0,True
2_39_138_29_2019-08-03 22:16:35.510968,79,148.3350875,1.0,0.3122739583333333,9.0,True
2_39_138_29_2019-08-05 15:48:26.677064,89,496.8780178571428,0.0,0.0,0.0,False
2_39_138_29_2019-08-07 00:17:43.879198,79,265.136523328877,1.0,0.24476722222222225,5.0,True
2_39_138_29_2019-08-07 01:53:37.235640,101,670.7503883241758,0.0,0.0,0.0,False
2_39_138_29_2019-08-07 16:22:16.694565,96,285.0558852941176,1.0,0.5498540972222223,15.0,True
2_39_138_29_2019-08-08 15:40:52.731808,88,258.776693627451,2.0,0.8657151062091504,15.0,True
2_39_138_29_2019-08-09 02:38:14.305887,45,147.947935271836,0.0,0.0,0.0,False
2_39_138_29_2019-08-09 15:42:30.362319,108,484.50074078005326,1.0,0.6919548611111109,25.0,True
2_39_138_29_2019-08-10 00:04:25.545280,268,925.033591678338,6.0,1.3765927480158728,16.0,True
2_39_138_29_2019-08-12 15:37:16.573216,116,504.0556819677871,2.0,1.3218150653594773,31.0,True
2_39_138_29_2019-08-14 19:30:46.862666,59,186.76508014705882,1.0,0.9983935416666667,23.0,True
2_39_138_29_2019-08-14 23:29:23.520628,234,813.6896158882784,4.0,2.834584255952381,46.0,True
2_39_138_29_2019-08-16 15:02:34.199764,108,510.31220833333333,1.0,1.1506570833333334,29.0,True
2_39_138_29_2019-08-19 15:39:06.615609,99,413.46643461538457,2.0,1.341230486111111,32.0,True
2_39_138_29_2019-08-20 15:08:38.761553,71,356.91766326243413,0.0,0.0,0.0,False
2_39_138_29_2019-08-22 01:09:33.267295,65,115.43301729691876,4.0,2.1031139379084967,29.0,True
2_39_138_29_2019-08-22 15:26:23.943607,141,656.1669093433527,2.0,1.2694923325163399,33.0,True
2_39_138_29_2019-08-23 01:50:52.851243,46,235.88131348039215,1.0,0.8612938071895425,17.0,True
2_39_138_29_2019-08-23 15:27:35.451335,100,432.1350926470588,1.0,1.2063497222222221,30.0,True
2_39_138_566_2018-11-05 18:35:52.045840,107,335.5244730957768,2.0,0.7412840114379085,10.0,True
2_39_138_566_2018-11-09 21:00:12.528193,192,1261.2935215680131,0.0,0.0,0.0,False
2_39_138_566_2018-11-12 17:06:22.986529,28,46.87981796218487,0.0,0.0,0.0,False
2_39_138_566_2018-11-13 06:52:57.304993,32,50.50005982726424,0.0,0.0,0.0,False
2_39_138_566_2018-11-19 17:02:36.058472,47,69.8359552514751,0.0,0.0,0.0,False
2_39_138_566_2018-11-26 17:33:17.673221,117,309.3351791903358,5.0,2.3407064942900235,15.0,True
2_39_138_566_2018-11-27 17:23:42.678909,117,289.97651968489026,4.0,2.0918691748366016,19.0,True
2_39_138_566_2018-11-28 17:27:35.478346,82,231.94065463800905,1.0,1.58922933959695,52.0,True
2_39_138_566_2018-12-06 16:35:00.142211,133,446.5827308645388,2.0,1.8991227600762528,66.0,True
2_39_138_566_2018-12-14 16:29:19.155009,145,474.82020602001774,2.0,1.6846609961782428,59.0,True
2_39_138_566_2018-12-30 01:53:42.145484,316,1981.2435360894995,0.0,0.0,0.0,False
2_39_138_566_2019-01-01 17:41:44.784919,32,54.16832369101486,0.0,0.0,0.0,False
2_39_138_566_2019-01-01 18:39:24.566872,31,53.753435256410256,0.0,0.0,0.0,False
2_39_138_566_2019-01-01 19:18:52.843645,31,52.64738267973856,0.0,0.0,0.0,False
2_39_138_566_2019-01-03 17:18:36.077712,103,244.9792166751377,2.0,1.9390352023274142,70.0,True
2_39_138_566_2019-01-10 17:07:24.871156,46,90.16337802287582,1.0,1.1309125449346404,28.0,True
2_39_138_566_2019-01-11 04:12:39.523783,101,551.1704482311376,0.0,0.0,0.0,False
2_39_138_566_2019-01-13 18:57:56.615369,301,1758.8827813588289,0.0,0.0,0.0,False
2_39_138_566_2019-02-08 17:23:20.471416,99,283.93144522446505,1.0,0.5993154235796883,17.0,True
2_39_138_566_2019-02-20 16:51:45.152432,135,424.7310986205822,3.0,2.18326988705554,73.0,True
2_39_138_566_2019-03-12 16:47:30.945414,109,641.4879086996336,1.0,0.39252704248366016,9.0,True
2_39_138_566_2019-04-10 00:22:01.891272,68,135.8363782212885,1.0,0.2637597916666667,9.0,True
2_39_138_566_2019-04-24 17:02:38.813734,31,52.549254166666664,0.0,0.0,0.0,False
2_39_138_566_2019-04-30 22:04:16.358463,44,112.52557916666666,2.0,0.8245261111111111,15.0,True
2_39_138_566_2019-05-22 16:15:17.229400,31,45.07047462121212,1.0,0.14938958333333333,7.0,True
2_39_138_566_2019-06-13 16:33:19.617752,21,34.873916666666666,0.0,0.0,0.0,False
2_39_138_566_2019-08-01 16:28:09.540521,31,51.46470769230769,0.0,0.0,0.0,False
2_39_139_28_2018-11-01 01:10:19.357647,33,111.16115227272726,0.0,0.0,0.0,False
2_39_139_28_2018-11-01 02:11:16.444267,72,143.47043886660725,0.0,0.0,0.0,False
2_39_139_28_2018-11-01 15:30:10.982065,73,374.2343257352941,0.0,0.0,0.0,False
2_39_139_28_2018-11-02 03:25:25.209641,32,55.6643464869281,0.0,0.0,0.0,False
2_39_139_28_2018-11-02 14:57:47.665781,100,316.8603148348813,0.0,0.0,0.0,False
2_39_139_28_2018-11-03 03:03:32.314223,32,59.61320667600373,0.0,0.0,0.0,False
2_39_139_28_2018-11-03 14:38:00.970152,66,131.96884362745098,1.0,0.3103006903594771,10.0,True
2_39_139_28_2018-11-03 21:35:51.741173,125,817.6889249999999,1.0,0.6231238194444444,7.0,True
2_39_139_28_2018-11-04 04:33:18.910858,20,127.10754999999999,0.0,0.0,0.0,False
2_39_139_28_2018-11-04 19:13:12.041488,33,59.36761042410891,0.0,0.0,0.0,False
2_39_139_28_2018-11-05 01:43:35.468967,31,50.972712745098036,0.0,0.0,0.0,False
2_39_139_28_2018-11-05 02:52:52.771787,33,58.602239215686275,0.0,0.0,0.0,False
2_39_139_28_2018-11-05 16:18:25.348666,291,822.0671605343014,0.0,0.0,0.0,False
2_39_139_28_2018-11-06 01:57:49.878071,32,58.131145833333335,0.0,0.0,0.0,False
2_39_139_28_2018-11-06 05:38:38.769030,262,1701.7232469537814,1.0,0.8286904942810457,21.0,True
2_39_139_28_2018-11-06 17:09:03.209593,98,299.4954559757236,1.0,0.18325587962962964,8.0,True
2_39_139_28_2018-11-07 04:48:19.961018,29,45.01552945632798,0.0,0.0,0.0,False
2_39_139_28_2018-11-07 15:59:37.215284,130,770.4875782077743,1.0,0.41298347222222226,5.0,True
2_39_139_28_2018-11-08 03:54:51.242659,32,53.09912647058823,0.0,0.0,0.0,False
2_39_139_28_2018-11-08 08:47:50.646936,435,2894.2646471073517,1.0,0.8799674537037037,19.0,True
2_39_139_28_2018-11-09 15:42:39.575750,99,315.0247283496732,1.0,0.36167971405228755,8.0,True
2_39_139_28_2018-11-10 04:16:22.972655,32,53.92092120681606,0.0,0.0,0.0,False
2_39_139_28_2018-11-10 05:48:00.138520,20,34.16594403594771,0.0,0.0,0.0,False
2_39_139_28_2018-11-10 17:37:19.498329,42,105.05570265151515,1.0,0.5222409722222222,16.0,True
2_39_139_28_2018-11-11 20:55:32.107693,31,53.371994117647056,0.0,0.0,0.0,False
2_39_139_28_2018-11-12 02:58:45.400085,203,642.3484252180697,1.0,0.3055508564814815,10.0,True
2_39_139_28_2018-11-13 14:28:28.262479,57,348.42458614182516,0.0,0.0,0.0,False
2_39_139_28_2018-11-13 20:30:29.033054,40,101.7767242862057,2.0,0.9689865611025112,20.0,True
2_39_139_28_2018-11-14 01:21:53.757500,53,142.7256408939438,0.0,0.0,0.0,False
2_39_139_28_2018-11-14 02:31:03.647313,162,830.0744549541746,3.0,1.2160306154684097,19.0,True
2_39_139_28_2018-11-14 15:25:12.186881,101,317.40480232439126,1.0,0.37269826388888894,10.0,True
2_39_139_28_2018-11-15 03:10:07.551130,31,48.469592873303164,0.0,0.0,0.0,False
2_39_139_28_2018-11-15 15:46:25.159344,103,322.14393668235357,1.0,0.4919188095238096,10.0,True
2_39_139_28_2018-11-16 04:10:50.141096,90,587.500330405671,0.0,0.0,0.0,False
2_39_139_28_2018-11-16 14:32:50.514261,189,595.5621885233918,1.0,0.30223753909897283,5.0,True
2_39_139_28_2018-11-17 17:58:16.819147,104,713.3773064195651,0.0,0.0,0.0,False
2_39_139_28_2018-11-17 23:09:48.475902,82,536.4958198787409,0.0,0.0,0.0,False
2_39_139_28_2018-11-18 06:01:39.025850,88,308.4859464862666,0.0,0.0,0.0,False
2_39_139_28_2018-11-18 15:00:51.958384,72,140.80060462289035,2.0,0.6478654721055088,13.0,True
2_39_139_28_2018-11-18 17:23:34.904796,31,50.15400436016512,0.0,0.0,0.0,False
2_39_139_28_2018-11-18 20:59:35.702112,29,48.42885219421101,0.0,0.0,0.0,False
2_39_139_28_2018-11-19 15:31:39.236292,99,312.5423977591036,1.0,0.31914063316993463,8.0,True
2_39_139_28_2018-11-20 02:24:45.611333,104,698.745581231432,0.0,0.0,0.0,False
2_39_139_28_2018-11-20 15:42:44.939969,280,1655.4833548689785,0.0,0.0,0.0,False
2_39_139_28_2018-11-21 16:31:39.928391,109,413.26994577497663,2.0,2.6972528826252717,46.0,True
2_39_139_28_2018-11-22 03:47:17.597332,153,971.0509934990663,1.0,1.4512065277777777,19.0,True
2_39_139_28_2018-11-22 15:17:22.419203,72,139.68991168300653,2.0,6.269034874727668,36.0,True
2_39_139_28_2018-11-22 17:47:07.273890,211,688.9716661727849,3.0,12.528544882764509,90.0,True
2_39_139_28_2018-11-24 00:50:59.463214,30,56.17204219187675,0.0,0.0,0.0,False
2_39_139_28_2018-11-24 15:53:56.046485,29,54.47918426973353,0.0,0.0,0.0,False
2_39_139_28_2018-11-24 16:22:49.666506,252,852.5550067822743,4.0,14.986917971255753,80.0,True
2_39_139_28_2018-11-25 03:36:48.994866,107,368.21752043112116,3.0,4.166063567433383,47.0,True
2_39_139_28_2018-11-25 21:46:52.831624,32,57.66539299719888,0.0,0.0,0.0,False
2_39_139_28_2018-11-26 00:06:02.650198,105,337.80957691409895,2.0,6.62100557500778,64.0,True
2_39_139_28_2018-11-26 05:18:04.981776,55,307.8838728973641,0.0,0.0,0.0,False
2_39_139_28_2018-11-26 06:22:23.014132,92,325.4068655228758,2.0,1.1796321160130718,14.0,True
2_39_139_28_2018-11-26 16:20:12.128936,410,2469.5891061636653,0.0,0.0,0.0,False
2_39_139_28_2018-11-27 02:55:21.529233,26,44.339500931013426,0.0,0.0,0.0,False
2_39_139_28_2018-11-27 16:28:30.675824,139,326.8614077145077,0.0,0.0,0.0,False
2_39_139_28_2018-11-28 02:52:04.018958,73,153.86570084033613,2.0,1.6181951619622208,35.0,True
2_39_139_28_2018-11-28 05:48:49.739171,47,296.7502957613465,0.0,0.0,0.0,False
2_39_139_28_2018-11-28 16:35:55.622452,172,788.2144907024348,2.0,1.6078604073295988,48.0,True
2_39_139_28_2018-11-29 03:44:27.895297,482,3162.902215080426,1.0,0.7800828472222222,21.0,True
2_39_139_28_2018-11-29 16:55:57.166473,131,359.33222761462395,3.0,0.33902799836601305,5.0,True
2_39_139_28_2018-11-30 07:12:39.414534,49,309.5200356891002,0.0,0.0,0.0,False
2_39_139_28_2018-11-30 15:39:26.452580,148,922.6775168067227,1.0,0.925590148809524,20.0,True
2_39_139_28_2018-12-01 08:02:52.300427,24,43.5398710550887,0.0,0.0,0.0,False
2_39_139_28_2018-12-01 15:52:44.657421,108,369.52685739423976,2.0,1.5253345890642585,46.0,True
2_39_139_28_2018-12-01 18:03:02.848737,104,711.7729393236665,0.0,0.0,0.0,False
2_39_139_28_2018-12-01 21:47:16.381204,192,679.1058663534994,0.0,0.0,0.0,False
2_39_139_28_2018-12-02 07:02:15.204917,31,56.813862233354875,0.0,0.0,0.0,False
2_39_139_28_2018-12-02 23:42:55.211227,71,239.83504101307187,1.0,0.2624236805555556,8.0,True
2_39_139_28_2018-12-04 01:58:39.941588,119,302.0175693735186,2.0,0.8768581699346407,17.0,True
2_39_139_28_2018-12-04 16:47:21.015606,201,940.182763345203,3.0,1.0719452952317292,18.0,True
2_39_139_28_2018-12-05 01:45:03.771451,48,156.83141000417712,0.0,0.0,0.0,False
2_39_139_28_2018-12-05 05:35:47.473022,226,716.1457725437231,1.0,0.29792661243984775,10.0,True
2_39_139_28_2018-12-06 00:40:21.215361,84,284.65152986694676,0.0,0.0,0.0,False
2_39_139_28_2018-12-06 02:46:58.856325,150,522.102026804001,3.0,2.057267332331268,15.0,True
2_39_139_28_2018-12-07 02:38:29.901680,76,245.1321479826546,0.0,0.0,0.0,False
2_39_139_28_2018-12-07 04:35:43.981294,53,355.8466772058823,0.0,0.0,0.0,False
2_39_139_28_2018-12-07 16:12:18.636569,33,54.65588137254902,0.0,0.0,0.0,False
2_39_139_28_2018-12-08 16:03:04.642191,8,7.6677625,0.0,0.0,0.0,False
2_39_139_28_2018-12-08 19:54:29.433135,21,139.2215390099022,0.0,0.0,0.0,False
2_39_139_28_2018-12-08 20:34:13.320531,268,935.0232819255907,2.0,0.42265347222222227,10.0,True
2_39_139_28_2018-12-10 00:58:53.411648,226,755.7702473584981,1.0,0.10341243113912232,5.0,True
2_39_139_28_2018-12-11 01:51:58.318334,67,218.992737031351,0.0,0.0,0.0,False
2_39_139_28_2018-12-11 03:32:41.885293,270,947.2653644957167,2.0,0.5587482843137255,12.0,True
2_39_139_28_2018-12-11 15:06:07.441987,31,56.365412745098034,0.0,0.0,0.0,False
2_39_139_28_2018-12-12 02:49:40.080872,100,294.1329781279178,3.0,1.5132523177326487,30.0,True
2_39_139_28_2018-12-12 06:01:58.470880,445,2918.502189136444,1.0,0.8591723488562092,23.0,True
2_39_139_28_2018-12-13 16:25:02.788014,217,814.2655894945766,2.0,0.8350786318700794,27.0,True
2_39_139_28_2018-12-14 03:07:50.149958,123,746.7211059256103,1.0,0.5007726388888889,7.0,True
2_39_139_28_2018-12-15 03:33:14.700890,245,830.1907203857073,1.0,0.3380594170168067,10.0,True
2_39_139_28_2018-12-15 18:16:35.783118,61,248.4715952921047,3.0,1.262288350799384,11.0,True
2_39_139_28_2018-12-15 21:58:55.816445,218,719.0180556245139,2.0,0.3850653657167995,7.0,True
2_39_139_28_2018-12-16 07:33:17.148633,464,2888.3180879756937,1.0,0.6384319362745097,13.0,True
2_39_139_28_2018-12-16 23:31:36.026608,294,971.6588185716416,3.0,0.5477834027777777,9.0,True
2_39_139_28_2018-12-17 05:27:25.741507,392,2361.52182433067,1.0,1.0763668802521007,16.0,True
2_39_139_28_2018-12-18 00:40:14.702123,54,168.18651838292425,1.0,0.2600397023809524,5.0,True
2_39_139_28_2018-12-18 03:55:03.642049,285,957.2059784224597,2.0,0.5903965168845315,14.0,True
2_39_139_28_2018-12-18 16:37:24.502266,121,298.73864286426937,3.0,0.8284165434017737,12.0,True
2_39_139_28_2018-12-18 20:57:06.834932,35,90.15522262761318,2.0,0.24538594233746133,6.0,True
2_39_139_28_2018-12-19 04:21:10.880739,271,944.5925193366531,1.0,0.24302184731934734,12.0,True
2_39_139_28_2018-12-19 16:23:59.737413,175,744.8551432820275,2.0,1.177881061784363,27.0,True
2_39_139_28_2018-12-20 04:36:18.436507,472,3049.2948808168567,1.0,0.7321139036576169,16.0,True
2_39_139_28_2018-12-20 20:35:59.655354,126,393.4641743926524,1.0,0.34116569799073476,8.0,True
2_39_139_28_2018-12-21 01:56:54.733469,196,657.6900745650591,3.0,0.7288287149859944,13.0,True
2_39_139_28_2018-12-21 14:40:55.946229,111,348.419099508498,0.0,0.0,0.0,False
2_39_139_28_2018-12-21 16:34:58.370359,141,387.1512556957748,3.0,0.5954791920144127,8.0,True
2_39_139_28_2018-12-21 22:56:36.697897,40,265.34451952165483,0.0,0.0,0.0,False
2_39_139_28_2018-12-22 05:04:23.851811,289,961.7494209924234,1.0,0.5265982104700855,14.0,True
2_39_139_28_2018-12-22 20:53:18.736571,105,334.51525727241454,0.0,0.0,0.0,False
2_39_139_28_2018-12-23 03:45:58.919194,328,2051.5238230123205,1.0,0.8203209027777779,21.0,True
2_39_139_28_2018-12-23 22:32:44.325148,118,382.3602439587459,1.0,0.2166363034188034,6.0,True
2_39_139_28_2018-12-25 08:12:12.226580,472,3058.629439067365,1.0,1.1244689338235294,21.0,True
2_39_139_28_2018-12-26 23:12:26.143193,68,218.6854866161616,0.0,0.0,0.0,False
2_39_139_28_2018-12-27 01:10:47.204827,111,727.1883864870982,0.0,0.0,0.0,False
2_39_139_28_2018-12-28 01:03:07.105110,273,933.3358419776345,1.0,0.1697831220522397,7.0,True
2_39_139_28_2018-12-28 17:21:02.729222,202,1351.7371154996963,0.0,0.0,0.0,False
2_39_139_28_2018-12-28 21:00:35.585504,253,1657.5706387713549,0.0,0.0,0.0,False
2_39_139_28_2018-12-29 18:25:15.397035,112,758.4918084697981,0.0,0.0,0.0,False
2_39_139_28_2018-12-30 17:38:28.948442,90,264.32522211791473,2.0,0.7865075867188368,18.0,True
2_39_139_28_2018-12-30 22:45:23.550322,233,682.8344974468387,2.0,0.5475436328976035,13.0,True
2_39_139_28_2018-12-31 21:12:43.356566,97,504.85710904694287,0.0,0.0,0.0,False
2_39_139_28_2018-12-31 23:17:09.888037,40,241.1398057054873,0.0,0.0,0.0,False
2_39_139_28_2019-01-01 21:08:49.264929,69,177.10324980002795,2.0,0.5282887583809952,16.0,True
2_39_139_28_2019-01-02 16:38:59.827073,78,204.21826491984967,2.0,0.41833104829696166,12.0,True
2_39_139_28_2019-01-03 01:48:11.787225,64,200.7479772662322,0.0,0.0,0.0,False
2_39_139_28_2019-01-04 21:01:36.812785,31,52.79528846872082,0.0,0.0,0.0,False
2_39_139_28_2019-01-05 08:05:17.464457,39,191.20210005041827,1.0,0.38956756399782133,6.0,True
2_39_139_28_2019-01-05 15:51:36.017459,104,473.735319669531,2.0,1.1444513049613787,21.0,True
2_39_139_28_2019-01-05 18:54:42.549920,74,332.1785354724352,1.0,1.3671323251347323,29.0,True
2_39_139_28_2019-01-05 20:35:47.242130,53,319.5231320848269,0.0,0.0,0.0,False
2_39_139_28_2019-01-06 01:17:44.814975,33,175.2212462310565,0.0,0.0,0.0,False
2_39_139_28_2019-01-06 02:26:38.381315,106,356.85169275748757,0.0,0.0,0.0,False
2_39_139_28_2019-01-06 17:56:46.089550,126,750.272867157916,0.0,0.0,0.0,False
2_39_139_28_2019-01-06 20:11:28.392115,26,161.3472298992674,0.0,0.0,0.0,False
2_39_139_28_2019-01-06 20:41:25.648191,79,244.01408287692698,1.0,0.1313261408730159,5.0,True
2_39_139_28_2019-01-06 22:04:02.916180,51,226.7932583333333,1.0,0.5443216666666667,13.0,True
2_39_139_28_2019-01-07 00:40:13.710715,536,3422.319363266111,0.0,0.0,0.0,False
2_39_139_28_2019-01-07 16:14:29.925446,75,400.85614568127517,0.0,0.0,0.0,False
2_39_139_28_2019-01-08 01:23:26.254818,34,53.99969343442505,0.0,0.0,0.0,False
2_39_139_28_2019-01-08 02:47:53.787887,59,245.16202453224878,1.0,0.9862164677302544,27.0,True
2_39_139_28_2019-01-08 16:02:12.121184,36,170.33029668982977,0.0,0.0,0.0,False
2_39_139_28_2019-01-09 02:04:24.128525,282,949.1162889458494,1.0,0.22655059577677228,9.0,True
2_39_139_28_2019-01-10 01:23:12.673463,35,55.73286387183078,0.0,0.0,0.0,False
2_39_139_28_2019-01-11 03:41:25.305424,33,54.50027800132874,0.0,0.0,0.0,False
2_39_139_28_2019-01-11 16:26:55.453734,193,793.9057730643925,4.0,1.5663506764028456,40.0,True
2_39_139_28_2019-01-12 02:27:33.011050,55,324.7424547161172,0.0,0.0,0.0,False
2_39_139_28_2019-01-12 18:11:28.197734,42,62.68584595486213,0.0,0.0,0.0,False
2_39_139_28_2019-01-13 22:08:45.861989,48,142.33883528748692,1.0,0.5120272993239132,12.0,True
2_39_139_28_2019-01-15 00:32:53.987870,35,55.26975459491003,0.0,0.0,0.0,False
2_39_139_28_2019-01-15 02:25:24.457118,76,248.09576811929898,0.0,0.0,0.0,False
2_39_139_28_2019-01-16 02:13:30.400924,267,925.6053287901125,1.0,0.14084756944444446,5.0,True
2_39_139_28_2019-01-16 16:38:48.965619,126,317.5937543247602,4.0,0.575493154956427,8.0,True
2_39_139_28_2019-01-16 20:51:52.033324,24,57.66825975695271,2.0,0.4029589236359187,8.0,True
2_39_139_28_2019-01-17 01:32:54.152062,133,868.617650687522,0.0,0.0,0.0,False
2_39_139_28_2019-01-17 16:23:53.444198,48,118.16978868501639,1.0,0.5243840860283507,18.0,True
2_39_139_28_2019-01-18 02:12:25.916460,78,258.02010980392157,0.0,0.0,0.0,False
2_39_139_28_2019-01-18 04:18:27.902530,81,544.4082566643324,0.0,0.0,0.0,False
2_39_139_28_2019-01-18 16:07:19.656102,75,303.8167041666666,3.0,1.0869184722222223,18.0,True
2_39_139_28_2019-01-18 21:39:51.074717,108,625.2166749992654,1.0,0.3083962295751634,6.0,True
2_39_139_28_2019-01-19 01:56:19.430781,73,495.3879694741533,0.0,0.0,0.0,False
2_39_139_28_2019-01-19 04:01:46.398406,430,2872.0815571895423,1.0,0.7912366666666666,20.0,True
2_39_139_28_2019-01-19 19:18:34.653641,92,310.3687004901961,1.0,0.2765550093370682,5.0,True
2_39_139_28_2019-01-19 21:51:39.787515,68,237.83315216817496,0.0,0.0,0.0,False
2_39_139_28_2019-01-20 00:35:47.653314,66,212.6222519607843,0.0,0.0,0.0,False
2_39_139_28_2019-01-20 15:16:56.067646,126,445.8749185457516,0.0,0.0,0.0,False
2_39_139_28_2019-01-20 17:45:25.662269,121,780.6947902777778,1.0,0.4341388888888889,8.0,True
2_39_139_28_2019-01-20 21:38:31.033384,85,504.9206720588235,0.0,0.0,0.0,False
2_39_139_28_2019-01-21 15:55:40.335157,220,1446.8830398809523,1.0,0.7661213888888888,17.0,True
2_39_139_28_2019-01-21 21:05:12.701642,18,52.47306617647058,0.0,0.0,0.0,False
2_39_139_28_2019-01-22 00:58:57.375170,269,933.3309577380952,2.0,0.5538709027777777,12.0,True
2_39_139_28_2019-01-23 03:09:22.776423,31,53.969677287581696,0.0,0.0,0.0,False
2_39_139_28_2019-01-23 04:27:12.611258,82,482.44348422895473,1.0,0.533553125,8.0,True
2_39_139_28_2019-01-23 15:58:08.439050,116,353.17419656862745,2.0,0.7799421527777778,17.0,True
2_39_139_28_2019-01-24 05:08:11.016363,485,3243.0993488359377,1.0,0.7720265972222223,22.0,True
2_39_139_28_2019-01-24 16:48:26.647486,107,335.96484964985996,1.0,0.3419466666666666,11.0,True
2_39_139_28_2019-01-24 20:49:32.606958,21,57.461559978991595,1.0,0.27644260212418303,7.0,True
2_39_139_28_2019-01-25 03:22:45.424465,30,52.31758333333333,0.0,0.0,0.0,False
2_39_139_28_2019-01-25 04:47:56.521326,61,413.9515556372549,0.0,0.0,0.0,False
2_39_139_28_2019-01-25 16:34:34.199691,97,290.16906470588236,2.0,0.49386479166666664,13.0,True
2_39_139_28_2019-01-25 21:21:20.026670,32,57.41917467948718,0.0,0.0,0.0,False
2_39_139_28_2019-01-25 23:07:58.783386,36,214.75478928571428,0.0,0.0,0.0,False
2_39_139_28_2019-01-26 15:52:27.510158,61,372.1443194444444,0.0,0.0,0.0,False
2_39_139_28_2019-01-26 18:11:53.589656,106,642.7782434523809,1.0,0.7684123611111111,18.0,True
2_39_139_28_2019-01-26 21:49:42.369164,30,100.05035833333332,1.0,0.26900520833333336,5.0,True
2_39_139_28_2019-01-26 22:38:48.402754,208,716.2053860644257,0.0,0.0,0.0,False
2_39_139_28_2019-01-27 06:27:38.339673,486,3236.833910388386,2.0,0.8243447916666666,12.0,True
2_39_139_28_2019-01-27 22:22:26.631110,31,57.17975,0.0,0.0,0.0,False
2_39_139_28_2019-01-29 16:30:35.146131,140,614.6991730175655,2.0,1.5522049824252688,42.0,True
2_39_139_28_2019-01-30 01:34:51.452363,286,953.8154042984878,2.0,0.5825368055555555,16.0,True
2_39_139_28_2019-01-30 16:41:04.913882,89,278.3210547035481,1.0,0.32091437500000003,9.0,True
2_39_139_28_2019-01-31 02:21:36.701544,86,278.55121075786957,1.0,0.16205881944444442,7.0,True
2_39_139_28_2019-01-31 14:59:55.822373,207,1321.8171241264454,1.0,0.8852472321428572,17.0,True
2_39_139_28_2019-02-01 02:46:37.387497,255,895.8615163061611,3.0,0.5540008899393091,8.0,True
2_39_139_28_2019-02-01 16:11:10.760579,94,295.72748194444443,1.0,0.14803680555555557,5.0,True
2_39_139_28_2019-02-01 20:33:49.672736,157,990.113893040293,0.0,0.0,0.0,False
2_39_139_28_2019-02-02 05:11:26.132321,65,227.73176441303792,0.0,0.0,0.0,False
2_39_139_28_2019-02-02 16:54:50.615184,117,723.2268967436975,0.0,0.0,0.0,False
2_39_139_28_2019-02-02 22:25:39.614625,15,24.114036363636362,0.0,0.0,0.0,False
2_39_139_28_2019-02-03 22:37:08.368812,39,258.1623375,0.0,0.0,0.0,False
2_39_139_28_2019-02-05 01:48:50.416444,24,62.46749583333333,1.0,0.3870106250000001,12.0,True
2_39_139_28_2019-02-05 15:58:46.568085,482,1607.5493183913309,0.0,0.0,0.0,False
2_39_139_28_2019-02-06 04:19:05.943135,37,240.07157652714932,0.0,0.0,0.0,False
2_39_139_28_2019-02-06 16:31:28.530948,142,522.4190694228973,3.0,1.9235691723676651,42.0,True
2_39_139_28_2019-02-07 02:26:54.407342,71,235.86211326075883,1.0,0.12537169000933704,6.0,True
2_39_139_28_2019-02-07 16:50:22.600519,107,326.6103042268189,6.0,1.6362864983749914,25.0,True
2_39_139_28_2019-02-08 04:10:51.711118,126,779.7690076635782,1.0,0.5782293948412698,7.0,True
2_39_139_28_2019-02-08 16:30:11.632816,187,826.9359936477738,2.0,1.9129665913865546,59.0,True
2_39_139_28_2019-02-09 01:36:38.160240,278,940.6715232923939,5.0,1.409974722222222,9.0,True
2_39_139_28_2019-02-10 16:51:42.340453,31,56.30887083333333,0.0,0.0,0.0,False
2_39_139_28_2019-02-11 02:58:22.440225,480,3149.025862203891,1.0,0.9120383028083027,24.0,True
2_39_139_28_2019-02-11 16:44:48.092600,91,276.45915890702435,1.0,0.21869178724053737,12.0,True
2_39_139_28_2019-02-12 16:22:44.480312,180,775.8330720150764,3.0,1.7949944555322128,52.0,True
2_39_139_28_2019-02-13 15:23:23.626186,225,1388.0651728066866,0.0,0.0,0.0,False
2_39_139_28_2019-02-14 02:22:28.620828,88,289.6292172699849,0.0,0.0,0.0,False
2_39_139_28_2019-02-14 16:28:20.381512,111,394.3295809799677,1.0,1.3024018736383445,43.0,True
2_39_139_28_2019-02-15 01:59:20.467920,269,934.7181300038196,2.0,0.4989149702380952,13.0,True
2_39_139_28_2019-02-15 16:25:22.094719,108,400.34222571513453,4.0,1.4799030985599368,31.0,True
2_39_139_28_2019-02-16 15:49:37.708662,61,370.60592678571425,0.0,0.0,0.0,False
2_39_139_28_2019-02-24 22:50:10.504183,28,40.77837211538461,0.0,0.0,0.0,False
2_39_139_28_2019-02-25 16:44:08.527401,95,293.12207491111826,3.0,1.0189981845238096,12.0,True
2_39_139_28_2019-02-26 02:34:07.493094,63,206.63442521008403,1.0,0.4369108374183006,6.0,True
2_39_139_28_2019-02-26 16:34:51.924172,93,286.71330036507607,1.0,0.16574143790849677,5.0,True
2_39_139_28_2019-02-27 01:13:19.915119,102,333.16908314822433,1.0,0.1151121772875817,5.0,True
2_39_139_28_2019-02-27 03:17:47.524028,32,53.602225,0.0,0.0,0.0,False
2_39_139_28_2019-02-27 16:28:33.671478,77,232.15396739298282,3.0,0.5594190960550887,10.0,True
2_39_139_28_2019-02-28 02:30:05.566166,104,467.8798735778927,3.0,1.4739637068160598,21.0,True
2_39_139_28_2019-02-28 06:07:29.400513,384,2586.768570098039,1.0,0.8093259722222224,21.0,True
2_39_139_28_2019-03-01 00:47:29.724814,42,118.04665,1.0,0.2723399305555556,12.0,True
2_39_139_28_2019-03-01 02:36:58.674943,31,53.811087745098035,0.0,0.0,0.0,False
2_39_139_28_2019-03-01 05:54:04.846070,257,901.7589705204109,1.0,0.28550569444444457,8.0,True
2_39_139_28_2019-03-01 16:24:15.428931,160,732.1012926470588,2.0,1.786698102824463,47.0,True
2_39_139_28_2019-03-02 15:49:34.078769,80,443.47182499999997,1.0,0.8881766666666667,24.0,True
2_39_139_28_2019-03-02 17:39:26.939731,56,377.88983690476186,0.0,0.0,0.0,False
2_39_139_28_2019-03-02 21:08:53.808315,31,52.00813841036414,0.0,0.0,0.0,False
2_39_139_28_2019-03-03 00:28:33.455681,64,396.69635105042016,0.0,0.0,0.0,False
2_39_139_28_2019-03-03 21:36:47.931236,36,190.85632401960783,0.0,0.0,0.0,False
2_39_139_28_2019-03-03 22:38:36.181515,99,316.54535084033614,0.0,0.0,0.0,False
2_39_139_28_2019-03-04 16:25:54.318258,32,51.94691962901219,0.0,0.0,0.0,False
2_39_139_28_2019-03-04 22:17:50.278960,38,106.68646584249083,1.0,0.37462374007936505,11.0,True
2_39_139_28_2019-03-05 05:02:05.237244,42,147.8015970238095,0.0,0.0,0.0,False
2_39_139_28_2019-03-05 16:38:31.828019,89,280.15620797152195,1.0,0.30697048611111116,8.0,True
2_39_139_28_2019-03-06 01:53:12.780184,74,243.650458466207,0.0,0.0,0.0,False
2_39_139_28_2019-03-06 03:11:43.821930,31,53.509685784313724,0.0,0.0,0.0,False
2_39_139_28_2019-03-06 04:29:33.566803,32,204.94319162675558,0.0,0.0,0.0,False
2_39_139_28_2019-03-06 16:32:48.379865,31,101.61100906862745,0.0,0.0,0.0,False
2_39_139_28_2019-03-07 03:15:15.966548,262,913.7164723133076,1.0,0.31124783730158734,10.0,True
2_39_139_28_2019-03-07 16:24:42.880121,187,880.9597658002945,2.0,1.5802352940577937,52.0,True
2_39_139_28_2019-03-08 01:52:30.053166,31,51.51752380952381,0.0,0.0,0.0,False
2_39_139_28_2019-03-08 03:06:07.559300,31,52.734940010234865,0.0,0.0,0.0,False
2_39_139_28_2019-03-08 16:24:59.546017,113,406.6441668013359,2.0,1.6476432692307692,51.0,True
2_39_139_28_2019-03-09 06:04:33.879307,470,3123.3532785714283,1.0,0.8483840277777778,24.0,True
2_39_139_28_2019-03-09 18:20:33.008992,58,401.46097499999996,0.0,0.0,0.0,False
2_39_139_28_2019-03-09 22:26:34.727252,185,641.3275154627236,5.0,1.1704867994505495,15.0,True
2_39_139_28_2019-03-11 02:31:52.545435,411,2662.0364942845554,1.0,0.7619924999999999,19.0,True
2_39_139_28_2019-03-11 16:07:19.923097,84,262.5695571012321,1.0,0.2882176388888889,9.0,True
2_39_139_28_2019-03-12 01:35:38.645672,273,949.1304454484241,3.0,0.7143333234126985,11.0,True
2_39_139_28_2019-03-12 16:00:17.588460,130,394.38585744541405,0.0,0.0,0.0,False
2_39_139_28_2019-03-13 15:30:24.079606,180,837.2814598739495,3.0,1.9222540283613447,52.0,True
2_39_139_28_2019-03-13 23:43:46.258720,74,252.63059870816747,1.0,0.2750793055555556,5.0,True
2_39_139_28_2019-03-14 00:58:54.452849,260,893.503424741435,2.0,0.5554884911208072,13.0,True
2_39_139_28_2019-03-14 15:27:29.815497,159,644.8173785667764,2.0,1.1824427861422346,50.0,True
2_39_139_28_2019-03-15 01:25:33.556675,32,52.651188725490194,0.0,0.0,0.0,False
2_39_139_28_2019-03-15 03:25:21.318298,76,516.2366666666667,0.0,0.0,0.0,False
2_39_139_28_2019-03-15 15:08:14.417871,61,224.59403911652072,2.0,0.8070662853119103,17.0,True
2_39_139_28_2019-03-16 02:18:21.355376,280,957.8502954481793,4.0,1.0509328472222224,17.0,True
2_39_139_28_2019-03-16 16:59:21.582724,77,476.0761903244631,0.0,0.0,0.0,False
2_39_139_28_2019-03-16 19:34:49.166944,73,233.20167785947712,0.0,0.0,0.0,False
2_39_139_28_2019-03-17 00:58:52.382627,84,282.34988685897434,1.0,0.17213729166666666,8.0,True
2_39_139_28_2019-03-17 16:37:20.692879,316,2113.797973844538,0.0,0.0,0.0,False
2_39_139_28_2019-03-17 22:30:37.809421,116,376.127718872549,3.0,0.6832299305555556,12.0,True
2_39_139_28_2019-03-18 05:39:10.764564,272,927.4293471638655,3.0,0.7897283864379085,15.0,True
2_39_139_28_2019-03-18 15:38:57.045284,76,213.51690416666665,2.0,0.7225730514705884,15.0,True
2_39_139_28_2019-03-18 23:33:25.880124,86,286.6500197098696,1.0,0.25741679738562095,5.0,True
2_39_139_28_2019-03-19 01:06:56.054303,77,474.88926246498596,0.0,0.0,0.0,False
2_39_139_28_2019-03-19 03:50:32.325090,274,942.9786713673581,7.0,1.6555672635983296,27.0,True
2_39_139_28_2019-03-19 15:46:57.511771,84,262.7979129120879,1.0,0.3354015865384615,8.0,True
2_39_139_28_2019-03-19 20:14:59.215826,20,55.41979779411764,1.0,0.20173875,6.0,True
2_39_139_28_2019-03-20 13:55:48.801223,74,238.30822034313724,0.0,0.0,0.0,False
2_39_139_28_2019-03-21 01:21:33.913043,44,111.3012875,2.0,1.106827013888889,21.0,True
2_39_139_28_2019-03-21 15:24:20.013613,85,259.3261336134454,2.0,0.657022679738562,17.0,True
2_39_139_28_2019-03-22 15:20:39.005511,182,804.2358645694175,1.0,1.5415095940170942,59.0,True
2_39_139_28_2019-03-23 02:36:04.782642,393,2627.4635224789913,1.0,0.8311343055555556,22.0,True
2_39_139_28_2019-03-24 15:48:47.989481,116,747.8351124999999,0.0,0.0,0.0,False
2_39_139_28_2019-03-24 23:01:25.413361,313,2049.254157936508,1.0,0.8404324305555555,21.0,True
2_39_139_28_2019-03-25 15:25:36.325260,184,832.9114946428571,2.0,1.6483889583333333,52.0,True
2_39_139_28_2019-03-26 01:08:29.843823,67,445.49572916666665,0.0,0.0,0.0,False
2_39_139_28_2019-03-26 04:23:49.458088,272,942.0061833333333,1.0,0.40737631944444447,12.0,True
2_39_139_28_2019-03-26 15:51:48.542593,103,635.3255742647059,1.0,0.6457893055555556,8.0,True
2_39_139_28_2019-03-26 20:21:37.490629,30,86.09286666666667,1.0,0.23128284722222225,6.0,True
2_39_139_28_2019-03-27 03:21:33.288978,87,589.453668452381,0.0,0.0,0.0,False
2_39_139_28_2019-03-27 15:24:48.052153,185,861.4147708333333,2.0,1.5188163888888888,47.0,True
2_39_139_28_2019-03-28 00:53:18.664017,100,648.6589387254902,0.0,0.0,0.0,False
2_39_139_28_2019-03-28 03:34:01.331077,59,204.00362369281044,1.0,0.28447673611111113,13.0,True
2_39_139_28_2019-03-28 05:47:09.192906,401,2639.5076999622925,1.0,0.8770189583333333,21.0,True
2_39_139_28_2019-03-29 01:28:41.779204,68,225.25354583333333,0.0,0.0,0.0,False
2_39_139_28_2019-03-29 15:26:25.309466,162,714.3963812091503,1.0,1.7791893750000003,60.0,True
2_39_139_28_2019-03-30 04:05:59.166110,97,318.92430833333333,0.0,0.0,0.0,False
2_39_139_28_2019-03-30 15:04:48.327204,133,452.8878625,1.0,0.37507999007936504,11.0,True
2_39_139_28_2019-04-01 02:34:04.961671,124,423.45774229691875,2.0,0.3460207434640523,8.0,True
2_39_139_28_2019-04-01 15:32:14.161521,86,267.7613854395604,1.0,0.3244626907814408,8.0,True
2_39_139_28_2019-04-01 20:50:26.570872,94,291.90635980392153,3.0,0.8644743750000004,22.0,True
2_39_139_28_2019-04-02 15:42:00.541559,95,299.09501348039214,1.0,0.26492152777777783,7.0,True
2_39_139_28_2019-04-02 20:13:31.389980,107,693.1796259453781,0.0,0.0,0.0,False
2_39_139_28_2019-04-02 23:05:00.625576,108,358.1171875,0.0,0.0,0.0,False
2_39_139_28_2019-04-03 01:27:23.993190,273,939.3301614262372,2.0,0.6531046527777778,15.0,True
2_39_139_28_2019-04-03 15:52:54.482803,89,280.54839803921567,1.0,0.3386683333333334,8.0,True
2_39_139_28_2019-04-04 15:31:28.950573,85,266.92683788515404,1.0,0.32489347222222226,8.0,True
2_39_139_28_2019-04-05 03:28:25.429567,79,497.22569305555555,0.0,0.0,0.0,False
2_39_139_28_2019-04-05 15:21:49.123303,91,288.10055416666665,1.0,0.3006036805555556,8.0,True
2_39_139_28_2019-04-06 02:00:40.028946,270,916.8557818627451,2.0,1.0454797671568627,20.0,True
2_39_139_28_2019-04-07 00:30:05.200842,276,1587.2205907446312,2.0,1.0369487499999999,28.0,True
2_39_139_28_2019-04-08 14:42:30.780049,295,1901.3534760981665,1.0,0.7541902083333334,17.0,True
2_39_139_28_2019-04-09 15:30:38.832150,86,372.29376249999996,1.0,1.2395295138888889,36.0,True
2_39_139_28_2019-04-10 15:42:35.374314,112,296.06925731792717,1.0,0.21709020833333337,5.0,True
2_39_139_28_2019-04-10 19:59:47.231309,61,121.51160098039215,2.0,0.6038703513071895,8.0,True
2_39_139_28_2019-04-11 15:27:12.860122,155,695.0351620098039,3.0,1.8882243627450979,45.0,True
2_39_139_28_2019-04-12 15:03:57.207595,72,277.86081879084963,1.0,1.0137227668845314,25.0,True
2_39_139_28_2019-04-13 02:19:47.089122,142,961.9175852124182,0.0,0.0,0.0,False
2_39_139_28_2019-04-13 09:38:14.812534,396,2654.9410240715983,1.0,0.7871480637254903,20.0,True
2_39_139_28_2019-04-14 03:18:01.714617,201,674.916075245098,1.0,0.3914486928104575,11.0,True
2_39_139_28_2019-04-14 18:09:01.036314,31,52.552302100840336,0.0,0.0,0.0,False
2_39_139_28_2019-04-16 15:23:45.030233,91,314.07030427170866,1.0,1.1636110515873017,41.0,True
2_39_139_28_2019-04-17 15:08:18.590283,47,124.72941028873088,2.0,0.7328045110608346,13.0,True
2_39_139_28_2019-04-17 22:59:09.515797,32,54.446012499999995,0.0,0.0,0.0,False
2_39_139_28_2019-04-18 01:33:13.972586,62,356.93966136363633,0.0,0.0,0.0,False
2_39_139_28_2019-04-18 15:44:33.137599,84,267.12164114145656,1.0,0.22563375000000002,6.0,True
2_39_139_28_2019-04-19 03:31:50.130677,76,514.4767880347594,0.0,0.0,0.0,False
2_39_139_28_2019-04-19 15:18:20.096678,91,289.71555659430436,1.0,0.22990993055555553,7.0,True
2_39_139_28_2019-04-20 02:54:43.227529,31,57.06720808823529,0.0,0.0,0.0,False
2_39_139_28_2019-04-20 17:19:18.234911,116,397.2257837121212,1.0,0.32815194444444445,10.0,True
2_39_139_28_2019-04-21 13:56:44.627240,57,106.79461838235294,2.0,0.7403449714052287,12.0,True
2_39_139_28_2019-04-21 20:24:42.285963,231,1559.8007329248364,0.0,0.0,0.0,False
2_39_139_28_2019-04-22 15:30:00.401983,212,739.1212053921569,3.0,1.4300990277777779,39.0,True
2_39_139_28_2019-04-23 02:31:22.535424,70,247.05251576797386,0.0,0.0,0.0,False
2_39_139_28_2019-04-23 15:30:07.145888,104,400.2470107142857,1.0,1.2759433333333334,42.0,True
2_39_139_28_2019-04-25 01:34:56.433139,46,250.4977850490196,0.0,0.0,0.0,False
2_39_139_28_2019-04-25 15:22:52.713652,25,49.8072625,1.0,0.8020713194444444,20.0,True
2_39_139_28_2019-04-25 21:21:20.867595,109,729.6747820261437,0.0,0.0,0.0,False
2_39_139_28_2019-04-26 01:05:10.876326,96,596.0538495098039,0.0,0.0,0.0,False
2_39_139_28_2019-04-26 03:23:02.252819,66,393.88425731792717,1.0,0.7248638888888889,12.0,True
2_39_139_28_2019-04-26 05:35:54.382976,272,938.12310052521,2.0,0.5874199999999999,17.0,True
2_39_139_28_2019-04-26 15:15:54.586247,84,264.30830157563025,2.0,0.6100933333333334,7.0,True
2_39_139_28_2019-04-27 01:57:42.958775,31,49.74888480392157,0.0,0.0,0.0,False
2_39_139_28_2019-04-27 05:15:40.131842,220,700.0970431372549,1.0,0.2564076388888889,8.0,True
2_39_139_28_2019-04-27 17:51:25.590446,78,477.2606612745098,0.0,0.0,0.0,False
2_39_139_28_2019-04-27 23:52:12.011301,177,556.9403038515405,1.0,0.20198812499999996,7.0,True
2_39_139_28_2019-04-29 15:58:30.460908,32,51.13990833333333,0.0,0.0,0.0,False
2_39_139_28_2019-04-30 01:59:12.205364,84,555.4988474789916,0.0,0.0,0.0,False
2_39_139_28_2019-04-30 04:49:30.150012,52,166.15323491532976,0.0,0.0,0.0,False
2_39_139_28_2019-04-30 15:33:55.922148,168,601.2879198529412,1.0,0.2644888888888889,17.0,True
2_39_139_28_2019-05-01 01:40:46.205473,72,430.122975,1.0,0.5460382638888889,7.0,True
2_39_139_28_2019-05-01 23:38:44.276748,77,263.34898455882353,0.0,0.0,0.0,False
2_39_139_28_2019-05-02 15:30:41.751896,179,850.778950428768,2.0,1.7491216509717924,47.0,True
2_39_139_28_2019-05-04 03:56:47.408643,463,3111.2670161764704,1.0,0.7754872916666667,20.0,True
2_39_139_28_2019-05-05 08:42:32.827468,103,355.4272772058823,0.0,0.0,0.0,False
2_39_139_28_2019-05-05 22:54:54.882183,97,281.7043370098039,2.0,0.6103066135620916,9.0,True
2_39_139_28_2019-05-06 16:06:19.825120,73,222.59686533613444,0.0,0.0,0.0,False
2_39_139_28_2019-05-07 03:09:12.700904,50,301.44698005050503,1.0,0.6854321064814815,9.0,True
2_39_139_28_2019-05-07 15:28:25.040499,208,767.3983490196078,2.0,1.0955572426470588,28.0,True
2_39_139_28_2019-05-08 03:21:36.901233,72,425.1518857843137,1.0,0.7601664583333334,15.0,True
2_39_139_28_2019-05-08 05:39:55.935884,30,51.20923333333333,0.0,0.0,0.0,False
2_39_139_28_2019-05-08 15:37:08.804899,89,281.81549184981685,1.0,0.29020493055555563,7.0,True
2_39_139_28_2019-05-09 05:01:34.038650,101,311.20776507936506,1.0,0.290949375,9.0,True
2_39_139_28_2019-05-10 01:49:22.989082,31,51.33429527310924,0.0,0.0,0.0,False
2_39_139_28_2019-05-10 03:28:37.353195,86,453.62497263071896,0.0,0.0,0.0,False
2_39_139_28_2019-05-10 14:08:15.889810,109,686.3466193181818,1.0,0.6462199305555556,15.0,True
2_39_139_28_2019-05-11 14:52:19.532341,83,469.1838696078431,1.0,0.9565591870915032,22.0,True
2_39_139_28_2019-05-11 17:24:57.540567,76,476.45974607843135,0.0,0.0,0.0,False
2_39_139_28_2019-05-12 19:36:37.953550,269,939.7700628851541,2.0,0.5015021527777777,11.0,True
2_39_139_28_2019-05-13 14:08:30.028023,246,1595.5723776642474,1.0,0.840302753267974,17.0,True
2_39_139_28_2019-05-14 01:07:27.102427,79,477.4542711601307,0.0,0.0,0.0,False
2_39_139_28_2019-05-14 04:44:11.107978,224,708.7033571078431,1.0,0.2655760866013072,9.0,True
2_39_139_28_2019-05-16 06:54:32.086138,489,3168.34431685251,1.0,0.7505400694444444,19.0,True
2_39_139_28_2019-05-17 03:24:25.412102,82,563.7791665849672,0.0,0.0,0.0,False
2_39_139_28_2019-05-17 15:18:16.728800,152,749.7035660714286,2.0,1.4184284027777778,30.0,True
2_39_139_28_2019-05-18 00:29:38.615494,143,439.6715031862745,1.0,0.423684554738562,12.0,True
2_39_139_28_2019-05-18 15:10:35.112528,120,738.3914671218487,0.0,0.0,0.0,False
2_39_139_28_2019-05-19 16:50:39.972117,246,860.6242129551821,4.0,1.1166063316993462,17.0,True
2_39_139_28_2019-05-19 22:58:00.204485,115,758.9790814174387,0.0,0.0,0.0,False
2_39_139_28_2019-05-20 14:28:31.912396,154,989.6277932422969,1.0,0.7967827083333333,16.0,True
2_39_139_28_2019-05-21 01:10:04.466161,76,476.12366740196074,0.0,0.0,0.0,False
2_39_139_28_2019-05-21 04:36:26.058298,224,713.4578598039216,1.0,0.2089117361111111,8.0,True
2_39_139_28_2019-05-22 14:13:08.780244,129,825.6064215767076,1.0,0.6709839583333332,7.0,True
2_39_139_28_2019-05-23 01:35:36.407581,80,330.4273941876751,2.0,1.142472638888889,24.0,True
2_39_139_28_2019-05-23 15:18:52.656229,31,53.64841911764706,0.0,0.0,0.0,False
2_39_139_28_2019-05-23 19:06:03.431899,31,54.02644387254902,0.0,0.0,0.0,False
2_39_139_28_2019-05-23 20:20:32.192160,31,53.03895416666666,0.0,0.0,0.0,False
2_39_139_28_2019-05-23 22:45:36.757414,65,206.7454994047619,0.0,0.0,0.0,False
2_39_139_28_2019-05-24 01:12:59.981601,91,294.64866687675067,2.0,0.8269808496732025,21.0,True
2_39_139_28_2019-05-24 15:28:03.555070,92,292.87180416666666,1.0,0.2778882638888889,7.0,True
2_39_139_28_2019-05-25 19:44:55.020712,42,135.84047916666665,1.0,0.29141965277777787,8.0,True
2_39_139_28_2019-05-26 21:08:30.823023,57,186.37676351540617,0.0,0.0,0.0,False
2_39_139_28_2019-05-27 00:14:54.477838,31,54.73419436274509,0.0,0.0,0.0,False
2_39_139_28_2019-05-27 06:12:55.092767,31,51.887950980392155,0.0,0.0,0.0,False
2_39_139_28_2019-05-27 19:55:12.276202,50,160.90496715686274,0.0,0.0,0.0,False
2_39_139_28_2019-05-28 01:22:40.607361,222,703.9615349906629,1.0,0.3032260416666667,10.0,True
2_39_139_28_2019-05-29 03:20:49.218304,75,448.60703235294113,1.0,0.5727811560457516,8.0,True
2_39_139_28_2019-05-29 14:08:08.460453,109,677.7551160364145,1.0,0.741932013888889,17.0,True
2_39_139_28_2019-05-30 01:24:46.684799,82,289.43127794117646,2.0,0.4532809722222222,15.0,True
2_39_139_28_2019-05-30 04:12:37.823952,204,715.2085625,3.0,1.8643352777777777,43.0,True
2_39_139_28_2019-05-30 15:43:49.564635,100,284.36413749999997,1.0,1.2080449305555556,48.0,True
2_39_139_28_2019-05-30 22:59:43.843070,32,52.02662130018674,0.0,0.0,0.0,False
2_39_139_28_2019-05-31 14:50:52.987379,113,503.3312095238095,2.0,1.3255917361111111,33.0,True
2_39_139_28_2019-05-31 22:41:51.375865,74,480.0649014705882,0.0,0.0,0.0,False
2_39_139_28_2019-06-01 04:32:22.861721,204,715.2537236111111,4.0,2.910424375,81.0,True
2_39_139_28_2019-06-01 18:59:31.739191,42,108.91941904761904,1.0,0.47799472222222233,15.0,True
2_39_139_28_2019-06-02 00:39:09.005536,350,2249.7707493697476,1.0,0.7870804861111111,20.0,True
2_39_139_28_2019-06-03 15:31:34.648702,198,1010.0168531045751,3.0,1.6529886737472768,35.0,True
2_39_139_28_2019-06-03 23:26:57.176044,84,287.05327156862745,0.0,0.0,0.0,False
2_39_139_28_2019-06-04 01:56:14.425665,75,433.144369047619,1.0,0.8599188194444444,19.0,True
2_39_139_28_2019-06-04 04:24:24.591395,222,707.2693591503267,1.0,0.22217180555555557,8.0,True
2_39_139_28_2019-06-05 00:11:48.189565,209,662.7005974482303,1.0,0.24079888888888887,7.0,True
2_39_139_28_2019-06-06 01:33:41.670199,114,570.9829108225108,2.0,1.2255404861111112,20.0,True
2_39_139_28_2019-06-06 04:51:42.817016,255,896.3620823529411,4.0,4.166390363562092,90.0,True
2_39_139_28_2019-06-06 15:26:09.977545,140,646.0152343137255,2.0,1.4789531985294118,37.0,True
2_39_139_28_2019-06-07 03:32:25.995314,68,459.58606461161384,0.0,0.0,0.0,False
2_39_139_28_2019-06-07 15:26:45.027388,91,366.9056793988648,1.0,1.1716572510319918,32.0,True
2_39_139_28_2019-06-08 01:34:59.751655,31,57.069257598039215,0.0,0.0,0.0,False
2_39_139_28_2019-06-08 14:58:06.469599,182,593.5394602240896,3.0,1.230130036764706,32.0,True
2_39_139_28_2019-06-08 23:13:46.627505,222,703.8505666666666,1.0,0.275429375,8.0,True
2_39_139_28_2019-06-09 15:38:37.214155,132,809.8054338235294,0.0,0.0,0.0,False
2_39_139_28_2019-06-09 22:25:28.059696,106,715.0550957951361,0.0,0.0,0.0,False
2_39_139_28_2019-06-10 01:33:39.829561,225,716.9339409313725,1.0,0.28254965277777777,8.0,True
2_39_139_28_2019-06-10 14:09:17.550782,168,1071.9652633169935,1.0,0.7586,17.0,True
2_39_139_28_2019-06-12 01:03:26.447455,78,475.7795947712418,0.0,0.0,0.0,False
2_39_139_28_2019-06-12 03:30:45.472982,74,490.6542571428571,0.0,0.0,0.0,False
2_39_139_28_2019-06-12 19:59:32.409968,163,515.6351713720103,3.0,0.6678814991830067,9.0,True
2_39_139_28_2019-06-13 01:37:19.500236,49,176.62237878787877,2.0,1.0054080882352938,15.0,True
2_39_139_28_2019-06-13 15:36:17.833034,84,269.9193102941176,1.0,0.1844755555555556,5.0,True
2_39_139_28_2019-06-13 19:51:55.089160,33,88.99830367647058,2.0,0.8643196329365079,12.0,True
2_39_139_28_2019-06-14 00:49:57.727325,186,593.89588286648,2.0,1.2206076425848116,36.0,True
2_39_139_28_2019-06-14 12:50:15.339965,87,601.9007171218487,0.0,0.0,0.0,False
2_39_139_28_2019-06-14 15:34:58.763214,85,270.4146503968254,2.0,0.56331210375817,6.0,True
2_39_139_28_2019-06-15 04:34:58.088957,218,696.9436904411764,1.0,0.179785625,6.0,True
2_39_139_28_2019-06-15 21:40:51.806421,165,584.484785025677,4.0,2.479463906979458,73.0,True
2_39_139_28_2019-06-16 05:34:51.720043,255,895.9485254901961,2.0,0.20666944444444443,5.0,True
2_39_139_28_2019-06-17 15:48:01.487681,85,270.1988333333333,1.0,0.2303180555555556,6.0,True
2_39_139_28_2019-06-17 19:26:55.860265,125,393.0412875,1.0,0.40407756944444445,9.0,True
2_39_139_28_2019-06-18 01:06:48.709242,77,476.1205085784313,0.0,0.0,0.0,False
2_39_139_28_2019-06-18 05:17:34.407576,154,534.780825630252,2.0,1.7497357638888889,66.0,True
2_39_139_28_2019-06-19 20:08:37.418516,35,91.89688546918767,3.0,0.6040933380018675,5.0,True
2_39_139_28_2019-06-20 04:48:19.686437,223,709.889120821662,1.0,0.27848263888888886,9.0,True
2_39_139_28_2019-06-21 00:25:36.495459,101,530.5901860294117,0.0,0.0,0.0,False
2_39_139_28_2019-06-21 04:41:37.324523,193,614.1335166666667,1.0,0.23364951388888885,7.0,True
2_39_139_28_2019-06-22 17:05:56.813093,75,474.680781127451,0.0,0.0,0.0,False
2_39_139_28_2019-06-23 02:03:58.789654,464,3131.8384440359478,1.0,0.7661010661764707,20.0,True
2_39_139_28_2019-06-25 01:45:22.574409,164,578.3143886321195,3.0,3.05138152019141,91.0,True
2_39_139_28_2019-06-25 16:10:52.992181,91,287.9015958333333,1.0,0.09867263888888891,5.0,True
2_39_139_28_2019-06-26 01:56:16.446971,31,50.48983749999999,0.0,0.0,0.0,False
2_39_139_28_2019-06-26 15:49:31.844035,108,326.66618095238096,2.0,0.8583711805555557,17.0,True
2_39_139_28_2019-06-26 20:35:37.289307,84,252.76044047619047,0.0,0.0,0.0,False
2_39_139_28_2019-06-26 23:27:06.627563,105,357.5227264194139,1.0,0.2572870833333333,5.0,True
2_39_139_28_2019-06-27 01:23:09.776341,205,715.0636541666667,3.0,2.3151893055555557,46.0,True
2_39_139_28_2019-06-27 15:42:09.956617,90,288.3198505952381,0.0,0.0,0.0,False
2_39_139_28_2019-06-28 01:09:49.432353,32,58.36788333333333,0.0,0.0,0.0,False
2_39_139_28_2019-06-28 12:55:08.375711,31,55.05881771708683,0.0,0.0,0.0,False
2_39_139_28_2019-06-28 15:24:25.469381,82,261.6114597222222,1.0,0.1969338888888889,5.0,True
2_39_139_28_2019-06-30 03:50:31.482225,52,330.5767583333333,0.0,0.0,0.0,False
2_39_139_28_2019-06-30 05:05:15.727581,31,58.09916325757575,0.0,0.0,0.0,False
2_39_139_28_2019-07-01 15:35:53.859374,88,281.7464843137255,1.0,0.1532095138888889,5.0,True
2_39_139_28_2019-07-02 04:31:05.635253,223,717.991028140487,2.0,0.5514018353174602,8.0,True
2_39_139_28_2019-07-03 15:39:47.988891,44,114.93889520577461,1.0,0.39205493055555557,6.0,True
2_39_139_28_2019-07-04 01:07:32.911550,64,369.4315197802198,1.0,0.8767936309523809,14.0,True
2_39_139_28_2019-07-04 10:19:14.753195,140,864.5636652053828,1.0,0.8204279688734469,18.0,True
2_39_139_28_2019-07-04 19:00:16.117698,82,482.2848812001724,1.0,0.9560622023809526,22.0,True
2_39_139_28_2019-07-07 17:08:31.697329,231,1243.4401691230337,1.0,1.455347356981254,41.0,True
2_39_139_28_2019-07-07 23:42:19.966414,33,57.319002380952384,0.0,0.0,0.0,False
2_39_139_28_2019-07-08 01:38:31.229466,184,649.1141108193277,3.0,1.664575476190476,50.0,True
2_39_139_28_2019-07-08 15:53:54.593049,83,212.94754975490196,1.0,0.31578881944444437,9.0,True
2_39_139_28_2019-07-09 00:17:55.314342,342,2152.8624134776987,3.0,1.2726366135620915,20.0,True
2_39_139_28_2019-07-09 13:21:12.034802,100,661.4283031862744,0.0,0.0,0.0,False
2_39_139_28_2019-07-09 16:00:13.587436,31,52.79198580659536,0.0,0.0,0.0,False
2_39_139_28_2019-07-10 01:51:42.310656,54,296.41681736694676,1.0,0.7781528075396824,15.0,True
2_39_139_28_2019-07-11 01:50:15.120834,95,413.58633105742297,2.0,1.2543910895191412,20.0,True
2_39_139_28_2019-07-11 16:23:42.765184,33,55.51944648962149,0.0,0.0,0.0,False
2_39_139_28_2019-07-12 13:19:48.041531,39,190.52020825563324,0.0,0.0,0.0,False
2_39_139_28_2019-07-12 15:36:28.585948,291,979.7766020658263,12.0,4.742770996732026,68.0,True
2_39_139_28_2019-07-13 04:42:22.931752,271,928.2835225373483,3.0,5.657540828081232,138.0,True
2_39_139_28_2019-07-13 17:11:46.159882,78,475.9462160714285,0.0,0.0,0.0,False
2_39_139_28_2019-07-14 04:16:26.048513,257,896.8251742647059,1.0,0.9808745138888889,46.0,True
2_39_139_28_2019-07-15 15:40:16.038597,115,370.0237862745098,2.0,2.037555191993464,54.0,True
2_39_139_28_2019-07-16 02:30:41.130038,227,789.0254366596638,7.0,2.7131359436274507,53.0,True
2_39_139_28_2019-07-16 14:50:13.390170,49,165.6221125,2.0,0.9845105555555556,17.0,True
2_39_139_28_2019-07-17 00:28:14.901312,280,945.3059178706914,6.0,2.6462405384199132,42.0,True
2_39_139_28_2019-07-17 15:39:04.440828,81,257.9026382352941,1.0,0.24607270833333333,6.0,True
2_39_139_28_2019-07-17 20:19:51.491747,51,144.51102916666665,1.0,0.11221875,5.0,True
2_39_139_28_2019-07-18 05:29:50.304821,203,716.2064801470588,3.0,1.0271740972222223,32.0,True
2_39_139_28_2019-07-18 15:41:26.062245,85,272.76892091503265,1.0,0.2115979166666667,6.0,True
2_39_139_28_2019-07-19 03:39:13.791362,277,949.4328317513368,5.0,5.60498926879085,90.0,True
2_39_139_28_2019-07-19 15:22:27.030182,107,464.4065074929972,2.0,1.4699995833333332,33.0,True
2_39_139_28_2019-07-20 02:24:56.592913,71,346.7326166666667,0.0,0.0,0.0,False
2_39_139_28_2019-07-20 16:46:22.758901,209,717.3157422502334,6.0,2.7185111805555557,61.0,True
2_39_139_28_2019-07-21 03:45:27.534113,160,536.9671900560223,1.0,0.4644786805555556,13.0,True
2_39_139_28_2019-07-21 22:17:19.376033,40,210.48208598484848,0.0,0.0,0.0,False
2_39_139_28_2019-07-22 01:18:35.793315,45,153.3283875,1.0,0.26813965277777774,5.0,True
2_39_139_28_2019-07-22 06:47:03.086188,478,3096.41347622549,2.0,1.0990665277777778,16.0,True
2_39_139_28_2019-07-22 23:39:21.098372,272,962.3398301470588,2.0,0.3027549714052288,9.0,True
2_39_139_28_2019-07-23 14:47:01.506150,67,354.98391486650604,0.0,0.0,0.0,False
2_39_139_28_2019-07-24 01:56:52.613762,90,616.2669433823529,0.0,0.0,0.0,False
2_39_139_28_2019-07-24 15:45:24.526119,95,294.23401805555557,0.0,0.0,0.0,False
2_39_139_28_2019-07-24 19:47:14.146377,90,582.9041936274509,0.0,0.0,0.0,False
2_39_139_28_2019-07-24 21:41:58.564054,84,275.67785833333335,0.0,0.0,0.0,False
2_39_139_28_2019-07-25 01:01:10.684674,77,475.9152458333333,0.0,0.0,0.0,False
2_39_139_28_2019-07-25 02:29:23.047921,43,92.64603234126984,0.0,0.0,0.0,False
2_39_139_28_2019-07-25 04:54:24.210389,279,963.3609732843137,3.0,5.763509125816993,146.0,True
2_39_139_28_2019-07-25 15:46:47.030616,31,51.850204166666664,0.0,0.0,0.0,False
2_39_139_28_2019-07-26 03:40:54.121960,280,966.0651237368023,3.0,1.4764036485042735,46.0,True
2_39_139_28_2019-07-27 17:12:29.017490,78,477.3476356442577,0.0,0.0,0.0,False
2_39_139_28_2019-07-28 03:43:31.191124,288,995.7443455882352,3.0,3.311331388888889,79.0,True
2_39_139_28_2019-07-28 22:39:53.063767,98,323.25321845238096,0.0,0.0,0.0,False
2_39_139_28_2019-07-29 03:45:37.186673,31,57.121695833333334,0.0,0.0,0.0,False
2_39_139_28_2019-07-29 15:45:43.043836,81,253.77482899159662,1.0,0.30355020833333335,8.0,True
2_39_139_28_2019-07-30 00:35:44.816882,35,77.42670833333332,2.0,0.8390331944444445,16.0,True
2_39_139_28_2019-07-30 01:51:35.691832,111,755.4933125,0.0,0.0,0.0,False
2_39_139_28_2019-07-30 04:05:23.264536,80,279.5553708333333,1.0,0.630476111111111,30.0,True
2_39_139_28_2019-07-30 15:46:10.164718,79,248.80737628205128,1.0,0.27723638888888885,7.0,True
2_39_139_28_2019-07-31 01:50:37.844930,101,690.3081250374626,0.0,0.0,0.0,False
2_39_139_28_2019-07-31 13:03:24.635449,93,295.249625,0.0,0.0,0.0,False
2_39_139_28_2019-07-31 15:40:07.134998,85,270.66958452380953,1.0,0.27743680555555555,7.0,True
2_39_139_28_2019-08-01 01:36:05.125022,31,57.51304523809524,0.0,0.0,0.0,False
2_39_139_28_2019-08-01 12:56:46.337887,91,296.0181200980392,0.0,0.0,0.0,False
2_39_139_28_2019-08-01 15:16:51.737869,47,154.16246165966385,2.0,0.6661382638888889,9.0,True
2_39_139_28_2019-08-02 01:50:59.513367,116,406.67582230392156,3.0,1.6066358782679737,34.0,True
2_39_139_28_2019-08-02 07:04:59.670954,190,1170.2688172619048,0.0,0.0,0.0,False
2_39_139_28_2019-08-02 15:40:50.188088,91,293.6918793067227,1.0,0.6227162599206348,9.0,True
2_39_139_28_2019-08-03 02:38:02.456175,67,220.84757499999998,0.0,0.0,0.0,False
2_39_139_28_2019-08-03 17:25:07.661300,30,49.94947062594268,0.0,0.0,0.0,False
2_39_139_28_2019-08-04 02:17:49.696349,42,185.57069464285715,1.0,0.6805934027777778,12.0,True
2_39_139_28_2019-08-04 17:22:25.529937,64,214.9226708333333,3.0,1.1666725694444444,21.0,True
2_39_139_28_2019-08-04 22:06:40.716252,92,323.4009740196078,2.0,1.4173360580065357,48.0,True
2_39_139_28_2019-08-05 04:55:23.732024,194,672.0283839869281,2.0,3.1412708169934636,92.0,True
2_39_139_28_2019-08-05 15:43:34.330527,85,266.37895871848735,1.0,0.326818032796452,8.0,True
2_39_139_28_2019-08-05 20:18:38.075280,47,113.84478214285714,2.0,0.5348325694444445,12.0,True
2_39_139_28_2019-08-06 16:07:08.805540,80,252.8708523567119,1.0,0.28846187500000003,7.0,True
2_39_139_28_2019-08-07 01:35:51.193852,95,324.2531420518207,2.0,1.513189090802988,51.0,True
2_39_139_28_2019-08-07 16:18:14.464013,89,279.59467246462685,3.0,0.35712159722222236,6.0,True
2_39_139_28_2019-08-08 15:33:18.672334,127,663.9992286044541,0.0,0.0,0.0,False
2_39_139_28_2019-08-09 15:36:35.217462,92,294.728315167654,0.0,0.0,0.0,False
2_39_139_28_2019-08-09 20:04:09.653246,34,84.97989727026966,2.0,0.43313875148006065,8.0,True
2_39_139_28_2019-08-10 02:47:25.479383,31,53.530906127450976,0.0,0.0,0.0,False
2_39_139_28_2019-08-10 15:15:49.609560,52,136.6835791623667,2.0,0.8552105015909873,16.0,True
2_39_139_28_2019-08-11 15:06:09.852398,83,165.399325,1.0,0.26178347222222226,7.0,True
2_39_139_28_2019-08-11 18:12:33.717466,184,557.4850833333333,3.0,0.5794497222222224,8.0,True
2_39_139_28_2019-08-12 13:34:55.947414,31,172.82581666666667,0.0,0.0,0.0,False
2_39_139_28_2019-08-12 15:31:10.827197,84,268.7414101190476,1.0,0.17137673611111115,5.0,True
2_39_139_28_2019-08-12 19:35:30.175489,83,276.3755791666666,2.0,1.4922616666666666,37.0,True
2_39_139_28_2019-08-13 01:43:18.139372,66,142.9438212121212,1.0,0.3155164583333333,5.0,True
2_39_139_28_2019-08-13 04:36:17.811655,46,148.8319013888889,0.0,0.0,0.0,False
2_39_139_28_2019-08-14 13:38:36.388468,24,103.40435932539683,0.0,0.0,0.0,False
2_39_139_28_2019-08-14 15:35:41.926492,93,285.8965833333333,2.0,1.6877136805555555,43.0,True
2_39_139_28_2019-08-15 07:07:28.618042,387,2453.1101535358002,1.0,0.7664668532135077,17.0,True
2_39_139_28_2019-08-15 21:20:10.660290,25,158.4341,0.0,0.0,0.0,False
2_39_139_28_2019-08-16 04:37:43.504239,130,412.01647499999996,1.0,0.1956409722222222,6.0,True
2_39_139_28_2019-08-17 02:22:01.659975,66,140.90538651960784,0.0,0.0,0.0,False
2_39_139_28_2019-08-17 15:17:53.225627,79,269.3066754901961,0.0,0.0,0.0,False
2_39_139_28_2019-08-17 21:46:42.022627,65,213.00108988095238,0.0,0.0,0.0,False
2_39_139_28_2019-08-18 19:41:08.478904,323,2167.6436926470587,0.0,0.0,0.0,False
2_39_139_28_2019-08-19 03:06:05.135400,67,226.17091313025207,3.0,0.6348948908730159,10.0,True
2_39_139_28_2019-08-19 15:34:41.201327,229,764.9100140406163,5.0,1.861452529178338,25.0,True
2_39_139_28_2019-08-20 02:18:47.644981,65,137.7227450980392,1.0,0.3569254901960785,5.0,True
2_39_139_28_2019-08-20 14:38:00.056767,225,1465.1240839985994,1.0,0.8773144444444445,15.0,True
2_39_139_28_2019-08-21 15:31:55.046468,92,357.3264595238095,1.0,1.2292284027777776,29.0,True
2_39_139_28_2019-08-22 02:31:39.546229,149,523.7706276292334,5.0,1.7994970588235293,28.0,True
2_39_139_28_2019-08-22 15:21:55.705478,99,588.759243977591,0.0,0.0,0.0,False
2_39_139_28_2019-08-23 00:47:42.888326,67,353.4741961834734,1.0,0.7264342162698412,16.0,True
2_39_139_28_2019-08-23 03:22:40.974848,443,2832.9135701097102,4.0,1.332350625,15.0,True
2_39_139_28_2019-08-24 02:34:35.967133,66,139.92127499999998,0.0,0.0,0.0,False
2_39_139_28_2019-08-24 04:08:28.834351,31,50.748912499999996,0.0,0.0,0.0,False
2_39_139_28_2019-08-24 15:17:35.077675,45,115.54800416666666,2.0,0.8320370138888891,16.0,True
2_39_139_28_2019-08-24 17:19:13.339460,89,570.1381769607843,1.0,0.4857439583333334,9.0,True
2_39_139_28_2019-08-24 22:16:40.738956,31,52.01098333333333,0.0,0.0,0.0,False
2_39_139_567_2018-11-06 18:30:02.860662,68,191.3956919117647,2.0,0.8665841789215685,16.0,True
2_39_139_567_2018-11-12 17:44:21.159063,32,54.04901661076711,0.0,0.0,0.0,False
2_39_139_567_2018-11-14 19:27:03.196551,253,1585.7880546447188,0.0,0.0,0.0,False
2_39_139_567_2018-11-15 17:33:52.416831,179,1171.7837825028257,0.0,0.0,0.0,False
2_39_139_567_2018-11-25 19:35:59.341514,275,1859.9094084255698,0.0,0.0,0.0,False
2_39_139_567_2018-11-27 18:11:29.199884,257,666.40458000888,0.0,0.0,0.0,False
2_39_139_567_2018-11-28 19:44:39.975610,69,137.22991915731328,1.0,0.3544353472222222,11.0,True
2_39_139_567_2018-11-29 16:32:32.592549,84,258.0400784017453,1.0,1.3892026324696547,46.0,True
2_39_139_567_2018-12-02 06:34:13.711649,612,3978.7390731502887,2.0,1.2251253367180208,30.0,True
2_39_139_567_2019-01-02 16:36:32.018641,303,1810.570723887941,0.0,0.0,0.0,False
2_39_139_567_2019-01-24 18:22:16.916421,31,53.007550490196074,0.0,0.0,0.0,False
2_39_139_567_2019-03-29 16:48:43.958086,32,51.980174999999996,0.0,0.0,0.0,False
2_39_139_567_2019-04-09 18:30:12.060969,169,524.6654651960785,4.0,0.7736504166666667,14.0,True
2_39_139_567_2019-04-17 19:59:35.142904,39,125.84443592436975,0.0,0.0,0.0,False
2_39_139_567_2019-04-17 21:33:57.856025,134,858.2190262254901,1.0,0.5882013888888888,7.0,True
2_39_139_567_2019-04-24 16:00:35.943073,31,53.5263375,0.0,0.0,0.0,False
2_39_139_567_2019-04-24 19:01:48.306978,31,45.813404166666665,1.0,0.13615347222222218,7.0,True
2_39_139_567_2019-05-13 19:43:11.531976,46,136.99508059425523,2.0,1.0842928690087148,22.0,True
2_39_139_567_2019-06-13 16:53:42.369384,32,54.83772818627451,0.0,0.0,0.0,False
2_39_78_360_2018-11-01 14:07:28.105688,199,1092.537383383856,0.0,0.0,0.0,False
2_39_78_360_2018-11-01 19:02:20.686250,32,50.134374481377314,0.0,0.0,0.0,False
2_39_78_360_2018-11-01 20:49:28.728853,32,57.32888421146938,0.0,0.0,0.0,False
2_39_78_360_2018-11-02 14:04:11.171506,202,1058.0685943808478,0.0,0.0,0.0,False
2_39_78_360_2018-11-05 04:03:34.351526,89,181.97962723029502,0.0,0.0,0.0,False
2_39_78_360_2018-11-10 06:44:06.698318,43,111.54919841435962,0.0,0.0,0.0,False
2_39_78_360_2018-11-10 20:50:44.444077,32,51.50699511152659,0.0,0.0,0.0,False
2_39_78_360_2018-11-12 16:23:43.421561,61,95.94780548534314,0.0,0.0,0.0,False
2_39_78_360_2018-11-13 18:23:50.596018,135,371.8620943228166,0.0,0.0,0.0,False
2_39_78_360_2018-11-14 16:31:33.607866,32,52.27406743669186,0.0,0.0,0.0,False
2_39_78_360_2018-11-15 16:54:35.005652,219,357.2534407768845,0.0,0.0,0.0,False
2_39_78_360_2018-11-16 15:35:59.084853,182,595.7340276042876,0.0,0.0,0.0,False
2_39_78_360_2018-11-16 21:13:54.284637,33,60.45713923518942,0.0,0.0,0.0,False
2_39_78_360_2018-11-19 15:28:25.308321,464,2044.5227643371675,0.0,0.0,0.0,False
2_39_78_360_2018-11-20 17:13:10.703182,156,437.86373338984,0.0,0.0,0.0,False
2_39_78_360_2018-11-26 16:27:37.812262,110,297.6423483250834,0.0,0.0,0.0,False
2_39_78_360_2018-11-26 21:31:32.472031,51,91.62622432804167,0.0,0.0,0.0,False
2_39_78_360_2018-11-27 16:39:04.571810,548,1458.3187259577007,0.0,0.0,0.0,False
2_39_78_360_2018-11-28 16:58:30.606205,158,336.84444934164907,0.0,0.0,0.0,False
2_39_78_360_2018-11-29 17:04:07.155553,200,769.1357421724168,0.0,0.0,0.0,False
2_39_78_360_2018-11-30 18:22:53.848729,145,686.4845904941822,0.0,0.0,0.0,False
2_39_78_360_2018-12-01 12:54:12.222734,16,62.87812837735336,0.0,0.0,0.0,False
2_39_78_360_2018-12-01 19:24:36.541356,30,51.14504317615487,0.0,0.0,0.0,False
2_39_78_360_2018-12-03 16:59:30.654188,166,378.4340112279124,0.0,0.0,0.0,False
2_39_78_360_2018-12-03 20:34:47.492527,130,407.6103560491636,0.0,0.0,0.0,False
2_39_78_360_2018-12-04 17:59:05.520086,311,935.7976516995603,0.0,0.0,0.0,False
2_39_78_360_2018-12-05 19:58:19.975120,210,459.38519228359075,0.0,0.0,0.0,False
2_39_78_360_2018-12-07 18:09:14.503304,123,370.8183445784934,0.0,0.0,0.0,False
2_39_78_360_2018-12-10 19:07:45.510128,136,669.921770295826,0.0,0.0,0.0,False
2_39_78_360_2018-12-11 17:36:05.785143,196,344.3201925497333,0.0,0.0,0.0,False
2_39_78_360_2018-12-12 22:22:29.115834,39,56.96997184242424,0.0,0.0,0.0,False
2_39_78_360_2018-12-13 18:19:41.631014,36,58.35995848642462,0.0,0.0,0.0,False
2_39_78_360_2018-12-13 19:19:15.960402,42,66.50354289005938,0.0,0.0,0.0,False
2_39_78_360_2018-12-13 20:23:01.681186,44,70.05688569798829,0.0,0.0,0.0,False
2_39_78_360_2018-12-13 21:30:20.855637,104,133.21306816836653,0.0,0.0,0.0,False
2_39_78_360_2018-12-14 17:47:48.205453,40,63.14796097276167,0.0,0.0,0.0,False
2_39_78_360_2018-12-14 19:11:14.704045,32,46.579332999162794,0.0,0.0,0.0,False
2_39_78_360_2018-12-18 17:03:20.498011,356,983.9273970180961,0.0,0.0,0.0,False
2_39_78_360_2018-12-19 16:43:05.286226,223,711.5847121590762,0.0,0.0,0.0,False
2_39_78_360_2018-12-20 18:30:05.339642,126,395.70138023171836,0.0,0.0,0.0,False
2_39_78_360_2018-12-21 02:51:44.699725,176,1070.8777016500653,0.0,0.0,0.0,False
2_39_78_360_2019-01-07 22:26:48.771620,172,335.7500654015093,0.0,0.0,0.0,False
2_39_78_360_2019-01-08 20:48:50.062000,35,65.8883324889003,0.0,0.0,0.0,False
2_39_78_360_2019-01-09 18:51:25.887703,205,476.58941136633416,0.0,0.0,0.0,False
2_39_78_360_2019-01-09 23:03:06.558299,51,77.27810455347235,0.0,0.0,0.0,False
2_39_78_360_2019-01-11 20:34:10.676350,137,338.7181081962622,0.0,0.0,0.0,False
2_39_78_360_2019-01-14 20:30:57.164690,142,404.72770289469804,0.0,0.0,0.0,False
2_39_78_360_2019-01-15 16:43:14.559078,521,1866.83637542443,0.0,0.0,0.0,False
2_39_78_360_2019-01-16 21:02:48.837031,272,664.8176057983002,0.0,0.0,0.0,False
2_39_78_360_2019-01-17 18:18:21.483575,178,502.84095248669433,0.0,0.0,0.0,False
2_39_78_360_2019-01-22 21:50:30.523418,191,565.9588780590237,0.0,0.0,0.0,False
2_39_78_360_2019-01-23 16:42:17.542610,109,644.9158554627365,0.0,0.0,0.0,False
2_39_78_360_2019-01-24 20:59:10.912537,61,124.46226567315482,0.0,0.0,0.0,False
2_39_78_360_2019-01-25 17:16:09.280553,173,1043.6783321180094,0.0,0.0,0.0,False
2_39_78_360_2019-01-28 15:12:10.473818,145,603.8469242928995,0.0,0.0,0.0,False
2_39_78_360_2019-01-29 18:31:49.257862,260,425.9653975351932,0.0,0.0,0.0,False
2_39_78_360_2019-01-30 18:47:41.442666,97,473.9702756520735,0.0,0.0,0.0,False
2_39_78_360_2019-01-31 20:15:49.797508,121,390.1566041575498,0.0,0.0,0.0,False
2_39_78_360_2019-02-01 16:43:18.913377,188,768.5546007058396,0.0,0.0,0.0,False
2_39_78_360_2019-02-05 16:35:32.782798,385,1923.8318994024266,0.0,0.0,0.0,False
2_39_78_360_2019-02-07 21:43:16.117101,165,473.28721791222154,0.0,0.0,0.0,False
2_39_78_360_2019-02-08 16:33:42.258411,303,844.2845105634482,0.0,0.0,0.0,False
2_39_78_360_2019-02-12 17:34:13.151472,542,2811.7184717542086,0.0,0.0,0.0,False
2_39_78_360_2019-02-14 18:34:00.159686,50,299.86418353462716,0.0,0.0,0.0,False
2_39_78_360_2019-02-14 19:46:06.286214,83,320.72212554946066,0.0,0.0,0.0,False
2_39_78_360_2019-02-19 16:35:47.232542,473,1048.770887919901,0.0,0.0,0.0,False
2_39_78_360_2019-02-20 16:41:19.856328,307,1616.161061881784,0.0,0.0,0.0,False
2_39_78_360_2019-02-21 16:40:18.244368,102,621.7396166027213,0.0,0.0,0.0,False
2_39_78_360_2019-02-22 21:22:20.078557,38,55.97717917465228,0.0,0.0,0.0,False
2_39_78_360_2019-02-25 16:48:43.428537,419,1833.0821123210997,0.0,0.0,0.0,False
2_39_78_360_2019-02-26 15:16:26.837259,85,365.0948949136537,0.0,0.0,0.0,False
2_39_78_360_2019-02-26 19:17:08.776477,4,5.496054320743034,0.0,0.0,0.0,False
2_39_78_360_2019-02-27 16:35:15.311158,104,534.9615198332729,0.0,0.0,0.0,False
2_39_78_360_2019-03-01 17:01:34.600788,330,1859.2353896304007,0.0,0.0,0.0,False
2_39_78_360_2019-03-03 18:28:23.838534,31,52.966182915635116,0.0,0.0,0.0,False
2_39_78_360_2019-03-04 20:11:15.042878,286,1604.1977119844296,0.0,0.0,0.0,False
2_39_78_360_2019-03-05 18:22:15.939445,126,708.5283244567489,0.0,0.0,0.0,False
2_39_78_360_2019-03-06 17:17:38.375590,31,204.0983714890394,0.0,0.0,0.0,False
2_39_78_360_2019-03-07 22:29:13.508517,90,475.3532661607079,0.0,0.0,0.0,False
2_39_78_360_2019-03-08 00:20:02.688734,31,53.94238138239503,0.0,0.0,0.0,False
2_39_78_360_2019-03-08 20:27:42.716684,108,326.45819401976195,0.0,0.0,0.0,False
2_39_78_360_2019-03-12 15:54:34.897645,44,288.68772442911916,0.0,0.0,0.0,False
2_39_78_360_2019-03-13 20:24:20.033354,32,53.06314837114129,0.0,0.0,0.0,False
2_39_78_360_2019-03-14 19:50:01.286957,132,398.87329833575143,0.0,0.0,0.0,False
2_39_78_360_2019-03-15 16:11:51.863209,101,622.289409109913,0.0,0.0,0.0,False
2_39_78_360_2019-03-20 19:29:30.355648,28,76.23088954688681,0.0,0.0,0.0,False
2_39_78_360_2019-03-21 17:12:42.087343,72,426.86689749464796,0.0,0.0,0.0,False
2_39_78_360_2019-03-22 15:59:10.794019,238,1352.4635689386591,0.0,0.0,0.0,False
2_39_78_360_2019-03-26 16:13:21.843466,204,1234.5995696537964,0.0,0.0,0.0,False
2_39_78_360_2019-03-27 19:29:16.067960,96,271.357259978216,0.0,0.0,0.0,False
2_39_78_360_2019-03-28 16:01:04.773168,146,809.492977840285,0.0,0.0,0.0,False
2_39_78_360_2019-04-02 18:12:36.171476,32,50.32611160734278,0.0,0.0,0.0,False
2_39_78_360_2019-04-02 19:34:32.524331,32,49.41354343323363,0.0,0.0,0.0,False
2_39_78_360_2019-04-02 23:35:33.281448,31,48.774761869991984,0.0,0.0,0.0,False
2_39_78_360_2019-04-04 16:20:30.762860,85,474.31418519218124,0.0,0.0,0.0,False
2_39_78_360_2019-04-04 19:06:00.011874,31,52.93787370234623,0.0,0.0,0.0,False
2_39_78_360_2019-04-04 20:58:45.226282,31,53.85463841328751,0.0,0.0,0.0,False
2_39_78_360_2019-04-04 21:48:21.698236,31,53.4808702174842,0.0,0.0,0.0,False
2_39_78_360_2019-04-05 17:07:27.698587,108,592.9947131779667,0.0,0.0,0.0,False
2_39_78_360_2019-04-05 20:10:55.895995,31,48.24718088966553,0.0,0.0,0.0,False
2_39_78_360_2019-04-10 16:20:59.576683,80,208.9477432802621,0.0,0.0,0.0,False
2_39_78_360_2019-04-10 19:25:15.569778,91,230.715345553465,0.0,0.0,0.0,False
2_39_78_360_2019-04-12 19:24:51.702716,119,392.5898147404238,0.0,0.0,0.0,False
2_39_78_360_2019-04-16 16:23:31.829208,255,588.6827640140539,0.0,0.0,0.0,False
2_39_78_360_2019-04-17 17:04:00.078760,121,258.23146431110234,0.0,0.0,0.0,False
2_39_78_360_2019-04-18 20:06:35.418810,222,1462.315492065382,0.0,0.0,0.0,False
2_39_78_360_2019-04-19 17:57:07.495307,155,442.6491389856763,0.0,0.0,0.0,False
2_39_78_360_2019-04-22 16:14:57.620491,103,298.54193504882426,0.0,0.0,0.0,False
2_39_78_360_2019-04-23 17:26:41.573954,128,585.1146518698666,0.0,0.0,0.0,False
2_39_78_360_2019-04-24 16:31:34.892624,44,216.18358248923937,0.0,0.0,0.0,False
2_39_78_360_2019-04-25 16:27:00.829040,209,952.2317199553299,0.0,0.0,0.0,False
2_39_78_360_2019-04-26 19:36:59.392041,71,216.02078882481536,0.0,0.0,0.0,False
2_39_78_360_2019-04-27 17:34:14.642845,125,724.1138589823394,0.0,0.0,0.0,False
2_39_78_360_2019-04-29 15:51:02.011368,31,46.84929972050188,0.0,0.0,0.0,False
2_39_78_360_2019-04-30 17:12:19.534977,80,129.41318464498048,0.0,0.0,0.0,False
2_39_78_360_2019-05-01 16:13:17.462183,69,207.8947653564393,0.0,0.0,0.0,False
2_39_78_360_2019-05-06 19:29:40.920822,124,389.0089342449137,0.0,0.0,0.0,False
2_39_78_360_2019-05-07 16:14:54.511520,48,213.78177959016443,0.0,0.0,0.0,False
2_39_78_360_2019-05-08 16:38:09.827802,83,226.9452832176953,0.0,0.0,0.0,False
2_39_78_360_2019-05-08 18:39:30.726295,32,57.39609564941552,0.0,0.0,0.0,False
2_39_78_360_2019-05-08 20:01:26.188298,33,57.14604691261086,0.0,0.0,0.0,False
2_39_78_360_2019-05-09 17:25:00.791439,217,958.2292970617523,0.0,0.0,0.0,False
2_39_78_360_2019-05-10 18:02:02.360273,256,902.2830162536793,0.0,0.0,0.0,False
2_39_78_360_2019-05-13 17:37:25.092447,33,55.19261156797184,0.0,0.0,0.0,False
2_39_78_360_2019-05-13 20:08:26.690475,31,52.22211533404192,0.0,0.0,0.0,False
2_39_78_360_2019-05-14 16:56:27.462809,122,367.17339187671246,0.0,0.0,0.0,False
2_39_78_360_2019-05-15 16:52:39.400554,143,492.843695209774,0.0,0.0,0.0,False
2_39_78_360_2019-05-16 18:29:15.339242,110,353.5652460463764,0.0,0.0,0.0,False
2_39_78_360_2019-05-17 19:09:34.424708,139,854.937087037874,0.0,0.0,0.0,False
2_39_78_360_2019-05-22 16:12:43.794673,125,793.4128776451872,0.0,0.0,0.0,False
2_39_78_360_2019-05-23 18:20:11.964485,150,683.0852518544037,0.0,0.0,0.0,False
2_39_78_360_2019-05-28 16:20:27.416927,31,55.76477748114952,0.0,0.0,0.0,False
2_39_78_360_2019-05-28 17:28:06.852484,32,57.74573777416937,0.0,0.0,0.0,False
2_39_78_360_2019-05-29 17:17:55.928282,136,685.8748961481986,0.0,0.0,0.0,False
2_39_78_360_2019-05-30 17:54:24.041844,249,650.8529658338854,0.0,0.0,0.0,False
2_39_78_360_2019-05-31 17:39:15.993878,31,56.046829625461065,0.0,0.0,0.0,False
2_39_78_360_2019-05-31 22:26:38.722885,119,357.27740634749176,0.0,0.0,0.0,False
2_39_78_360_2019-06-01 18:23:00.087874,31,54.20239257010218,0.0,0.0,0.0,False
2_39_78_360_2019-06-03 18:17:26.435331,32,57.14658896491875,0.0,0.0,0.0,False
2_39_78_360_2019-06-03 19:34:16.087298,32,57.3281699953187,0.0,0.0,0.0,False
2_39_78_360_2019-06-04 17:00:29.863970,8,44.42035450688162,0.0,0.0,0.0,False
2_39_78_360_2019-06-04 17:25:13.808334,45,68.44871582463732,0.0,0.0,0.0,False
2_39_78_360_2019-06-05 17:18:23.059483,108,618.3843425308179,0.0,0.0,0.0,False
2_39_78_360_2019-06-06 16:15:12.990354,110,684.3576909578288,0.0,0.0,0.0,False
2_39_78_360_2019-06-07 20:17:08.653488,121,689.256650782415,0.0,0.0,0.0,False
2_39_78_360_2019-06-10 17:49:53.212994,359,2241.7544257207774,0.0,0.0,0.0,False
2_39_78_360_2019-06-11 17:28:54.000189,278,903.8050509410341,0.0,0.0,0.0,False
2_39_78_360_2019-06-11 23:29:35.195672,114,346.73099722469385,0.0,0.0,0.0,False
2_39_78_360_2019-06-12 17:02:44.482606,256,1431.6907850286134,0.0,0.0,0.0,False
2_39_78_360_2019-06-13 17:57:56.791204,403,2537.005497858969,0.0,0.0,0.0,False
2_39_78_360_2019-06-14 16:30:25.706588,31,51.235545457847294,0.0,0.0,0.0,False
2_39_78_360_2019-06-14 17:54:10.441205,31,51.50572297990756,0.0,0.0,0.0,False
2_39_78_360_2019-06-14 21:27:52.064713,141,462.9120127100832,0.0,0.0,0.0,False
2_39_78_360_2019-06-17 17:51:44.494720,7,37.12358881032258,0.0,0.0,0.0,False
2_39_78_360_2019-06-17 18:15:58.829790,32,57.58417205342891,0.0,0.0,0.0,False
2_39_78_360_2019-06-17 19:07:16.807903,66,106.42690132211202,0.0,0.0,0.0,False
2_39_78_360_2019-06-17 21:42:12.690799,42,74.75420877876348,0.0,0.0,0.0,False
2_39_78_360_2019-06-17 22:45:06.024168,40,68.12546887058824,0.0,0.0,0.0,False
2_39_78_360_2019-06-18 19:06:58.773540,31,57.009646187006766,0.0,0.0,0.0,False
2_39_78_360_2019-06-19 17:09:13.796255,111,695.8468147637889,0.0,0.0,0.0,False
2_39_78_360_2019-06-21 17:20:02.761152,211,450.56882618169897,0.0,0.0,0.0,False
2_39_78_360_2019-06-24 17:02:59.680983,108,402.7443073474816,0.0,0.0,0.0,False
2_39_78_360_2019-06-25 17:27:50.732134,31,51.04026303191708,0.0,0.0,0.0,False
2_39_78_360_2019-06-26 15:46:10.834445,247,835.5713350016183,0.0,0.0,0.0,False
2_39_78_360_2019-06-27 17:33:30.416537,35,60.55620479098801,0.0,0.0,0.0,False
2_39_78_360_2019-06-27 21:58:45.402358,38,63.00217252986129,0.0,0.0,0.0,False
2_39_78_360_2019-07-02 18:40:01.427458,32,50.56757111476253,0.0,0.0,0.0,False
2_39_78_360_2019-07-02 22:33:09.168736,252,703.6794207714205,0.0,0.0,0.0,False
2_39_78_360_2019-07-03 19:46:59.001012,36,63.02042521974919,0.0,0.0,0.0,False
2_39_78_360_2019-07-03 20:55:17.839763,32,57.612448642355425,0.0,0.0,0.0,False
2_39_78_360_2019-07-03 21:47:08.804247,35,61.814799930610526,0.0,0.0,0.0,False
2_39_78_360_2019-07-08 17:21:20.046633,177,502.19973597588285,0.0,0.0,0.0,False
2_39_78_360_2019-07-11 16:49:42.444682,171,319.58837690520807,0.0,0.0,0.0,False
2_39_78_360_2019-07-12 21:09:27.753948,118,370.3871030627747,0.0,0.0,0.0,False
2_39_78_360_2019-07-16 17:10:18.823647,90,412.29124901132064,0.0,0.0,0.0,False
2_39_78_360_2019-07-18 18:09:43.928910,143,733.2505670533199,0.0,0.0,0.0,False
2_39_78_360_2019-07-22 14:01:50.427628,65,191.30626557278293,0.0,0.0,0.0,False
2_39_78_360_2019-07-22 17:57:35.106190,31,52.51993129885521,0.0,0.0,0.0,False
2_39_78_360_2019-07-24 17:17:58.642112,177,734.2527808691741,0.0,0.0,0.0,False
2_39_78_360_2019-07-26 16:52:14.791468,129,601.7702615396039,0.0,0.0,0.0,False
2_39_78_360_2019-07-30 17:32:18.299697,31,54.1905886513294,0.0,0.0,0.0,False
2_39_78_360_2019-07-31 17:15:23.759229,51,281.7374143465777,0.0,0.0,0.0,False
2_39_78_360_2019-08-01 18:36:33.076553,20,32.86924199664329,0.0,0.0,0.0,False
2_39_78_360_2019-08-02 18:21:29.947385,338,1716.3514530639857,0.0,0.0,0.0,False
2_39_78_360_2019-08-07 17:48:01.285660,172,1013.2010884888753,0.0,0.0,0.0,False
2_39_78_360_2019-08-08 20:00:02.916101,113,633.8639974362382,0.0,0.0,0.0,False
2_39_78_360_2019-08-08 22:15:46.370583,176,1152.7263449652705,0.0,0.0,0.0,False
2_39_78_360_2019-08-09 18:14:08.571502,33,50.66359371797656,0.0,0.0,0.0,False
2_39_78_360_2019-08-12 17:29:45.047132,72,408.467061696518,0.0,0.0,0.0,False
2_39_78_360_2019-08-12 21:31:46.624239,174,1018.6272945354665,0.0,0.0,0.0,False
2_39_78_360_2019-08-13 17:58:02.745657,2,3.269812,0.0,0.0,0.0,False
2_39_78_360_2019-08-15 15:57:52.242667,106,659.9894926830052,0.0,0.0,0.0,False
2_39_78_360_2019-08-16 17:05:46.003002,32,56.603405853979964,0.0,0.0,0.0,False
2_39_78_360_2019-08-19 19:55:17.099897,260,1519.6389958273114,0.0,0.0,0.0,False
2_39_78_360_2019-08-20 20:52:35.696513,61,204.1096971370114,0.0,0.0,0.0,False
2_39_78_360_2019-08-21 15:48:44.549313,419,1498.6753299914583,0.0,0.0,0.0,False
2_39_78_360_2019-08-22 15:57:18.193817,148,809.102327191609,0.0,0.0,0.0,False
2_39_78_361_2018-11-02 15:38:46.192537,31,53.186757629617716,0.0,0.0,0.0,False
2_39_78_361_2018-11-05 16:08:24.427351,32,54.6862368244092,0.0,0.0,0.0,False
2_39_78_361_2018-11-05 22:12:20.019683,198,596.8912968394824,0.0,0.0,0.0,False
2_39_78_361_2018-11-06 16:51:09.234728,195,598.5610779247551,0.0,0.0,0.0,False
2_39_78_361_2018-11-07 16:47:10.306007,98,192.2543633769745,0.0,0.0,0.0,False
2_39_78_361_2018-11-08 16:47:38.168838,239,1497.2771302991177,0.0,0.0,0.0,False
2_39_78_361_2018-11-09 15:01:40.504600,314,886.65958571288,0.0,0.0,0.0,False
2_39_78_361_2018-11-10 18:00:13.365103,31,48.9113417923861,0.0,0.0,0.0,False
2_39_78_361_2018-11-12 21:10:59.385453,66,217.13363908137902,0.0,0.0,0.0,False
2_39_78_361_2018-11-13 16:43:24.258845,242,759.1604046905677,0.0,0.0,0.0,False
2_39_78_361_2018-11-14 15:09:55.396198,111,425.43250649655937,0.0,0.0,0.0,False
2_39_78_361_2018-11-14 22:03:16.295146,33,60.0280593890476,0.0,0.0,0.0,False
2_39_78_361_2018-11-15 16:48:22.504726,325,774.9188930749572,0.0,0.0,0.0,False
2_39_78_361_2018-11-16 15:09:06.748544,177,649.8037659502049,0.0,0.0,0.0,False
2_39_78_361_2018-11-16 21:28:22.889220,31,50.99900945779779,0.0,0.0,0.0,False
2_39_78_361_2018-11-17 01:19:51.420477,17,95.89809615484164,0.0,0.0,0.0,False
2_39_78_361_2018-11-17 01:53:57.849343,31,51.53094630924026,0.0,0.0,0.0,False
2_39_78_361_2018-11-19 00:37:25.658808,31,47.45739730434782,0.0,0.0,0.0,False
2_39_78_361_2018-11-19 16:13:53.566193,17,105.52403267646567,0.0,0.0,0.0,False
2_39_78_361_2018-11-19 16:46:57.852766,33,54.253024848424474,0.0,0.0,0.0,False
2_39_78_361_2018-11-20 17:02:51.238366,224,582.1825303597359,0.0,0.0,0.0,False
2_39_78_361_2018-11-26 21:25:19.168954,34,53.39927311660147,0.0,0.0,0.0,False
2_39_78_361_2018-11-28 16:33:35.686051,32,53.006071121568624,0.0,0.0,0.0,False
2_39_78_361_2018-11-28 18:33:02.663978,33,52.500886268000116,0.0,0.0,0.0,False
2_39_78_361_2018-11-29 02:53:03.707752,31,50.404895054933775,0.0,0.0,0.0,False
2_39_78_361_2018-11-29 17:20:06.524039,129,260.4635175844152,0.0,0.0,0.0,False
2_39_78_361_2018-11-30 17:43:30.176850,15,79.18392601077024,0.0,0.0,0.0,False
2_39_78_361_2018-11-30 18:15:12.891212,31,49.83306676025194,0.0,0.0,0.0,False
2_39_78_361_2018-11-30 20:38:28.005179,112,336.7571753870587,0.0,0.0,0.0,False
2_39_78_361_2018-12-03 17:52:51.971840,215,354.71927082648546,0.0,0.0,0.0,False
2_39_78_361_2018-12-04 17:56:09.477223,18,88.75161694952796,0.0,0.0,0.0,False
2_39_78_361_2018-12-04 18:31:28.570824,39,60.026980714388074,0.0,0.0,0.0,False
2_39_78_361_2018-12-05 17:59:47.230041,391,1584.9115848876136,0.0,0.0,0.0,False
2_39_78_361_2018-12-06 19:06:14.717671,23,72.7159101718017,0.0,0.0,0.0,False
2_39_78_361_2018-12-06 19:46:40.178041,37,63.45210801209619,0.0,0.0,0.0,False
2_39_78_361_2018-12-10 18:12:29.122862,220,653.4926006630449,0.0,0.0,0.0,False
2_39_78_361_2018-12-11 17:30:21.901932,31,50.98753987013274,0.0,0.0,0.0,False
2_39_78_361_2018-12-11 19:12:44.330190,232,475.6308462827674,0.0,0.0,0.0,False
2_39_78_361_2018-12-12 21:53:49.539688,250,477.1810979765758,0.0,0.0,0.0,False
2_39_78_361_2018-12-13 16:59:58.419886,14,37.93219382539682,0.0,0.0,0.0,False
2_39_78_361_2018-12-13 18:57:24.395635,96,131.4351980538243,0.0,0.0,0.0,False
2_39_78_361_2018-12-13 21:25:14.876961,55,76.37278422412358,0.0,0.0,0.0,False
2_39_78_361_2018-12-14 17:43:46.781191,51,59.71245170313609,0.0,0.0,0.0,False
2_39_78_361_2018-12-14 21:53:29.992870,43,53.39394408123695,0.0,0.0,0.0,False
2_39_78_361_2018-12-14 23:00:37.198070,62,74.72775567394957,0.0,0.0,0.0,False
2_39_78_361_2018-12-15 04:59:32.003699,254,1458.3611481031762,0.0,0.0,0.0,False
2_39_78_361_2018-12-17 17:38:49.053039,210,551.3919856830847,0.0,0.0,0.0,False
2_39_78_361_2018-12-18 16:52:42.261302,42,51.68880728487975,0.0,0.0,0.0,False
2_39_78_361_2018-12-18 18:31:49.639453,45,52.90148832982865,0.0,0.0,0.0,False
2_39_78_361_2018-12-18 20:08:46.293871,101,112.91724159678037,0.0,0.0,0.0,False
2_39_78_361_2018-12-19 22:55:41.219588,165,975.6515648501662,0.0,0.0,0.0,False
2_39_78_361_2019-01-02 16:12:38.806280,164,616.9567853196431,0.0,0.0,0.0,False
2_39_78_361_2019-01-07 19:33:22.760713,165,498.325043028227,0.0,0.0,0.0,False
2_39_78_361_2019-01-08 21:57:34.975240,129,397.274669610491,0.0,0.0,0.0,False
2_39_78_361_2019-01-09 18:54:54.965239,424,1044.7416670387936,0.0,0.0,0.0,False
2_39_78_361_2019-01-10 21:04:34.897763,230,588.7659235573825,0.0,0.0,0.0,False
2_39_78_361_2019-01-11 18:13:22.586427,41,63.18741333099205,0.0,0.0,0.0,False
2_39_78_361_2019-01-12 03:14:47.379722,54,288.0747446016834,0.0,0.0,0.0,False
2_39_78_361_2019-01-15 18:40:33.911838,116,253.58785638794035,0.0,0.0,0.0,False
2_39_78_361_2019-01-15 20:48:08.929202,127,341.5583256710201,0.0,0.0,0.0,False
2_39_78_361_2019-01-16 18:27:08.074431,145,410.7673369770606,0.0,0.0,0.0,False
2_39_78_361_2019-01-17 17:08:46.707349,286,1087.3604525648395,0.0,0.0,0.0,False
2_39_78_361_2019-01-18 18:26:26.936635,394,1754.1464837130818,0.0,0.0,0.0,False
2_39_78_361_2019-01-22 18:13:32.099007,188,546.5667846922928,0.0,0.0,0.0,False
2_39_78_361_2019-01-23 20:13:27.610866,294,1647.0106313053361,0.0,0.0,0.0,False
2_39_78_361_2019-01-24 19:16:35.164961,87,460.986111435565,0.0,0.0,0.0,False
2_39_78_361_2019-01-25 18:18:53.168750,7,36.464034392344495,0.0,0.0,0.0,False
2_39_78_361_2019-01-25 18:42:32.221388,31,55.10722099284839,0.0,0.0,0.0,False
2_39_78_361_2019-01-29 18:40:46.945734,47,261.91125226303967,0.0,0.0,0.0,False
2_39_78_361_2019-01-29 20:11:35.062805,287,954.4687105685356,0.0,0.0,0.0,False
2_39_78_361_2019-01-30 21:24:23.947240,205,624.1651919854066,0.0,0.0,0.0,False
2_39_78_361_2019-02-01 16:49:53.838364,32,53.39389165229411,0.0,0.0,0.0,False
2_39_78_361_2019-02-01 18:36:55.554738,32,54.165409027754066,0.0,0.0,0.0,False
2_39_78_361_2019-02-01 20:23:48.088693,32,54.109711147079196,0.0,0.0,0.0,False
2_39_78_361_2019-02-01 21:38:38.604142,183,797.0298240884446,0.0,0.0,0.0,False
2_39_78_361_2019-02-04 18:31:39.986918,196,1192.2550372849657,0.0,0.0,0.0,False
2_39_78_361_2019-02-05 16:13:57.939921,27,44.58987629605899,0.0,0.0,0.0,False
2_39_78_361_2019-02-05 16:57:54.104580,37,55.896154171027234,0.0,0.0,0.0,False
2_39_78_361_2019-02-05 20:38:56.911425,25,40.95176695311766,0.0,0.0,0.0,False
2_39_78_361_2019-02-06 21:02:58.070770,127,410.68343020694965,0.0,0.0,0.0,False
2_39_78_361_2019-02-07 17:43:22.164135,303,931.484406028811,0.0,0.0,0.0,False
2_39_78_361_2019-02-11 23:27:13.303542,31,53.85488121294191,0.0,0.0,0.0,False
2_39_78_361_2019-02-12 19:08:42.510411,39,127.9391306925971,0.0,0.0,0.0,False
2_39_78_361_2019-02-12 21:07:26.967427,129,420.2803127120157,0.0,0.0,0.0,False
2_39_78_361_2019-02-13 21:10:07.250365,127,409.5216089999927,0.0,0.0,0.0,False
2_39_78_361_2019-02-14 21:10:33.469178,197,554.2160780267013,0.0,0.0,0.0,False
2_39_78_361_2019-02-15 16:43:41.332671,487,2735.6303394569927,0.0,0.0,0.0,False
2_39_78_361_2019-02-17 05:30:55.101933,31,47.698224256308755,0.0,0.0,0.0,False
2_39_78_361_2019-02-19 16:44:04.521673,539,1470.6956341897367,0.0,0.0,0.0,False
2_39_78_361_2019-02-21 18:20:18.401722,130,705.3803875086554,0.0,0.0,0.0,False
2_39_78_361_2019-02-24 20:07:29.945059,17,98.96660519444065,0.0,0.0,0.0,False
2_39_78_361_2019-02-24 20:40:59.144608,37,57.44039484545719,0.0,0.0,0.0,False
2_39_78_361_2019-02-25 15:23:02.707937,396,968.907345077551,0.0,0.0,0.0,False
2_39_78_361_2019-02-27 16:18:29.539380,27,102.08039966587056,0.0,0.0,0.0,False
2_39_78_361_2019-02-27 17:03:35.572408,26,42.02514253046905,0.0,0.0,0.0,False
2_39_78_361_2019-02-27 18:25:31.944659,32,51.964571876780184,0.0,0.0,0.0,False
2_39_78_361_2019-03-04 21:21:45.227832,26,36.625572921051365,0.0,0.0,0.0,False
2_39_78_361_2019-03-05 15:47:09.536649,71,218.72354371128856,0.0,0.0,0.0,False
2_39_78_361_2019-03-06 15:44:07.549850,33,60.54615112769885,0.0,0.0,0.0,False
2_39_78_361_2019-03-12 19:48:43.081284,128,400.8126138704186,0.0,0.0,0.0,False
2_39_78_361_2019-03-12 23:17:27.344263,113,352.3537104328303,0.0,0.0,0.0,False
2_39_78_361_2019-03-13 16:00:58.925411,122,711.1874560701203,0.0,0.0,0.0,False
2_39_78_361_2019-03-13 18:31:27.891263,32,51.81802246712461,0.0,0.0,0.0,False
2_39_78_361_2019-03-14 16:33:00.195761,259,1129.6443196178097,0.0,0.0,0.0,False
2_39_78_361_2019-03-15 19:04:37.179387,266,1605.4685169735164,0.0,0.0,0.0,False
2_39_78_361_2019-03-19 17:25:36.176041,207,625.5202803702766,0.0,0.0,0.0,False
2_39_78_361_2019-03-20 19:33:09.521559,189,526.238575102214,0.0,0.0,0.0,False
2_39_78_361_2019-03-21 00:15:46.202622,35,62.69544915893904,0.0,0.0,0.0,False
2_39_78_361_2019-03-21 18:32:59.535324,449,2375.0293549421017,0.0,0.0,0.0,False
2_39_78_361_2019-03-22 18:53:25.795520,285,1590.241880851821,0.0,0.0,0.0,False
2_39_78_361_2019-03-26 16:14:17.497417,170,362.35416404043326,0.0,0.0,0.0,False
2_39_78_361_2019-03-27 17:49:38.872220,241,1242.039252463184,0.0,0.0,0.0,False
2_39_78_361_2019-03-28 14:47:35.850883,94,311.5210892102141,0.0,0.0,0.0,False
2_39_78_361_2019-03-28 20:59:27.614248,8,31.176498094691272,0.0,0.0,0.0,False
2_39_78_361_2019-03-28 21:24:30.152095,32,54.34831269019869,0.0,0.0,0.0,False
2_39_78_361_2019-03-29 20:39:28.908647,32,53.624724700622046,0.0,0.0,0.0,False
2_39_78_361_2019-03-30 00:12:53.539748,32,54.35121976099327,0.0,0.0,0.0,False
2_39_78_361_2019-04-01 21:21:54.640981,96,291.2769524825208,0.0,0.0,0.0,False
2_39_78_361_2019-04-02 15:52:38.977403,12,40.35285616438065,0.0,0.0,0.0,False
2_39_78_361_2019-04-02 21:10:08.203747,88,556.3879503473137,0.0,0.0,0.0,False
2_39_78_361_2019-04-04 19:44:02.811062,115,658.1924690469651,0.0,0.0,0.0,False
2_39_78_361_2019-04-09 16:18:48.738826,374,957.5284545776904,0.0,0.0,0.0,False
2_39_78_361_2019-04-10 16:02:38.643472,74,377.38060174459935,0.0,0.0,0.0,False
2_39_78_361_2019-04-11 17:49:41.102185,32,54.660431385177986,0.0,0.0,0.0,False
2_39_78_361_2019-04-11 18:54:50.158752,31,54.53573646112782,0.0,0.0,0.0,False
2_39_78_361_2019-04-16 18:07:32.950178,14,46.89808703028295,0.0,0.0,0.0,False
2_39_78_361_2019-04-16 18:38:10.168557,31,50.73635903731045,0.0,0.0,0.0,False
2_39_78_361_2019-04-16 21:21:14.774788,118,687.5715959373,0.0,0.0,0.0,False
2_39_78_361_2019-04-17 15:23:53.858517,181,890.4922802519493,0.0,0.0,0.0,False
2_39_78_361_2019-04-18 16:03:09.113014,123,722.7884973627118,0.0,0.0,0.0,False
2_39_78_361_2019-04-19 22:03:05.898713,31,50.53549859919374,0.0,0.0,0.0,False
2_39_78_361_2019-04-20 16:27:40.382076,271,925.6626943432345,0.0,0.0,0.0,False
2_39_78_361_2019-04-23 17:34:10.843692,31,49.8968224085614,0.0,0.0,0.0,False
2_39_78_361_2019-04-23 22:54:28.027593,31,49.34847574770392,0.0,0.0,0.0,False
2_39_78_361_2019-04-25 18:36:55.607905,42,109.7259423076858,0.0,0.0,0.0,False
2_39_78_361_2019-04-29 15:14:46.618873,182,586.3383468369519,0.0,0.0,0.0,False
2_39_78_361_2019-04-30 17:12:37.887898,32,54.07410426033892,0.0,0.0,0.0,False
2_39_78_361_2019-04-30 18:25:19.363753,36,59.81121855979791,0.0,0.0,0.0,False
2_39_78_361_2019-04-30 20:07:59.033526,38,54.186692816198686,0.0,0.0,0.0,False
2_39_78_361_2019-05-06 19:32:53.389311,45,96.74550703690886,0.0,0.0,0.0,False
2_39_78_361_2019-05-06 20:33:40.430734,34,61.006095122594836,0.0,0.0,0.0,False
2_39_78_361_2019-05-07 16:27:25.527473,271,829.4312801096373,0.0,0.0,0.0,False
2_39_78_361_2019-05-07 21:33:31.777680,8,46.32448138860106,0.0,0.0,0.0,False
2_39_78_361_2019-05-07 21:57:54.213436,76,318.6999620487583,0.0,0.0,0.0,False
2_39_78_361_2019-05-08 19:34:14.109568,57,112.80332489014552,0.0,0.0,0.0,False
2_39_78_361_2019-05-08 23:21:00.745604,28,87.04949827069954,0.0,0.0,0.0,False
2_39_78_361_2019-05-13 17:12:33.837065,295,703.6892392058508,0.0,0.0,0.0,False
2_39_78_361_2019-05-14 17:01:43.416279,89,146.24318733904747,0.0,0.0,0.0,False
2_39_78_361_2019-05-15 16:23:17.674944,189,495.18110468006216,0.0,0.0,0.0,False
2_39_78_361_2019-05-16 17:11:36.063370,124,640.1385978009853,0.0,0.0,0.0,False
2_39_78_361_2019-05-20 16:16:24.006563,166,720.9214138601479,0.0,0.0,0.0,False
2_39_78_361_2019-05-21 17:38:13.762927,255,523.1593270419337,0.0,0.0,0.0,False
2_39_78_361_2019-05-23 15:52:17.511259,31,43.08694650046815,0.0,0.0,0.0,False
2_39_78_361_2019-05-23 21:51:26.906182,31,43.234561480708535,0.0,0.0,0.0,False
2_39_78_361_2019-05-24 19:38:36.344516,109,340.3975138794642,0.0,0.0,0.0,False
2_39_78_361_2019-05-28 16:57:45.738179,32,57.47262128147401,0.0,0.0,0.0,False
2_39_78_361_2019-05-28 18:32:22.290086,230,1061.2972367919865,0.0,0.0,0.0,False
2_39_78_361_2019-05-29 16:46:12.871094,32,58.3657786596633,0.0,0.0,0.0,False
2_39_78_361_2019-05-30 17:08:51.654089,475,2161.892146984612,0.0,0.0,0.0,False
2_39_78_361_2019-05-31 19:23:02.802940,294,758.9085846925462,0.0,0.0,0.0,False
2_39_78_361_2019-06-01 17:16:13.373228,31,57.29853812707755,0.0,0.0,0.0,False
2_39_78_361_2019-06-03 16:34:13.986433,41,62.834762112636376,0.0,0.0,0.0,False
2_39_78_361_2019-06-04 16:46:34.857708,31,53.96796539026614,0.0,0.0,0.0,False
2_39_78_361_2019-06-04 18:46:04.427170,165,1050.3940424128505,0.0,0.0,0.0,False
2_39_78_361_2019-06-05 18:17:57.972681,29,62.27463322405229,0.0,0.0,0.0,False
2_39_78_361_2019-06-05 19:02:46.596139,96,156.47003391759608,0.0,0.0,0.0,False
2_39_78_361_2019-06-11 16:01:16.273124,99,476.718163012282,0.0,0.0,0.0,False
2_39_78_361_2019-06-12 14:38:24.259069,79,251.8905387065674,0.0,0.0,0.0,False
2_39_78_361_2019-06-13 22:00:11.441355,101,324.7043542488349,0.0,0.0,0.0,False
2_39_78_361_2019-06-14 20:39:15.045680,81,497.5800566079644,0.0,0.0,0.0,False
2_39_78_361_2019-06-19 15:09:34.591036,32,60.2601660511973,0.0,0.0,0.0,False
2_39_78_361_2019-06-21 20:56:36.014534,32,53.35249532597903,0.0,0.0,0.0,False
2_39_78_361_2019-06-26 17:48:37.755185,347,961.551171922888,0.0,0.0,0.0,False
2_39_78_361_2019-07-02 14:31:46.225995,320,1001.9672475474266,0.0,0.0,0.0,False
2_39_78_361_2019-07-08 23:38:26.349030,166,572.4067871259567,0.0,0.0,0.0,False
2_39_78_361_2019-07-09 16:48:39.885461,33,58.075092200543025,0.0,0.0,0.0,False
2_39_78_361_2019-07-11 16:44:51.130722,220,496.1158884770543,0.0,0.0,0.0,False
2_39_78_361_2019-07-12 20:42:14.503202,33,57.033947660363985,0.0,0.0,0.0,False
2_39_78_361_2019-07-15 20:52:29.841270,99,422.1108772089696,0.0,0.0,0.0,False
2_39_78_361_2019-07-16 21:19:05.905206,91,492.85647347255434,0.0,0.0,0.0,False
2_39_78_361_2019-07-18 17:01:37.189865,249,666.4336914010444,0.0,0.0,0.0,False
2_39_78_361_2019-07-19 18:14:19.432505,63,135.09562062749282,0.0,0.0,0.0,False
2_39_78_361_2019-07-24 16:40:53.985620,30,51.86079021701785,0.0,0.0,0.0,False
2_39_78_361_2019-07-24 17:59:00.933240,31,52.775964977370904,0.0,0.0,0.0,False
2_39_78_361_2019-07-24 23:16:52.002828,23,30.4250336184643,0.0,0.0,0.0,False
2_39_78_361_2019-07-25 16:11:58.799281,406,820.9969362388919,0.0,0.0,0.0,False
2_39_78_361_2019-07-31 21:46:45.400201,14,80.86226202405003,0.0,0.0,0.0,False
2_39_78_361_2019-07-31 22:16:51.190331,32,52.215176199570884,0.0,0.0,0.0,False
2_39_78_361_2019-08-07 16:14:44.696858,128,712.4580436739827,0.0,0.0,0.0,False
2_39_78_361_2019-08-07 19:14:29.100971,32,51.8954225936876,0.0,0.0,0.0,False
2_39_78_361_2019-08-08 16:46:40.538113,33,52.62119487771589,0.0,0.0,0.0,False
2_39_78_361_2019-08-09 20:52:23.659341,31,53.97767474820185,0.0,0.0,0.0,False
2_39_78_361_2019-08-14 16:27:06.350789,215,1168.684880571771,0.0,0.0,0.0,False
2_39_78_361_2019-08-16 20:45:23.317076,120,770.2758331940875,0.0,0.0,0.0,False
2_39_78_361_2019-08-21 17:01:35.247559,152,722.0171371874571,0.0,0.0,0.0,False
2_39_78_361_2019-08-22 16:16:29.103731,133,353.14146859093086,0.0,0.0,0.0,False
2_39_78_362_2018-11-01 15:44:44.828722,95,294.4913131992285,0.0,0.0,0.0,False
2_39_78_362_2018-11-02 22:52:10.955437,31,55.52076308642108,0.0,0.0,0.0,False
2_39_78_362_2018-11-03 22:57:43.626510,31,53.88857539855125,0.0,0.0,0.0,False
2_39_78_362_2018-11-05 18:29:36.347891,32,54.506454860082464,0.0,0.0,0.0,False
2_39_78_362_2018-11-05 23:05:51.364443,174,808.5800942231851,0.0,0.0,0.0,False
2_39_78_362_2018-11-06 15:29:31.709463,32,56.51534816241945,0.0,0.0,0.0,False
2_39_78_362_2018-11-07 16:20:19.765188,51,126.89250542718759,0.0,0.0,0.0,False
2_39_78_362_2018-11-08 17:22:47.103000,170,295.284725586605,0.0,0.0,0.0,False
2_39_78_362_2018-11-09 14:56:30.502705,252,1087.0528961411128,0.0,0.0,0.0,False
2_39_78_362_2018-11-12 16:58:52.355348,84,314.05092729537495,0.0,0.0,0.0,False
2_39_78_362_2018-11-13 22:03:57.886636,292,1652.1370124490127,0.0,0.0,0.0,False
2_39_78_362_2018-11-14 16:19:09.854794,80,165.8357286330756,0.0,0.0,0.0,False
2_39_78_362_2018-11-15 14:41:15.419381,57,163.52756347660588,0.0,0.0,0.0,False
2_39_78_362_2018-11-16 15:21:29.594615,112,191.90485608484218,0.0,0.0,0.0,False
2_39_78_362_2018-11-17 17:44:00.238698,53,150.13490059262773,0.0,0.0,0.0,False
2_39_78_362_2018-11-18 20:42:51.001716,33,57.73925864455668,0.0,0.0,0.0,False
2_39_78_362_2018-11-19 17:35:31.960201,180,349.72130706865147,0.0,0.0,0.0,False
2_39_78_362_2018-11-20 17:17:20.096275,261,565.9967099103222,0.0,0.0,0.0,False
2_39_78_362_2018-11-26 18:01:42.543059,261,610.2232911628303,0.0,0.0,0.0,False
2_39_78_362_2018-11-27 17:09:04.458039,336,948.1606647407956,0.0,0.0,0.0,False
2_39_78_362_2018-11-28 16:57:32.353547,32,54.35953259629217,0.0,0.0,0.0,False
2_39_78_362_2018-11-28 22:01:03.678536,89,160.9673398357081,0.0,0.0,0.0,False
2_39_78_362_2018-11-29 19:57:35.145598,207,402.37552911551546,0.0,0.0,0.0,False
2_39_78_362_2018-11-30 17:36:05.572013,113,234.53108062432793,0.0,0.0,0.0,False
2_39_78_362_2018-12-04 19:54:40.692784,302,1462.081808503337,0.0,0.0,0.0,False
2_39_78_362_2018-12-05 17:35:03.779077,371,949.6698998860949,0.0,0.0,0.0,False
2_39_78_362_2018-12-06 17:35:17.902333,420,1213.5779651781857,0.0,0.0,0.0,False
2_39_78_362_2018-12-07 18:22:50.327343,144,292.7115997664387,0.0,0.0,0.0,False
2_39_78_362_2018-12-11 17:01:25.144860,284,1254.006486587891,0.0,0.0,0.0,False
2_39_78_362_2018-12-11 22:34:22.240183,32,53.33438823582846,0.0,0.0,0.0,False
2_39_78_362_2018-12-13 17:58:26.674606,52,77.75882320050928,0.0,0.0,0.0,False
2_39_78_362_2018-12-14 16:10:15.298515,50,211.11954629195242,0.0,0.0,0.0,False
2_39_78_362_2018-12-14 17:16:32.152447,37,58.79753853053214,0.0,0.0,0.0,False
2_39_78_362_2018-12-14 18:24:49.995838,32,55.827430458475106,0.0,0.0,0.0,False
2_39_78_362_2018-12-14 19:39:35.934777,37,59.704148631806206,0.0,0.0,0.0,False
2_39_78_362_2018-12-18 17:02:08.045230,46,67.88162345999669,0.0,0.0,0.0,False
2_39_78_362_2018-12-19 20:52:19.646256,131,409.7927865167295,0.0,0.0,0.0,False
2_39_78_362_2019-01-09 21:48:10.584139,292,666.806638488008,0.0,0.0,0.0,False
2_39_78_362_2019-01-14 16:41:39.250469,224,415.0343738164297,0.0,0.0,0.0,False
2_39_78_362_2019-01-15 19:22:37.424637,238,450.0959120891335,0.0,0.0,0.0,False
2_39_78_362_2019-01-16 19:01:51.478840,174,695.6406268667029,0.0,0.0,0.0,False
2_39_78_362_2019-01-17 20:41:49.551230,145,419.07475519296423,0.0,0.0,0.0,False
2_39_78_362_2019-01-23 19:38:20.691269,70,150.85839338966665,0.0,0.0,0.0,False
2_39_78_362_2019-01-29 01:16:39.468719,100,621.6405306703492,0.0,0.0,0.0,False
2_39_78_362_2019-01-29 21:41:09.731065,201,609.3176778596451,0.0,0.0,0.0,False
2_39_78_362_2019-01-30 18:49:01.787251,32,54.085498455326366,0.0,0.0,0.0,False
2_39_78_362_2019-01-31 16:08:58.911542,135,837.2881155221098,0.0,0.0,0.0,False
2_39_78_362_2019-02-01 18:16:49.369631,122,500.4137519642778,0.0,0.0,0.0,False
2_39_78_362_2019-02-05 03:26:50.234616,61,127.84113029498316,0.0,0.0,0.0,False
2_39_78_362_2019-02-05 19:18:36.657552,228,469.0517148087524,0.0,0.0,0.0,False
2_39_78_362_2019-02-06 19:04:09.845107,98,426.11842295527117,0.0,0.0,0.0,False
2_39_78_362_2019-02-07 00:46:37.865043,24,41.056229429281096,0.0,0.0,0.0,False
2_39_78_362_2019-02-08 21:31:13.423283,126,412.5673610754095,0.0,0.0,0.0,False
2_39_78_362_2019-02-12 19:11:15.589059,45,66.73740806305526,0.0,0.0,0.0,False
2_39_78_362_2019-02-13 15:55:34.039035,81,431.63364115187136,0.0,0.0,0.0,False
2_39_78_362_2019-02-14 15:58:24.572419,254,864.1111516995277,0.0,0.0,0.0,False
2_39_78_362_2019-02-15 19:20:54.117574,298,1602.8740606080719,0.0,0.0,0.0,False
2_39_78_362_2019-02-20 21:03:16.144681,126,406.49431462059033,0.0,0.0,0.0,False
2_39_78_362_2019-02-21 20:42:15.462400,186,435.5159230494055,0.0,0.0,0.0,False
2_39_78_362_2019-02-26 21:02:51.307956,121,400.2889592984968,0.0,0.0,0.0,False
2_39_78_362_2019-02-27 20:09:56.993171,267,1525.5655050283917,0.0,0.0,0.0,False
2_39_78_362_2019-03-07 20:25:47.250919,133,407.6569365399632,0.0,0.0,0.0,False
2_39_78_362_2019-03-12 16:11:44.969709,75,162.6342903578549,0.0,0.0,0.0,False
2_39_78_362_2019-03-14 15:04:03.367269,197,669.7017783913582,0.0,0.0,0.0,False
2_39_78_362_2019-03-15 19:51:38.047040,134,416.1631054634948,0.0,0.0,0.0,False
2_39_78_362_2019-03-18 20:01:33.408761,53,109.84229910562665,0.0,0.0,0.0,False
2_39_78_362_2019-04-01 18:34:27.172117,33,58.96080872869093,0.0,0.0,0.0,False
2_39_78_362_2019-04-03 17:05:33.611901,43,73.78847378069226,0.0,0.0,0.0,False
2_39_78_362_2019-04-04 19:21:11.638568,59,128.33664311025052,0.0,0.0,0.0,False
2_39_78_362_2019-04-09 21:56:13.072315,102,593.8079181189856,0.0,0.0,0.0,False
2_39_78_362_2019-04-10 17:10:49.916789,317,672.1096677404367,0.0,0.0,0.0,False
2_39_78_362_2019-04-11 16:35:01.959064,283,966.3466669860452,0.0,0.0,0.0,False
2_39_78_362_2019-04-12 21:51:27.894261,12,38.51373441714617,0.0,0.0,0.0,False
2_39_78_362_2019-04-15 15:10:38.116590,294,992.0805536718879,0.0,0.0,0.0,False
2_39_78_362_2019-04-16 16:51:59.327693,208,1098.4841439414622,0.0,0.0,0.0,False
2_39_78_362_2019-04-17 20:00:11.040191,124,398.72839339763397,0.0,0.0,0.0,False
2_39_78_362_2019-04-22 17:32:35.752235,32,57.86972937353834,0.0,0.0,0.0,False
2_39_78_362_2019-04-23 19:52:53.936518,40,103.80884051908285,0.0,0.0,0.0,False
2_39_78_362_2019-04-24 20:11:58.445301,77,243.19601325303844,0.0,0.0,0.0,False
2_39_78_362_2019-04-25 17:10:36.599281,157,557.4177202591081,0.0,0.0,0.0,False
2_39_78_362_2019-04-26 15:42:45.759137,108,700.7407123489746,0.0,0.0,0.0,False
2_39_78_362_2019-04-26 23:48:25.264488,89,580.8990054154642,0.0,0.0,0.0,False
2_39_78_362_2019-04-30 17:04:31.009459,222,692.3194724189144,0.0,0.0,0.0,False
2_39_78_362_2019-05-01 16:58:51.960389,207,388.9464395873747,0.0,0.0,0.0,False
2_39_78_362_2019-05-02 17:01:15.631878,113,614.9665368202647,0.0,0.0,0.0,False
2_39_78_362_2019-05-07 16:38:50.417475,31,54.29757118893949,0.0,0.0,0.0,False
2_39_78_362_2019-05-08 19:55:56.059964,58,122.8856689902701,0.0,0.0,0.0,False
2_39_78_362_2019-05-09 18:11:22.480032,296,1790.5804643555334,0.0,0.0,0.0,False
2_39_78_362_2019-05-10 00:46:06.335063,87,262.7652033968822,0.0,0.0,0.0,False
2_39_78_362_2019-05-10 17:39:08.528902,203,819.3271787318865,0.0,0.0,0.0,False
2_39_78_362_2019-05-13 16:23:24.431980,32,60.90811363088043,0.0,0.0,0.0,False
2_39_78_362_2019-05-13 23:52:37.755774,205,724.1640162931027,0.0,0.0,0.0,False
2_39_78_362_2019-05-14 17:01:25.285318,311,953.1678071169698,0.0,0.0,0.0,False
2_39_78_362_2019-05-15 16:04:32.939603,163,329.74105171210454,0.0,0.0,0.0,False
2_39_78_362_2019-05-21 17:23:01.436300,133,393.9270235218273,0.0,0.0,0.0,False
2_39_78_362_2019-05-21 20:17:17.884873,147,408.1103690177545,0.0,0.0,0.0,False
2_39_78_362_2019-05-23 20:52:28.806392,138,875.5082092502055,0.0,0.0,0.0,False
2_39_78_362_2019-05-24 00:51:38.507040,112,341.81617328869595,0.0,0.0,0.0,False
2_39_78_362_2019-05-30 20:12:32.512325,204,986.4589776925762,0.0,0.0,0.0,False
2_39_78_362_2019-05-31 00:59:49.232421,75,225.8636539097163,0.0,0.0,0.0,False
2_39_78_362_2019-06-03 19:46:26.358444,79,379.02986559025777,0.0,0.0,0.0,False
2_39_78_362_2019-06-07 22:41:30.576440,32,58.32158606314257,0.0,0.0,0.0,False
2_39_78_362_2019-06-10 17:27:29.520341,32,56.591067145825136,0.0,0.0,0.0,False
2_39_78_362_2019-06-10 19:29:34.548155,31,55.957329364987125,0.0,0.0,0.0,False
2_39_78_362_2019-06-11 19:37:45.642234,327,1392.44421516629,0.0,0.0,0.0,False
2_39_78_362_2019-06-13 16:45:57.551639,135,375.5905908238711,0.0,0.0,0.0,False
2_39_78_362_2019-06-14 17:00:02.390688,31,49.108799538279364,0.0,0.0,0.0,False
2_39_78_362_2019-06-14 19:38:25.643263,152,415.2570990152908,0.0,0.0,0.0,False
2_39_78_362_2019-06-18 17:18:58.028095,190,665.0668040579154,0.0,0.0,0.0,False
2_39_78_362_2019-06-20 18:06:58.958376,160,541.8399139801422,0.0,0.0,0.0,False
2_39_78_362_2019-06-21 17:22:11.451733,252,703.0653287285413,0.0,0.0,0.0,False
2_39_78_362_2019-06-24 17:21:41.704585,145,558.2924895454524,0.0,0.0,0.0,False
2_39_78_362_2019-06-25 16:58:50.011947,303,1789.2530486372514,0.0,0.0,0.0,False
2_39_78_362_2019-06-26 16:57:44.039009,214,631.0236639443364,0.0,0.0,0.0,False
2_39_78_362_2019-06-27 21:46:02.539790,74,217.90437655449722,0.0,0.0,0.0,False
2_39_78_362_2019-07-08 16:59:59.408978,150,288.3657707038751,0.0,0.0,0.0,False
2_39_78_362_2019-07-09 16:44:08.012641,125,580.7289618122253,0.0,0.0,0.0,False
2_39_78_362_2019-07-12 21:49:06.880351,22,45.93301556819435,0.0,0.0,0.0,False
2_39_78_362_2019-07-15 19:12:45.462844,413,2593.0812517276827,0.0,0.0,0.0,False
2_39_78_362_2019-07-16 16:20:54.261505,30,53.828071435029145,0.0,0.0,0.0,False
2_39_78_362_2019-07-17 23:53:52.552229,46,134.1369868089682,0.0,0.0,0.0,False
2_39_78_362_2019-07-18 17:20:13.774181,31,56.281680654946314,0.0,0.0,0.0,False
2_39_78_362_2019-07-18 20:21:28.443028,123,398.2377579394163,0.0,0.0,0.0,False
2_39_78_362_2019-07-19 19:07:53.379626,256,1584.3583259380018,0.0,0.0,0.0,False
2_39_78_362_2019-07-22 16:16:04.035126,207,724.0464895744342,0.0,0.0,0.0,False
2_39_78_362_2019-07-23 16:27:59.376403,143,954.6692253769497,0.0,0.0,0.0,False
2_39_78_362_2019-07-24 17:15:45.986586,261,602.1849449327694,0.0,0.0,0.0,False
2_39_78_362_2019-07-25 19:37:29.556788,127,407.89623461320383,0.0,0.0,0.0,False
2_39_78_362_2019-07-30 19:54:50.756519,32,56.240242683550754,0.0,0.0,0.0,False
2_39_78_362_2019-07-31 20:30:03.363447,31,51.372737551761254,0.0,0.0,0.0,False
2_39_78_362_2019-08-01 15:40:18.549395,32,57.77772756303263,0.0,0.0,0.0,False
2_39_78_362_2019-08-02 15:00:40.561952,40,255.67291512985884,0.0,0.0,0.0,False
2_39_78_362_2019-08-05 17:04:19.911325,220,1360.9026011671965,0.0,0.0,0.0,False
2_39_78_362_2019-08-07 15:31:39.249535,61,398.93447751090747,0.0,0.0,0.0,False
2_39_78_362_2019-08-09 16:39:05.433257,60,392.485920871683,0.0,0.0,0.0,False
2_39_78_362_2019-08-12 16:31:42.795660,174,1143.626184302514,0.0,0.0,0.0,False
2_39_78_362_2019-08-13 17:04:47.672586,17,102.14311923195157,0.0,0.0,0.0,False
2_39_78_362_2019-08-14 17:21:52.570344,116,657.2685911841531,0.0,0.0,0.0,False
2_39_78_362_2019-08-15 16:59:56.569746,30,53.671112976197605,0.0,0.0,0.0,False
2_39_78_362_2019-08-16 16:45:10.330288,31,55.32123558443935,0.0,0.0,0.0,False
2_39_78_362_2019-08-16 21:43:27.181624,67,144.49559299879567,0.0,0.0,0.0,False
2_39_78_362_2019-08-19 16:55:37.284164,121,591.5971370340525,0.0,0.0,0.0,False
2_39_78_362_2019-08-20 15:32:06.271585,490,2967.629796382585,0.0,0.0,0.0,False
2_39_78_362_2019-08-21 15:54:21.142218,299,803.7278862340545,0.0,0.0,0.0,False
2_39_78_362_2019-08-22 16:15:36.733413,79,152.06520234346908,0.0,0.0,0.0,False
2_39_78_363_2018-11-01 15:38:18.046720,36,56.365841084705835,0.0,0.0,0.0,False
2_39_78_363_2018-11-02 01:58:18.918105,166,591.3768086360644,0.0,0.0,0.0,False
2_39_78_363_2018-11-02 18:36:20.716244,31,39.78815519047218,0.0,0.0,0.0,False
2_39_78_363_2018-11-04 21:01:06.546320,31,50.69839366113198,0.0,0.0,0.0,False
2_39_78_363_2018-11-05 01:31:59.851898,31,50.80768035718635,0.0,0.0,0.0,False
2_39_78_363_2018-11-05 17:27:16.303588,32,55.93671073521077,0.0,0.0,0.0,False
2_39_78_363_2018-11-05 20:39:01.881687,103,216.98418273719142,0.0,0.0,0.0,False
2_39_78_363_2018-11-06 03:23:03.620365,31,50.62377827834419,0.0,0.0,0.0,False
2_39_78_363_2018-11-06 07:00:52.410335,39,99.58264849726874,0.0,0.0,0.0,False
2_39_78_363_2018-11-06 15:04:43.826390,326,1100.6621666446306,0.0,0.0,0.0,False
2_39_78_363_2018-11-07 17:08:53.126168,57,129.04477921555008,0.0,0.0,0.0,False
2_39_78_363_2018-11-08 15:03:14.775769,269,891.6285460559288,0.0,0.0,0.0,False
2_39_78_363_2018-11-08 20:18:27.931887,32,51.83788251737058,0.0,0.0,0.0,False
2_39_78_363_2018-11-09 00:06:49.627989,39,98.51953593683417,0.0,0.0,0.0,False
2_39_78_363_2018-11-09 15:07:52.516811,353,1162.5093638637088,0.0,0.0,0.0,False
2_39_78_363_2018-11-12 15:03:07.621342,413,1186.5959154115722,0.0,0.0,0.0,False
2_39_78_363_2018-11-13 00:23:12.643161,87,297.040477219943,0.0,0.0,0.0,False
2_39_78_363_2018-11-13 15:11:26.864704,238,1092.241168346669,0.0,0.0,0.0,False
2_39_78_363_2018-11-13 20:26:49.555600,133,399.7430873509662,0.0,0.0,0.0,False
2_39_78_363_2018-11-14 18:08:42.976302,32,56.164989929505815,0.0,0.0,0.0,False
2_39_78_363_2018-11-14 20:27:10.620840,31,47.18434165421272,0.0,0.0,0.0,False
2_39_78_363_2018-11-15 17:37:59.465112,31,54.11769093992068,0.0,0.0,0.0,False
2_39_78_363_2018-11-15 21:32:56.765613,41,67.33861927455067,0.0,0.0,0.0,False
2_39_78_363_2018-11-16 15:05:59.885646,260,1077.020852287515,0.0,0.0,0.0,False
2_39_78_363_2018-11-16 20:23:13.862157,121,404.44208007004505,0.0,0.0,0.0,False
2_39_78_363_2018-11-19 18:30:22.428040,378,849.1369101780758,0.0,0.0,0.0,False
2_39_78_363_2018-11-20 17:11:07.308631,86,236.05259327725858,0.0,0.0,0.0,False
2_39_78_363_2018-11-27 16:44:28.111106,615,2439.058211619387,0.0,0.0,0.0,False
2_39_78_363_2018-11-28 17:31:51.993153,261,565.0732713936387,0.0,0.0,0.0,False
2_39_78_363_2018-11-29 17:12:14.390596,41,68.00531081815072,0.0,0.0,0.0,False
2_39_78_363_2018-11-29 18:56:31.240357,68,93.49576390495474,0.0,0.0,0.0,False
2_39_78_363_2018-11-30 17:18:45.536941,167,405.91625780365365,0.0,0.0,0.0,False
2_39_78_363_2018-12-03 18:08:07.971822,410,778.1318336238838,0.0,0.0,0.0,False
2_39_78_363_2018-12-04 18:54:00.892204,28,118.66609338811129,0.0,0.0,0.0,False
2_39_78_363_2018-12-05 20:49:06.529687,67,109.34552232930928,0.0,0.0,0.0,False
2_39_78_363_2018-12-06 17:45:03.227300,54,135.2325569336355,0.0,0.0,0.0,False
2_39_78_363_2018-12-07 18:41:13.840032,207,891.7310633012288,0.0,0.0,0.0,False
2_39_78_363_2018-12-10 18:05:07.557980,113,649.9202209269914,0.0,0.0,0.0,False
2_39_78_363_2018-12-11 21:04:38.646371,120,255.00218710553938,0.0,0.0,0.0,False
2_39_78_363_2018-12-12 19:23:35.261298,243,532.2357375140981,0.0,0.0,0.0,False
2_39_78_363_2018-12-13 19:42:47.288224,74,138.84913298344793,0.0,0.0,0.0,False
2_39_78_363_2018-12-14 20:08:24.924143,135,407.48917229656826,0.0,0.0,0.0,False
2_39_78_363_2018-12-17 17:42:48.815751,76,155.1359183884113,0.0,0.0,0.0,False
2_39_78_363_2018-12-18 17:10:48.991160,81,131.06385122240877,0.0,0.0,0.0,False
2_39_78_363_2018-12-19 16:20:59.735403,242,849.1748519781775,0.0,0.0,0.0,False
2_39_78_363_2018-12-20 19:46:52.158966,38,60.465676370483706,0.0,0.0,0.0,False
2_39_78_363_2018-12-20 21:41:19.339007,44,63.95922078202337,0.0,0.0,0.0,False
2_39_78_363_2019-01-04 21:16:49.838192,130,364.9905791410202,0.0,0.0,0.0,False
2_39_78_363_2019-01-07 23:35:24.653618,340,981.1100242280638,0.0,0.0,0.0,False
2_39_78_363_2019-01-08 16:57:46.658847,357,1556.5028420573474,0.0,0.0,0.0,False
2_39_78_363_2019-01-10 20:16:47.798375,57,118.84824670796152,0.0,0.0,0.0,False
2_39_78_363_2019-01-11 23:10:51.851682,34,57.057871254802315,0.0,0.0,0.0,False
2_39_78_363_2019-01-14 16:31:17.433849,452,1816.4518619995215,0.0,0.0,0.0,False
2_39_78_363_2019-01-15 01:37:59.455862,237,1312.226015365372,0.0,0.0,0.0,False
2_39_78_363_2019-01-15 18:32:15.553952,32,57.56693189545074,0.0,0.0,0.0,False
2_39_78_363_2019-01-15 20:32:45.499747,15,32.719861577573774,0.0,0.0,0.0,False
2_39_78_363_2019-01-15 21:18:12.685489,41,58.2475115016157,0.0,0.0,0.0,False
2_39_78_363_2019-01-16 16:22:29.440910,224,674.630299731984,0.0,0.0,0.0,False
2_39_78_363_2019-01-17 17:04:19.822772,361,849.4879430733129,0.0,0.0,0.0,False
2_39_78_363_2019-01-18 20:38:22.069338,127,316.13891498332305,0.0,0.0,0.0,False
2_39_78_363_2019-01-22 17:52:32.339636,347,1567.6208837259874,0.0,0.0,0.0,False
2_39_78_363_2019-01-24 00:08:27.269688,132,571.9400949071711,0.0,0.0,0.0,False
2_39_78_363_2019-01-24 16:32:04.849617,89,544.1250187094461,0.0,0.0,0.0,False
2_39_78_363_2019-01-25 06:29:30.540725,363,2142.2013522056163,0.0,0.0,0.0,False
2_39_78_363_2019-01-28 18:46:07.002615,60,167.12828809650378,0.0,0.0,0.0,False
2_39_78_363_2019-01-29 17:29:35.657417,57,317.7867826225673,0.0,0.0,0.0,False
2_39_78_363_2019-01-29 19:11:24.317082,33,52.48598734039286,0.0,0.0,0.0,False
2_39_78_363_2019-01-30 15:07:57.118395,131,805.2646303899339,0.0,0.0,0.0,False
2_39_78_363_2019-01-31 17:07:02.830738,119,706.1006652993478,0.0,0.0,0.0,False
2_39_78_363_2019-02-01 17:00:07.627250,77,426.41347242898485,0.0,0.0,0.0,False
2_39_78_363_2019-02-01 18:16:35.497676,33,54.26181694954727,0.0,0.0,0.0,False
2_39_78_363_2019-02-05 18:03:48.330279,253,474.60744739730666,0.0,0.0,0.0,False
2_39_78_363_2019-02-06 16:43:17.574068,117,675.6150824409465,0.0,0.0,0.0,False
2_39_78_363_2019-02-07 16:37:30.780653,105,700.8852858881235,0.0,0.0,0.0,False
2_39_78_363_2019-02-08 17:09:28.824743,293,725.1949967203713,0.0,0.0,0.0,False
2_39_78_363_2019-02-09 00:00:51.985556,123,644.7384706450964,0.0,0.0,0.0,False
2_39_78_363_2019-02-11 18:10:17.913419,201,1113.4829268561625,0.0,0.0,0.0,False
2_39_78_363_2019-02-12 16:17:13.528997,53,144.10520076808692,0.0,0.0,0.0,False
2_39_78_363_2019-02-13 17:54:25.919928,110,471.90629743063687,0.0,0.0,0.0,False
2_39_78_363_2019-02-14 16:52:59.271688,102,311.22390728476654,0.0,0.0,0.0,False
2_39_78_363_2019-02-15 17:15:39.371765,48,126.76389760791761,0.0,0.0,0.0,False
2_39_78_363_2019-02-19 17:09:10.924751,544,1464.778438064896,0.0,0.0,0.0,False
2_39_78_363_2019-02-20 19:26:43.649400,163,466.6876648091031,0.0,0.0,0.0,False
2_39_78_363_2019-02-20 22:27:37.586537,35,57.284365684996416,0.0,0.0,0.0,False
2_39_78_363_2019-02-22 18:07:23.700280,136,707.905167340368,0.0,0.0,0.0,False
2_39_78_363_2019-02-25 18:15:42.245670,96,198.5358877228745,0.0,0.0,0.0,False
2_39_78_363_2019-02-25 22:07:21.927461,207,780.3429746941432,0.0,0.0,0.0,False
2_39_78_363_2019-02-26 19:15:07.851201,197,592.1750270291197,0.0,0.0,0.0,False
2_39_78_363_2019-02-27 16:48:10.008488,163,819.7942199632707,0.0,0.0,0.0,False
2_39_78_363_2019-03-01 20:40:09.749842,126,404.7141831869656,0.0,0.0,0.0,False
2_39_78_363_2019-03-05 16:38:33.526547,91,530.0759643246805,0.0,0.0,0.0,False
2_39_78_363_2019-03-06 20:27:43.777414,110,341.63623036779694,0.0,0.0,0.0,False
2_39_78_363_2019-03-07 22:34:54.263425,30,54.69601525860462,0.0,0.0,0.0,False
2_39_78_363_2019-03-11 19:39:07.147882,116,355.93209185101125,0.0,0.0,0.0,False
2_39_78_363_2019-03-12 16:11:04.691216,207,1258.005568042633,0.0,0.0,0.0,False
2_39_78_363_2019-03-12 20:51:54.080657,32,57.309291661688086,0.0,0.0,0.0,False
2_39_78_363_2019-03-13 17:46:42.343122,63,178.20270791038595,0.0,0.0,0.0,False
2_39_78_363_2019-03-14 16:11:36.901021,357,2004.5622332490827,0.0,0.0,0.0,False
2_39_78_363_2019-03-19 17:31:52.062761,70,142.37216134220526,0.0,0.0,0.0,False
2_39_78_363_2019-03-20 16:58:24.502598,135,708.3140655829576,0.0,0.0,0.0,False
2_39_78_363_2019-03-22 19:27:08.066899,126,401.620275341042,0.0,0.0,0.0,False
2_39_78_363_2019-03-25 15:55:01.235341,268,1793.5095207516872,0.0,0.0,0.0,False
2_39_78_363_2019-03-26 18:39:10.084897,31,49.63166656175022,0.0,0.0,0.0,False
2_39_78_363_2019-03-27 17:41:33.278495,111,335.35461033840204,0.0,0.0,0.0,False
2_39_78_363_2019-03-28 20:40:39.439405,31,54.654310825130636,0.0,0.0,0.0,False
2_39_78_363_2019-04-01 20:58:56.333997,20,53.62207223691385,0.0,0.0,0.0,False
2_39_78_363_2019-04-02 18:11:24.179137,60,374.5569411838312,0.0,0.0,0.0,False
2_39_78_363_2019-04-02 19:11:00.422705,65,135.34572668935974,0.0,0.0,0.0,False
2_39_78_363_2019-04-03 17:00:15.448444,93,544.9743477528141,0.0,0.0,0.0,False
2_39_78_363_2019-04-04 19:31:00.234769,33,55.08327118140914,0.0,0.0,0.0,False
2_39_78_363_2019-04-05 21:15:28.766701,276,949.3653096629304,0.0,0.0,0.0,False
2_39_78_363_2019-04-08 17:21:01.392505,26,44.71667146368953,0.0,0.0,0.0,False
2_39_78_363_2019-04-09 16:06:14.991757,210,859.1999479210306,0.0,0.0,0.0,False
2_39_78_363_2019-04-10 20:13:24.917511,126,413.2306149772749,0.0,0.0,0.0,False
2_39_78_363_2019-04-11 19:23:20.779186,142,403.0687483161004,0.0,0.0,0.0,False
2_39_78_363_2019-04-12 17:08:18.971901,109,665.6416282402404,0.0,0.0,0.0,False
2_39_78_363_2019-04-16 16:33:39.679194,269,948.5237446724856,0.0,0.0,0.0,False
2_39_78_363_2019-04-17 15:46:16.462247,31,55.91345522442143,0.0,0.0,0.0,False
2_39_78_363_2019-04-17 16:35:50.123396,118,332.42955971378785,0.0,0.0,0.0,False
2_39_78_363_2019-04-18 17:15:41.014426,135,858.8447165009725,0.0,0.0,0.0,False
2_39_78_363_2019-04-22 15:23:09.074933,92,474.2020987041053,0.0,0.0,0.0,False
2_39_78_363_2019-04-22 18:37:11.643634,121,398.01543329240116,0.0,0.0,0.0,False
2_39_78_363_2019-04-25 16:06:20.450162,216,703.1526965776702,0.0,0.0,0.0,False
2_39_78_363_2019-04-26 18:55:57.938091,121,395.9954035822506,0.0,0.0,0.0,False
2_39_78_363_2019-04-30 17:32:22.324075,195,632.4521406153752,0.0,0.0,0.0,False
2_39_78_363_2019-05-01 16:50:58.314373,52,108.73210172576994,0.0,0.0,0.0,False
2_39_78_363_2019-05-02 20:29:30.668885,31,55.77969890630079,0.0,0.0,0.0,False
2_39_78_363_2019-05-02 21:16:02.013263,49,317.78685515954265,0.0,0.0,0.0,False
2_39_78_363_2019-05-03 14:59:59.634513,89,285.76551478688594,0.0,0.0,0.0,False
2_39_78_363_2019-05-06 21:09:32.615138,163,336.79751066882943,0.0,0.0,0.0,False
2_39_78_363_2019-05-07 15:38:34.896360,149,829.346154890128,0.0,0.0,0.0,False
2_39_78_363_2019-05-08 15:48:46.304087,32,51.96630721005275,0.0,0.0,0.0,False
2_39_78_363_2019-05-09 19:49:36.108319,120,394.9071695055306,0.0,0.0,0.0,False
2_39_78_363_2019-05-10 19:14:40.828080,202,780.6748287073657,0.0,0.0,0.0,False
2_39_78_363_2019-05-13 15:21:14.481161,184,851.8338948188108,0.0,0.0,0.0,False
2_39_78_363_2019-05-14 16:40:55.455680,185,671.8425544936698,0.0,0.0,0.0,False
2_39_78_363_2019-05-15 16:12:03.648642,61,400.43605041314794,0.0,0.0,0.0,False
2_39_78_363_2019-05-15 17:18:43.167080,52,272.5452035207977,0.0,0.0,0.0,False
2_39_78_363_2019-05-15 19:29:24.735775,115,365.1639948104132,0.0,0.0,0.0,False
2_39_78_363_2019-05-16 18:02:56.107407,229,709.5342459061708,0.0,0.0,0.0,False
2_39_78_363_2019-05-17 17:13:04.587367,49,130.4019638866485,0.0,0.0,0.0,False
2_39_78_363_2019-05-20 17:06:45.222635,129,477.89087689886884,0.0,0.0,0.0,False
2_39_78_363_2019-05-21 17:49:35.524609,443,1208.2284799992785,0.0,0.0,0.0,False
2_39_78_363_2019-05-22 18:08:43.784084,347,2150.2875046255635,0.0,0.0,0.0,False
2_39_78_363_2019-05-23 17:42:00.511775,51,98.55769279848167,0.0,0.0,0.0,False
2_39_78_363_2019-05-24 15:10:59.486688,61,324.10555643225604,0.0,0.0,0.0,False
2_39_78_363_2019-05-28 17:09:46.683352,426,2641.06221639975,0.0,0.0,0.0,False
2_39_78_363_2019-05-29 22:19:14.408103,85,252.60131181753624,0.0,0.0,0.0,False
2_39_78_363_2019-05-30 16:32:14.769048,246,1332.4025497077032,0.0,0.0,0.0,False
2_39_78_363_2019-05-31 17:08:57.218129,290,1254.683454222241,0.0,0.0,0.0,False
2_39_78_363_2019-06-03 16:59:23.417034,208,743.4824833905737,0.0,0.0,0.0,False
2_39_78_363_2019-06-05 20:28:17.128541,27,123.02841055194595,0.0,0.0,0.0,False
2_39_78_363_2019-06-07 19:22:17.152757,61,129.11575298306983,0.0,0.0,0.0,False
2_39_78_363_2019-06-10 18:01:18.378150,104,562.7440776138725,0.0,0.0,0.0,False
2_39_78_363_2019-06-11 17:54:29.486105,121,305.3149503138275,0.0,0.0,0.0,False
2_39_78_363_2019-06-11 19:56:56.805888,50,89.02971935733818,0.0,0.0,0.0,False
2_39_78_363_2019-06-12 17:09:38.983528,31,53.57606578639534,0.0,0.0,0.0,False
2_39_78_363_2019-06-12 17:49:46.099761,31,53.83611656841547,0.0,0.0,0.0,False
2_39_78_363_2019-06-12 19:50:01.855888,292,994.8345378355325,0.0,0.0,0.0,False
2_39_78_363_2019-06-13 17:59:23.840369,32,51.03511418515245,0.0,0.0,0.0,False
2_39_78_363_2019-06-17 20:17:27.440610,120,396.9940521596648,0.0,0.0,0.0,False
2_39_78_363_2019-06-18 18:01:13.677057,195,992.2056763915091,0.0,0.0,0.0,False
2_39_78_363_2019-06-19 15:49:58.695460,73,428.62966227112855,0.0,0.0,0.0,False
2_39_78_363_2019-06-20 20:37:29.486373,87,475.8167128031352,0.0,0.0,0.0,False
2_39_78_363_2019-06-21 18:32:00.370192,124,410.35786860514764,0.0,0.0,0.0,False
2_39_78_363_2019-06-24 21:06:53.743870,158,549.2136777946434,0.0,0.0,0.0,False
2_39_78_363_2019-06-25 16:40:42.379830,171,311.896353487135,0.0,0.0,0.0,False
2_39_78_363_2019-06-26 16:35:26.713363,216,848.2646797750498,0.0,0.0,0.0,False
2_39_78_363_2019-06-27 19:26:31.130078,121,395.5772873172462,0.0,0.0,0.0,False
2_39_78_363_2019-07-02 23:45:01.519590,124,360.08008335858386,0.0,0.0,0.0,False
2_39_78_363_2019-07-08 22:00:36.113670,31,52.2026166141608,0.0,0.0,0.0,False
2_39_78_363_2019-07-09 17:15:45.041453,61,112.96719467270377,0.0,0.0,0.0,False
2_39_78_363_2019-07-10 20:29:25.137897,59,124.59799241684208,0.0,0.0,0.0,False
2_39_78_363_2019-07-11 20:07:38.956178,36,60.32618272438065,0.0,0.0,0.0,False
2_39_78_363_2019-07-11 21:20:05.486296,33,54.881198906368624,0.0,0.0,0.0,False
2_39_78_363_2019-07-15 18:59:50.825066,268,760.4093759229423,0.0,0.0,0.0,False
2_39_78_363_2019-07-16 16:37:11.939023,108,271.73924379707904,0.0,0.0,0.0,False
2_39_78_363_2019-07-17 17:22:30.917375,128,573.8601055320981,0.0,0.0,0.0,False
2_39_78_363_2019-07-18 21:35:53.049405,149,442.0933672941325,0.0,0.0,0.0,False
2_39_78_363_2019-07-19 19:10:49.312954,128,417.9951706671076,0.0,0.0,0.0,False
2_39_78_363_2019-07-22 20:35:42.084523,32,56.5117851028143,0.0,0.0,0.0,False
2_39_78_363_2019-07-22 21:20:47.337613,63,409.47685656760234,0.0,0.0,0.0,False
2_39_78_363_2019-07-22 23:23:27.427966,74,469.1428024421012,0.0,0.0,0.0,False
2_39_78_363_2019-07-23 17:03:13.917735,84,344.9815441853159,0.0,0.0,0.0,False
2_39_78_363_2019-07-24 23:36:46.816942,65,208.22541911237826,0.0,0.0,0.0,False
2_39_78_363_2019-07-25 16:23:57.522065,96,171.5875591183461,0.0,0.0,0.0,False
2_39_78_363_2019-07-26 16:21:55.497871,127,410.6467194948329,0.0,0.0,0.0,False
2_39_78_363_2019-07-30 18:42:36.020828,78,132.31866652941196,0.0,0.0,0.0,False
2_39_78_363_2019-07-31 17:53:29.962054,51,142.17749784883696,0.0,0.0,0.0,False
2_39_78_363_2019-07-31 19:23:02.887270,123,405.4477896197225,0.0,0.0,0.0,False
2_39_78_363_2019-08-01 18:50:46.347916,165,991.7391964684036,0.0,0.0,0.0,False
2_39_78_363_2019-08-02 18:54:36.898518,31,53.83857590037264,0.0,0.0,0.0,False
2_39_78_363_2019-08-08 18:57:43.835313,123,398.2410620542997,0.0,0.0,0.0,False
2_39_78_363_2019-08-09 19:52:15.457394,64,202.09596643560573,0.0,0.0,0.0,False
2_39_78_363_2019-08-14 17:03:44.841424,163,371.5580363858715,0.0,0.0,0.0,False
2_39_78_363_2019-08-16 16:49:02.934078,80,153.77698865940255,0.0,0.0,0.0,False
2_39_78_363_2019-08-20 23:52:17.106058,271,943.587069041436,0.0,0.0,0.0,False
2_39_78_363_2019-08-21 15:49:47.904340,31,52.97955764420699,0.0,0.0,0.0,False
2_39_78_363_2019-08-21 22:49:18.850522,88,556.9855964564334,0.0,0.0,0.0,False
2_39_78_363_2019-08-22 17:45:14.415020,38,60.371601154954064,0.0,0.0,0.0,False
2_39_78_363_2019-08-22 21:21:43.769293,29,165.87160653869256,0.0,0.0,0.0,False
2_39_78_363_2019-08-22 21:55:13.959038,50,301.2646120811612,0.0,0.0,0.0,False
2_39_78_364_2018-11-01 15:48:12.825728,36,60.37743428571389,0.0,0.0,0.0,False
2_39_78_364_2018-11-02 15:31:23.931807,31,52.3969897220564,0.0,0.0,0.0,False
2_39_78_364_2018-11-04 02:10:08.418061,31,53.57604868881047,0.0,0.0,0.0,False
2_39_78_364_2018-11-05 17:55:45.004910,267,1001.0199849129068,0.0,0.0,0.0,False
2_39_78_364_2018-11-06 17:12:51.617863,200,708.7237191760302,0.0,0.0,0.0,False
2_39_78_364_2018-11-07 19:10:48.689356,33,57.31527153989057,0.0,0.0,0.0,False
2_39_78_364_2018-11-08 16:15:35.310558,294,599.0605279351838,0.0,0.0,0.0,False
2_39_78_364_2018-11-09 16:00:34.741608,194,330.70445875873634,0.0,0.0,0.0,False
2_39_78_364_2018-11-09 21:08:30.524147,122,393.4540719385461,0.0,0.0,0.0,False
2_39_78_364_2018-11-12 14:47:37.534865,162,504.77449520458237,0.0,0.0,0.0,False
2_39_78_364_2018-11-12 23:47:02.505002,154,527.4329156739683,0.0,0.0,0.0,False
2_39_78_364_2018-11-13 16:48:34.699906,44,74.3892150407786,0.0,0.0,0.0,False
2_39_78_364_2018-11-14 16:40:51.527391,64,174.63222840174583,0.0,0.0,0.0,False
2_39_78_364_2018-11-15 19:46:29.655892,97,266.4426996576632,0.0,0.0,0.0,False
2_39_78_364_2018-11-16 16:38:59.704664,50,136.72828539892737,0.0,0.0,0.0,False
2_39_78_364_2018-11-16 21:20:06.828440,129,382.3667711515984,0.0,0.0,0.0,False
2_39_78_364_2018-11-17 14:46:21.193601,217,1425.9942787542475,0.0,0.0,0.0,False
2_39_78_364_2018-11-19 17:28:17.727697,61,167.02185106412,0.0,0.0,0.0,False
2_39_78_364_2018-11-20 16:43:12.603378,31,53.830616183040526,0.0,0.0,0.0,False
2_39_78_364_2018-11-26 15:17:14.360541,154,582.8431319926127,0.0,0.0,0.0,False
2_39_78_364_2018-11-28 16:48:11.700507,328,831.9995858300714,0.0,0.0,0.0,False
2_39_78_364_2018-11-29 19:01:19.098570,398,983.7413078200691,0.0,0.0,0.0,False
2_39_78_364_2018-11-30 17:00:45.187220,190,1173.809066407099,0.0,0.0,0.0,False
2_39_78_364_2018-12-03 18:04:11.462276,335,700.0426083252793,0.0,0.0,0.0,False
2_39_78_364_2018-12-04 19:16:55.110555,32,65.14945212475305,0.0,0.0,0.0,False
2_39_78_364_2018-12-06 20:01:17.840489,39,119.68438606881094,0.0,0.0,0.0,False
2_39_78_364_2018-12-07 18:35:55.279861,32,50.77597731506508,0.0,0.0,0.0,False
2_39_78_364_2018-12-07 21:59:14.400368,182,555.4362076604233,0.0,0.0,0.0,False
2_39_78_364_2018-12-10 18:18:38.041082,108,523.6571506708023,0.0,0.0,0.0,False
2_39_78_364_2018-12-11 18:00:14.104204,252,527.5573087198486,0.0,0.0,0.0,False
2_39_78_364_2018-12-13 17:31:33.830795,71,431.98399937236854,0.0,0.0,0.0,False
2_39_78_364_2018-12-15 07:46:05.897249,369,2370.4578678209373,0.0,0.0,0.0,False
2_39_78_364_2018-12-18 16:54:53.728555,140,443.59914462534266,0.0,0.0,0.0,False
2_39_78_364_2018-12-19 00:40:00.518244,43,88.93052559557916,0.0,0.0,0.0,False
2_39_78_364_2018-12-20 07:24:44.550621,169,1053.1753284088802,0.0,0.0,0.0,False
2_39_78_364_2019-01-02 21:52:57.631245,232,612.3148474576235,0.0,0.0,0.0,False
2_39_78_364_2019-01-03 20:52:15.328486,65,353.70767532298777,0.0,0.0,0.0,False
2_39_78_364_2019-01-04 21:33:42.635831,206,1356.3014342396484,0.0,0.0,0.0,False
2_39_78_364_2019-01-08 20:55:42.183003,127,401.7754183003,0.0,0.0,0.0,False
2_39_78_364_2019-01-09 21:28:43.980504,159,408.7523495173505,0.0,0.0,0.0,False
2_39_78_364_2019-01-15 18:56:58.200185,202,471.06225139175984,0.0,0.0,0.0,False
2_39_78_364_2019-01-16 18:24:43.451473,237,536.1608620860198,0.0,0.0,0.0,False
2_39_78_364_2019-01-17 16:50:28.492704,32,51.27137859302243,0.0,0.0,0.0,False
2_39_78_364_2019-01-18 20:36:09.690805,205,570.4148682480572,0.0,0.0,0.0,False
2_39_78_364_2019-01-22 23:51:09.571688,144,494.4553827193826,0.0,0.0,0.0,False
2_39_78_364_2019-01-23 23:03:09.441930,27,45.535983808065616,0.0,0.0,0.0,False
2_39_78_364_2019-01-24 21:14:48.002608,181,500.99549464397035,0.0,0.0,0.0,False
2_39_78_364_2019-01-25 18:25:04.284140,96,552.9804287068453,0.0,0.0,0.0,False
2_39_78_364_2019-01-28 18:37:25.379835,32,53.48573538268857,0.0,0.0,0.0,False
2_39_78_364_2019-01-29 17:51:36.705140,383,759.3526590203674,0.0,0.0,0.0,False
2_39_78_364_2019-01-30 18:32:30.221517,89,518.254165430927,0.0,0.0,0.0,False
2_39_78_364_2019-01-30 21:04:01.702129,31,48.42521205178396,0.0,0.0,0.0,False
2_39_78_364_2019-02-01 21:19:33.339539,76,236.4223400950865,0.0,0.0,0.0,False
2_39_78_364_2019-02-05 18:14:04.343498,350,838.5886711956482,0.0,0.0,0.0,False
2_39_78_364_2019-02-06 21:05:19.101659,220,653.711000204046,0.0,0.0,0.0,False
2_39_78_364_2019-02-07 21:31:02.658593,217,596.3081135132159,0.0,0.0,0.0,False
2_39_78_364_2019-02-08 16:30:48.579674,294,983.5797548119908,0.0,0.0,0.0,False
2_39_78_364_2019-02-11 23:38:37.382319,57,178.1637188812622,0.0,0.0,0.0,False
2_39_78_364_2019-02-12 18:48:13.706276,557,3143.0753710705176,0.0,0.0,0.0,False
2_39_78_364_2019-02-14 20:18:36.778891,69,142.12139218330069,0.0,0.0,0.0,False
2_39_78_364_2019-02-19 18:27:28.240955,501,909.6287399630648,0.0,0.0,0.0,False
2_39_78_364_2019-02-20 18:59:31.716139,63,128.9787761223364,0.0,0.0,0.0,False
2_39_78_364_2019-02-21 21:27:17.812896,32,52.576554423213,0.0,0.0,0.0,False
2_39_78_364_2019-02-25 21:36:09.270136,177,363.8208566313828,0.0,0.0,0.0,False
2_39_78_364_2019-02-26 18:05:06.797229,171,703.3809164025649,0.0,0.0,0.0,False
2_39_78_364_2019-02-27 15:17:04.546776,80,257.0928257666763,0.0,0.0,0.0,False
2_39_78_364_2019-02-28 15:51:51.065929,164,531.7079935249866,0.0,0.0,0.0,False
2_39_78_364_2019-03-04 20:40:46.606403,125,400.3192899794095,0.0,0.0,0.0,False
2_39_78_364_2019-03-05 19:41:56.886516,67,139.56875881489663,0.0,0.0,0.0,False
2_39_78_364_2019-03-06 18:04:34.351866,2,3.622773818181818,0.0,0.0,0.0,False
2_39_78_364_2019-03-07 15:58:21.836802,229,715.3148986164169,0.0,0.0,0.0,False
2_39_78_364_2019-03-08 16:26:46.562523,82,264.55212198188605,0.0,0.0,0.0,False
2_39_78_364_2019-03-12 19:32:26.743153,48,124.42397971421943,0.0,0.0,0.0,False
2_39_78_364_2019-03-12 21:53:50.961976,84,241.02564009839375,0.0,0.0,0.0,False
2_39_78_364_2019-03-13 20:19:44.220666,104,600.6279148541215,0.0,0.0,0.0,False
2_39_78_364_2019-03-18 15:19:49.282793,292,962.8418783164392,0.0,0.0,0.0,False
2_39_78_364_2019-03-19 15:50:10.382332,235,1262.4389162921855,0.0,0.0,0.0,False
2_39_78_364_2019-03-19 20:32:42.818170,125,406.8485204934806,0.0,0.0,0.0,False
2_39_78_364_2019-03-20 18:48:37.226651,33,54.99987396102315,0.0,0.0,0.0,False
2_39_78_364_2019-03-21 15:21:37.850798,86,269.96223151677657,0.0,0.0,0.0,False
2_39_78_364_2019-03-26 17:02:11.187655,76,451.6158845042006,0.0,0.0,0.0,False
2_39_78_364_2019-03-27 20:09:49.371724,211,631.1543235225469,0.0,0.0,0.0,False
2_39_78_364_2019-03-28 19:32:27.826864,32,54.90073601754716,0.0,0.0,0.0,False
2_39_78_364_2019-04-01 16:35:00.898016,142,499.0395625836784,0.0,0.0,0.0,False
2_39_78_364_2019-04-01 19:14:19.699212,93,253.55310855724875,0.0,0.0,0.0,False
2_39_78_364_2019-04-02 17:12:20.221626,133,749.3047960222754,0.0,0.0,0.0,False
2_39_78_364_2019-04-03 18:57:28.760377,281,1786.3483502470885,0.0,0.0,0.0,False
2_39_78_364_2019-04-04 21:34:25.742587,226,1487.141624146168,0.0,0.0,0.0,False
2_39_78_364_2019-04-08 17:36:07.888422,78,414.8206017406027,0.0,0.0,0.0,False
2_39_78_364_2019-04-09 17:50:25.934404,33,51.54401746874386,0.0,0.0,0.0,False
2_39_78_364_2019-04-10 20:18:12.229576,230,1432.7267477026649,0.0,0.0,0.0,False
2_39_78_364_2019-04-12 21:14:22.962754,180,1065.833855338589,0.0,0.0,0.0,False
2_39_78_364_2019-04-15 15:45:41.315615,338,1542.5554778856665,0.0,0.0,0.0,False
2_39_78_364_2019-04-16 21:25:35.575648,39,107.79957064750833,0.0,0.0,0.0,False
2_39_78_364_2019-04-17 17:01:15.149238,129,241.3809403929714,0.0,0.0,0.0,False
2_39_78_364_2019-04-18 19:24:36.904105,31,47.4585826551946,0.0,0.0,0.0,False
2_39_78_364_2019-04-19 17:06:32.923899,116,667.1109021552406,0.0,0.0,0.0,False
2_39_78_364_2019-04-22 16:28:55.261183,31,51.49359536900975,0.0,0.0,0.0,False
2_39_78_364_2019-04-24 16:38:10.602013,137,652.4206517247432,0.0,0.0,0.0,False
2_39_78_364_2019-04-25 19:19:06.795307,122,399.85726415651624,0.0,0.0,0.0,False
2_39_78_364_2019-04-29 16:39:22.040439,93,472.21575410380444,0.0,0.0,0.0,False
2_39_78_364_2019-04-30 20:48:33.105114,166,518.0877033266063,0.0,0.0,0.0,False
2_39_78_364_2019-05-01 16:53:46.112347,41,207.5476908104727,0.0,0.0,0.0,False
2_39_78_364_2019-05-06 21:16:01.930195,83,472.08306124805836,0.0,0.0,0.0,False
2_39_78_364_2019-05-07 16:58:13.164142,84,462.9758398716883,0.0,0.0,0.0,False
2_39_78_364_2019-05-08 20:48:18.823815,219,678.6896128633581,0.0,0.0,0.0,False
2_39_78_364_2019-05-09 17:35:53.468635,128,255.17374153053382,0.0,0.0,0.0,False
2_39_78_364_2019-05-13 17:19:38.017982,265,1714.4575671064329,0.0,0.0,0.0,False
2_39_78_364_2019-05-14 16:56:26.896151,100,392.58603869651546,0.0,0.0,0.0,False
2_39_78_364_2019-05-14 19:18:39.591883,121,396.8660658181942,0.0,0.0,0.0,False
2_39_78_364_2019-05-15 18:17:13.024207,31,55.8445125536351,0.0,0.0,0.0,False
2_39_78_364_2019-05-16 14:28:44.921175,77,232.9692645432434,0.0,0.0,0.0,False
2_39_78_364_2019-05-17 15:28:04.899532,164,560.8481577057759,0.0,0.0,0.0,False
2_39_78_364_2019-05-19 22:49:22.957783,255,860.7344991357477,0.0,0.0,0.0,False
2_39_78_364_2019-05-21 17:16:42.010759,175,703.567866950263,0.0,0.0,0.0,False
2_39_78_364_2019-05-22 19:46:26.469865,115,683.7600490980831,0.0,0.0,0.0,False
2_39_78_364_2019-05-23 15:30:03.989162,144,498.473969561313,0.0,0.0,0.0,False
2_39_78_364_2019-05-23 20:32:37.741418,31,53.13153977362098,0.0,0.0,0.0,False
2_39_78_364_2019-05-28 17:44:21.539236,264,791.9905024563456,0.0,0.0,0.0,False
2_39_78_364_2019-05-30 20:14:51.865981,215,652.4091058331509,0.0,0.0,0.0,False
2_39_78_364_2019-05-31 14:39:39.550877,77,246.51855712460952,0.0,0.0,0.0,False
2_39_78_364_2019-06-03 16:20:44.474106,37,70.87192093148079,0.0,0.0,0.0,False
2_39_78_364_2019-06-04 16:23:48.933538,115,385.69758108968205,0.0,0.0,0.0,False
2_39_78_364_2019-06-05 16:49:12.804577,39,217.0470440817389,0.0,0.0,0.0,False
2_39_78_364_2019-06-11 16:56:56.597715,305,653.5474678256916,0.0,0.0,0.0,False
2_39_78_364_2019-06-14 17:00:07.662454,31,55.18803359533185,0.0,0.0,0.0,False
2_39_78_364_2019-06-17 17:51:33.893573,408,2591.996683888964,0.0,0.0,0.0,False
2_39_78_364_2019-06-18 16:52:14.076002,167,348.93550263223085,0.0,0.0,0.0,False
2_39_78_364_2019-06-21 16:42:32.184436,223,841.083613156434,0.0,0.0,0.0,False
2_39_78_364_2019-06-24 16:49:30.850834,103,516.5492286853669,0.0,0.0,0.0,False
2_39_78_364_2019-06-25 16:45:51.283898,31,57.06872589452338,0.0,0.0,0.0,False
2_39_78_364_2019-06-26 17:46:57.480266,368,991.3207636437486,0.0,0.0,0.0,False
2_39_78_364_2019-06-27 17:13:41.892456,103,592.9874668504956,0.0,0.0,0.0,False
2_39_78_364_2019-06-28 17:11:16.444381,109,569.5129332479784,0.0,0.0,0.0,False
2_39_78_364_2019-07-02 17:05:56.171909,129,648.5768034033164,0.0,0.0,0.0,False
2_39_78_364_2019-07-03 19:40:07.198099,166,1058.208803173443,0.0,0.0,0.0,False
2_39_78_364_2019-07-08 16:41:00.658784,187,628.4972775954881,0.0,0.0,0.0,False
2_39_78_364_2019-07-11 16:52:11.585510,190,646.5525559954158,0.0,0.0,0.0,False
2_39_78_364_2019-07-15 17:02:07.611946,60,352.02905695005853,0.0,0.0,0.0,False
2_39_78_364_2019-07-16 17:38:38.791380,138,762.0273675550793,0.0,0.0,0.0,False
2_39_78_364_2019-07-17 23:00:52.131503,66,399.0672005594274,0.0,0.0,0.0,False
2_39_78_364_2019-07-18 15:50:56.688010,114,666.6625048956365,0.0,0.0,0.0,False
2_39_78_364_2019-07-22 20:30:15.562265,74,413.7192564158828,0.0,0.0,0.0,False
2_39_78_364_2019-07-23 16:49:50.171661,131,323.1177969845939,0.0,0.0,0.0,False
2_39_78_364_2019-07-24 17:04:42.411176,567,3237.16470839749,0.0,0.0,0.0,False
2_39_78_364_2019-07-25 17:21:24.535006,294,700.5729965555229,0.0,0.0,0.0,False
2_39_78_364_2019-07-29 16:30:12.491653,31,52.64982520912432,0.0,0.0,0.0,False
2_39_78_364_2019-08-06 21:18:20.722115,214,1382.44058490215,0.0,0.0,0.0,False
2_39_78_364_2019-08-08 17:41:26.199290,67,415.38948615432747,0.0,0.0,0.0,False
2_39_78_364_2019-08-09 17:44:38.080146,32,55.993582921541474,0.0,0.0,0.0,False
2_39_78_364_2019-08-16 18:11:33.059322,40,65.7127626512596,0.0,0.0,0.0,False
2_39_78_364_2019-08-19 16:54:50.648373,109,709.2241973579443,0.0,0.0,0.0,False
2_39_78_364_2019-08-21 17:04:26.353186,67,102.6053211658682,0.0,0.0,0.0,False
2_39_78_364_2019-08-21 18:15:29.814968,33,57.0470914307765,0.0,0.0,0.0,False
2_39_78_364_2019-08-22 15:47:49.517755,120,569.8585023037461,0.0,0.0,0.0,False
2_39_78_365_2018-11-01 05:40:48.678916,29,49.65109519963545,0.0,0.0,0.0,False
2_39_78_365_2018-11-01 15:07:56.707162,134,392.43441570943276,0.0,0.0,0.0,False
2_39_78_365_2018-11-02 19:08:43.287781,223,414.8846219363452,0.0,0.0,0.0,False
2_39_78_365_2018-11-04 20:35:43.107896,155,909.826742983551,0.0,0.0,0.0,False
2_39_78_365_2018-11-05 15:00:49.657533,299,933.5937420780933,0.0,0.0,0.0,False
2_39_78_365_2018-11-05 20:05:45.653865,64,136.5529142679174,0.0,0.0,0.0,False
2_39_78_365_2018-11-06 18:15:53.435039,32,57.446110627991274,0.0,0.0,0.0,False
2_39_78_365_2018-11-06 20:22:59.344492,210,1248.7910653741365,0.0,0.0,0.0,False
2_39_78_365_2018-11-07 15:08:59.525100,204,1039.0752539850935,0.0,0.0,0.0,False
2_39_78_365_2018-11-07 22:08:32.429335,130,835.5479244529444,0.0,0.0,0.0,False
2_39_78_365_2018-11-08 16:39:21.906294,289,597.49901494256,0.0,0.0,0.0,False
2_39_78_365_2018-11-09 17:41:50.524751,90,147.30357311169243,0.0,0.0,0.0,False
2_39_78_365_2018-11-11 22:59:39.659042,31,49.49793506270022,0.0,0.0,0.0,False
2_39_78_365_2018-11-12 17:46:23.434557,169,323.45414645195194,0.0,0.0,0.0,False
2_39_78_365_2018-11-13 18:09:22.500669,187,614.8726627570998,0.0,0.0,0.0,False
2_39_78_365_2018-11-14 19:21:02.344507,104,331.43094307775675,0.0,0.0,0.0,False
2_39_78_365_2018-11-15 16:53:33.378261,162,535.017288145603,0.0,0.0,0.0,False
2_39_78_365_2018-11-16 21:06:37.323573,64,133.44378741163362,0.0,0.0,0.0,False
2_39_78_365_2018-11-18 23:25:05.409189,84,173.13075957927967,0.0,0.0,0.0,False
2_39_78_365_2018-11-26 17:56:33.229405,306,700.7608329036381,0.0,0.0,0.0,False
2_39_78_365_2018-11-27 16:44:59.327060,121,322.98997612747195,0.0,0.0,0.0,False
2_39_78_365_2018-11-28 17:16:20.255789,168,415.0652216027036,0.0,0.0,0.0,False
2_39_78_365_2018-11-29 19:58:28.339498,150,505.0625570959139,0.0,0.0,0.0,False
2_39_78_365_2018-11-30 20:39:16.046684,71,244.90929766925427,0.0,0.0,0.0,False
2_39_78_365_2018-12-03 15:28:11.963082,576,2599.778434921826,0.0,0.0,0.0,False
2_39_78_365_2018-12-04 17:15:20.514947,63,297.71498977180005,0.0,0.0,0.0,False
2_39_78_365_2018-12-05 17:07:10.815264,279,731.0404674524041,0.0,0.0,0.0,False
2_39_78_365_2018-12-06 20:39:25.942363,131,398.66206169649445,0.0,0.0,0.0,False
2_39_78_365_2018-12-07 16:57:52.017988,127,329.5302755908967,0.0,0.0,0.0,False
2_39_78_365_2018-12-10 20:23:15.358170,101,210.10289559145195,0.0,0.0,0.0,False
2_39_78_365_2018-12-11 18:07:16.789441,161,680.8911644783544,0.0,0.0,0.0,False
2_39_78_365_2018-12-12 00:47:29.826946,280,951.7911250665204,0.0,0.0,0.0,False
2_39_78_365_2018-12-12 21:10:41.702463,212,420.8846672674976,0.0,0.0,0.0,False
2_39_78_365_2018-12-13 16:11:37.438031,111,367.7437584439865,0.0,0.0,0.0,False
2_39_78_365_2018-12-13 22:25:09.178999,145,355.7753300049747,0.0,0.0,0.0,False
2_39_78_365_2018-12-14 20:36:57.029656,130,350.6131366284867,0.0,0.0,0.0,False
2_39_78_365_2018-12-17 21:06:54.060003,172,403.3482741314318,0.0,0.0,0.0,False
2_39_78_365_2018-12-19 20:05:44.900176,72,178.04497170935048,0.0,0.0,0.0,False
2_39_78_365_2019-01-02 18:05:15.648844,83,217.02625754266992,0.0,0.0,0.0,False
2_39_78_365_2019-01-02 21:26:09.923720,99,273.81011375228275,0.0,0.0,0.0,False
2_39_78_365_2019-01-03 20:38:02.489248,107,363.5057805280236,0.0,0.0,0.0,False
2_39_78_365_2019-01-04 18:46:17.526364,98,326.7088525016744,0.0,0.0,0.0,False
2_39_78_365_2019-01-07 15:15:40.248727,554,2273.0013827703133,0.0,0.0,0.0,False
2_39_78_365_2019-01-08 15:08:06.978462,204,861.9376158988382,0.0,0.0,0.0,False
2_39_78_365_2019-01-09 15:12:31.718977,147,768.5938016021114,0.0,0.0,0.0,False
2_39_78_365_2019-01-10 16:25:24.749480,77,90.69046102725585,0.0,0.0,0.0,False
2_39_78_365_2019-01-10 20:15:18.348301,167,705.9043645878753,0.0,0.0,0.0,False
2_39_78_365_2019-01-14 16:45:35.097659,309,829.3667515302734,0.0,0.0,0.0,False
2_39_78_365_2019-01-15 18:07:25.986516,273,494.9205769487348,0.0,0.0,0.0,False
2_39_78_365_2019-01-16 17:53:46.318816,316,571.4043884773498,0.0,0.0,0.0,False
2_39_78_365_2019-01-17 15:17:41.104808,156,714.1609551211659,0.0,0.0,0.0,False
2_39_78_365_2019-01-18 17:50:29.898184,34,198.91241355036428,0.0,0.0,0.0,False
2_39_78_365_2019-01-18 20:07:03.552419,363,1317.3889737798575,0.0,0.0,0.0,False
2_39_78_365_2019-01-19 04:25:52.323604,165,911.9378535922742,0.0,0.0,0.0,False
2_39_78_365_2019-01-22 18:18:31.573251,44,111.01482354477548,0.0,0.0,0.0,False
2_39_78_365_2019-01-23 20:34:04.726606,108,328.2663916523215,0.0,0.0,0.0,False
2_39_78_365_2019-01-24 15:14:07.568357,109,520.3532359016014,0.0,0.0,0.0,False
2_39_78_365_2019-01-25 20:42:16.796943,105,320.8400247934064,0.0,0.0,0.0,False
2_39_78_365_2019-01-28 16:28:03.928957,251,1141.6730062124298,0.0,0.0,0.0,False
2_39_78_365_2019-01-29 18:06:00.929284,360,704.2182854427821,0.0,0.0,0.0,False
2_39_78_365_2019-01-30 18:00:18.591321,181,647.5407524835223,0.0,0.0,0.0,False
2_39_78_365_2019-01-31 19:19:33.973210,117,658.2323386312621,0.0,0.0,0.0,False
2_39_78_365_2019-02-01 17:38:08.202601,266,1095.1685644015506,0.0,0.0,0.0,False
2_39_78_365_2019-02-02 20:24:13.921226,34,54.851092500494204,0.0,0.0,0.0,False
2_39_78_365_2019-02-03 20:20:34.138087,65,219.37824908013792,0.0,0.0,0.0,False
2_39_78_365_2019-02-04 20:25:31.888176,125,403.5943040068277,0.0,0.0,0.0,False
2_39_78_365_2019-02-05 17:13:26.487194,278,513.4521729980356,0.0,0.0,0.0,False
2_39_78_365_2019-02-06 17:06:52.734622,87,243.00219293687223,0.0,0.0,0.0,False
2_39_78_365_2019-02-07 18:21:29.295685,126,693.6737253101927,0.0,0.0,0.0,False
2_39_78_365_2019-02-08 18:16:00.785953,301,1788.177779859117,0.0,0.0,0.0,False
2_39_78_365_2019-02-10 01:11:45.454616,140,497.1166445038497,0.0,0.0,0.0,False
2_39_78_365_2019-02-11 18:42:09.387616,123,398.10382839781784,0.0,0.0,0.0,False
2_39_78_365_2019-02-12 16:47:25.463521,108,668.0618399587953,0.0,0.0,0.0,False
2_39_78_365_2019-02-13 17:10:35.173467,102,316.3453405057178,0.0,0.0,0.0,False
2_39_78_365_2019-02-15 21:26:46.666273,123,395.5679300074797,0.0,0.0,0.0,False
2_39_78_365_2019-02-16 03:02:19.831740,31,56.668227521400645,0.0,0.0,0.0,False
2_39_78_365_2019-02-19 19:20:11.392543,297,502.60412716961446,0.0,0.0,0.0,False
2_39_78_365_2019-02-20 20:31:34.474116,113,337.9248407984113,0.0,0.0,0.0,False
2_39_78_365_2019-02-21 02:26:29.550154,130,776.3150585028976,0.0,0.0,0.0,False
2_39_78_365_2019-02-21 20:32:00.308141,153,417.73336270187593,0.0,0.0,0.0,False
2_39_78_365_2019-02-22 21:50:03.832983,124,385.7240540391946,0.0,0.0,0.0,False
2_39_78_365_2019-02-25 20:21:48.083393,326,1608.4073113895013,0.0,0.0,0.0,False
2_39_78_365_2019-02-26 18:41:07.701234,115,550.805326612964,0.0,0.0,0.0,False
2_39_78_365_2019-02-27 21:02:15.623261,146,393.5041428581276,0.0,0.0,0.0,False
2_39_78_365_2019-02-28 16:51:18.957327,144,191.229245861991,0.0,0.0,0.0,False
2_39_78_365_2019-03-01 15:09:12.849715,29,47.41895132720292,0.0,0.0,0.0,False
2_39_78_365_2019-03-01 15:38:04.319214,194,1038.8105982317088,0.0,0.0,0.0,False
2_39_78_365_2019-03-04 15:14:32.138257,322,1757.112596775507,0.0,0.0,0.0,False
2_39_78_365_2019-03-05 15:17:31.779485,72,351.3479980725556,0.0,0.0,0.0,False
2_39_78_365_2019-03-06 19:41:36.900866,118,466.67807482255216,0.0,0.0,0.0,False
2_39_78_365_2019-03-07 18:40:05.102223,81,387.3846500133227,0.0,0.0,0.0,False
2_39_78_365_2019-03-08 17:01:08.707057,230,1354.087472589414,0.0,0.0,0.0,False
2_39_78_365_2019-03-11 19:22:12.617534,131,390.958868004146,0.0,0.0,0.0,False
2_39_78_365_2019-03-12 17:46:49.619374,93,475.2511728699715,0.0,0.0,0.0,False
2_39_78_365_2019-03-14 17:24:36.895066,144,305.69855141669376,0.0,0.0,0.0,False
2_39_78_365_2019-03-15 19:25:21.752940,129,305.7117911933616,0.0,0.0,0.0,False
2_39_78_365_2019-03-17 18:48:44.756092,24,41.96027752156231,0.0,0.0,0.0,False
2_39_78_365_2019-03-18 18:29:01.974148,77,213.84242512515962,0.0,0.0,0.0,False
2_39_78_365_2019-03-19 18:15:44.647956,101,520.8596092068551,0.0,0.0,0.0,False
2_39_78_365_2019-03-20 15:21:22.369109,73,397.7767547741822,0.0,0.0,0.0,False
2_39_78_365_2019-03-21 17:05:56.407753,134,691.3651628119185,0.0,0.0,0.0,False
2_39_78_365_2019-03-22 03:00:01.698221,273,1616.5579741306783,0.0,0.0,0.0,False
2_39_78_365_2019-03-22 16:31:29.205427,31,53.2329953818364,0.0,0.0,0.0,False
2_39_78_365_2019-03-25 17:02:52.763424,233,604.3442873467416,0.0,0.0,0.0,False
2_39_78_365_2019-03-26 15:38:57.891369,127,536.402108253769,0.0,0.0,0.0,False
2_39_78_365_2019-03-27 15:28:41.604183,96,616.0929197180608,0.0,0.0,0.0,False
2_39_78_365_2019-03-28 14:56:26.770405,45,117.43426032147993,0.0,0.0,0.0,False
2_39_78_365_2019-03-29 18:12:19.029652,44,228.60290595993666,0.0,0.0,0.0,False
2_39_78_365_2019-03-30 00:51:08.016175,77,265.3704974648799,0.0,0.0,0.0,False
2_39_78_365_2019-04-01 15:25:05.955450,153,988.8013175407674,0.0,0.0,0.0,False
2_39_78_365_2019-04-01 18:47:19.542318,26,145.74053294484446,0.0,0.0,0.0,False
2_39_78_365_2019-04-02 18:04:14.469212,32,56.93383453419237,0.0,0.0,0.0,False
2_39_78_365_2019-04-03 19:27:53.758658,57,187.4158267703495,0.0,0.0,0.0,False
2_39_78_365_2019-04-03 21:29:43.875348,93,283.3430698979803,0.0,0.0,0.0,False
2_39_78_365_2019-04-04 15:46:30.153409,87,566.695104891303,0.0,0.0,0.0,False
2_39_78_365_2019-04-05 02:07:04.490521,75,260.26110851489096,0.0,0.0,0.0,False
2_39_78_365_2019-04-05 17:30:10.725215,95,611.0956046545723,0.0,0.0,0.0,False
2_39_78_365_2019-04-05 19:34:46.815776,68,142.4867522795459,0.0,0.0,0.0,False
2_39_78_365_2019-04-09 17:15:38.206560,273,555.6548749171524,0.0,0.0,0.0,False
2_39_78_365_2019-04-10 14:07:30.815158,80,422.5617967880618,0.0,0.0,0.0,False
2_39_78_365_2019-04-11 15:29:33.391264,29,47.40256705813021,0.0,0.0,0.0,False
2_39_78_365_2019-04-11 18:04:19.472679,32,45.347958151749395,0.0,0.0,0.0,False
2_39_78_365_2019-04-12 02:06:39.050857,75,258.9464803133486,0.0,0.0,0.0,False
2_39_78_365_2019-04-12 17:06:28.011895,45,290.62248434652645,0.0,0.0,0.0,False
2_39_78_365_2019-04-12 17:55:57.554324,31,56.44711067646985,0.0,0.0,0.0,False
2_39_78_365_2019-04-15 14:33:20.886144,328,848.0800006655435,0.0,0.0,0.0,False
2_39_78_365_2019-04-16 15:01:52.663183,125,337.48831889415106,0.0,0.0,0.0,False
2_39_78_365_2019-04-17 16:21:43.553849,200,914.8261310362193,0.0,0.0,0.0,False
2_39_78_365_2019-04-18 19:45:29.351673,123,400.7501866116749,0.0,0.0,0.0,False
2_39_78_365_2019-04-19 05:41:26.194642,32,52.70201760110615,0.0,0.0,0.0,False
2_39_78_365_2019-04-19 06:15:02.026607,103,582.2225086554434,0.0,0.0,0.0,False
2_39_78_365_2019-04-19 21:48:31.517388,122,359.5061151342849,0.0,0.0,0.0,False
2_39_78_365_2019-04-22 17:56:43.842916,32,58.54664761152504,0.0,0.0,0.0,False
2_39_78_365_2019-04-23 15:34:15.355203,136,373.8069638334415,0.0,0.0,0.0,False
2_39_78_365_2019-04-23 20:31:33.843397,34,58.4726203545084,0.0,0.0,0.0,False
2_39_78_365_2019-04-24 16:22:42.072368,89,246.48825815510386,0.0,0.0,0.0,False
2_39_78_365_2019-04-25 15:18:34.216954,130,818.3387332498306,0.0,0.0,0.0,False
2_39_78_365_2019-04-26 17:49:08.112764,246,1381.902301517923,0.0,0.0,0.0,False
2_39_78_365_2019-04-29 16:58:40.183846,54,150.58256629426924,0.0,0.0,0.0,False
2_39_78_365_2019-04-30 01:59:42.221861,66,136.50442778361773,0.0,0.0,0.0,False
2_39_78_365_2019-04-30 16:48:03.644893,288,964.7867288483677,0.0,0.0,0.0,False
2_39_78_365_2019-05-01 15:32:15.698157,174,815.7534164282362,0.0,0.0,0.0,False
2_39_78_365_2019-05-02 17:22:02.599805,233,1172.9108137535727,0.0,0.0,0.0,False
2_39_78_365_2019-05-03 18:29:17.420082,73,276.89349899363805,0.0,0.0,0.0,False
2_39_78_365_2019-05-06 16:14:34.837175,111,376.40782999216344,0.0,0.0,0.0,False
2_39_78_365_2019-05-09 15:34:29.743737,139,799.5195236072906,0.0,0.0,0.0,False
2_39_78_365_2019-05-10 17:19:16.999117,267,687.7707464281195,0.0,0.0,0.0,False
2_39_78_365_2019-05-13 16:16:14.039550,122,201.9895977295075,0.0,0.0,0.0,False
2_39_78_365_2019-05-14 15:13:14.586362,58,326.37175798595166,0.0,0.0,0.0,False
2_39_78_365_2019-05-15 16:01:21.494884,146,416.4452886296327,0.0,0.0,0.0,False
2_39_78_365_2019-05-16 16:44:08.640150,158,697.5771046202278,0.0,0.0,0.0,False
2_39_78_365_2019-05-19 02:53:37.631484,93,628.8298324687836,0.0,0.0,0.0,False
2_39_78_365_2019-05-20 17:22:11.657751,68,201.7627560947024,0.0,0.0,0.0,False
2_39_78_365_2019-05-21 16:30:30.102627,286,637.0655758749011,0.0,0.0,0.0,False
2_39_78_365_2019-05-22 16:50:07.841107,78,205.29526054595502,0.0,0.0,0.0,False
2_39_78_365_2019-05-23 17:41:39.792886,87,231.3483143736692,0.0,0.0,0.0,False
2_39_78_365_2019-05-24 16:25:34.930928,31,56.43096174201142,0.0,0.0,0.0,False
2_39_78_365_2019-05-28 16:47:58.422522,32,58.00355264696169,0.0,0.0,0.0,False
2_39_78_365_2019-05-29 15:35:52.825021,71,443.943628133859,0.0,0.0,0.0,False
2_39_78_365_2019-05-31 18:24:40.762331,75,205.65839227704305,0.0,0.0,0.0,False
2_39_78_365_2019-06-03 15:19:36.641589,236,1196.3235048560418,0.0,0.0,0.0,False
2_39_78_365_2019-06-03 23:53:36.760451,65,187.5228272225051,0.0,0.0,0.0,False
2_39_78_365_2019-06-04 15:38:22.576118,84,535.7702319880918,0.0,0.0,0.0,False
2_39_78_365_2019-06-05 15:41:02.833248,80,501.50434969619255,0.0,0.0,0.0,False
2_39_78_365_2019-06-06 15:30:55.494929,87,559.2370781030121,0.0,0.0,0.0,False
2_39_78_365_2019-06-07 15:41:03.809776,79,510.80817395854666,0.0,0.0,0.0,False
2_39_78_365_2019-06-10 14:17:02.131975,76,228.08396037899863,0.0,0.0,0.0,False
2_39_78_365_2019-06-10 17:02:36.532649,76,191.11151538636926,0.0,0.0,0.0,False
2_39_78_365_2019-06-11 16:34:15.208741,199,577.6450429856438,0.0,0.0,0.0,False
2_39_78_365_2019-06-12 16:01:06.138342,33,199.1160613087777,0.0,0.0,0.0,False
2_39_78_365_2019-06-13 16:43:46.978617,69,187.06134225778945,0.0,0.0,0.0,False
2_39_78_365_2019-06-14 16:30:34.303067,30,51.15864312434853,0.0,0.0,0.0,False
2_39_78_365_2019-06-17 16:47:14.250778,66,204.07559218023212,0.0,0.0,0.0,False
2_39_78_365_2019-06-18 16:32:32.380848,220,728.1845215294768,0.0,0.0,0.0,False
2_39_78_365_2019-06-20 16:58:22.319522,184,592.6063753212098,0.0,0.0,0.0,False
2_39_78_365_2019-06-21 16:50:28.423250,220,1163.940655603449,0.0,0.0,0.0,False
2_39_78_365_2019-06-24 16:27:15.612628,180,570.9918209125398,0.0,0.0,0.0,False
2_39_78_365_2019-06-25 16:43:13.347968,31,51.27345305625468,0.0,0.0,0.0,False
2_39_78_365_2019-06-26 01:17:07.802564,69,444.69942651742747,0.0,0.0,0.0,False
2_39_78_365_2019-06-26 16:31:43.655579,246,452.5609122782978,0.0,0.0,0.0,False
2_39_78_365_2019-06-27 15:41:18.561724,137,631.0704018249705,0.0,0.0,0.0,False
2_39_78_365_2019-06-27 19:52:35.877401,31,55.249307007315075,0.0,0.0,0.0,False
2_39_78_365_2019-06-28 16:22:34.393282,56,184.88293248469662,0.0,0.0,0.0,False
2_39_78_365_2019-07-01 16:41:14.298210,61,167.2333475141288,0.0,0.0,0.0,False
2_39_78_365_2019-07-02 16:33:17.140437,93,214.05069310043072,0.0,0.0,0.0,False
2_39_78_365_2019-07-03 16:25:32.650377,262,675.7217076431307,0.0,0.0,0.0,False
2_39_78_365_2019-07-08 16:55:03.744057,77,210.365877922549,0.0,0.0,0.0,False
2_39_78_365_2019-07-09 17:01:07.559263,178,554.1779104250893,0.0,0.0,0.0,False
2_39_78_365_2019-07-10 16:48:07.343962,206,619.2076105688004,0.0,0.0,0.0,False
2_39_78_365_2019-07-11 17:10:53.136305,224,575.2050682588284,0.0,0.0,0.0,False
2_39_78_365_2019-07-12 18:39:33.083935,63,131.6959157679065,0.0,0.0,0.0,False
2_39_78_365_2019-07-15 16:53:01.043087,74,188.73479408591223,0.0,0.0,0.0,False
2_39_78_365_2019-07-16 17:11:12.092614,211,639.7314477145586,0.0,0.0,0.0,False
2_39_78_365_2019-07-17 18:12:11.817541,287,1792.6405664050967,0.0,0.0,0.0,False
2_39_78_365_2019-07-18 16:55:00.988466,236,885.761062463889,0.0,0.0,0.0,False
2_39_78_365_2019-07-19 17:15:29.921579,113,600.6491673288186,0.0,0.0,0.0,False
2_39_78_365_2019-07-22 16:50:31.550881,60,322.270107253701,0.0,0.0,0.0,False
2_39_78_365_2019-07-23 17:10:17.198893,131,258.3850088015419,0.0,0.0,0.0,False
2_39_78_365_2019-07-24 16:42:53.998632,31,46.67963075511012,0.0,0.0,0.0,False
2_39_78_365_2019-07-25 01:56:00.545742,31,50.9383589447261,0.0,0.0,0.0,False
2_39_78_365_2019-07-25 16:30:57.280761,201,973.0416135096716,0.0,0.0,0.0,False
2_39_78_365_2019-07-25 21:59:17.447308,108,332.0600405731865,0.0,0.0,0.0,False
2_39_78_365_2019-07-26 16:32:28.353104,220,670.0836950869898,0.0,0.0,0.0,False
2_39_78_365_2019-07-29 16:06:33.585578,125,713.684091214357,0.0,0.0,0.0,False
2_39_78_365_2019-07-29 20:20:19.369663,121,392.22108627409443,0.0,0.0,0.0,False
2_39_78_365_2019-08-01 18:09:01.887576,122,399.97514979038164,0.0,0.0,0.0,False
2_39_78_365_2019-08-02 18:39:12.760544,197,1189.5904395483417,0.0,0.0,0.0,False
2_39_78_365_2019-08-06 16:46:52.132636,87,218.88980213239134,0.0,0.0,0.0,False
2_39_78_365_2019-08-07 16:48:38.415835,31,53.05570427995295,0.0,0.0,0.0,False
2_39_78_365_2019-08-08 16:48:01.258264,225,586.4641658712894,0.0,0.0,0.0,False
2_39_78_365_2019-08-09 21:05:38.077971,31,52.29999657952366,0.0,0.0,0.0,False
2_39_78_365_2019-08-12 16:33:22.677201,261,1357.1614749798266,0.0,0.0,0.0,False
2_39_78_365_2019-08-13 17:00:05.099930,17,55.75665383989336,0.0,0.0,0.0,False
2_39_78_365_2019-08-14 16:01:43.365038,109,267.18120817931367,0.0,0.0,0.0,False
2_39_78_365_2019-08-15 16:46:38.970978,31,56.48410010976289,0.0,0.0,0.0,False
2_39_78_365_2019-08-16 16:31:34.582076,54,320.4040233308972,0.0,0.0,0.0,False
2_39_78_365_2019-08-19 19:21:16.628379,126,407.4040737797535,0.0,0.0,0.0,False
2_39_78_365_2019-08-20 15:50:03.879715,222,1281.2224415051928,0.0,0.0,0.0,False
2_39_78_365_2019-08-21 15:56:15.037779,341,1305.4245746311767,0.0,0.0,0.0,False
2_39_78_365_2019-08-22 23:42:56.969042,241,738.0557351737514,0.0,0.0,0.0,False
2_39_78_365_2019-08-23 20:22:40.902387,100,289.20376038288947,0.0,0.0,0.0,False
2_39_78_366_2018-11-01 02:04:57.532148,45,201.6495253806862,0.0,0.0,0.0,False
2_39_78_366_2018-11-01 03:49:30.674040,41,197.39019470839307,0.0,0.0,0.0,False
2_39_78_366_2018-11-02 00:51:56.906465,31,58.020890478588974,0.0,0.0,0.0,False
2_39_78_366_2018-11-02 14:12:54.963248,67,353.84459019948315,0.0,0.0,0.0,False
2_39_78_366_2018-11-03 22:58:11.169453,31,52.17071467852271,0.0,0.0,0.0,False
2_39_78_366_2018-11-04 19:20:37.958666,31,53.52398530264676,0.0,0.0,0.0,False
2_39_78_366_2018-11-04 22:09:28.321488,102,315.1616921090133,0.0,0.0,0.0,False
2_39_78_366_2018-11-05 17:42:45.845464,233,796.4239029148562,0.0,0.0,0.0,False
2_39_78_366_2018-11-06 17:49:01.574143,198,326.18251560469537,0.0,0.0,0.0,False
2_39_78_366_2018-11-07 15:16:13.377697,31,51.12497819210112,0.0,0.0,0.0,False
2_39_78_366_2018-11-08 15:23:54.845604,401,1107.071828147114,0.0,0.0,0.0,False
2_39_78_366_2018-11-09 00:56:25.369059,266,904.1703902481862,0.0,0.0,0.0,False
2_39_78_366_2018-11-09 15:09:56.281663,32,53.17305304412546,0.0,0.0,0.0,False
2_39_78_366_2018-11-11 08:49:58.368398,106,349.5635000561211,0.0,0.0,0.0,False
2_39_78_366_2018-11-11 23:59:35.410419,34,77.47536311588122,0.0,0.0,0.0,False
2_39_78_366_2018-11-12 15:45:29.847953,319,1369.7762658638544,0.0,0.0,0.0,False
2_39_78_366_2018-11-13 15:24:52.739653,142,684.8131596512519,0.0,0.0,0.0,False
2_39_78_366_2018-11-14 08:29:19.608780,26,53.10002104755432,0.0,0.0,0.0,False
2_39_78_366_2018-11-14 15:20:15.373049,119,614.3509459491482,0.0,0.0,0.0,False
2_39_78_366_2018-11-15 15:33:59.484769,31,51.63389813891778,0.0,0.0,0.0,False
2_39_78_366_2018-11-16 17:20:19.432765,209,920.6429135327782,0.0,0.0,0.0,False
2_39_78_366_2018-11-16 22:34:31.299047,32,52.64229629018823,0.0,0.0,0.0,False
2_39_78_366_2018-11-18 21:34:31.234734,21,34.078773478439416,0.0,0.0,0.0,False
2_39_78_366_2018-11-19 19:04:27.278930,31,40.70260190309844,0.0,0.0,0.0,False
2_39_78_366_2018-11-20 15:48:26.514040,339,1165.1960382454245,0.0,0.0,0.0,False
2_39_78_366_2018-11-26 15:17:14.646034,321,1310.5035711567014,0.0,0.0,0.0,False
2_39_78_366_2018-11-26 20:48:07.835215,33,62.89799769744558,0.0,0.0,0.0,False
2_39_78_366_2018-11-27 16:27:41.775387,47,80.78437157682974,0.0,0.0,0.0,False
2_39_78_366_2018-11-28 16:14:47.025374,322,853.130173938654,0.0,0.0,0.0,False
2_39_78_366_2018-11-29 18:05:12.292180,321,601.8237258684939,0.0,0.0,0.0,False
2_39_78_366_2018-11-30 15:17:22.294840,34,53.296743433604234,0.0,0.0,0.0,False
2_39_78_366_2018-11-30 22:01:27.053871,47,170.53864097051203,0.0,0.0,0.0,False
2_39_78_366_2018-12-03 16:56:39.569506,209,485.63897828018276,0.0,0.0,0.0,False
2_39_78_366_2018-12-04 15:14:19.444071,164,743.536022668069,0.0,0.0,0.0,False
2_39_78_366_2018-12-05 15:12:41.975728,88,479.9077141981077,0.0,0.0,0.0,False
2_39_78_366_2018-12-06 15:22:57.455540,119,621.9821379599679,0.0,0.0,0.0,False
2_39_78_366_2018-12-07 17:44:17.025524,215,792.0497945352533,0.0,0.0,0.0,False
2_39_78_366_2018-12-11 15:24:31.695978,96,551.2775471634116,0.0,0.0,0.0,False
2_39_78_366_2018-12-11 23:47:31.062706,115,616.5119233261188,0.0,0.0,0.0,False
2_39_78_366_2018-12-12 17:50:39.692966,56,85.44801276169343,0.0,0.0,0.0,False
2_39_78_366_2018-12-12 21:48:03.746509,32,53.8314186929293,0.0,0.0,0.0,False
2_39_78_366_2018-12-12 22:37:22.694823,64,99.90343652958153,0.0,0.0,0.0,False
2_39_78_366_2018-12-13 20:26:26.141213,192,414.59557104484196,0.0,0.0,0.0,False
2_39_78_366_2018-12-17 18:11:13.750782,201,513.8894466344237,0.0,0.0,0.0,False
2_39_78_366_2018-12-18 21:57:21.013784,165,419.04327469796647,0.0,0.0,0.0,False
2_39_78_366_2018-12-19 15:09:24.597652,489,2388.2071145292475,0.0,0.0,0.0,False
2_39_78_366_2018-12-20 18:27:26.704974,56,176.69585906638582,0.0,0.0,0.0,False
2_39_78_366_2018-12-21 17:34:20.593366,299,1217.770705409459,0.0,0.0,0.0,False
2_39_78_366_2019-01-02 16:23:56.085986,148,811.0171346771506,0.0,0.0,0.0,False
2_39_78_366_2019-01-03 16:26:30.246459,145,814.2741820080922,0.0,0.0,0.0,False
2_39_78_366_2019-01-04 15:52:26.135240,393,2021.4717757668097,0.0,0.0,0.0,False
2_39_78_366_2019-01-07 18:28:27.913006,157,264.0900328442523,0.0,0.0,0.0,False
2_39_78_366_2019-01-08 16:47:37.212796,129,157.31895091881884,0.0,0.0,0.0,False
2_39_78_366_2019-01-09 19:32:52.076392,200,723.9884983889473,0.0,0.0,0.0,False
2_39_78_366_2019-01-10 15:16:00.074741,156,686.292010165517,0.0,0.0,0.0,False
2_39_78_366_2019-01-11 15:23:45.069092,89,390.13264969889605,0.0,0.0,0.0,False
2_39_78_366_2019-01-14 15:30:11.373605,225,949.6650044277092,0.0,0.0,0.0,False
2_39_78_366_2019-01-14 23:21:26.058884,75,139.29402002982135,0.0,0.0,0.0,False
2_39_78_366_2019-01-15 15:14:16.540782,518,1887.5400165201984,0.0,0.0,0.0,False
2_39_78_366_2019-01-16 00:31:24.967533,121,695.4617747120714,0.0,0.0,0.0,False
2_39_78_366_2019-01-16 16:59:04.593280,453,1319.3419577781108,0.0,0.0,0.0,False
2_39_78_366_2019-01-17 17:38:47.237691,313,831.808908376354,0.0,0.0,0.0,False
2_39_78_366_2019-01-18 15:29:50.592068,114,498.9999171967073,0.0,0.0,0.0,False
2_39_78_366_2019-01-22 15:12:39.055585,345,1849.9761730181128,0.0,0.0,0.0,False
2_39_78_366_2019-01-23 05:41:36.543250,35,211.22393124279705,0.0,0.0,0.0,False
2_39_78_366_2019-01-23 15:11:48.659111,100,428.6944893758528,0.0,0.0,0.0,False
2_39_78_366_2019-01-24 18:42:14.009826,130,477.13925478736274,0.0,0.0,0.0,False
2_39_78_366_2019-01-25 15:25:53.752235,78,362.26047219892087,0.0,0.0,0.0,False
2_39_78_366_2019-01-28 04:09:33.167381,283,1844.4935015307033,0.0,0.0,0.0,False
2_39_78_366_2019-01-28 18:31:57.163390,105,517.6780237515866,0.0,0.0,0.0,False
2_39_78_366_2019-01-29 15:07:41.386566,95,522.0644883397887,0.0,0.0,0.0,False
2_39_78_366_2019-01-30 17:03:48.407784,28,116.9515973358624,0.0,0.0,0.0,False
2_39_78_366_2019-01-31 15:10:21.040014,83,426.2191719790265,0.0,0.0,0.0,False
2_39_78_366_2019-02-01 15:19:16.542369,125,611.3702390566648,0.0,0.0,0.0,False
2_39_78_366_2019-02-04 15:09:37.966356,304,1790.6040827526492,0.0,0.0,0.0,False
2_39_78_366_2019-02-05 15:12:51.611670,183,679.2361039410524,0.0,0.0,0.0,False
2_39_78_366_2019-02-06 15:05:22.562233,125,664.6932267381974,0.0,0.0,0.0,False
2_39_78_366_2019-02-06 17:41:53.065264,25,40.627327516502845,0.0,0.0,0.0,False
2_39_78_366_2019-02-07 15:11:13.361443,36,56.64759543070868,0.0,0.0,0.0,False
2_39_78_366_2019-02-08 15:07:37.086932,220,859.5195152318047,0.0,0.0,0.0,False
2_39_78_366_2019-02-11 16:20:27.293327,170,894.6110486047561,0.0,0.0,0.0,False
2_39_78_366_2019-02-12 18:17:40.065497,32,51.8732343318706,0.0,0.0,0.0,False
2_39_78_366_2019-02-13 16:44:41.549021,467,2716.5566442113577,0.0,0.0,0.0,False
2_39_78_366_2019-02-14 15:19:17.153341,67,314.9489811466893,0.0,0.0,0.0,False
2_39_78_366_2019-02-15 15:22:06.142528,76,383.64399920987375,0.0,0.0,0.0,False
2_39_78_366_2019-02-17 01:15:05.318176,61,389.77801515626385,0.0,0.0,0.0,False
2_39_78_366_2019-02-17 16:04:06.105503,71,231.66720680973944,0.0,0.0,0.0,False
2_39_78_366_2019-02-19 15:20:08.716514,660,1931.017024693153,0.0,0.0,0.0,False
2_39_78_366_2019-02-20 15:15:15.934899,282,1492.7132075662425,0.0,0.0,0.0,False
2_39_78_366_2019-02-20 20:48:55.822330,26,40.134529614904736,0.0,0.0,0.0,False
2_39_78_366_2019-02-21 15:42:21.068155,115,544.7891175191368,0.0,0.0,0.0,False
2_39_78_366_2019-02-22 15:14:01.232765,215,1255.062389661804,0.0,0.0,0.0,False
2_39_78_366_2019-02-23 17:04:06.465710,31,56.21508880512233,0.0,0.0,0.0,False
2_39_78_366_2019-02-25 15:14:04.974915,249,1337.239333472826,0.0,0.0,0.0,False
2_39_78_366_2019-02-25 19:34:52.093412,227,478.5429340388016,0.0,0.0,0.0,False
2_39_78_366_2019-02-25 23:39:54.034718,20,34.16904746333302,0.0,0.0,0.0,False
2_39_78_366_2019-02-26 17:19:18.373338,296,977.8817336387901,0.0,0.0,0.0,False
2_39_78_366_2019-02-27 16:30:12.189208,35,57.323263265358115,0.0,0.0,0.0,False
2_39_78_366_2019-02-27 18:25:32.850128,35,57.30883091859856,0.0,0.0,0.0,False
2_39_78_366_2019-02-28 03:31:33.651792,127,827.6592580846701,0.0,0.0,0.0,False
2_39_78_366_2019-02-28 21:51:45.587645,26,43.39970613333333,0.0,0.0,0.0,False
2_39_78_366_2019-02-28 22:43:34.309784,25,30.360752386951955,0.0,0.0,0.0,False
2_39_78_366_2019-03-01 20:30:07.195597,205,1140.756361152999,0.0,0.0,0.0,False
2_39_78_366_2019-03-04 16:45:47.120011,127,383.3173625170278,0.0,0.0,0.0,False
2_39_78_366_2019-03-04 22:50:22.913599,44,125.75165001677259,0.0,0.0,0.0,False
2_39_78_366_2019-03-05 18:23:21.472933,40,180.40306920848863,0.0,0.0,0.0,False
2_39_78_366_2019-03-06 19:54:23.134734,294,1757.2652816249783,0.0,0.0,0.0,False
2_39_78_366_2019-03-07 18:38:50.260834,32,52.53081738174958,0.0,0.0,0.0,False
2_39_78_366_2019-03-08 15:29:17.548894,14,88.40102704619096,0.0,0.0,0.0,False
2_39_78_366_2019-03-08 15:59:54.095146,32,51.2847962476413,0.0,0.0,0.0,False
2_39_78_366_2019-03-11 15:08:27.736360,324,1990.7965515306726,0.0,0.0,0.0,False
2_39_78_366_2019-03-12 14:21:13.015501,100,547.9925993570314,0.0,0.0,0.0,False
2_39_78_366_2019-03-13 14:11:23.488751,86,466.0023344509594,0.0,0.0,0.0,False
2_39_78_366_2019-03-14 14:09:28.000005,77,351.77799246005867,0.0,0.0,0.0,False
2_39_78_366_2019-03-14 19:37:03.256513,77,125.58008539815111,0.0,0.0,0.0,False
2_39_78_366_2019-03-15 14:35:13.691961,82,386.02495462741706,0.0,0.0,0.0,False
2_39_78_366_2019-03-16 22:55:56.802849,113,707.9795299835773,0.0,0.0,0.0,False
2_39_78_366_2019-03-18 16:07:43.988147,127,666.7269727553879,0.0,0.0,0.0,False
2_39_78_366_2019-03-19 14:47:32.937984,59,333.5498172642218,0.0,0.0,0.0,False
2_39_78_366_2019-03-20 17:47:38.426352,86,470.4916227581749,0.0,0.0,0.0,False
2_39_78_366_2019-03-20 20:48:39.737398,32,55.18870608112244,0.0,0.0,0.0,False
2_39_78_366_2019-03-21 03:36:25.456897,217,1041.4641940750398,0.0,0.0,0.0,False
2_39_78_366_2019-03-21 16:26:47.456093,129,549.6732553727273,0.0,0.0,0.0,False
2_39_78_366_2019-03-22 00:25:29.702157,120,379.52374488802064,0.0,0.0,0.0,False
2_39_78_366_2019-03-22 15:23:31.539994,97,412.3120997237563,0.0,0.0,0.0,False
2_39_78_366_2019-03-25 15:55:39.368753,297,1618.9405860224467,0.0,0.0,0.0,False
2_39_78_366_2019-03-26 01:49:36.283589,120,761.9812403085496,0.0,0.0,0.0,False
2_39_78_366_2019-03-26 14:19:25.443330,86,442.5615574103783,0.0,0.0,0.0,False
2_39_78_366_2019-03-27 14:12:46.716694,78,455.5721378391955,0.0,0.0,0.0,False
2_39_78_366_2019-03-28 14:13:51.828402,71,357.1222413577379,0.0,0.0,0.0,False
2_39_78_366_2019-03-29 16:53:04.695616,66,377.7878460332096,0.0,0.0,0.0,False
2_39_78_366_2019-03-31 23:21:58.655960,23,46.99229045103124,0.0,0.0,0.0,False
2_39_78_366_2019-04-01 14:19:51.094877,89,591.049639010178,0.0,0.0,0.0,False
2_39_78_366_2019-04-01 21:04:04.627991,71,225.36281410789738,0.0,0.0,0.0,False
2_39_78_366_2019-04-02 14:10:22.167789,195,1125.9357125806266,0.0,0.0,0.0,False
2_39_78_366_2019-04-03 14:11:58.975919,49,276.18625216306265,0.0,0.0,0.0,False
2_39_78_366_2019-04-04 14:09:05.724102,52,298.68918573202023,0.0,0.0,0.0,False
2_39_78_366_2019-04-05 14:09:12.656282,68,369.20122047518754,0.0,0.0,0.0,False
2_39_78_366_2019-04-06 20:52:00.507343,30,53.58555620326244,0.0,0.0,0.0,False
2_39_78_366_2019-04-08 17:14:16.045156,19,31.318574797240224,0.0,0.0,0.0,False
2_39_78_366_2019-04-09 14:07:43.050421,506,3000.0328881024557,0.0,0.0,0.0,False
2_39_78_366_2019-04-10 01:57:08.802281,87,305.11255337823434,0.0,0.0,0.0,False
2_39_78_366_2019-04-10 15:42:55.187705,141,844.9811105894022,0.0,0.0,0.0,False
2_39_78_366_2019-04-11 14:11:01.029697,96,559.7192909953404,0.0,0.0,0.0,False
2_39_78_366_2019-04-12 14:10:04.804710,51,296.06943175611207,0.0,0.0,0.0,False
2_39_78_366_2019-04-14 21:51:35.832276,156,902.1680186183709,0.0,0.0,0.0,False
2_39_78_366_2019-04-15 14:13:26.203570,490,2286.7972503540345,0.0,0.0,0.0,False
2_39_78_366_2019-04-16 14:05:16.697456,62,327.24114167506764,0.0,0.0,0.0,False
2_39_78_366_2019-04-17 14:09:25.657318,139,784.953180158722,0.0,0.0,0.0,False
2_39_78_366_2019-04-18 14:13:33.154989,86,524.6141885591217,0.0,0.0,0.0,False
2_39_78_366_2019-04-19 14:10:16.755258,68,370.90312832960535,0.0,0.0,0.0,False
2_39_78_366_2019-04-22 14:09:41.678937,373,2319.2524741206266,0.0,0.0,0.0,False
2_39_78_366_2019-04-23 14:06:36.728965,65,362.08465349578444,0.0,0.0,0.0,False
2_39_78_366_2019-04-24 15:13:38.532533,64,375.0974873856076,0.0,0.0,0.0,False
2_39_78_366_2019-04-25 14:14:43.632001,94,574.0825644912404,0.0,0.0,0.0,False
2_39_78_366_2019-04-26 16:02:00.611457,107,540.856613476245,0.0,0.0,0.0,False
2_39_78_366_2019-04-29 18:16:41.426616,37,62.71354946018384,0.0,0.0,0.0,False
2_39_78_366_2019-04-29 21:35:53.812121,76,271.9803141513542,0.0,0.0,0.0,False
2_39_78_366_2019-04-30 15:39:40.899085,220,844.4528881301338,0.0,0.0,0.0,False
2_39_78_366_2019-05-01 14:08:57.921419,342,1350.5094471098744,0.0,0.0,0.0,False
2_39_78_366_2019-05-02 14:07:35.468285,63,344.80953208036703,0.0,0.0,0.0,False
2_39_78_366_2019-05-03 14:40:50.612230,62,360.4470878659777,0.0,0.0,0.0,False
2_39_78_366_2019-05-05 18:51:37.990711,198,1237.7391379422866,0.0,0.0,0.0,False
2_39_78_366_2019-05-06 14:14:53.586826,357,2124.555356083971,0.0,0.0,0.0,False
2_39_78_366_2019-05-07 14:17:11.546725,64,363.2594185340344,0.0,0.0,0.0,False
2_39_78_366_2019-05-08 14:09:09.299732,103,637.802485364414,0.0,0.0,0.0,False
2_39_78_366_2019-05-09 17:08:40.929137,120,375.88234246797333,0.0,0.0,0.0,False
2_39_78_366_2019-05-10 15:42:29.311540,108,659.2174949590348,0.0,0.0,0.0,False
2_39_78_366_2019-05-13 14:14:49.084355,512,2864.196992236044,0.0,0.0,0.0,False
2_39_78_366_2019-05-14 14:18:50.754236,67,353.9292366098125,0.0,0.0,0.0,False
2_39_78_366_2019-05-14 20:12:12.872813,91,595.3181360049541,0.0,0.0,0.0,False
2_39_78_366_2019-05-15 15:05:29.109773,31,50.946556927337205,0.0,0.0,0.0,False
2_39_78_366_2019-05-16 14:09:35.278247,224,1218.3425163842385,0.0,0.0,0.0,False
2_39_78_366_2019-05-17 14:06:38.639827,31,51.48636308193368,0.0,0.0,0.0,False
2_39_78_366_2019-05-17 18:17:21.897678,68,133.3399871258378,0.0,0.0,0.0,False
2_39_78_366_2019-05-20 14:44:36.032110,65,207.0688831150617,0.0,0.0,0.0,False
2_39_78_366_2019-05-21 14:20:40.350824,550,2756.8833611060054,0.0,0.0,0.0,False
2_39_78_366_2019-05-22 14:56:30.533990,79,282.84826785353266,0.0,0.0,0.0,False
2_39_78_366_2019-05-23 14:24:19.406776,7,42.10612652181488,0.0,0.0,0.0,False
2_39_78_366_2019-05-23 14:48:29.902133,31,50.84043719038501,0.0,0.0,0.0,False
2_39_78_366_2019-05-24 14:43:29.444159,202,1252.6684465243882,0.0,0.0,0.0,False
2_39_78_366_2019-05-27 17:51:44.532836,253,1554.940505297889,0.0,0.0,0.0,False
2_39_78_366_2019-05-28 14:24:40.939818,32,52.9377993797687,0.0,0.0,0.0,False
2_39_78_366_2019-05-28 15:52:54.767409,263,1082.848277953182,0.0,0.0,0.0,False
2_39_78_366_2019-05-29 14:21:46.408099,74,300.1151551692468,0.0,0.0,0.0,False
2_39_78_366_2019-05-30 14:20:07.507580,193,1073.1110335364958,0.0,0.0,0.0,False
2_39_78_366_2019-05-31 14:43:55.808295,150,825.2432173882656,0.0,0.0,0.0,False
2_39_78_366_2019-06-03 14:41:39.613996,363,2393.384746495524,0.0,0.0,0.0,False
2_39_78_366_2019-06-04 14:30:12.988199,73,392.0515673913003,0.0,0.0,0.0,False
2_39_78_366_2019-06-05 14:12:36.604230,100,549.1388914170055,0.0,0.0,0.0,False
2_39_78_366_2019-06-06 14:19:08.933761,60,335.4377709875671,0.0,0.0,0.0,False
2_39_78_366_2019-06-06 23:33:20.716263,233,1530.1825641505807,0.0,0.0,0.0,False
2_39_78_366_2019-06-07 14:40:37.990768,82,431.4888996835428,0.0,0.0,0.0,False
2_39_78_366_2019-06-08 00:35:10.541193,17,53.05740859906894,0.0,0.0,0.0,False
2_39_78_366_2019-06-10 17:41:44.903093,170,650.866682496466,0.0,0.0,0.0,False
2_39_78_366_2019-06-11 15:49:07.819963,87,558.3463043225295,0.0,0.0,0.0,False
2_39_78_366_2019-06-12 15:33:36.273771,54,291.8285340750304,0.0,0.0,0.0,False
2_39_78_366_2019-06-13 17:48:49.134951,143,871.3678710174046,0.0,0.0,0.0,False
2_39_78_366_2019-06-14 00:54:18.047192,151,480.27296501752727,0.0,0.0,0.0,False
2_39_78_366_2019-06-14 17:29:11.191581,36,226.87565738927222,0.0,0.0,0.0,False
2_39_78_366_2019-06-17 14:34:32.999979,74,426.6793633143717,0.0,0.0,0.0,False
2_39_78_366_2019-06-17 21:45:46.963436,107,255.37071207709008,0.0,0.0,0.0,False
2_39_78_366_2019-06-18 16:22:55.861092,111,348.92541318428255,0.0,0.0,0.0,False
2_39_78_366_2019-06-19 14:58:30.161503,8,45.638503269768286,0.0,0.0,0.0,False
2_39_78_366_2019-06-19 15:23:07.157016,31,50.75356002385635,0.0,0.0,0.0,False
2_39_78_366_2019-06-20 14:56:35.160721,99,594.5377324308935,0.0,0.0,0.0,False
2_39_78_366_2019-06-21 14:48:20.691415,54,313.95134159954137,0.0,0.0,0.0,False
2_39_78_366_2019-06-24 16:25:11.962957,91,224.3764155944198,0.0,0.0,0.0,False
2_39_78_366_2019-06-25 15:26:24.776238,375,2411.633619868454,0.0,0.0,0.0,False
2_39_78_366_2019-06-26 16:17:34.692562,43,152.74863216295657,0.0,0.0,0.0,False
2_39_78_366_2019-06-27 15:26:53.149562,144,843.3928789963471,0.0,0.0,0.0,False
2_39_78_366_2019-06-28 15:31:25.259933,100,593.0375945791027,0.0,0.0,0.0,False
2_39_78_366_2019-07-01 15:39:17.754275,201,1205.6901690204822,0.0,0.0,0.0,False
2_39_78_366_2019-07-02 15:19:01.057218,66,352.3522151438304,0.0,0.0,0.0,False
2_39_78_366_2019-07-03 15:45:46.748282,32,52.23162800289241,0.0,0.0,0.0,False
2_39_78_366_2019-07-05 22:35:22.832312,137,420.64363918731914,0.0,0.0,0.0,False
2_39_78_366_2019-07-08 15:33:01.830886,370,2084.2702049767204,0.0,0.0,0.0,False
2_39_78_366_2019-07-09 15:22:12.804360,32,51.99470530836198,0.0,0.0,0.0,False
2_39_78_366_2019-07-11 16:56:58.911917,34,59.199400981982066,0.0,0.0,0.0,False
2_39_78_366_2019-07-12 17:17:16.912081,235,732.0523411090302,0.0,0.0,0.0,False
2_39_78_366_2019-07-15 16:59:08.646122,79,212.0090272801544,0.0,0.0,0.0,False
2_39_78_366_2019-07-16 16:16:06.885560,47,277.64508296024843,0.0,0.0,0.0,False
2_39_78_366_2019-07-17 16:24:45.615070,224,686.2656738344699,0.0,0.0,0.0,False
2_39_78_366_2019-07-18 16:33:50.558228,230,692.6384644572371,0.0,0.0,0.0,False
2_39_78_366_2019-07-19 01:56:27.769276,127,414.52285410828017,0.0,0.0,0.0,False
2_39_78_366_2019-07-19 17:15:19.263114,35,60.06557991794976,0.0,0.0,0.0,False
2_39_78_366_2019-07-22 18:50:28.208336,301,1793.4108997335552,0.0,0.0,0.0,False
2_39_78_366_2019-07-24 16:34:54.396614,279,664.3642999962767,0.0,0.0,0.0,False
2_39_78_366_2019-07-25 16:42:54.882665,212,646.6469268866367,0.0,0.0,0.0,False
2_39_78_366_2019-07-30 16:02:34.749005,142,673.8747403309579,0.0,0.0,0.0,False
2_39_78_366_2019-08-01 15:15:45.808974,49,168.65897300219402,0.0,0.0,0.0,False
2_39_78_366_2019-08-02 14:58:17.163018,552,2853.3854815351533,0.0,0.0,0.0,False
2_39_78_366_2019-08-05 15:49:08.172673,46,155.1952774926633,0.0,0.0,0.0,False
2_39_78_366_2019-08-05 19:49:15.361937,34,92.2174313478422,0.0,0.0,0.0,False
2_39_78_366_2019-08-06 17:04:27.205566,134,841.829856280897,0.0,0.0,0.0,False
2_39_78_366_2019-08-06 19:45:44.450903,157,826.9842832757006,0.0,0.0,0.0,False
2_39_78_366_2019-08-07 15:32:02.922800,43,149.9137743450791,0.0,0.0,0.0,False
2_39_78_366_2019-08-07 19:46:51.566482,35,98.08231139343344,0.0,0.0,0.0,False
2_39_78_366_2019-08-08 15:32:35.715475,226,1400.6011737689273,0.0,0.0,0.0,False
2_39_78_366_2019-08-08 19:37:59.798800,31,48.154805766399626,0.0,0.0,0.0,False
2_39_78_366_2019-08-09 15:33:48.665032,100,545.3527787782448,0.0,0.0,0.0,False
2_39_78_366_2019-08-12 18:17:49.834813,111,355.62052065515843,0.0,0.0,0.0,False
2_39_78_366_2019-08-13 15:47:36.043210,17,45.50181467275391,0.0,0.0,0.0,False
2_39_78_366_2019-08-14 15:40:14.670360,185,646.5609696974755,0.0,0.0,0.0,False
2_39_78_366_2019-08-14 23:11:03.710578,31,54.54150889237425,0.0,0.0,0.0,False
2_39_78_366_2019-08-15 15:39:13.692125,63,347.37080847728663,0.0,0.0,0.0,False
2_39_78_366_2019-08-16 15:56:25.603306,53,280.28696304337853,0.0,0.0,0.0,False
2_39_78_366_2019-08-19 15:38:47.266724,107,707.8313066217975,0.0,0.0,0.0,False
2_39_78_366_2019-08-19 20:24:57.935284,30,53.29376847411324,0.0,0.0,0.0,False
2_39_78_366_2019-08-20 14:43:40.550571,31,51.67286941631972,0.0,0.0,0.0,False
2_39_78_366_2019-08-20 20:30:52.593242,32,51.91407892420572,0.0,0.0,0.0,False
2_39_78_366_2019-08-21 17:09:02.091901,430,968.4792595070975,0.0,0.0,0.0,False
2_39_78_366_2019-08-22 15:16:58.478486,95,287.18749330676803,0.0,0.0,0.0,False
2_39_78_367_2018-11-01 20:03:36.245759,146,652.2527085786353,0.0,0.0,0.0,False
2_39_78_367_2018-11-05 16:28:56.898220,99,480.12349311065697,0.0,0.0,0.0,False
2_39_78_367_2018-11-06 17:03:33.640955,279,927.0306698161891,0.0,0.0,0.0,False
2_39_78_367_2018-11-07 15:12:05.606053,174,762.6823718466067,0.0,0.0,0.0,False
2_39_78_367_2018-11-07 20:32:27.189976,73,214.8493846809643,0.0,0.0,0.0,False
2_39_78_367_2018-11-08 15:37:20.814281,100,164.43018175128384,0.0,0.0,0.0,False
2_39_78_367_2018-11-09 15:23:22.631966,100,164.63305595400493,0.0,0.0,0.0,False
2_39_78_367_2018-11-10 23:58:49.587163,118,449.17628722089955,0.0,0.0,0.0,False
2_39_78_367_2018-11-12 16:22:41.641630,132,219.20889980937633,0.0,0.0,0.0,False
2_39_78_367_2018-11-13 16:03:06.727709,88,176.33084744140993,0.0,0.0,0.0,False
2_39_78_367_2018-11-13 21:14:21.591817,52,143.9366966835845,0.0,0.0,0.0,False
2_39_78_367_2018-11-14 16:37:45.715335,180,747.6427499927694,0.0,0.0,0.0,False
2_39_78_367_2018-11-15 15:12:16.820698,181,810.6393022697351,0.0,0.0,0.0,False
2_39_78_367_2018-11-19 16:35:35.555169,518,3156.339393588947,0.0,0.0,0.0,False
2_39_78_367_2018-11-20 16:25:38.410468,345,902.850278670649,0.0,0.0,0.0,False
2_39_78_367_2018-11-26 17:22:24.788423,238,515.2551684493644,0.0,0.0,0.0,False
2_39_78_367_2018-11-27 16:46:28.247422,295,516.3503945245358,0.0,0.0,0.0,False
2_39_78_367_2018-11-28 16:12:43.045712,314,783.5716070902904,0.0,0.0,0.0,False
2_39_78_367_2018-11-29 17:36:09.984392,444,1955.8049428710447,0.0,0.0,0.0,False
2_39_78_367_2018-11-30 16:35:24.997315,32,52.215027441058695,0.0,0.0,0.0,False
2_39_78_367_2018-12-03 17:58:45.067477,135,539.5195681212032,0.0,0.0,0.0,False
2_39_78_367_2018-12-04 23:09:53.259195,38,58.32414951298389,0.0,0.0,0.0,False
2_39_78_367_2018-12-05 19:40:58.872723,335,945.6493965916659,0.0,0.0,0.0,False
2_39_78_367_2018-12-06 16:47:26.244178,126,329.27313196639403,0.0,0.0,0.0,False
2_39_78_367_2018-12-07 16:30:46.041776,31,50.519728955863656,0.0,0.0,0.0,False
2_39_78_367_2018-12-08 02:06:05.818669,31,50.62415460096074,0.0,0.0,0.0,False
2_39_78_367_2018-12-10 20:40:22.922534,131,402.95814333097576,0.0,0.0,0.0,False
2_39_78_367_2018-12-11 17:02:04.441129,277,614.5434842401553,0.0,0.0,0.0,False
2_39_78_367_2018-12-13 17:09:50.869882,165,404.0185064829299,0.0,0.0,0.0,False
2_39_78_367_2018-12-18 17:17:44.460790,166,460.8896608084075,0.0,0.0,0.0,False
2_39_78_367_2018-12-19 17:12:40.155197,272,515.5843158669288,0.0,0.0,0.0,False
2_39_78_367_2018-12-21 17:41:22.119416,175,445.6984994012842,0.0,0.0,0.0,False
2_39_78_367_2019-01-02 19:55:11.852732,327,955.1157228613353,0.0,0.0,0.0,False
2_39_78_367_2019-01-03 23:09:35.862444,68,139.12741552949024,0.0,0.0,0.0,False
2_39_78_367_2019-01-04 19:15:41.822385,150,403.0167201342733,0.0,0.0,0.0,False
2_39_78_367_2019-01-07 17:47:45.387773,409,954.9470233696065,0.0,0.0,0.0,False
2_39_78_367_2019-01-09 20:48:04.044348,364,1107.2715326317543,0.0,0.0,0.0,False
2_39_78_367_2019-01-10 18:15:13.951173,81,184.59889473379704,0.0,0.0,0.0,False
2_39_78_367_2019-01-14 18:44:14.841819,78,363.970637247152,0.0,0.0,0.0,False
2_39_78_367_2019-01-14 21:34:10.176608,36,57.242782979977996,0.0,0.0,0.0,False
2_39_78_367_2019-01-14 22:36:47.491997,45,58.097486559692456,0.0,0.0,0.0,False
2_39_78_367_2019-01-15 17:46:55.294917,54,75.9921098917161,0.0,0.0,0.0,False
2_39_78_367_2019-01-15 20:27:02.474153,299,690.2390811710496,0.0,0.0,0.0,False
2_39_78_367_2019-01-16 18:14:59.782926,280,535.1015276938571,0.0,0.0,0.0,False
2_39_78_367_2019-01-17 18:36:25.418785,285,735.0991461354623,0.0,0.0,0.0,False
2_39_78_367_2019-01-18 20:27:01.244685,195,363.4940610738115,0.0,0.0,0.0,False
2_39_78_367_2019-01-22 18:40:40.412311,156,427.1257068709644,0.0,0.0,0.0,False
2_39_78_367_2019-01-23 21:40:06.094862,182,549.0423471750245,0.0,0.0,0.0,False
2_39_78_367_2019-01-24 18:12:40.662343,134,696.7382313136632,0.0,0.0,0.0,False
2_39_78_367_2019-01-28 18:17:25.940662,151,356.9668856485204,0.0,0.0,0.0,False
2_39_78_367_2019-01-29 17:02:41.302158,483,1935.5442314031143,0.0,0.0,0.0,False
2_39_78_367_2019-01-30 19:37:20.318638,273,1489.5329007414973,0.0,0.0,0.0,False
2_39_78_367_2019-01-31 16:51:41.631562,159,488.1185108302629,0.0,0.0,0.0,False
2_39_78_367_2019-02-04 23:28:27.305769,87,512.2025089978802,0.0,0.0,0.0,False
2_39_78_367_2019-02-05 16:05:04.748750,430,1059.3032710678176,0.0,0.0,0.0,False
2_39_78_367_2019-02-06 16:05:45.639833,101,340.95078367477424,0.0,0.0,0.0,False
2_39_78_367_2019-02-07 16:38:55.037252,31,58.378241025371885,0.0,0.0,0.0,False
2_39_78_367_2019-02-07 21:18:17.818959,161,891.1427817369417,0.0,0.0,0.0,False
2_39_78_367_2019-02-12 18:36:48.610019,452,863.493996058066,0.0,0.0,0.0,False
2_39_78_367_2019-02-13 17:24:39.726260,31,52.83128186973463,0.0,0.0,0.0,False
2_39_78_367_2019-02-14 17:49:05.537632,120,381.62350074090585,0.0,0.0,0.0,False
2_39_78_367_2019-02-15 20:29:50.585929,75,144.33274418983194,0.0,0.0,0.0,False
2_39_78_367_2019-02-19 17:57:13.815885,485,967.378813032969,0.0,0.0,0.0,False
2_39_78_367_2019-02-20 18:27:40.698226,140,300.39102363418704,0.0,0.0,0.0,False
2_39_78_367_2019-02-21 16:16:38.332470,79,282.4959424290711,0.0,0.0,0.0,False
2_39_78_367_2019-02-22 19:09:14.971818,362,1624.910095807796,0.0,0.0,0.0,False
2_39_78_367_2019-02-25 16:56:25.114615,101,492.4415005706746,0.0,0.0,0.0,False
2_39_78_367_2019-02-26 01:42:16.815739,195,600.292733304762,0.0,0.0,0.0,False
2_39_78_367_2019-02-26 20:41:01.221842,97,616.5781892980427,0.0,0.0,0.0,False
2_39_78_367_2019-02-28 18:59:55.913832,87,111.6482752190879,0.0,0.0,0.0,False
2_39_78_367_2019-03-06 17:35:02.022650,41,212.20403968890864,0.0,0.0,0.0,False
2_39_78_367_2019-03-07 19:03:59.792267,225,1344.415122657816,0.0,0.0,0.0,False
2_39_78_367_2019-03-08 18:22:05.160713,198,1067.6884302250226,0.0,0.0,0.0,False
2_39_78_367_2019-03-11 17:21:30.533859,148,748.1744511245198,0.0,0.0,0.0,False
2_39_78_367_2019-03-14 18:20:25.063981,32,56.03698127617284,0.0,0.0,0.0,False
2_39_78_367_2019-03-14 20:13:38.258352,35,61.51725280473894,0.0,0.0,0.0,False
2_39_78_367_2019-03-14 21:13:49.378213,32,55.70937213327972,0.0,0.0,0.0,False
2_39_78_367_2019-03-14 22:07:11.138442,31,54.05210535898389,0.0,0.0,0.0,False
2_39_78_367_2019-03-15 19:30:19.847779,71,139.24076202897075,0.0,0.0,0.0,False
2_39_78_367_2019-03-18 12:14:01.192251,23,45.38579289206349,0.0,0.0,0.0,False
2_39_78_367_2019-03-18 21:07:12.531876,84,237.08788656910036,0.0,0.0,0.0,False
2_39_78_367_2019-03-19 15:58:22.222931,213,554.4670599536325,0.0,0.0,0.0,False
2_39_78_367_2019-03-20 20:31:15.914436,63,93.81467673705014,0.0,0.0,0.0,False
2_39_78_367_2019-03-22 15:23:58.280012,251,840.8292841801602,0.0,0.0,0.0,False
2_39_78_367_2019-03-26 15:43:50.295480,76,369.9043128627726,0.0,0.0,0.0,False
2_39_78_367_2019-03-27 18:05:20.653676,121,604.9366172855251,0.0,0.0,0.0,False
2_39_78_367_2019-03-28 16:02:00.538978,261,891.006707712197,0.0,0.0,0.0,False
2_39_78_367_2019-04-04 15:13:48.921055,74,234.99725240587088,0.0,0.0,0.0,False
2_39_78_367_2019-04-05 14:35:17.571956,188,616.0521612827009,0.0,0.0,0.0,False
2_39_78_367_2019-04-08 16:57:00.906919,240,811.6808347111279,0.0,0.0,0.0,False
2_39_78_367_2019-04-09 17:07:21.662241,257,474.3308062333776,0.0,0.0,0.0,False
2_39_78_367_2019-04-09 21:48:27.841264,28,48.84074162775501,0.0,0.0,0.0,False
2_39_78_367_2019-04-10 17:18:54.135337,302,878.2265037264165,0.0,0.0,0.0,False
2_39_78_367_2019-04-12 19:47:03.242359,244,1492.5009932822704,0.0,0.0,0.0,False
2_39_78_367_2019-04-16 19:14:39.781724,124,397.51105365343295,0.0,0.0,0.0,False
2_39_78_367_2019-04-17 15:48:03.686684,122,234.14209806877815,0.0,0.0,0.0,False
2_39_78_367_2019-04-18 14:52:58.955928,194,663.1793511444827,0.0,0.0,0.0,False
2_39_78_367_2019-04-19 15:35:55.629255,93,296.2279924460577,0.0,0.0,0.0,False
2_39_78_367_2019-04-22 16:38:25.628472,141,353.0673684804616,0.0,0.0,0.0,False
2_39_78_367_2019-04-22 19:59:54.687364,92,530.8988500612974,0.0,0.0,0.0,False
2_39_78_367_2019-04-23 17:09:34.972947,123,555.8752428374677,0.0,0.0,0.0,False
2_39_78_367_2019-04-24 15:15:23.131518,78,257.6426953849262,0.0,0.0,0.0,False
2_39_78_367_2019-04-24 21:13:20.914123,23,42.02672718718615,0.0,0.0,0.0,False
2_39_78_367_2019-04-25 20:44:24.614079,80,467.2598242570945,0.0,0.0,0.0,False
2_39_78_367_2019-04-26 20:47:46.416205,32,52.64454316345567,0.0,0.0,0.0,False
2_39_78_367_2019-04-29 22:06:49.089142,37,86.93193358608482,0.0,0.0,0.0,False
2_39_78_367_2019-04-30 15:23:52.916484,173,581.0146129972779,0.0,0.0,0.0,False
2_39_78_367_2019-05-01 22:01:12.391393,118,381.77116502772407,0.0,0.0,0.0,False
2_39_78_367_2019-05-06 15:54:08.068297,286,981.3456767053416,0.0,0.0,0.0,False
2_39_78_367_2019-05-08 16:23:56.990787,169,1076.2858470614722,0.0,0.0,0.0,False
2_39_78_367_2019-05-09 14:58:31.747097,12,34.79201042637054,0.0,0.0,0.0,False
2_39_78_367_2019-05-09 15:26:40.848622,33,59.809935659280974,0.0,0.0,0.0,False
2_39_78_367_2019-05-10 18:26:30.869663,198,439.38779818048556,0.0,0.0,0.0,False
2_39_78_367_2019-05-13 21:13:46.219114,92,297.7493697273321,0.0,0.0,0.0,False
2_39_78_367_2019-05-14 22:35:51.959647,36,212.88932586404778,0.0,0.0,0.0,False
2_39_78_367_2019-05-15 20:19:30.142561,67,141.25690984849442,0.0,0.0,0.0,False
2_39_78_367_2019-05-16 20:35:10.509422,31,53.115909098561424,0.0,0.0,0.0,False
2_39_78_367_2019-05-17 18:40:25.418529,89,392.0559758151384,0.0,0.0,0.0,False
2_39_78_367_2019-05-20 15:28:56.254528,196,562.1040549865735,0.0,0.0,0.0,False
2_39_78_367_2019-05-21 16:25:12.458912,33,53.48881019144731,0.0,0.0,0.0,False
2_39_78_367_2019-05-22 14:50:10.049252,86,226.6239597425236,0.0,0.0,0.0,False
2_39_78_367_2019-05-23 19:32:29.474376,121,393.2136972906731,0.0,0.0,0.0,False
2_39_78_367_2019-05-31 19:06:11.791688,285,1413.237189225878,0.0,0.0,0.0,False
2_39_78_367_2019-06-03 21:16:30.166159,45,197.42164111393197,0.0,0.0,0.0,False
2_39_78_367_2019-06-04 20:23:16.407812,34,55.22392502010806,0.0,0.0,0.0,False
2_39_78_367_2019-06-06 17:26:06.011633,122,628.9497223863445,0.0,0.0,0.0,False
2_39_78_367_2019-06-11 19:00:04.811267,292,1080.7300104795984,0.0,0.0,0.0,False
2_39_78_367_2019-06-12 20:13:17.091584,39,64.48784852442068,0.0,0.0,0.0,False
2_39_78_367_2019-06-14 16:26:19.613070,170,1076.054294385473,0.0,0.0,0.0,False
2_39_78_367_2019-06-17 21:43:35.467565,129,551.557802839578,0.0,0.0,0.0,False
2_39_78_367_2019-06-19 17:01:17.340789,204,1252.9300235873009,0.0,0.0,0.0,False
2_39_78_367_2019-06-22 01:44:34.613699,32,57.64965148488146,0.0,0.0,0.0,False
2_39_78_367_2019-06-24 16:42:08.693195,152,299.2576168475804,0.0,0.0,0.0,False
2_39_78_367_2019-06-28 17:08:43.283138,56,366.1121831332318,0.0,0.0,0.0,False
2_39_78_367_2019-07-03 21:04:30.303282,32,48.714293509522506,0.0,0.0,0.0,False
2_39_78_367_2019-07-09 17:34:39.193400,42,106.7180970260855,0.0,0.0,0.0,False
2_39_78_367_2019-07-10 15:41:57.089197,122,761.3041406288515,0.0,0.0,0.0,False
2_39_78_367_2019-07-12 20:35:59.660899,31,50.72073190600098,0.0,0.0,0.0,False
2_39_78_367_2019-07-12 23:22:30.897973,123,662.0353471416348,0.0,0.0,0.0,False
2_39_78_367_2019-07-15 19:39:04.741289,122,404.28647294601376,0.0,0.0,0.0,False
2_39_78_367_2019-07-17 19:05:08.158029,42,121.78734142873078,0.0,0.0,0.0,False
2_39_78_367_2019-07-17 20:04:26.991998,32,47.40768308049646,0.0,0.0,0.0,False
2_39_78_367_2019-07-22 16:23:22.509612,32,54.17639062203992,0.0,0.0,0.0,False
2_39_78_367_2019-07-24 19:42:36.693846,77,130.6312281197651,0.0,0.0,0.0,False
2_39_78_367_2019-07-25 16:24:07.646731,441,1076.2419582634848,0.0,0.0,0.0,False
2_39_78_367_2019-07-26 00:48:59.390433,105,281.030565154774,0.0,0.0,0.0,False
2_39_78_367_2019-07-30 16:22:37.584175,135,861.0052014081092,0.0,0.0,0.0,False
2_39_78_367_2019-07-31 14:40:06.443855,65,409.5105636516583,0.0,0.0,0.0,False
2_39_78_367_2019-08-01 16:55:25.556378,53,330.2838552416267,0.0,0.0,0.0,False
2_39_78_367_2019-08-06 19:39:45.772939,297,955.515924063494,0.0,0.0,0.0,False
2_39_78_367_2019-08-07 02:13:09.092021,31,57.81285830430516,0.0,0.0,0.0,False
2_39_78_367_2019-08-07 18:11:26.139151,136,403.59709715441153,0.0,0.0,0.0,False
2_39_78_367_2019-08-12 20:48:58.995282,247,858.7220198551862,0.0,0.0,0.0,False
2_39_78_367_2019-08-20 15:31:32.536972,82,230.4922372335453,0.0,0.0,0.0,False
2_39_78_367_2019-08-20 22:33:35.388018,123,688.0048603553902,0.0,0.0,0.0,False
2_39_78_367_2019-08-21 19:25:09.601901,37,60.87122835547692,0.0,0.0,0.0,False
2_39_78_367_2019-08-21 20:21:18.535346,16,24.50083024069264,0.0,0.0,0.0,False
2_39_79_376_2018-11-01 14:06:07.581931,33,54.13435321769733,0.0,0.0,0.0,False
2_39_79_376_2018-11-02 04:04:50.210774,24,43.416935859870264,0.0,0.0,0.0,False
2_39_79_376_2018-11-02 16:54:15.072027,181,576.0022063547564,0.0,0.0,0.0,False
2_39_79_376_2018-11-05 16:26:30.624681,264,745.5918537962554,1.0,0.4416273406862745,12.0,True
2_39_79_376_2018-11-06 04:57:44.048193,242,1579.7947547088531,1.0,0.7618567606209151,19.0,True
2_39_79_376_2018-11-07 18:11:02.934635,97,196.05395682465968,0.0,0.0,0.0,False
2_39_79_376_2018-11-07 20:15:57.885959,55,110.31519428553472,2.0,0.5209036683006536,8.0,True
2_39_79_376_2018-11-08 08:24:53.548248,116,374.6653292256376,0.0,0.0,0.0,False
2_39_79_376_2018-11-08 15:50:17.561029,311,1271.5749179738561,0.0,0.0,0.0,False
2_39_79_376_2018-11-09 17:40:50.468045,32,52.65708310973512,0.0,0.0,0.0,False
2_39_79_376_2018-11-09 22:04:30.877704,126,448.53475536870246,0.0,0.0,0.0,False
2_39_79_376_2018-11-10 05:02:25.847468,197,626.2043110822399,1.0,0.3227274890350877,11.0,True
2_39_79_376_2018-11-10 23:28:42.245332,22,36.55272099673203,1.0,0.6967393259803921,16.0,True
2_39_79_376_2018-11-12 09:36:44.700024,117,371.46118519795476,1.0,0.5198690151701297,15.0,True
2_39_79_376_2018-11-12 16:51:51.438812,205,670.2474385039193,0.0,0.0,0.0,False
2_39_79_376_2018-11-12 22:53:41.145009,108,193.5876153987911,0.0,0.0,0.0,False
2_39_79_376_2018-11-13 01:18:33.932324,197,699.9028162604036,0.0,0.0,0.0,False
2_39_79_376_2018-11-13 17:34:43.934694,32,56.791446964224285,0.0,0.0,0.0,False
2_39_79_376_2018-11-14 16:06:19.368624,128,369.21667887304045,1.0,0.25169193627450975,7.0,True
2_39_79_376_2018-11-14 19:02:24.346703,314,547.5758606416362,3.0,2.872558706423454,189.0,True
2_39_79_376_2018-11-15 08:13:57.148213,58,162.0531312392501,1.0,0.49206157407407414,15.0,True
2_39_79_376_2018-11-15 16:17:25.274089,187,303.39558525787504,1.0,0.08716018518518517,5.0,True
2_39_79_376_2018-11-16 15:22:33.596944,31,53.97885562312644,0.0,0.0,0.0,False
2_39_79_376_2018-11-19 03:47:46.804455,32,50.440099152906775,0.0,0.0,0.0,False
2_39_79_376_2018-11-19 14:55:51.468164,480,968.0550286088996,1.0,0.1287120438453159,8.0,True
2_39_79_376_2018-11-20 16:31:52.067271,307,937.3239190624133,1.0,0.30396074926900585,5.0,True
2_39_79_376_2018-11-21 15:23:29.126785,361,846.6767071512207,5.0,2.9165840330298787,21.0,True
2_39_79_376_2018-11-21 22:54:21.793726,130,254.98236992604058,0.0,0.0,0.0,False
2_39_79_376_2018-11-23 19:25:25.641664,58,129.0981748366013,2.0,3.7544644471677557,22.0,True
2_39_79_376_2018-11-26 16:28:38.663277,179,300.2759693980845,0.0,0.0,0.0,False
2_39_79_376_2018-11-27 16:31:19.670464,164,313.1265986959265,1.0,0.23217544823232322,6.0,True
2_39_79_376_2018-11-27 23:46:30.646162,31,53.07701723856209,0.0,0.0,0.0,False
2_39_79_376_2018-11-28 15:14:44.319253,144,312.8964132668458,1.0,0.4928577744094714,9.0,True
2_39_79_376_2018-11-29 17:01:34.849747,121,333.14491145712356,2.0,0.4777801086457975,16.0,True
2_39_79_376_2018-11-30 06:18:34.994098,261,1765.4673408742444,1.0,0.2693770252837977,6.0,True
2_39_79_376_2018-11-30 18:16:01.735988,147,418.99601951155853,3.0,0.8568868211070979,16.0,True
2_39_79_376_2018-12-01 05:38:50.389133,268,950.4482927162492,1.0,0.31013772123323013,8.0,True
2_39_79_376_2018-12-03 15:21:18.652830,66,372.521046645245,1.0,0.2773982638888889,7.0,True
2_39_79_376_2018-12-04 17:30:29.224869,50,279.4614496203745,0.0,0.0,0.0,False
2_39_79_376_2018-12-04 22:00:05.468564,200,585.2399467468791,1.0,0.12229704715219422,5.0,True
2_39_79_376_2018-12-05 16:44:14.158318,248,759.7946172464532,3.0,0.4012385330667355,8.0,True
2_39_79_376_2018-12-05 22:16:50.037550,27,65.84656037581699,1.0,0.2857547916666666,10.0,True
2_39_79_376_2018-12-06 20:15:27.003918,139,715.2648639584787,0.0,0.0,0.0,False
2_39_79_376_2018-12-07 04:24:21.177755,274,971.8045238445378,1.0,0.3671302425180598,9.0,True
2_39_79_376_2018-12-10 15:45:31.627966,55,323.43870845496093,1.0,0.2592393178104575,7.0,True
2_39_79_376_2018-12-10 18:02:47.563336,455,1062.6440123600855,0.0,0.0,0.0,False
2_39_79_376_2018-12-11 17:32:02.500911,249,388.5652877638202,0.0,0.0,0.0,False
2_39_79_376_2018-12-12 16:28:07.626561,165,637.440230790447,0.0,0.0,0.0,False
2_39_79_376_2018-12-13 16:44:58.598480,142,322.3188570148281,0.0,0.0,0.0,False
2_39_79_376_2018-12-13 20:59:29.146941,232,518.6695608838253,0.0,0.0,0.0,False
2_39_79_376_2018-12-14 17:58:25.600398,431,1794.602503991367,0.0,0.0,0.0,False
2_39_79_376_2018-12-15 18:18:46.870322,103,590.5211475696517,0.0,0.0,0.0,False
2_39_79_376_2018-12-16 03:01:46.224851,62,396.100887090889,0.0,0.0,0.0,False
2_39_79_376_2018-12-17 17:34:51.192029,524,1966.9227624537446,0.0,0.0,0.0,False
2_39_79_376_2018-12-18 16:37:02.440532,212,404.87868844267786,0.0,0.0,0.0,False
2_39_79_376_2018-12-19 16:36:28.227835,339,851.7400220635616,2.0,0.5722102460021345,12.0,True
2_39_79_376_2018-12-20 19:43:54.030834,334,801.6021353031903,1.0,0.3885073828976035,10.0,True
2_39_79_376_2018-12-21 17:44:41.110523,282,808.672111248259,1.0,0.3566028613339275,10.0,True
2_39_79_376_2018-12-27 07:42:55.755991,45,118.3622357262654,2.0,0.8175583130839188,15.0,True
2_39_79_376_2019-01-02 16:34:33.982225,481,1707.0636015921625,0.0,0.0,0.0,False
2_39_79_376_2019-01-04 18:14:31.721163,235,797.8662155856729,1.0,0.4495130460239652,11.0,True
2_39_79_376_2019-01-07 21:34:57.961055,78,147.3258552333552,1.0,0.2037887254901961,5.0,True
2_39_79_376_2019-01-08 18:41:34.263452,312,1757.6950815810205,0.0,0.0,0.0,False
2_39_79_376_2019-01-09 17:06:39.094927,357,867.5125223988838,1.0,0.355653779956427,9.0,True
2_39_79_376_2019-01-10 17:06:42.330987,198,583.0944131722192,0.0,0.0,0.0,False
2_39_79_376_2019-01-11 19:51:52.142936,215,519.2037197096301,5.0,0.5534833601008698,5.0,True
2_39_79_376_2019-01-14 20:07:47.503554,524,2249.482395581035,1.0,0.8651750663628024,20.0,True
2_39_79_376_2019-01-15 18:06:05.049935,301,315.48253566745063,9.0,1.5854609763071896,17.0,True
2_39_79_376_2019-01-16 17:56:59.996971,112,197.99511078546402,1.0,0.0887536315359477,6.0,True
2_39_79_376_2019-01-17 18:09:59.567817,62,80.78749708764747,0.0,0.0,0.0,False
2_39_79_376_2019-01-18 19:47:50.185331,324,963.6318700762693,2.0,0.6764662064270153,12.0,True
2_39_79_376_2019-01-19 17:38:19.921498,133,474.95492046958884,0.0,0.0,0.0,False
2_39_79_376_2019-01-21 18:57:13.751091,131,466.7467999183006,0.0,0.0,0.0,False
2_39_79_376_2019-01-22 16:48:56.689091,352,652.3819393775748,0.0,0.0,0.0,False
2_39_79_376_2019-01-23 18:09:38.935716,369,699.6259758190554,1.0,0.24442076388888892,9.0,True
2_39_79_376_2019-01-25 21:53:42.730560,198,670.2934291289592,4.0,0.7572356209150327,11.0,True
2_39_79_376_2019-01-28 18:56:54.626560,257,427.29965569967544,1.0,0.7676030490880448,20.0,True
2_39_79_376_2019-01-29 19:09:08.403074,81,134.6609223155929,1.0,0.29396833333333333,8.0,True
2_39_79_376_2019-01-30 16:31:45.727626,258,520.4127577625562,0.0,0.0,0.0,False
2_39_79_376_2019-02-01 17:25:12.125831,89,520.9891968137255,0.0,0.0,0.0,False
2_39_79_376_2019-02-04 21:15:57.020396,238,639.9473839255,3.0,0.7876003022875817,13.0,True
2_39_79_376_2019-02-06 18:02:38.019185,244,759.7208838190404,1.0,0.5687799387254903,7.0,True
2_39_79_376_2019-02-07 18:30:59.003443,60,78.41501186851933,0.0,0.0,0.0,False
2_39_79_376_2019-02-07 23:22:00.416150,137,388.5742793649376,2.0,0.4313285145768834,5.0,True
2_39_79_376_2019-02-08 16:57:56.569448,121,585.6694800449894,0.0,0.0,0.0,False
2_39_79_376_2019-02-13 17:17:00.564238,32,123.41235523658918,1.0,0.5826023696273483,10.0,True
2_39_79_376_2019-02-14 20:00:23.767334,42,58.06146388888889,0.0,0.0,0.0,False
2_39_79_376_2019-02-15 19:40:40.985490,328,997.0508819942012,0.0,0.0,0.0,False
2_39_79_376_2019-02-19 18:13:43.937441,104,193.5466765519611,0.0,0.0,0.0,False
2_39_79_376_2019-02-20 20:55:09.362130,33,52.34047261904762,0.0,0.0,0.0,False
2_39_79_376_2019-02-20 22:19:33.023130,175,960.0867806623932,0.0,0.0,0.0,False
2_39_79_376_2019-02-21 18:59:09.878482,325,571.5452104584742,0.0,0.0,0.0,False
2_39_79_376_2019-02-22 20:54:44.043399,68,118.05080947477683,0.0,0.0,0.0,False
2_39_79_376_2019-02-22 22:09:53.703224,151,228.48104600406788,0.0,0.0,0.0,False
2_39_79_376_2019-02-25 18:22:44.032462,424,2655.6892038746005,1.0,1.342653614837748,18.0,True
2_39_79_376_2019-02-26 18:19:22.684505,119,308.71408603895765,1.0,0.46042918958492485,19.0,True
2_39_79_376_2019-02-28 18:15:02.942451,225,613.0924260889593,0.0,0.0,0.0,False
2_39_79_376_2019-03-01 17:01:40.453486,100,596.9696774608088,0.0,0.0,0.0,False
2_39_79_376_2019-03-04 16:36:44.985820,306,994.9775883343093,0.0,0.0,0.0,False
2_39_79_376_2019-03-05 18:53:52.180007,33,47.30372720588235,0.0,0.0,0.0,False
2_39_79_376_2019-03-06 16:48:32.773176,31,90.94339460784313,0.0,0.0,0.0,False
2_39_79_376_2019-03-07 17:27:40.398514,157,297.02676624148984,0.0,0.0,0.0,False
2_39_79_376_2019-03-08 17:25:53.339471,256,691.7427283988156,0.0,0.0,0.0,False
2_39_79_376_2019-03-11 18:18:31.705382,177,409.03533424369743,0.0,0.0,0.0,False
2_39_79_376_2019-03-11 22:01:14.527108,114,475.04870553025404,3.0,0.884367032967033,20.0,True
2_39_79_376_2019-03-12 16:44:55.135082,86,209.66639539473684,1.0,0.13010097222222222,5.0,True
2_39_79_376_2019-03-12 23:05:19.562371,85,277.74953161764705,0.0,0.0,0.0,False
2_39_79_376_2019-03-13 16:51:56.088533,164,722.3615808823529,0.0,0.0,0.0,False
2_39_79_376_2019-03-14 15:31:08.390526,166,554.9286115196078,0.0,0.0,0.0,False
2_39_79_376_2019-03-14 23:02:24.638283,69,235.63396401186196,2.0,0.3253057230392157,9.0,True
2_39_79_376_2019-03-15 18:30:37.312203,22,76.67983781512605,0.0,0.0,0.0,False
2_39_79_376_2019-03-18 14:31:54.739103,266,1617.546409030804,1.0,0.40561482151835093,7.0,True
2_39_79_376_2019-03-19 14:51:48.190076,63,188.25565465686273,1.0,0.27039881535947713,7.0,True
2_39_79_376_2019-03-20 15:52:13.047151,371,770.4892910209157,0.0,0.0,0.0,False
2_39_79_376_2019-03-20 22:51:47.841308,186,456.4723505677897,1.0,0.6858114534313725,23.0,True
2_39_79_376_2019-03-21 15:41:02.146802,83,338.28013357843133,0.0,0.0,0.0,False
2_39_79_376_2019-03-22 16:19:18.780674,335,975.7620641178738,1.0,0.17282262168902646,6.0,True
2_39_79_376_2019-03-24 01:16:21.451985,192,655.9912928921568,4.0,0.6610407380174292,10.0,True
2_39_79_376_2019-03-25 17:44:35.983902,344,939.5725397381707,4.0,0.768764477145792,12.0,True
2_39_79_376_2019-03-26 15:56:56.242458,198,1192.6118550696594,1.0,0.6823088397259489,13.0,True
2_39_79_376_2019-03-28 17:58:25.125372,189,403.50088790849674,0.0,0.0,0.0,False
2_39_79_376_2019-03-29 19:26:09.029606,120,302.11282325367193,1.0,0.38030833333333336,9.0,True
2_39_79_376_2019-04-01 16:05:40.236156,469,2855.739541637528,1.0,0.7527957638888889,18.0,True
2_39_79_376_2019-04-02 15:59:56.619504,171,478.00255465686274,0.0,0.0,0.0,False
2_39_79_376_2019-04-03 03:07:37.544448,158,537.1795823529411,2.0,0.44567972222222224,11.0,True
2_39_79_376_2019-04-03 16:37:53.428062,192,1140.0631502265567,0.0,0.0,0.0,False
2_39_79_376_2019-04-04 17:21:13.786107,89,446.1494146538918,0.0,0.0,0.0,False
2_39_79_376_2019-04-06 23:26:42.087407,32,55.445743872549016,0.0,0.0,0.0,False
2_39_79_376_2019-04-07 01:31:33.335593,31,54.774935469187675,0.0,0.0,0.0,False
2_39_79_376_2019-04-08 16:08:12.935706,74,279.54509469696967,1.0,0.5048402777777778,13.0,True
2_39_79_376_2019-04-09 16:10:26.140150,89,197.60240294117645,0.0,0.0,0.0,False
2_39_79_376_2019-04-10 15:54:16.237171,144,252.19300535714285,1.0,0.23142854166666668,9.0,True
2_39_79_376_2019-04-11 16:29:04.010946,225,538.7000629064132,0.0,0.0,0.0,False
2_39_79_376_2019-04-12 18:26:37.442014,151,800.5828433123249,0.0,0.0,0.0,False
2_39_79_376_2019-04-13 03:00:56.938958,188,674.8025473039215,2.0,0.2523738888888889,7.0,True
2_39_79_376_2019-04-13 22:06:26.071503,258,1684.9970030228758,0.0,0.0,0.0,False
2_39_79_376_2019-04-15 17:08:25.934758,186,712.4851001628274,0.0,0.0,0.0,False
2_39_79_376_2019-04-16 17:10:11.727285,32,51.93969305555555,0.0,0.0,0.0,False
2_39_79_376_2019-04-17 19:17:32.162686,320,1590.2452466171083,0.0,0.0,0.0,False
2_39_79_376_2019-04-18 16:18:09.454721,160,747.913580190153,2.0,1.331446492763772,40.0,True
2_39_79_376_2019-04-19 18:22:27.406522,196,668.4275255977849,2.0,1.1034210334967323,31.0,True
2_39_79_376_2019-04-22 16:19:37.729130,169,573.4239360644258,1.0,0.6934723447712419,13.0,True
2_39_79_376_2019-04-23 20:18:33.050970,83,562.8702301470588,0.0,0.0,0.0,False
2_39_79_376_2019-04-25 16:23:20.691493,56,183.19339027777778,1.0,0.3103643055555556,6.0,True
2_39_79_376_2019-04-26 23:44:57.025005,169,539.5048335084033,1.0,0.1412870751633987,7.0,True
2_39_79_376_2019-04-29 16:21:00.476333,31,52.01504890780873,0.0,0.0,0.0,False
2_39_79_376_2019-04-30 16:47:58.844641,129,592.8622463235293,0.0,0.0,0.0,False
2_39_79_376_2019-05-01 15:29:01.581646,218,478.1186874515663,1.0,0.3164262336601307,16.0,True
2_39_79_376_2019-05-06 18:49:41.150384,144,774.8362870013715,1.0,0.6020248303049289,12.0,True
2_39_79_376_2019-05-07 18:28:19.622296,321,1185.1280173324774,1.0,0.17641421160130719,8.0,True
2_39_79_376_2019-05-08 17:20:44.043349,81,477.11208856209146,0.0,0.0,0.0,False
2_39_79_376_2019-05-09 14:13:44.392771,98,595.1302757506932,1.0,0.7269476266339869,16.0,True
2_39_79_376_2019-05-11 22:22:33.919599,111,645.4697490196078,0.0,0.0,0.0,False
2_39_79_376_2019-05-13 17:02:29.766980,223,487.53333521870286,1.0,0.9577350462962964,32.0,True
2_39_79_376_2019-05-14 16:39:49.162002,110,722.1251448529412,0.0,0.0,0.0,False
2_39_79_376_2019-05-15 16:21:45.127567,364,971.1889217787115,4.0,0.9637653431372548,17.0,True
2_39_79_376_2019-05-16 17:01:20.715858,115,287.94323918067226,0.0,0.0,0.0,False
2_39_79_376_2019-05-16 19:15:47.227267,212,471.14899604341736,0.0,0.0,0.0,False
2_39_79_376_2019-05-17 16:29:12.965020,308,1077.7356066200443,1.0,0.32233291666666664,7.0,True
2_39_79_376_2019-05-21 16:28:51.423430,35,106.0299408496732,1.0,0.10521752587145969,6.0,True
2_39_79_376_2019-05-23 16:13:19.314484,340,1203.4766071480506,1.0,0.9365225694444445,17.0,True
2_39_79_376_2019-05-24 16:51:28.814761,150,941.9690915849673,1.0,0.4372577083333334,6.0,True
2_39_79_376_2019-05-27 16:43:13.582607,127,393.21264198603683,0.0,0.0,0.0,False
2_39_79_376_2019-05-28 16:05:42.681910,438,817.4026713062955,0.0,0.0,0.0,False
2_39_79_376_2019-05-30 19:58:46.961324,119,395.9054368464052,1.0,0.28181208333333335,7.0,True
2_39_79_376_2019-05-31 18:13:21.455008,142,351.37516175727865,0.0,0.0,0.0,False
2_39_79_376_2019-05-31 22:12:41.349691,30,63.91515016339869,2.0,0.6808250776143792,11.0,True
2_39_79_376_2019-06-03 15:55:43.960303,154,444.98752366946775,0.0,0.0,0.0,False
2_39_79_376_2019-06-04 21:34:30.216780,127,433.6277732843137,1.0,0.45013215277777774,13.0,True
2_39_79_376_2019-06-05 16:19:21.368715,403,834.8401739951784,0.0,0.0,0.0,False
2_39_79_376_2019-06-06 15:48:09.117623,211,541.1709637497306,1.0,1.0906057638888889,31.0,True
2_39_79_376_2019-06-07 20:04:44.647264,54,117.07156065628837,1.0,0.11162508169934639,6.0,True
2_39_79_376_2019-06-10 17:10:40.097542,285,641.0189796128708,0.0,0.0,0.0,False
2_39_79_376_2019-06-11 16:38:01.492884,88,117.76150260147918,2.0,0.09996468954248364,5.0,True
2_39_79_376_2019-06-12 15:45:43.997677,425,967.4375412151702,1.0,0.43704752450980383,13.0,True
2_39_79_376_2019-06-14 17:22:07.080801,173,255.68142792869818,0.0,0.0,0.0,False
2_39_79_376_2019-06-15 14:42:58.743702,238,1574.231831547619,1.0,0.8018024305555556,20.0,True
2_39_79_376_2019-06-17 17:09:29.505156,143,653.0597614114944,0.0,0.0,0.0,False
2_39_79_376_2019-06-18 17:06:15.985279,349,893.7090677464048,0.0,0.0,0.0,False
2_39_79_376_2019-06-20 18:14:25.086509,102,498.9810144607843,0.0,0.0,0.0,False
2_39_79_376_2019-06-21 15:47:01.704610,111,341.59293865546215,2.0,0.5742231740196078,17.0,True
2_39_79_376_2019-06-22 00:26:08.980780,27,50.296820833333335,0.0,0.0,0.0,False
2_39_79_376_2019-06-24 17:24:19.981852,138,234.62506666666667,0.0,0.0,0.0,False
2_39_79_376_2019-06-25 17:40:20.991103,128,403.46123689309053,3.0,0.9129702001633988,13.0,True
2_39_79_376_2019-06-26 15:34:10.364077,288,959.1087293648412,2.0,1.4703699019607843,33.0,True
2_39_79_376_2019-06-27 16:42:59.735953,133,432.14388262946204,0.0,0.0,0.0,False
2_39_79_376_2019-06-28 18:25:18.835197,147,223.62862785419088,1.0,0.08033958333333334,5.0,True
2_39_79_376_2019-07-02 19:04:05.833950,76,126.68050528308699,0.0,0.0,0.0,False
2_39_79_376_2019-07-03 16:45:57.828742,34,194.10925656377935,0.0,0.0,0.0,False
2_39_79_376_2019-07-11 19:11:06.361526,293,1521.2101654851683,0.0,0.0,0.0,False
2_39_79_376_2019-07-12 20:41:24.351059,151,414.5926427963849,5.0,1.6413143140838202,50.0,True
2_39_79_376_2019-07-15 17:00:38.238709,112,423.2143977167182,0.0,0.0,0.0,False
2_39_79_376_2019-07-17 17:58:29.571390,48,75.92174770074696,0.0,0.0,0.0,False
2_39_79_376_2019-07-18 16:20:17.404471,56,368.9370284536542,0.0,0.0,0.0,False
2_39_79_376_2019-07-22 16:31:29.411168,54,159.53776397058823,0.0,0.0,0.0,False
2_39_79_376_2019-07-23 17:25:51.700675,162,294.0301806372549,1.0,0.10930583741830066,6.0,True
2_39_79_376_2019-07-24 19:28:59.983189,125,407.3643355392157,2.0,0.6230765277777778,7.0,True
2_39_79_376_2019-07-25 18:02:53.456470,240,754.3785514705881,1.0,0.8718234232026142,18.0,True
2_39_79_376_2019-07-26 17:00:29.448978,32,54.12341446078431,0.0,0.0,0.0,False
2_39_79_376_2019-07-29 17:30:01.623356,360,1000.6254531512604,2.0,1.5890453839869279,32.0,True
2_39_79_376_2019-07-31 17:20:48.867832,152,576.6967719464101,1.0,0.6475991911764706,15.0,True
2_39_79_376_2019-08-01 18:22:28.790130,117,759.1576165966386,0.0,0.0,0.0,False
2_39_79_376_2019-08-02 20:49:43.419646,172,1049.6227075980391,0.0,0.0,0.0,False
2_39_79_376_2019-08-06 20:18:25.927503,124,407.42953039215683,4.0,0.9605931413398692,14.0,True
2_39_79_376_2019-08-07 17:14:34.130906,71,99.30732638888888,2.0,0.29070409722222224,20.0,True
2_39_79_376_2019-08-07 18:51:59.877714,177,978.230235375817,0.0,0.0,0.0,False
2_39_79_376_2019-08-08 18:32:24.818760,139,319.7463919117647,2.0,0.7467510019841269,18.0,True
2_39_79_376_2019-08-09 17:08:16.617230,34,87.32869364973261,0.0,0.0,0.0,False
2_39_79_376_2019-08-12 16:10:35.803686,69,95.0337612745098,1.0,0.09940111111111109,6.0,True
2_39_79_376_2019-08-14 15:58:05.226603,181,297.7454370098039,0.0,0.0,0.0,False
2_39_79_376_2019-08-15 16:41:22.160777,20,71.28776666666666,0.0,0.0,0.0,False
2_39_79_376_2019-08-19 15:52:35.839686,37,60.365055147058825,0.0,0.0,0.0,False
2_39_79_376_2019-08-20 16:35:12.910342,64,250.99667179144384,2.0,0.9344022017973858,18.0,True
2_39_79_376_2019-08-20 23:28:19.853686,56,166.39055498366014,1.0,0.09331493055555556,5.0,True
2_39_79_376_2019-08-21 15:58:29.630466,144,239.0653606092437,0.0,0.0,0.0,False
2_39_79_376_2019-08-22 18:32:30.152722,146,698.874035410831,2.0,1.201805277777778,30.0,True
2_39_79_377_2018-11-03 22:35:35.493585,32,58.551601610644255,0.0,0.0,0.0,False
2_39_79_377_2018-11-04 06:51:08.185092,266,1751.4164443981842,0.0,0.0,0.0,False
2_39_79_377_2018-11-05 02:40:01.139622,73,248.2185188659036,0.0,0.0,0.0,False
2_39_79_377_2018-11-05 13:11:27.906414,106,648.4004507766742,0.0,0.0,0.0,False
2_39_79_377_2018-11-05 15:11:02.408468,355,1782.9988601998964,1.0,0.8004666448801743,18.0,True
2_39_79_377_2018-11-06 14:37:30.879986,188,622.8718002527186,1.0,0.523805943627451,17.0,True
2_39_79_377_2018-11-07 16:19:18.081675,121,314.697630579796,1.0,0.08597886574074075,5.0,True
2_39_79_377_2018-11-08 16:25:46.148444,178,314.3413875957333,1.0,0.1259592592592593,6.0,True
2_39_79_377_2018-11-09 03:15:16.635509,176,598.4439506869893,1.0,0.4874069934640523,17.0,True
2_39_79_377_2018-11-09 14:58:15.549942,317,923.5288783920628,1.0,0.30880220179738566,13.0,True
2_39_79_377_2018-11-11 02:59:14.472178,285,984.7548555322128,1.0,0.5144752328431372,18.0,True
2_39_79_377_2018-11-11 21:05:05.012755,125,361.97407805420414,2.0,0.6185015268973086,10.0,True
2_39_79_377_2018-11-12 16:07:59.642953,122,213.2149788123684,1.0,0.13974035539215685,7.0,True
2_39_79_377_2018-11-13 14:28:04.300171,174,564.5957580066477,0.0,0.0,0.0,False
2_39_79_377_2018-11-13 19:00:49.732477,79,489.24181112278245,1.0,0.6389331954170558,12.0,True
2_39_79_377_2018-11-14 00:57:39.228214,128,373.4761659779346,1.0,0.37067695319794586,8.0,True
2_39_79_377_2018-11-14 17:45:08.948493,273,1687.7175319463345,1.0,0.6954807352941177,18.0,True
2_39_79_377_2018-11-15 14:30:35.033947,117,355.6128571040506,0.0,0.0,0.0,False
2_39_79_377_2018-11-16 09:23:27.006083,115,360.3378156162465,2.0,0.7696887949346405,15.0,True
2_39_79_377_2018-11-16 16:34:05.861623,322,1057.1204086069718,0.0,0.0,0.0,False
2_39_79_377_2018-11-17 03:05:19.410471,31,57.29944035087719,0.0,0.0,0.0,False
2_39_79_377_2018-11-17 07:54:02.235153,78,229.6361424836601,1.0,0.47199106481481484,15.0,True
2_39_79_377_2018-11-17 17:57:40.628688,157,550.7979436901076,0.0,0.0,0.0,False
2_39_79_377_2018-11-18 01:58:38.377148,143,465.376464245786,0.0,0.0,0.0,False
2_39_79_377_2018-11-18 17:07:28.444054,204,1374.1265790616246,0.0,0.0,0.0,False
2_39_79_377_2018-11-18 20:46:38.420552,66,219.3299392051318,0.0,0.0,0.0,False
2_39_79_377_2018-11-19 08:32:32.316582,120,373.652341993464,2.0,0.7982753703703704,16.0,True
2_39_79_377_2018-11-19 15:12:22.771391,350,1062.9099301627896,1.0,0.5588751552287582,17.0,True
2_39_79_377_2018-11-20 01:14:02.925134,287,981.7236248366013,1.0,0.4363262050653595,14.0,True
2_39_79_377_2018-11-20 08:23:22.903375,47,124.33963194444443,2.0,0.7875466713966288,15.0,True
2_39_79_377_2018-11-20 15:13:32.505860,209,639.256070926704,0.0,0.0,0.0,False
2_39_79_377_2018-11-21 15:13:42.311823,228,396.1487108584054,0.0,0.0,0.0,False
2_39_79_377_2018-11-22 18:11:34.012303,166,1127.337393454838,0.0,0.0,0.0,False
2_39_79_377_2018-11-23 21:09:02.080408,177,1198.177182563025,0.0,0.0,0.0,False
2_39_79_377_2018-11-24 15:59:36.762327,94,433.02093434656587,1.0,0.42828726715686277,9.0,True
2_39_79_377_2018-11-25 21:44:30.846226,105,496.98644817620027,0.0,0.0,0.0,False
2_39_79_377_2018-11-26 15:07:12.396492,84,358.1244241992141,0.0,0.0,0.0,False
2_39_79_377_2018-11-27 14:10:06.354044,62,370.08748957749765,0.0,0.0,0.0,False
2_39_79_377_2018-11-28 01:53:42.586902,235,826.8720575396825,0.0,0.0,0.0,False
2_39_79_377_2018-11-28 15:14:34.758083,35,55.17211184640522,0.0,0.0,0.0,False
2_39_79_377_2018-11-28 21:52:34.835996,201,1357.9948236871917,0.0,0.0,0.0,False
2_39_79_377_2018-11-29 16:33:49.603151,309,951.2926832000429,1.0,0.27518726495726503,8.0,True
2_39_79_377_2018-11-30 14:45:53.262878,160,947.1960347689076,0.0,0.0,0.0,False
2_39_79_377_2018-12-01 20:13:55.497105,111,367.443410745614,0.0,0.0,0.0,False
2_39_79_377_2018-12-02 18:10:48.948623,198,637.380380355867,0.0,0.0,0.0,False
2_39_79_377_2018-12-03 16:16:46.670485,78,217.60799225246623,2.0,0.46227544934640524,5.0,True
2_39_79_377_2018-12-04 02:00:46.446376,180,1015.1656345283671,0.0,0.0,0.0,False
2_39_79_377_2018-12-04 16:36:50.684583,144,308.79054432727145,2.0,0.40661842047930286,8.0,True
2_39_79_377_2018-12-05 15:31:24.412217,168,382.5808651102681,1.0,0.26203243055555553,8.0,True
2_39_79_377_2018-12-05 19:25:24.704173,263,1442.6656960101345,0.0,0.0,0.0,False
2_39_79_377_2018-12-06 03:02:39.681008,67,397.3099474673202,0.0,0.0,0.0,False
2_39_79_377_2018-12-06 16:09:04.804673,167,383.0942006771823,1.0,0.427871179388422,11.0,True
2_39_79_377_2018-12-06 23:02:28.578055,126,398.2624425629023,1.0,0.3035999346405228,7.0,True
2_39_79_377_2018-12-07 16:14:10.472421,527,1638.1303177472896,1.0,0.7196133660130719,16.0,True
2_39_79_377_2018-12-08 18:58:46.618003,24,42.55655433006536,0.0,0.0,0.0,False
2_39_79_377_2018-12-08 21:36:13.699275,152,1018.1581362757383,0.0,0.0,0.0,False
2_39_79_377_2018-12-09 17:34:14.912449,67,395.5767187494695,1.0,0.16895305730625587,5.0,True
2_39_79_377_2018-12-10 16:18:25.931098,25,38.898283063994825,0.0,0.0,0.0,False
2_39_79_377_2018-12-10 16:55:12.698849,458,1492.996882697849,0.0,0.0,0.0,False
2_39_79_377_2018-12-11 02:01:46.565779,292,989.8271158097306,1.0,0.4406653022875817,15.0,True
2_39_79_377_2018-12-11 18:37:34.374605,99,153.50705780812325,0.0,0.0,0.0,False
2_39_79_377_2018-12-12 15:36:20.787482,217,890.7107174836601,0.0,0.0,0.0,False
2_39_79_377_2018-12-13 15:21:35.683966,309,700.8927943748503,0.0,0.0,0.0,False
2_39_79_377_2018-12-14 15:17:09.935285,79,416.37353757208564,1.0,0.4609486988304094,8.0,True
2_39_79_377_2018-12-16 19:07:50.037903,117,339.0511349997354,1.0,0.33687020249766575,8.0,True
2_39_79_377_2018-12-17 17:39:14.710943,254,555.6574967129662,1.0,0.13569717944228973,7.0,True
2_39_79_377_2018-12-18 15:55:56.746349,129,222.28220781174878,1.0,0.12981895833333332,6.0,True
2_39_79_377_2018-12-20 00:02:30.993610,71,221.57907148318657,1.0,0.30544909930053893,7.0,True
2_39_79_377_2018-12-20 16:31:50.853316,212,348.3186597727522,1.0,0.149648895123839,7.0,True
2_39_79_377_2018-12-21 20:03:20.292547,256,1447.5580405083435,0.0,0.0,0.0,False
2_39_79_377_2018-12-23 20:25:24.882829,89,583.6816699077067,0.0,0.0,0.0,False
2_39_79_377_2018-12-28 23:47:10.681028,263,1678.2787260154232,0.0,0.0,0.0,False
2_39_79_377_2018-12-31 21:27:39.979867,276,1485.4735183433284,0.0,0.0,0.0,False
2_39_79_377_2019-01-01 21:10:02.892601,49,73.65691342170472,1.0,0.0888444067370538,5.0,True
2_39_79_377_2019-01-02 17:50:37.389194,138,371.22173160433994,0.0,0.0,0.0,False
2_39_79_377_2019-01-03 16:03:16.450314,41,66.71970162590677,0.0,0.0,0.0,False
2_39_79_377_2019-01-04 17:35:43.612240,311,861.6802362459836,2.0,1.392738886639676,29.0,True
2_39_79_377_2019-01-07 16:17:59.681519,376,819.0232964516891,0.0,0.0,0.0,False
2_39_79_377_2019-01-08 15:56:18.794401,120,319.74828690678515,2.0,0.279501589585595,8.0,True
2_39_79_377_2019-01-10 16:00:43.417901,119,351.19456413695093,2.0,0.5025546655604745,10.0,True
2_39_79_377_2019-01-11 15:26:01.938175,23,57.34682577030812,1.0,0.25704040616246504,10.0,True
2_39_79_377_2019-01-11 18:34:58.768521,155,475.6352322916763,0.0,0.0,0.0,False
2_39_79_377_2019-01-12 21:38:19.195480,115,365.60468137316326,1.0,0.3062824732173571,8.0,True
2_39_79_377_2019-01-13 22:31:45.290191,158,927.0042725490367,0.0,0.0,0.0,False
2_39_79_377_2019-01-14 16:23:40.718424,541,2415.594361846105,0.0,0.0,0.0,False
2_39_79_377_2019-01-15 01:40:17.548613,108,324.3705170550811,1.0,0.4104554769583272,11.0,True
2_39_79_377_2019-01-15 17:16:55.031474,130,374.6969086634542,1.0,0.22936885966566112,7.0,True
2_39_79_377_2019-01-16 18:14:28.117899,327,657.6948000089951,0.0,0.0,0.0,False
2_39_79_377_2019-01-17 16:42:31.044567,161,658.1957888555554,1.0,0.2779761528096087,6.0,True
2_39_79_377_2019-01-17 22:07:34.782168,172,568.4335050729206,0.0,0.0,0.0,False
2_39_79_377_2019-01-18 16:52:24.368731,401,2215.731606658155,0.0,0.0,0.0,False
2_39_79_377_2019-01-19 20:43:57.652897,315,956.2378679834484,1.0,0.24792951388888892,7.0,True
2_39_79_377_2019-01-21 15:50:23.581987,62,183.36870940871563,1.0,0.40040031045751634,10.0,True
2_39_79_377_2019-01-21 20:53:06.036463,63,189.73894012066364,1.0,0.29860481617647056,8.0,True
2_39_79_377_2019-01-22 01:33:16.876520,282,965.9150208611362,2.0,0.5600984829253975,12.0,True
2_39_79_377_2019-01-23 18:47:13.227071,286,537.2829611065748,0.0,0.0,0.0,False
2_39_79_377_2019-01-24 15:51:42.044775,116,367.9251185807656,1.0,0.3754220302287582,9.0,True
2_39_79_377_2019-01-25 18:08:59.952753,395,2385.9499383717116,1.0,0.7746379631574852,21.0,True
2_39_79_377_2019-01-26 16:52:56.040971,32,54.224712499999995,0.0,0.0,0.0,False
2_39_79_377_2019-01-28 16:38:51.464157,210,499.4924572104581,1.0,0.15359403293773652,7.0,True
2_39_79_377_2019-01-29 20:20:34.879122,120,393.31180122549017,1.0,0.3642081944444444,8.0,True
2_39_79_377_2019-01-30 15:31:50.115525,270,418.31076403989454,0.0,0.0,0.0,False
2_39_79_377_2019-01-31 17:26:05.424721,85,480.88087925583187,0.0,0.0,0.0,False
2_39_79_377_2019-02-01 16:05:17.003660,105,324.52844031915794,2.0,0.43788237745098035,6.0,True
2_39_79_377_2019-02-01 19:18:10.545039,198,1234.2455444119691,1.0,0.8755064289502352,23.0,True
2_39_79_377_2019-02-02 17:41:36.179581,115,368.4919225490196,1.0,0.3535624468954249,8.0,True
2_39_79_377_2019-02-03 20:54:12.581051,111,350.4649430735931,1.0,0.4281697916666667,10.0,True
2_39_79_377_2019-02-04 17:07:05.048485,142,364.47767023809524,1.0,0.24102715277777778,8.0,True
2_39_79_377_2019-02-05 16:55:09.595057,54,224.54569316933066,1.0,0.9009071235708735,17.0,True
2_39_79_377_2019-02-06 20:30:17.235924,106,332.84784856442576,1.0,0.4130520138888889,9.0,True
2_39_79_377_2019-02-07 17:05:19.345031,314,1674.8231173607437,1.0,0.18262117647058823,7.0,True
2_39_79_377_2019-02-08 22:20:44.518976,108,688.022991468254,0.0,0.0,0.0,False
2_39_79_377_2019-02-09 21:19:46.105885,173,605.5611039215686,0.0,0.0,0.0,False
2_39_79_377_2019-02-10 18:59:15.524788,301,1905.213651292335,1.0,1.127837777777778,25.0,True
2_39_79_377_2019-02-11 21:18:45.423010,184,558.3581975030688,5.0,1.6851953628397747,13.0,True
2_39_79_377_2019-02-12 16:39:38.609426,116,474.98467101166807,1.0,0.20726597222222223,9.0,True
2_39_79_377_2019-02-12 20:20:19.012994,61,124.32857867647058,2.0,1.1815017279411764,34.0,True
2_39_79_377_2019-02-13 17:08:31.061426,64,195.71780352474323,1.0,0.10958895833333335,5.0,True
2_39_79_377_2019-02-13 20:40:58.818703,47,85.76964485294117,1.0,0.2933299305555555,9.0,True
2_39_79_377_2019-02-14 17:11:20.326639,247,1462.9960151289886,1.0,0.7111230065359476,15.0,True
2_39_79_377_2019-02-15 00:38:19.820182,68,239.10254882641865,0.0,0.0,0.0,False
2_39_79_377_2019-02-15 04:02:49.894671,69,465.08452083333333,0.0,0.0,0.0,False
2_39_79_377_2019-02-16 18:46:37.726417,293,1956.4210760387487,0.0,0.0,0.0,False
2_39_79_377_2019-02-17 06:50:50.970857,519,3417.8131432773107,2.0,1.0127895833333334,29.0,True
2_39_79_377_2019-02-18 16:51:02.718320,65,232.68560595238094,0.0,0.0,0.0,False
2_39_79_377_2019-02-19 03:56:01.782433,117,375.95810017302955,1.0,0.1639886312706901,7.0,True
2_39_79_377_2019-02-19 16:55:22.479708,157,477.26103240223824,1.0,0.19966936327561324,8.0,True
2_39_79_377_2019-02-20 17:01:14.427923,32,51.9312737745098,0.0,0.0,0.0,False
2_39_79_377_2019-02-21 17:03:54.949687,431,940.162916178786,0.0,0.0,0.0,False
2_39_79_377_2019-02-22 19:50:38.148011,162,446.08261249508575,1.0,0.5324763425925926,16.0,True
2_39_79_377_2019-02-23 23:57:37.299278,227,1415.1469090686273,0.0,0.0,0.0,False
2_39_79_377_2019-02-24 21:46:23.680451,100,598.6136989379085,0.0,0.0,0.0,False
2_39_79_377_2019-02-25 17:25:36.367749,275,779.88895850571,9.0,2.2192824286103336,23.0,True
2_39_79_377_2019-02-25 22:27:35.774438,96,298.12215503214105,2.0,0.8960318689249205,9.0,True
2_39_79_377_2019-02-26 16:57:12.523001,190,1220.2635946027613,1.0,0.6840063807189541,14.0,True
2_39_79_377_2019-02-27 18:01:48.472161,143,686.2660607871703,0.0,0.0,0.0,False
2_39_79_377_2019-02-28 16:57:15.337398,141,318.45240899746966,0.0,0.0,0.0,False
2_39_79_377_2019-02-28 20:23:23.658056,180,512.5614004565138,0.0,0.0,0.0,False
2_39_79_377_2019-03-01 06:07:58.901926,254,1600.748626866185,1.0,0.4177832802287582,9.0,True
2_39_79_377_2019-03-02 21:50:37.128047,138,899.3101343837535,0.0,0.0,0.0,False
2_39_79_377_2019-03-03 18:26:28.096637,166,1083.2938518145854,1.0,0.7966602162166034,19.0,True
2_39_79_377_2019-03-04 16:33:32.575861,276,922.7888618887367,2.0,0.48116944852941174,11.0,True
2_39_79_377_2019-03-05 17:13:03.138988,269,1310.9969999115435,1.0,0.7398810661764706,18.0,True
2_39_79_377_2019-03-07 16:05:56.948538,282,941.9244964894582,2.0,0.5089864583333333,11.0,True
2_39_79_377_2019-03-08 16:57:05.103003,196,617.9060092228119,3.0,0.9359141962135734,19.0,True
2_39_79_377_2019-03-08 20:26:43.535695,77,213.13053642718648,1.0,0.3306202934931283,13.0,True
2_39_79_377_2019-03-10 19:27:57.467135,250,1498.5846077174458,0.0,0.0,0.0,False
2_39_79_377_2019-03-11 16:16:01.653325,313,1512.1316520756548,0.0,0.0,0.0,False
2_39_79_377_2019-03-12 15:52:37.064834,354,1261.4896181974543,1.0,0.6608481903594772,11.0,True
2_39_79_377_2019-03-13 19:55:47.579807,75,214.4800807072829,2.0,0.8002376091269843,16.0,True
2_39_79_377_2019-03-14 14:57:07.984442,117,323.48462853821013,3.0,0.6106970833333334,7.0,True
2_39_79_377_2019-03-15 02:25:25.813267,18,113.7633875,0.0,0.0,0.0,False
2_39_79_377_2019-03-15 22:56:45.031479,193,671.1590566993464,1.0,0.14728666666666665,7.0,True
2_39_79_377_2019-03-16 22:09:57.579684,88,568.1315102240897,0.0,0.0,0.0,False
2_39_79_377_2019-03-18 15:05:53.967113,60,176.5999606442577,2.0,0.545804126984127,10.0,True
2_39_79_377_2019-03-19 04:57:46.128468,299,1911.3009246498598,1.0,0.3829128594771242,8.0,True
2_39_79_377_2019-03-19 19:25:21.811026,141,472.33022927064764,2.0,0.22610124999999998,5.0,True
2_39_79_377_2019-03-20 01:52:23.996296,58,85.91698703314658,0.0,0.0,0.0,False
2_39_79_377_2019-03-20 15:05:11.415285,119,375.7488452301876,1.0,0.39596417892156865,9.0,True
2_39_79_377_2019-03-20 18:02:58.585152,175,1038.9759644374417,0.0,0.0,0.0,False
2_39_79_377_2019-03-22 15:57:13.196006,86,384.45684206656347,0.0,0.0,0.0,False
2_39_79_377_2019-03-23 15:33:21.197570,32,55.321581127450976,0.0,0.0,0.0,False
2_39_79_377_2019-03-24 05:19:10.886133,426,940.2887539627726,2.0,1.5876194317855348,46.0,True
2_39_79_377_2019-03-25 16:41:48.247681,120,386.02811742776055,3.0,0.7593648710317461,12.0,True
2_39_79_377_2019-03-26 15:02:28.740811,79,209.6597,1.0,0.36643805555555553,9.0,True
2_39_79_377_2019-03-27 15:49:16.548002,274,1272.135995629189,1.0,0.34651459558823533,9.0,True
2_39_79_377_2019-03-28 02:55:10.744634,127,804.6446823529411,1.0,0.6027874999999999,7.0,True
2_39_79_377_2019-03-28 17:45:53.777875,160,365.72772650568385,1.0,0.41715381944444446,15.0,True
2_39_79_377_2019-03-28 23:44:57.290195,69,240.81297916666665,0.0,0.0,0.0,False
2_39_79_377_2019-03-29 16:34:48.580420,275,931.7432143323996,2.0,0.46179940359477123,10.0,True
2_39_79_377_2019-03-31 15:06:52.642198,85,254.30532289915965,1.0,0.47830708333333344,15.0,True
2_39_79_377_2019-04-01 02:11:39.943148,67,135.36123848039216,1.0,0.24877388888888888,8.0,True
2_39_79_377_2019-04-02 15:13:19.905573,68,193.60812731433907,1.0,0.3195508712140474,8.0,True
2_39_79_377_2019-04-03 15:31:45.475172,133,524.5093561274509,0.0,0.0,0.0,False
2_39_79_377_2019-04-04 00:40:01.936711,81,197.24418918067227,1.0,0.3847573611111112,8.0,True
2_39_79_377_2019-04-05 00:56:45.122638,253,886.9392291666667,4.0,0.5301913888888888,7.0,True
2_39_79_377_2019-04-05 15:27:30.111443,253,696.6725945261437,0.0,0.0,0.0,False
2_39_79_377_2019-04-08 15:41:36.838129,1,0.6262,0.0,0.0,0.0,False
2_39_79_377_2019-04-08 19:33:03.707626,226,1477.4408107874967,0.0,0.0,0.0,False
2_39_79_377_2019-04-09 01:26:32.184442,254,1695.3491789215686,0.0,0.0,0.0,False
2_39_79_377_2019-04-09 14:48:35.007490,101,319.98359218417266,2.0,0.5442680753519356,9.0,True
2_39_79_377_2019-04-10 03:38:38.965785,164,549.3866840686275,2.0,0.5555604166666667,12.0,True
2_39_79_377_2019-04-10 15:32:29.768037,146,507.02245773270846,0.0,0.0,0.0,False
2_39_79_377_2019-04-11 15:25:03.124055,191,508.58151583800185,0.0,0.0,0.0,False
2_39_79_377_2019-04-11 22:50:56.027221,233,810.2128420518206,1.0,0.2644869444444445,5.0,True
2_39_79_377_2019-04-12 15:34:28.819427,85,550.8521841036414,0.0,0.0,0.0,False
2_39_79_377_2019-04-14 20:00:25.305132,31,52.825129983660126,0.0,0.0,0.0,False
2_39_79_377_2019-04-15 15:48:07.821058,194,1186.448724964986,1.0,0.57613125,10.0,True
2_39_79_377_2019-04-16 00:17:12.002740,278,948.8092444327731,2.0,0.5670469444444446,13.0,True
2_39_79_377_2019-04-16 20:03:31.456588,79,508.136000245098,0.0,0.0,0.0,False
2_39_79_377_2019-04-17 15:30:56.490617,169,545.9100218582887,0.0,0.0,0.0,False
2_39_79_377_2019-04-18 15:31:38.064408,92,587.2250088235294,0.0,0.0,0.0,False
2_39_79_377_2019-04-19 01:51:53.587913,204,719.1655397281639,0.0,0.0,0.0,False
2_39_79_377_2019-04-19 15:53:36.813277,135,461.57174366068483,0.0,0.0,0.0,False
2_39_79_377_2019-04-20 20:26:32.585236,147,706.9320761904762,1.0,1.2190418055555556,40.0,True
2_39_79_377_2019-04-21 20:10:13.639269,104,344.85869413037943,0.0,0.0,0.0,False
2_39_79_377_2019-04-22 15:25:49.020778,153,585.0329838989442,0.0,0.0,0.0,False
2_39_79_377_2019-04-23 14:56:30.124143,122,361.7589861847389,2.0,0.6105985919431876,7.0,True
2_39_79_377_2019-04-24 16:01:22.482563,32,51.06519926470588,0.0,0.0,0.0,False
2_39_79_377_2019-04-25 15:28:02.391989,158,625.4134033496732,0.0,0.0,0.0,False
2_39_79_377_2019-04-25 21:44:42.000301,32,52.830375,0.0,0.0,0.0,False
2_39_79_377_2019-04-26 16:00:51.419411,49,164.14171270639835,1.0,0.495920005446623,13.0,True
2_39_79_377_2019-04-26 18:21:04.381013,129,595.3205050550456,0.0,0.0,0.0,False
2_39_79_377_2019-04-27 18:30:06.706511,253,1324.5368756850175,0.0,0.0,0.0,False
2_39_79_377_2019-04-27 23:42:44.258519,87,574.3490866545893,0.0,0.0,0.0,False
2_39_79_377_2019-04-28 21:50:43.837436,144,508.0956982843137,0.0,0.0,0.0,False
2_39_79_377_2019-04-29 00:46:24.996975,126,436.9061691993464,2.0,0.598471441993464,9.0,True
2_39_79_377_2019-04-29 14:43:32.496940,193,1015.5316134469975,0.0,0.0,0.0,False
2_39_79_377_2019-04-30 15:55:30.067900,42,197.5560031733746,1.0,0.7704834969470244,15.0,True
2_39_79_377_2019-05-01 15:55:40.240381,251,832.8833673987232,0.0,0.0,0.0,False
2_39_79_377_2019-05-02 15:06:23.046695,30,49.586095669934636,0.0,0.0,0.0,False
2_39_79_377_2019-05-03 01:29:35.712774,71,471.96433954248363,0.0,0.0,0.0,False
2_39_79_377_2019-05-03 15:57:27.484843,83,248.90973602941176,1.0,0.34426391339869283,12.0,True
2_39_79_377_2019-05-05 09:22:37.577213,385,844.282544117647,1.0,0.6114056944444445,7.0,True
2_39_79_377_2019-05-08 15:37:33.934056,17,79.60017916666666,0.0,0.0,0.0,False
2_39_79_377_2019-05-09 15:18:05.772756,199,1093.6831146291445,0.0,0.0,0.0,False
2_39_79_377_2019-05-10 15:30:01.346637,213,1006.4261595588234,2.0,1.4921123080065362,41.0,True
2_39_79_377_2019-05-13 15:40:31.044649,258,838.5880732843136,0.0,0.0,0.0,False
2_39_79_377_2019-05-14 16:01:06.841989,28,104.61158782051281,1.0,0.8565886111111111,16.0,True
2_39_79_377_2019-05-15 15:31:59.841151,94,373.89845198955015,1.0,0.23635253449527963,5.0,True
2_39_79_377_2019-05-15 17:10:39.016056,292,372.5091592023173,3.0,3.0701266521836006,167.0,True
2_39_79_377_2019-05-16 20:06:54.845956,118,385.9892480736154,2.0,0.6188543124355006,8.0,True
2_39_79_377_2019-05-17 15:51:23.031877,143,593.454212394958,0.0,0.0,0.0,False
2_39_79_377_2019-05-20 15:38:14.433423,271,1174.7686562091503,0.0,0.0,0.0,False
2_39_79_377_2019-05-21 15:45:34.214323,159,680.3779083921975,0.0,0.0,0.0,False
2_39_79_377_2019-05-22 15:37:20.099998,97,535.4749906034024,0.0,0.0,0.0,False
2_39_79_377_2019-05-22 23:18:47.007587,101,597.5700703996984,0.0,0.0,0.0,False
2_39_79_377_2019-05-23 00:58:25.099254,30,47.90376527777778,0.0,0.0,0.0,False
2_39_79_377_2019-05-23 15:36:15.498781,107,621.6538117647059,0.0,0.0,0.0,False
2_39_79_377_2019-05-24 15:35:18.969655,147,752.6865630952381,0.0,0.0,0.0,False
2_39_79_377_2019-05-27 16:34:36.401212,270,934.9994922619047,5.0,2.601207708333334,44.0,True
2_39_79_377_2019-05-28 15:13:40.132407,267,765.2714104691877,0.0,0.0,0.0,False
2_39_79_377_2019-05-29 15:21:43.314768,259,776.8042898809523,4.0,0.9167274999999998,13.0,True
2_39_79_377_2019-05-31 17:05:10.566405,42,68.19007830128204,0.0,0.0,0.0,False
2_39_79_377_2019-06-02 19:18:34.949908,223,1351.083632352941,0.0,0.0,0.0,False
2_39_79_377_2019-06-03 15:17:34.968781,289,941.4241246782843,3.0,1.1722001671122992,19.0,True
2_39_79_377_2019-06-04 14:47:01.439155,217,1273.008857843137,1.0,0.6964061805555555,13.0,True
2_39_79_377_2019-06-05 16:19:00.978570,169,539.5734238678805,1.0,0.3376394444444445,10.0,True
2_39_79_377_2019-06-07 16:43:43.171858,52,157.33756470588236,1.0,0.25646180555555553,8.0,True
2_39_79_377_2019-06-09 20:11:40.113030,202,1345.59230749484,0.0,0.0,0.0,False
2_39_79_377_2019-06-10 02:41:35.615545,140,940.8456079831932,0.0,0.0,0.0,False
2_39_79_377_2019-06-10 17:27:34.830470,247,1592.7558200163398,0.0,0.0,0.0,False
2_39_79_377_2019-06-11 15:56:59.320123,292,969.2939836834734,2.0,1.0699555773420482,30.0,True
2_39_79_377_2019-06-12 11:37:28.195554,102,440.57996944444443,1.0,1.0413868055555557,32.0,True
2_39_79_377_2019-06-12 16:02:20.920178,436,861.5704215102708,0.0,0.0,0.0,False
2_39_79_377_2019-06-13 16:56:54.345158,68,442.62310833333333,0.0,0.0,0.0,False
2_39_79_377_2019-06-14 15:29:55.673750,308,509.93176248514555,7.0,1.3147815713507625,54.0,True
2_39_79_377_2019-06-16 05:12:33.999057,287,1924.7933088235293,0.0,0.0,0.0,False
2_39_79_377_2019-06-17 17:29:18.581314,109,648.161413894194,0.0,0.0,0.0,False
2_39_79_377_2019-06-18 16:09:07.229078,265,489.86193189775906,4.0,0.4994964133986928,20.0,True
2_39_79_377_2019-06-19 15:29:59.335108,333,661.5932598039216,0.0,0.0,0.0,False
2_39_79_377_2019-06-20 16:17:23.297649,17,58.49632352941176,0.0,0.0,0.0,False
2_39_79_377_2019-06-21 15:59:09.898102,48,115.95586911764705,0.0,0.0,0.0,False
2_39_79_377_2019-06-25 16:05:07.921774,37,56.550233008658005,0.0,0.0,0.0,False
2_39_79_377_2019-06-27 16:24:38.329409,320,921.0862726307189,6.0,1.68265085375817,24.0,True
2_39_79_377_2019-06-28 16:21:48.457285,80,503.433372840803,0.0,0.0,0.0,False
2_39_79_377_2019-07-01 18:00:05.217619,104,390.43742927170865,0.0,0.0,0.0,False
2_39_79_377_2019-07-01 20:21:17.451922,93,595.4255440508022,0.0,0.0,0.0,False
2_39_79_377_2019-07-04 12:46:35.761833,149,760.6397894365439,2.0,1.2321158531746033,22.0,True
2_39_79_377_2019-07-06 05:37:48.453555,34,59.07919033613445,0.0,0.0,0.0,False
2_39_79_377_2019-07-08 16:21:27.584280,105,598.5086271914188,1.0,0.7135579647546153,13.0,True
2_39_79_377_2019-07-10 19:08:25.389031,81,189.51451830495355,1.0,1.3710252981309483,29.0,True
2_39_79_377_2019-07-11 03:10:33.524553,194,1016.9139502262443,1.0,1.2499454067460316,29.0,True
2_39_79_377_2019-07-12 17:30:11.044507,107,234.0235931372549,0.0,0.0,0.0,False
2_39_79_377_2019-07-12 21:44:05.545954,71,233.33836176768278,1.0,1.0337201097207889,48.0,True
2_39_79_377_2019-07-12 23:32:43.290191,57,192.44932947994985,2.0,0.34278543099988534,10.0,True
2_39_79_377_2019-07-14 19:55:32.669909,115,718.125881617647,0.0,0.0,0.0,False
2_39_79_377_2019-07-15 16:15:45.712633,92,362.3800613095238,3.0,0.393549384920635,21.0,True
2_39_79_377_2019-07-17 15:35:07.342126,227,460.2357570144724,1.0,0.26147226657329603,14.0,True
2_39_79_377_2019-07-18 15:52:38.592300,142,204.9650206395041,0.0,0.0,0.0,False
2_39_79_377_2019-07-19 17:01:53.813085,133,821.1270556489262,0.0,0.0,0.0,False
2_39_79_377_2019-07-22 17:15:48.810580,134,642.4445251633987,0.0,0.0,0.0,False
2_39_79_377_2019-07-23 16:28:39.343580,94,300.72050367647057,0.0,0.0,0.0,False
2_39_79_377_2019-07-25 15:41:33.362413,123,396.4505317693744,1.0,0.27027719246031745,6.0,True
2_39_79_377_2019-07-26 16:11:08.518257,42,246.76324305555553,1.0,0.5502006944444444,7.0,True
2_39_79_377_2019-07-28 15:35:18.206055,455,3011.4760950037708,0.0,0.0,0.0,False
2_39_79_377_2019-07-29 21:08:19.677479,288,1391.6390524159663,0.0,0.0,0.0,False
2_39_79_377_2019-07-31 15:58:48.271834,126,360.78500181772586,0.0,0.0,0.0,False
2_39_79_377_2019-07-31 19:31:59.636748,71,136.2138625,1.0,0.2822949999999999,9.0,True
2_39_79_377_2019-08-01 16:52:06.742977,74,110.69229196293901,0.0,0.0,0.0,False
2_39_79_377_2019-08-02 18:01:55.669923,34,48.78884583333333,0.0,0.0,0.0,False
2_39_79_377_2019-08-04 19:23:42.367086,50,305.22417083333335,1.0,0.5943797916666667,7.0,True
2_39_79_377_2019-08-05 16:58:40.203621,207,593.2372464697282,0.0,0.0,0.0,False
2_39_79_377_2019-08-06 05:19:48.578184,194,1048.32044255883,2.0,1.2044141666666666,22.0,True
2_39_79_377_2019-08-06 18:43:57.989661,25,87.12302916666667,0.0,0.0,0.0,False
2_39_79_377_2019-08-06 21:15:37.049525,138,441.7976227591036,4.0,0.9054257107843137,11.0,True
2_39_79_377_2019-08-07 15:38:08.117413,262,1119.1241447012137,2.0,0.6577893314270153,15.0,True
2_39_79_377_2019-08-08 19:06:50.081382,22,31.6189625,0.0,0.0,0.0,False
2_39_79_377_2019-08-09 05:23:16.760440,207,1299.2843570261437,1.0,0.5992335879629631,16.0,True
2_39_79_377_2019-08-10 02:33:51.482605,261,880.7046457633053,5.0,5.16775545751634,90.0,True
2_39_79_377_2019-08-14 05:23:41.292629,254,1590.649063235294,1.0,0.6646160049019608,16.0,True
2_39_79_377_2019-08-14 19:47:00.318588,255,700.009628287717,6.0,1.7265021313717002,18.0,True
2_39_79_377_2019-08-15 17:50:24.326165,220,623.76324606676,5.0,1.7759721813725498,35.0,True
2_39_79_377_2019-08-16 16:02:48.192837,23,37.500217612044814,0.0,0.0,0.0,False
2_39_79_377_2019-08-18 16:43:43.747583,412,2711.402519362745,0.0,0.0,0.0,False
2_39_79_377_2019-08-19 15:35:48.268694,65,139.1672290118679,2.0,0.42097576646886825,29.0,True
2_39_79_377_2019-08-20 15:19:44.708619,168,204.94297099673202,7.0,0.8010624918300653,19.0,True
2_39_79_377_2019-08-21 15:27:59.668804,107,238.51316036414565,0.0,0.0,0.0,False
2_39_79_377_2019-08-25 00:32:15.242964,125,414.63916241479535,0.0,0.0,0.0,False
2_39_79_378_2018-11-01 04:07:35.925731,100,193.4894320261438,0.0,0.0,0.0,False
2_39_79_378_2018-11-01 18:50:50.156330,176,1196.3883785167748,0.0,0.0,0.0,False
2_39_79_378_2018-11-01 22:01:10.172201,31,54.017068587050204,0.0,0.0,0.0,False
2_39_79_378_2018-11-02 03:30:40.613718,121,385.75090693461595,0.0,0.0,0.0,False
2_39_79_378_2018-11-02 16:20:45.310118,186,752.6578453210232,1.0,0.411777720342523,12.0,True
2_39_79_378_2018-11-03 19:32:46.801192,178,610.5299696287286,1.0,0.458697628968254,16.0,True
2_39_79_378_2018-11-04 16:22:14.043233,268,1805.2352179941274,0.0,0.0,0.0,False
2_39_79_378_2018-11-05 17:56:00.734171,57,92.92818129084966,0.0,0.0,0.0,False
2_39_79_378_2018-11-06 03:49:24.675787,110,350.74430199041154,2.0,0.5757432557189543,9.0,True
2_39_79_378_2018-11-12 18:30:48.288555,443,1114.3968043085654,0.0,0.0,0.0,False
2_39_79_378_2018-11-13 06:44:45.640983,37,89.80067504668534,1.0,0.4306625694444445,14.0,True
2_39_79_378_2018-11-13 16:25:57.484833,140,318.30594698657467,1.0,0.3703475040849673,9.0,True
2_39_79_378_2018-11-14 15:40:28.979767,177,573.1313687136393,0.0,0.0,0.0,False
2_39_79_378_2018-11-15 04:11:33.963213,116,369.08772883986927,1.0,0.3640287908496732,8.0,True
2_39_79_378_2018-11-15 18:02:51.232060,32,51.469838480392156,0.0,0.0,0.0,False
2_39_79_378_2018-11-16 01:18:53.207658,24,48.60328178104575,1.0,0.3604192320261438,8.0,True
2_39_79_378_2018-11-16 16:31:06.564934,148,320.4416105455002,1.0,0.33293222222222224,8.0,True
2_39_79_378_2018-11-18 05:28:49.945366,302,994.4199891279858,1.0,0.49199798611111106,16.0,True
2_39_79_378_2018-11-19 00:38:08.233689,52,135.28315620116467,1.0,0.5616850361811392,16.0,True
2_39_79_378_2018-11-19 04:10:04.351248,279,962.5415063735885,1.0,0.5214958047385622,17.0,True
2_39_79_378_2018-11-19 20:30:16.968531,144,550.9130054226002,0.0,0.0,0.0,False
2_39_79_378_2018-11-20 16:03:31.112078,25,92.02730825163398,0.0,0.0,0.0,False
2_39_79_378_2018-11-20 21:51:56.363439,226,520.8838410888175,2.0,3.051295229536259,26.0,True
2_39_79_378_2018-11-21 16:38:42.524635,149,259.64093879617974,0.0,0.0,0.0,False
2_39_79_378_2018-11-24 03:58:15.244722,294,2025.217002596565,0.0,0.0,0.0,False
2_39_79_378_2018-11-25 21:26:55.264819,132,685.0847459721608,0.0,0.0,0.0,False
2_39_79_378_2018-11-26 15:51:41.356576,115,185.91608022957004,0.0,0.0,0.0,False
2_39_79_378_2018-11-27 16:19:03.611557,319,814.1998724265113,1.0,0.6543465356865356,12.0,True
2_39_79_378_2018-11-28 15:40:33.729561,160,354.67811824659685,0.0,0.0,0.0,False
2_39_79_378_2018-11-29 16:41:30.040475,66,92.06789247411085,0.0,0.0,0.0,False
2_39_79_378_2018-11-30 15:56:44.627984,343,896.7608842515327,2.0,0.5121676348039216,9.0,True
2_39_79_378_2018-12-01 14:18:01.946602,76,469.61341321809425,1.0,0.2146486928104575,6.0,True
2_39_79_378_2018-12-02 01:57:22.269003,160,554.7008160839977,2.0,0.5063195383986929,10.0,True
2_39_79_378_2018-12-03 16:35:36.362378,168,322.5808974281437,1.0,0.21479644199346407,7.0,True
2_39_79_378_2018-12-03 22:25:35.799124,212,569.3462862214343,1.0,0.15813673611111115,8.0,True
2_39_79_378_2018-12-04 05:17:43.469380,280,981.8984534730018,1.0,0.3607254807361541,12.0,True
2_39_79_378_2018-12-05 15:21:19.106324,132,304.93679856052097,1.0,0.1163295344932845,6.0,True
2_39_79_378_2018-12-06 16:34:34.516051,43,64.2690716042944,0.0,0.0,0.0,False
2_39_79_378_2018-12-07 15:59:26.354098,103,317.0414631902626,1.0,0.29789208634094666,7.0,True
2_39_79_378_2018-12-07 20:38:17.615986,44,84.6305896412411,1.0,0.12528849206349207,5.0,True
2_39_79_378_2018-12-07 22:17:12.246397,290,1174.8722367413632,0.0,0.0,0.0,False
2_39_79_378_2018-12-10 06:35:59.742688,233,1558.2501180862696,0.0,0.0,0.0,False
2_39_79_378_2018-12-10 16:25:51.179494,116,629.7109460575931,0.0,0.0,0.0,False
2_39_79_378_2018-12-10 18:40:53.233259,77,226.8141285283344,2.0,0.48195830882352947,14.0,True
2_39_79_378_2018-12-11 20:31:16.645490,244,404.83994808338804,0.0,0.0,0.0,False
2_39_79_378_2018-12-13 16:34:32.003862,306,640.2066925450066,1.0,0.07838934891905482,5.0,True
2_39_79_378_2018-12-14 17:00:18.323932,446,979.9400060058018,0.0,0.0,0.0,False
2_39_79_378_2018-12-15 17:26:17.854363,162,513.2853278936835,0.0,0.0,0.0,False
2_39_79_378_2018-12-16 23:01:26.231783,88,489.1139524144027,1.0,0.28244856967787113,8.0,True
2_39_79_378_2018-12-17 23:46:52.610034,128,401.13088265434254,0.0,0.0,0.0,False
2_39_79_378_2018-12-18 16:06:10.934630,519,1143.3793824996835,0.0,0.0,0.0,False
2_39_79_378_2018-12-19 04:21:12.207115,230,802.0832640484472,0.0,0.0,0.0,False
2_39_79_378_2018-12-19 16:29:49.127621,250,531.0583709550511,0.0,0.0,0.0,False
2_39_79_378_2018-12-20 16:28:54.108025,202,536.3735747210607,0.0,0.0,0.0,False
2_39_79_378_2018-12-21 16:41:29.482319,48,250.85950460625975,0.0,0.0,0.0,False
2_39_79_378_2018-12-21 22:56:10.913320,146,514.1793838576885,0.0,0.0,0.0,False
2_39_79_378_2018-12-22 16:53:02.124964,171,612.0565906867213,0.0,0.0,0.0,False
2_39_79_378_2018-12-23 06:07:36.299884,263,886.2145263386229,1.0,0.4492801616479926,13.0,True
2_39_79_378_2018-12-26 01:48:04.385372,254,892.3522412625385,1.0,0.3993724305555555,12.0,True
2_39_79_378_2018-12-28 04:26:23.482490,222,751.3108590733746,1.0,0.48847076388888894,13.0,True
2_39_79_378_2018-12-31 01:09:46.782308,295,968.9263698086871,3.0,0.5651797875816993,8.0,True
2_39_79_378_2019-01-01 21:05:56.972890,294,972.3458192769915,1.0,0.333870844845514,11.0,True
2_39_79_378_2019-01-02 16:33:49.779632,502,963.0247981125123,1.0,0.25157030090544985,8.0,True
2_39_79_378_2019-01-03 18:46:44.843174,152,514.3742704401936,0.0,0.0,0.0,False
2_39_79_378_2019-01-03 21:41:19.357309,90,555.9863915038823,1.0,0.39917569444444445,6.0,True
2_39_79_378_2019-01-04 17:57:36.702580,227,758.6722131068922,2.0,0.2779108079257344,8.0,True
2_39_79_378_2019-01-06 02:21:12.017672,296,976.0934640714806,2.0,0.5315202623144397,15.0,True
2_39_79_378_2019-01-07 16:42:45.356586,37,61.232899476134456,0.0,0.0,0.0,False
2_39_79_378_2019-01-07 18:55:41.347675,323,605.1164810677454,0.0,0.0,0.0,False
2_39_79_378_2019-01-08 18:27:57.428624,316,971.2508443594503,3.0,0.5341179114145659,9.0,True
2_39_79_378_2019-01-09 17:05:11.362597,338,1494.218664033775,1.0,0.638667145463469,15.0,True
2_39_79_378_2019-01-10 18:41:32.176419,196,583.8815643710434,1.0,0.11939351851851854,6.0,True
2_39_79_378_2019-01-11 02:07:01.140643,186,1129.0990909048166,0.0,0.0,0.0,False
2_39_79_378_2019-01-11 19:35:26.123316,240,1042.6319561105431,0.0,0.0,0.0,False
2_39_79_378_2019-01-14 00:04:49.041285,311,980.8649134937151,1.0,0.30443077607305546,12.0,True
2_39_79_378_2019-01-14 17:12:20.798170,183,483.22003171655484,6.0,1.0530796111397778,19.0,True
2_39_79_378_2019-01-14 22:19:32.591971,180,418.3101072298917,0.0,0.0,0.0,False
2_39_79_378_2019-01-15 16:30:29.457256,171,682.8441699071396,0.0,0.0,0.0,False
2_39_79_378_2019-01-16 01:57:49.020329,283,990.1028419405757,5.0,0.8944402174445925,11.0,True
2_39_79_378_2019-01-16 18:10:38.369415,361,1431.9146182363515,0.0,0.0,0.0,False
2_39_79_378_2019-01-17 23:51:33.565330,30,90.95600714285715,0.0,0.0,0.0,False
2_39_79_378_2019-01-18 04:27:40.164518,282,959.752370996732,2.0,0.5443686805555555,12.0,True
2_39_79_378_2019-01-18 18:10:48.497990,134,243.02896805924124,1.0,0.7085404575163399,13.0,True
2_39_79_378_2019-01-18 21:58:50.156674,206,536.8727410296967,4.0,0.8208751405266743,12.0,True
2_39_79_378_2019-01-21 02:11:16.645560,31,53.65071287878788,0.0,0.0,0.0,False
2_39_79_378_2019-01-22 15:43:46.143438,162,373.0312701171764,1.0,0.10897860469187674,6.0,True
2_39_79_378_2019-01-23 04:22:08.812013,149,516.0076030744754,1.0,0.20127071078431372,6.0,True
2_39_79_378_2019-01-23 17:01:34.748766,351,2097.2617563299445,1.0,0.8459543368205867,15.0,True
2_39_79_378_2019-01-24 18:02:38.856234,170,243.62141662612413,1.0,0.07606272058823527,9.0,True
2_39_79_378_2019-01-25 18:16:53.056582,135,344.2264946594427,0.0,0.0,0.0,False
2_39_79_378_2019-01-27 19:11:45.821276,139,953.737831617647,0.0,0.0,0.0,False
2_39_79_378_2019-01-28 18:12:03.974373,254,703.9679033595016,0.0,0.0,0.0,False
2_39_79_378_2019-01-29 16:36:16.621056,101,376.9952095076492,0.0,0.0,0.0,False
2_39_79_378_2019-01-31 17:48:45.653325,83,548.2933862745098,0.0,0.0,0.0,False
2_39_79_378_2019-02-01 20:54:36.870325,189,573.8219884876364,3.0,0.5825423052832244,13.0,True
2_39_79_378_2019-02-03 21:41:08.934717,278,973.7441298319327,3.0,0.7340686805555554,14.0,True
2_39_79_378_2019-02-05 16:48:16.812709,126,439.47290960958543,2.0,1.3801959172077918,38.0,True
2_39_79_378_2019-02-06 05:37:38.787365,185,649.1851905787753,7.0,1.7929179487628384,16.0,True
2_39_79_378_2019-02-06 18:47:45.126070,165,339.58707321674285,0.0,0.0,0.0,False
2_39_79_378_2019-02-07 17:13:25.243902,356,932.303342935904,1.0,0.2641494907407408,7.0,True
2_39_79_378_2019-02-08 21:12:06.484570,89,150.70470913865546,0.0,0.0,0.0,False
2_39_79_378_2019-02-09 06:19:14.614270,594,3842.8973342907907,2.0,1.2695582620035195,28.0,True
2_39_79_378_2019-02-12 16:49:53.675307,31,125.75085320063923,1.0,0.6728492267740429,14.0,True
2_39_79_378_2019-02-13 01:43:51.502428,290,1940.2718839715023,0.0,0.0,0.0,False
2_39_79_378_2019-02-13 16:43:19.148002,257,628.2552578068002,0.0,0.0,0.0,False
2_39_79_378_2019-02-14 17:23:23.744088,299,1520.3042645100084,0.0,0.0,0.0,False
2_39_79_378_2019-02-15 16:47:06.194831,152,452.02264607843136,3.0,0.8216788643790851,20.0,True
2_39_79_378_2019-02-15 21:23:12.967409,375,2451.774253116246,1.0,0.9365862050653596,25.0,True
2_39_79_378_2019-02-19 16:46:54.789695,241,475.5948028429903,0.0,0.0,0.0,False
2_39_79_378_2019-02-21 18:22:30.381835,168,613.9240833423113,0.0,0.0,0.0,False
2_39_79_378_2019-02-22 18:03:26.612547,169,784.9220366246499,0.0,0.0,0.0,False
2_39_79_378_2019-02-23 01:24:24.324975,87,305.8835548669468,1.0,0.16425237336601306,8.0,True
2_39_79_378_2019-02-23 22:37:34.221132,205,707.74530052521,0.0,0.0,0.0,False
2_39_79_378_2019-02-25 00:09:02.701991,261,895.9736834317642,3.0,0.9197722175536881,12.0,True
2_39_79_378_2019-02-27 18:21:42.381022,150,589.0101554621848,0.0,0.0,0.0,False
2_39_79_378_2019-02-28 16:39:15.271724,229,483.10777993626505,0.0,0.0,0.0,False
2_39_79_378_2019-03-01 16:38:26.014362,32,52.93955833333333,0.0,0.0,0.0,False
2_39_79_378_2019-03-03 22:03:18.178630,31,56.166516666666666,0.0,0.0,0.0,False
2_39_79_378_2019-03-07 16:54:57.560965,302,970.9479217042975,3.0,0.5823158551198258,10.0,True
2_39_79_378_2019-03-09 17:50:21.758623,201,718.9065995197398,2.0,0.26369731837606836,8.0,True
2_39_79_378_2019-03-10 23:51:15.219475,110,309.04732408410734,0.0,0.0,0.0,False
2_39_79_378_2019-03-13 05:12:54.675744,199,1289.7552149509804,0.0,0.0,0.0,False
2_39_79_378_2019-03-13 15:40:28.048485,181,655.5250645424836,0.0,0.0,0.0,False
2_39_79_378_2019-03-15 17:36:09.692118,163,401.61419405929036,0.0,0.0,0.0,False
2_39_79_378_2019-03-16 17:50:12.016119,74,260.49129999999997,0.0,0.0,0.0,False
2_39_79_378_2019-03-17 03:09:58.535007,75,148.49786383861237,0.0,0.0,0.0,False
2_39_79_378_2019-03-17 07:01:33.233265,490,1494.0339652876535,0.0,0.0,0.0,False
2_39_79_378_2019-03-17 20:21:34.726664,250,847.5630095938375,1.0,0.34119993055555553,11.0,True
2_39_79_378_2019-03-19 15:39:43.735099,80,165.19822780112045,2.0,0.6789748721988795,16.0,True
2_39_79_378_2019-03-19 18:01:20.807319,37,55.37291290849673,0.0,0.0,0.0,False
2_39_79_378_2019-03-20 03:57:37.074762,135,410.5340590686274,1.0,0.10160305555555554,5.0,True
2_39_79_378_2019-03-20 15:49:06.342852,420,844.0759074699337,2.0,0.9408927696078431,17.0,True
2_39_79_378_2019-03-23 18:22:13.579132,44,83.1461310708899,0.0,0.0,0.0,False
2_39_79_378_2019-03-26 14:48:28.136390,126,508.16405825839735,0.0,0.0,0.0,False
2_39_79_378_2019-03-26 17:09:44.736334,163,862.5037799968821,1.0,0.8023528273809524,16.0,True
2_39_79_378_2019-03-27 18:08:14.929312,138,547.6581909596939,0.0,0.0,0.0,False
2_39_79_378_2019-03-28 17:52:48.080244,211,467.79641106442574,1.0,0.10378006944444443,12.0,True
2_39_79_378_2019-03-29 15:50:26.559643,74,445.1118468137255,0.0,0.0,0.0,False
2_39_79_378_2019-03-31 00:00:46.128972,187,624.4294105392156,2.0,0.5930653227124183,14.0,True
2_39_79_378_2019-03-31 16:36:26.854648,62,186.24209395424836,1.0,0.3207865032679739,8.0,True
2_39_79_378_2019-04-01 19:39:00.991622,95,112.73557647058823,3.0,0.29651537173202613,13.0,True
2_39_79_378_2019-04-04 05:16:37.569591,239,932.6969555672268,2.0,1.4077053472222223,44.0,True
2_39_79_378_2019-04-05 15:27:05.518227,202,374.3906838989442,1.0,0.18300812499999997,12.0,True
2_39_79_378_2019-04-07 01:35:46.994275,190,633.2425636904761,2.0,0.31304680555555553,8.0,True
2_39_79_378_2019-04-08 19:05:10.323446,122,393.5890906324068,1.0,0.3763724305555555,9.0,True
2_39_79_378_2019-04-09 16:03:25.512909,167,359.31903459114415,1.0,0.33971104575163397,9.0,True
2_39_79_378_2019-04-10 15:33:12.585728,245,442.0900719104384,2.0,1.3983062512592754,33.0,True
2_39_79_378_2019-04-11 05:35:58.846301,321,2003.5817421101774,0.0,0.0,0.0,False
2_39_79_378_2019-04-11 19:14:11.867316,155,464.49570397220674,3.0,0.703176703728275,10.0,True
2_39_79_378_2019-04-12 02:02:23.317460,182,609.1914169676643,0.0,0.0,0.0,False
2_39_79_378_2019-04-12 18:18:09.726464,107,247.85105477296182,0.0,0.0,0.0,False
2_39_79_378_2019-04-14 15:50:33.475554,183,645.471769047619,1.0,0.12147458333333333,6.0,True
2_39_79_378_2019-04-15 01:38:02.956174,111,478.52241198433916,1.0,1.115712986111111,33.0,True
2_39_79_378_2019-04-15 17:46:32.417650,311,528.7636712393729,0.0,0.0,0.0,False
2_39_79_378_2019-04-15 22:59:21.530551,175,323.22105352474324,0.0,0.0,0.0,False
2_39_79_378_2019-04-16 14:59:22.368160,152,339.7485549914026,1.0,0.21637975072857427,7.0,True
2_39_79_378_2019-04-17 15:51:26.904497,232,762.2818768557422,2.0,0.5171897222222221,10.0,True
2_39_79_378_2019-04-18 20:08:57.167429,92,139.19076832399625,0.0,0.0,0.0,False
2_39_79_378_2019-04-22 15:52:14.311395,168,441.7109926470588,0.0,0.0,0.0,False
2_39_79_378_2019-04-23 05:18:33.664109,155,767.9552159663865,2.0,1.180668480392157,31.0,True
2_39_79_378_2019-04-23 16:05:25.355552,44,202.18724810924368,1.0,0.6510706249999999,13.0,True
2_39_79_378_2019-04-24 16:33:19.520176,181,1070.599979248366,1.0,0.5529224305555556,10.0,True
2_39_79_378_2019-04-26 15:47:15.776233,137,303.422796319397,1.0,0.30942123645510833,14.0,True
2_39_79_378_2019-04-27 19:47:18.404370,21,34.07844047619047,0.0,0.0,0.0,False
2_39_79_378_2019-04-29 16:16:39.016611,221,486.647731337535,2.0,0.2048663357843137,5.0,True
2_39_79_378_2019-04-30 15:35:00.144207,19,67.70289668845315,1.0,0.2626044444444444,5.0,True
2_39_79_378_2019-05-01 03:51:14.700314,275,959.7593984402852,1.0,0.4776281944444445,17.0,True
2_39_79_378_2019-05-01 19:25:03.085152,52,139.8357568627451,1.0,0.5032093750000001,15.0,True
2_39_79_378_2019-05-02 16:03:32.425927,119,201.8690706932773,1.0,0.5031898611111111,9.0,True
2_39_79_378_2019-05-06 15:54:41.525628,52,80.63616940966659,0.0,0.0,0.0,False
2_39_79_378_2019-05-07 14:34:36.946702,354,956.8493133986927,2.0,0.4755253472222223,9.0,True
2_39_79_378_2019-05-08 15:44:02.032784,138,503.28593516266153,1.0,1.3653275571895425,40.0,True
2_39_79_378_2019-05-08 23:15:33.717857,32,54.924994852941175,0.0,0.0,0.0,False
2_39_79_378_2019-05-09 15:59:11.282145,32,52.79880782428356,0.0,0.0,0.0,False
2_39_79_378_2019-05-10 15:35:31.761839,74,96.33359404761904,0.0,0.0,0.0,False
2_39_79_378_2019-05-13 20:05:18.181265,113,736.7174802087345,0.0,0.0,0.0,False
2_39_79_378_2019-05-15 03:22:41.959517,24,34.63201544117647,0.0,0.0,0.0,False
2_39_79_378_2019-05-15 16:11:39.482967,168,281.18678818961394,1.0,0.07127270833333335,5.0,True
2_39_79_378_2019-05-16 17:08:31.423208,305,907.0890278508772,1.0,0.5538619321895425,7.0,True
2_39_79_378_2019-05-17 17:02:16.076666,431,1618.8989186454885,0.0,0.0,0.0,False
2_39_79_378_2019-05-20 16:13:18.126217,31,49.83348734402852,0.0,0.0,0.0,False
2_39_79_378_2019-05-21 05:25:22.628517,163,817.3737262838468,3.0,1.3069273815359481,34.0,True
2_39_79_378_2019-05-22 15:45:26.018298,306,497.9612737929382,1.0,0.1468334027777778,10.0,True
2_39_79_378_2019-05-25 16:34:19.551439,83,276.16512895658263,0.0,0.0,0.0,False
2_39_79_378_2019-05-28 15:26:10.682504,245,857.5558216331269,3.0,1.0329172916666667,31.0,True
2_39_79_378_2019-05-28 20:42:09.074371,32,55.854718382352935,0.0,0.0,0.0,False
2_39_79_378_2019-05-29 15:36:56.225582,341,610.6570100490196,1.0,0.16840598856209152,11.0,True
2_39_79_378_2019-05-30 20:12:58.151899,32,71.03501797385621,1.0,0.9299118164488017,18.0,True
2_39_79_378_2019-06-03 17:24:11.403472,194,512.6636685631249,3.0,2.1999582557440895,57.0,True
2_39_79_378_2019-06-06 15:56:20.544533,116,165.34281542950512,0.0,0.0,0.0,False
2_39_79_378_2019-06-07 17:11:16.428871,123,663.5061374999999,0.0,0.0,0.0,False
2_39_79_378_2019-06-10 17:01:54.580732,32,52.5292625,0.0,0.0,0.0,False
2_39_79_378_2019-06-12 05:24:01.496652,383,870.7893979425338,0.0,0.0,0.0,False
2_39_79_378_2019-06-12 15:47:12.963481,437,1037.9960601782075,1.0,0.966583419117647,25.0,True
2_39_79_378_2019-06-13 05:19:35.018888,197,1137.0886720588235,0.0,0.0,0.0,False
2_39_79_378_2019-06-13 16:26:20.937614,123,160.75779537815126,0.0,0.0,0.0,False
2_39_79_378_2019-06-14 17:22:21.357413,248,900.4509392713131,2.0,0.12734427696078432,10.0,True
2_39_79_378_2019-06-18 17:09:02.633734,52,77.74728235294117,0.0,0.0,0.0,False
2_39_79_378_2019-06-19 15:43:19.983226,59,141.48398039215687,0.0,0.0,0.0,False
2_39_79_378_2019-06-20 16:35:12.215111,346,514.9022002334941,1.0,0.10120696078431372,6.0,True
2_39_79_378_2019-06-24 17:24:32.408154,85,137.76335376984127,0.0,0.0,0.0,False
2_39_79_378_2019-06-26 13:29:03.717369,72,213.74407916666667,1.0,0.31424659722222226,12.0,True
2_39_79_378_2019-06-27 20:45:17.203958,81,236.19255298892284,1.0,0.24061549019607845,5.0,True
2_39_79_378_2019-07-01 17:04:34.626269,180,1100.7431857843137,0.0,0.0,0.0,False
2_39_79_378_2019-07-02 16:38:17.397500,159,225.58769928345683,0.0,0.0,0.0,False
2_39_79_378_2019-07-03 16:18:25.553363,261,547.9976290104503,0.0,0.0,0.0,False
2_39_79_378_2019-07-04 19:01:02.596594,33,53.802933079420576,0.0,0.0,0.0,False
2_39_79_378_2019-07-08 20:14:21.662978,225,357.73814046520613,1.0,0.2313359803921569,13.0,True
2_39_79_378_2019-07-09 15:38:34.022777,178,1108.701737640056,2.0,0.8695647222222221,13.0,True
2_39_79_378_2019-07-10 15:50:03.158752,150,985.2066542717087,0.0,0.0,0.0,False
2_39_79_378_2019-07-11 15:45:34.460995,217,1071.0942331313295,2.0,1.6623883421317245,30.0,True
2_39_79_378_2019-07-11 20:44:07.307241,37,98.92141917290226,2.0,1.0575417171975627,15.0,True
2_39_79_378_2019-07-12 17:34:31.446959,145,572.257787990196,0.0,0.0,0.0,False
2_39_79_378_2019-07-16 16:16:19.640599,43,148.36902720588236,0.0,0.0,0.0,False
2_39_79_378_2019-07-17 17:22:03.471185,374,1803.9640682189543,0.0,0.0,0.0,False
2_39_79_378_2019-07-18 20:01:46.635300,61,115.94186666666666,1.0,0.18411555555555556,7.0,True
2_39_79_378_2019-07-19 16:26:56.252350,34,55.491751388888886,0.0,0.0,0.0,False
2_39_79_378_2019-07-22 17:34:41.009874,126,412.78016952614377,0.0,0.0,0.0,False
2_39_79_378_2019-07-23 21:29:44.008896,32,54.609356862745095,0.0,0.0,0.0,False
2_39_79_378_2019-07-24 16:50:31.531219,407,965.4956383986864,0.0,0.0,0.0,False
2_39_79_378_2019-07-25 17:00:51.331796,224,419.70045652117255,0.0,0.0,0.0,False
2_39_79_378_2019-07-26 18:46:14.084036,167,451.1620512265512,1.0,1.4158484926470587,36.0,True
2_39_79_378_2019-07-27 17:47:19.289709,213,718.858898611111,7.0,3.437679267429193,79.0,True
2_39_79_378_2019-07-29 16:59:21.059726,41,64.50412608543417,0.0,0.0,0.0,False
2_39_79_378_2019-07-30 17:23:38.130031,213,291.60830559319925,0.0,0.0,0.0,False
2_39_79_378_2019-07-31 18:23:15.656118,138,407.9339567472603,0.0,0.0,0.0,False
2_39_79_378_2019-08-02 17:59:39.683533,80,408.3675935542957,0.0,0.0,0.0,False
2_39_79_378_2019-08-05 17:40:39.178981,59,97.44868035714285,0.0,0.0,0.0,False
2_39_79_378_2019-08-05 20:56:37.992629,172,1081.4069712184873,0.0,0.0,0.0,False
2_39_79_378_2019-08-06 19:25:19.924318,84,100.3092466503268,4.0,0.41031696895424835,11.0,True
2_39_79_378_2019-08-07 16:52:25.529775,276,1089.7209103035013,0.0,0.0,0.0,False
2_39_79_378_2019-08-08 17:13:21.801396,131,189.67344925863753,0.0,0.0,0.0,False
2_39_79_378_2019-08-09 20:29:28.203209,32,48.671702777777774,0.0,0.0,0.0,False
2_39_79_378_2019-08-09 22:39:30.646163,181,572.6653296568627,0.0,0.0,0.0,False
2_39_79_378_2019-08-10 21:12:13.010862,44,64.10307431245225,0.0,0.0,0.0,False
2_39_79_378_2019-08-12 15:53:17.244029,120,370.96606662210337,3.0,0.9669980555555557,19.0,True
2_39_79_378_2019-08-12 20:55:50.280016,179,1081.5965769607842,0.0,0.0,0.0,False
2_39_79_378_2019-08-13 16:22:24.903801,17,29.014161274509803,0.0,0.0,0.0,False
2_39_79_378_2019-08-14 16:24:45.346994,82,236.5291634466067,2.0,0.4926325686561174,16.0,True
2_39_79_378_2019-08-14 18:22:55.235477,237,396.3950629543296,0.0,0.0,0.0,False
2_39_79_378_2019-08-15 20:21:11.863388,261,1595.870070973311,0.0,0.0,0.0,False
2_39_79_378_2019-08-19 17:31:46.454680,33,49.547308928571425,0.0,0.0,0.0,False
2_39_79_378_2019-08-20 15:43:51.323454,192,1058.2711106092436,2.0,1.535089963235294,28.0,True
2_39_79_378_2019-08-21 19:17:02.102174,82,130.38580416666667,1.0,0.139099375,7.0,True
2_39_79_378_2019-08-22 21:08:01.211640,151,264.1521870098039,0.0,0.0,0.0,False
2_39_79_378_2019-08-23 15:52:01.948202,264,901.4894482273961,0.0,0.0,0.0,False
2_39_79_378_2019-08-23 21:12:20.615261,74,145.45680899759424,2.0,0.6123529928477238,13.0,True
2_39_79_378_2019-08-24 16:39:54.453881,139,354.2367151401789,0.0,0.0,0.0,False
2_39_79_379_2018-11-01 01:46:11.065977,17,97.31508956043956,0.0,0.0,0.0,False
2_39_79_379_2018-11-01 14:12:56.669723,143,776.3671861369108,0.0,0.0,0.0,False
2_39_79_379_2018-11-01 23:53:52.376186,293,997.6082958033796,0.0,0.0,0.0,False
2_39_79_379_2018-11-02 15:01:24.220999,31,51.98429675403973,0.0,0.0,0.0,False
2_39_79_379_2018-11-02 17:00:55.847444,32,51.98643820089439,0.0,0.0,0.0,False
2_39_79_379_2018-11-02 18:03:51.248792,91,284.74809862278244,2.0,0.7520130746187363,10.0,True
2_39_79_379_2018-11-03 03:25:35.779841,122,389.79402082525314,1.0,0.3799713480392157,8.0,True
2_39_79_379_2018-11-05 17:39:30.705429,33,57.32724418767507,0.0,0.0,0.0,False
2_39_79_379_2018-11-06 00:26:34.925693,279,963.7107147789817,1.0,0.5878224387254902,9.0,True
2_39_79_379_2018-11-06 16:03:16.943130,266,1189.618878628127,0.0,0.0,0.0,False
2_39_79_379_2018-11-07 00:11:07.911706,282,951.4992375890836,1.0,0.5594994543650794,16.0,True
2_39_79_379_2018-11-07 14:30:49.126908,308,860.9377767730421,1.0,0.4068249048786181,13.0,True
2_39_79_379_2018-11-08 16:34:03.355880,32,57.6346744047619,0.0,0.0,0.0,False
2_39_79_379_2018-11-08 21:17:27.470588,99,303.7401143942744,1.0,0.36248029411764704,15.0,True
2_39_79_379_2018-11-09 15:47:24.725566,423,1785.9948211734559,0.0,0.0,0.0,False
2_39_79_379_2018-11-10 00:31:36.779308,31,54.7650544117647,0.0,0.0,0.0,False
2_39_79_379_2018-11-10 15:54:45.372553,129,847.4834594175389,0.0,0.0,0.0,False
2_39_79_379_2018-11-10 19:26:10.230963,142,505.59561551120447,0.0,0.0,0.0,False
2_39_79_379_2018-11-11 00:11:37.368989,170,585.1603668429652,1.0,0.3245733224400872,9.0,True
2_39_79_379_2018-11-11 18:35:54.715936,185,1200.9768025203941,1.0,0.45421496323529414,10.0,True
2_39_79_379_2018-11-12 01:30:44.078799,183,1259.3447736694677,0.0,0.0,0.0,False
2_39_79_379_2018-11-12 16:16:55.615302,363,808.2127008902604,1.0,0.26900048611111105,11.0,True
2_39_79_379_2018-11-13 16:24:55.612163,82,305.6296094519387,0.0,0.0,0.0,False
2_39_79_379_2018-11-14 00:37:28.309187,297,983.3485945425823,1.0,0.5236390657096172,15.0,True
2_39_79_379_2018-11-14 14:44:00.044542,301,891.0169112669022,2.0,0.3125746650326797,8.0,True
2_39_79_379_2018-11-15 02:41:02.034858,31,57.62675574045407,0.0,0.0,0.0,False
2_39_79_379_2018-11-15 04:10:44.927992,267,921.58384462991,1.0,0.49275117510893257,14.0,True
2_39_79_379_2018-11-15 16:08:32.647838,511,1665.6670966622817,0.0,0.0,0.0,False
2_39_79_379_2018-11-16 05:15:25.800383,119,379.4197496732026,1.0,0.36049999046840964,8.0,True
2_39_79_379_2018-11-16 18:56:55.801539,179,556.1886952411667,1.0,0.26660722222222233,7.0,True
2_39_79_379_2018-11-17 07:37:05.071627,124,396.3421682773109,1.0,0.3516007965686275,8.0,True
2_39_79_379_2018-11-19 18:04:43.989722,137,233.61260393446852,0.0,0.0,0.0,False
2_39_79_379_2018-11-20 04:12:35.168683,119,380.0570739256229,1.0,0.3992756909430439,9.0,True
2_39_79_379_2018-11-21 04:16:50.056530,103,326.0398586704317,3.0,5.288522496316677,46.0,True
2_39_79_379_2018-11-21 18:44:42.026400,296,863.179393539467,5.0,6.933388585434174,79.0,True
2_39_79_379_2018-11-22 02:29:45.848258,79,391.5991751375989,0.0,0.0,0.0,False
2_39_79_379_2018-11-25 23:52:20.846664,120,381.72455171568623,1.0,1.4979125612745094,21.0,True
2_39_79_379_2018-11-26 15:20:49.628748,149,269.07541771511336,0.0,0.0,0.0,False
2_39_79_379_2018-11-27 16:11:11.131716,194,333.80193987232235,0.0,0.0,0.0,False
2_39_79_379_2018-11-28 14:31:52.054563,277,950.3184530820357,7.0,1.776788514822596,13.0,True
2_39_79_379_2018-11-29 16:05:11.071872,174,357.3546502269737,1.0,0.11668479166666668,6.0,True
2_39_79_379_2018-11-30 14:50:41.208231,37,61.29220336441594,0.0,0.0,0.0,False
2_39_79_379_2018-12-01 19:05:38.125509,32,58.228558869316956,0.0,0.0,0.0,False
2_39_79_379_2018-12-02 18:20:29.664079,448,2982.3947673859893,1.0,0.7851516770377742,20.0,True
2_39_79_379_2018-12-03 15:17:18.228451,342,964.8462155837283,2.0,0.2600175700280112,7.0,True
2_39_79_379_2018-12-04 16:28:13.183931,357,999.5676914235403,0.0,0.0,0.0,False
2_39_79_379_2018-12-05 14:57:10.658106,377,951.3194163368795,3.0,0.502249008704359,9.0,True
2_39_79_379_2018-12-06 15:49:54.231263,118,329.71688970457643,1.0,0.4021973511904762,8.0,True
2_39_79_379_2018-12-07 15:52:21.973509,126,390.9079556336637,1.0,0.2971142132173382,9.0,True
2_39_79_379_2018-12-07 19:30:47.099315,341,790.327527479727,0.0,0.0,0.0,False
2_39_79_379_2018-12-08 18:59:05.070998,96,298.1915362757384,1.0,0.3968706903594772,9.0,True
2_39_79_379_2018-12-09 18:59:19.908100,129,858.4424608130431,0.0,0.0,0.0,False
2_39_79_379_2018-12-09 21:16:43.907361,122,393.1626753034547,1.0,0.41839201388888897,10.0,True
2_39_79_379_2018-12-10 15:17:03.750031,552,1984.5444924679464,1.0,0.6487235947712419,17.0,True
2_39_79_379_2018-12-11 16:02:46.146403,129,284.72533730651014,1.0,0.12207952380952379,6.0,True
2_39_79_379_2018-12-12 16:28:33.337327,48,75.0345368131868,0.0,0.0,0.0,False
2_39_79_379_2018-12-13 16:04:52.805320,217,370.91833530707055,0.0,0.0,0.0,False
2_39_79_379_2018-12-14 16:42:25.839737,207,575.2891260330141,3.0,0.5921693125583567,9.0,True
2_39_79_379_2018-12-14 21:32:51.482320,227,561.1756201985063,0.0,0.0,0.0,False
2_39_79_379_2018-12-15 18:38:24.309106,69,402.933348120915,0.0,0.0,0.0,False
2_39_79_379_2018-12-15 19:59:44.592219,88,277.0854098592584,0.0,0.0,0.0,False
2_39_79_379_2018-12-16 18:28:24.133885,115,383.2186768763099,0.0,0.0,0.0,False
2_39_79_379_2018-12-17 15:50:29.790267,182,379.3754319246929,0.0,0.0,0.0,False
2_39_79_379_2018-12-18 15:36:17.639310,465,977.3154082649409,0.0,0.0,0.0,False
2_39_79_379_2018-12-19 16:00:54.386202,104,313.96501591321044,1.0,0.29218372494443123,9.0,True
2_39_79_379_2018-12-19 19:30:05.619484,210,624.4093846080518,2.0,0.44914122674710916,12.0,True
2_39_79_379_2018-12-20 15:37:30.951586,457,1801.4645473037492,0.0,0.0,0.0,False
2_39_79_379_2018-12-21 15:47:22.308305,67,185.85439262483732,1.0,0.11651118055555554,6.0,True
2_39_79_379_2018-12-26 01:24:47.073069,20,32.513168494766326,1.0,0.7019740220342522,15.0,True
2_39_79_379_2018-12-26 08:59:08.606810,115,363.3943517237179,1.0,0.48286200715523325,15.0,True
2_39_79_379_2018-12-29 22:59:38.182952,154,539.4935077166388,0.0,0.0,0.0,False
2_39_79_379_2018-12-31 21:38:01.659302,33,139.5999495679902,0.0,0.0,0.0,False
2_39_79_379_2019-01-01 18:09:16.991864,127,757.4062453351004,1.0,1.1210305645035792,24.0,True
2_39_79_379_2019-01-02 16:18:55.665332,600,2360.804946618293,0.0,0.0,0.0,False
2_39_79_379_2019-01-03 15:49:45.030170,132,378.25485385953914,1.0,0.3809376388888889,10.0,True
2_39_79_379_2019-01-04 16:11:08.677111,355,959.3162696492747,1.0,0.4130554881333413,14.0,True
2_39_79_379_2019-01-05 16:00:44.984489,97,299.2566845018844,1.0,0.4225622817460317,10.0,True
2_39_79_379_2019-01-06 16:58:35.361454,52,78.64313455773672,0.0,0.0,0.0,False
2_39_79_379_2019-01-06 21:05:56.013305,67,196.4658694462873,2.0,0.7509966775291989,10.0,True
2_39_79_379_2019-01-07 16:28:24.626512,406,859.3687890057311,0.0,0.0,0.0,False
2_39_79_379_2019-01-08 15:18:16.158120,392,951.4489393530359,1.0,0.10082499579124579,5.0,True
2_39_79_379_2019-01-09 16:27:08.729077,53,77.74686274509804,0.0,0.0,0.0,False
2_39_79_379_2019-01-10 03:06:11.290884,40,62.040104663478076,0.0,0.0,0.0,False
2_39_79_379_2019-01-10 15:54:21.585463,98,288.5905078268811,1.0,0.414777716503268,9.0,True
2_39_79_379_2019-01-11 15:59:48.432506,125,358.0814935711562,1.0,0.23893264014580187,7.0,True
2_39_79_379_2019-01-12 17:35:55.597203,308,1907.4761158892234,0.0,0.0,0.0,False
2_39_79_379_2019-01-13 16:36:44.449843,120,373.9319995904079,1.0,0.3657546750580575,9.0,True
2_39_79_379_2019-01-14 16:02:18.136538,124,334.9223005176916,3.0,0.5382980878147481,7.0,True
2_39_79_379_2019-01-15 01:29:17.728756,175,556.8051374525629,2.0,0.26267022366522375,8.0,True
2_39_79_379_2019-01-15 15:57:25.604752,93,257.7554326576881,1.0,0.22096222483291564,7.0,True
2_39_79_379_2019-01-16 16:24:20.420324,39,59.63140568181818,1.0,0.08366604166666665,5.0,True
2_39_79_379_2019-01-17 15:59:13.904684,126,388.36591411898644,2.0,0.5948750151866967,9.0,True
2_39_79_379_2019-01-19 15:43:53.634259,116,308.29465009582776,1.0,0.4418990332244009,11.0,True
2_39_79_379_2019-01-20 21:18:49.726749,194,347.56990867733055,1.0,0.09165305555555554,5.0,True
2_39_79_379_2019-01-21 15:08:39.355774,270,948.1487935156518,2.0,0.41592889297385627,10.0,True
2_39_79_379_2019-01-22 15:05:17.679185,357,935.5473603804563,3.0,0.5938318060506316,9.0,True
2_39_79_379_2019-01-23 16:57:31.367342,32,133.95282205882353,1.0,0.7693871370214753,15.0,True
2_39_79_379_2019-01-24 15:27:04.351466,336,949.9655355042016,6.0,1.0124183265250544,12.0,True
2_39_79_379_2019-01-25 17:03:23.690299,237,1527.096099709793,1.0,0.7439220249766572,18.0,True
2_39_79_379_2019-01-26 15:34:38.973556,83,257.681812780112,1.0,0.3669185416666667,9.0,True
2_39_79_379_2019-01-28 16:00:13.616797,148,335.25502644365434,1.0,0.08884597222222221,5.0,True
2_39_79_379_2019-01-29 15:54:26.042733,98,269.80340638422035,1.0,0.32795125,7.0,True
2_39_79_379_2019-01-30 04:44:22.283258,168,597.758531617647,0.0,0.0,0.0,False
2_39_79_379_2019-01-30 16:59:30.144344,234,1237.4181135469748,1.0,0.3483071527777778,7.0,True
2_39_79_379_2019-01-31 15:54:59.716449,110,344.73842877612583,1.0,0.2983403267973856,5.0,True
2_39_79_379_2019-02-01 15:49:59.014170,314,962.2706452571379,7.0,1.0687505101909185,13.0,True
2_39_79_379_2019-02-02 17:36:02.331987,144,989.245775,0.0,0.0,0.0,False
2_39_79_379_2019-02-03 18:22:07.813718,284,1860.0235153711483,1.0,0.8202133333333333,24.0,True
2_39_79_379_2019-02-04 16:01:45.602013,169,393.03558518368885,1.0,0.11199019199346405,5.0,True
2_39_79_379_2019-02-04 21:07:37.235161,66,99.54874082633053,0.0,0.0,0.0,False
2_39_79_379_2019-02-05 15:49:11.688133,88,265.0083965201465,2.0,0.44143020833333335,11.0,True
2_39_79_379_2019-02-06 16:00:35.924813,342,953.919928449801,5.0,1.167819199807116,13.0,True
2_39_79_379_2019-02-07 16:22:46.556806,54,76.38241344906383,0.0,0.0,0.0,False
2_39_79_379_2019-02-10 01:05:39.952970,115,731.3123553153717,0.0,0.0,0.0,False
2_39_79_379_2019-02-11 05:17:39.049730,349,1981.3652579248364,1.0,0.7405673529411766,22.0,True
2_39_79_379_2019-02-11 16:17:39.148633,288,951.219415556992,1.0,0.3319196527777778,12.0,True
2_39_79_379_2019-02-12 16:27:58.710096,182,268.6619660276625,0.0,0.0,0.0,False
2_39_79_379_2019-02-13 16:00:12.424760,152,372.5208432773109,0.0,0.0,0.0,False
2_39_79_379_2019-02-13 18:48:40.312945,221,325.40009253214106,2.0,0.1754512500897795,5.0,True
2_39_79_379_2019-02-14 16:51:04.491410,46,67.23001280836895,0.0,0.0,0.0,False
2_39_79_379_2019-02-15 15:57:01.282169,123,379.8723521082117,2.0,0.5487315972222222,11.0,True
2_39_79_379_2019-02-15 18:47:58.964522,168,796.925167238562,0.0,0.0,0.0,False
2_39_79_379_2019-02-16 21:17:26.749878,133,814.6124458333333,1.0,0.6331557638888888,7.0,True
2_39_79_379_2019-02-18 20:14:49.311495,272,942.9548075968966,2.0,0.5557001388888889,13.0,True
2_39_79_379_2019-02-19 15:36:55.314601,355,937.4899212375301,3.0,0.6682643703314659,12.0,True
2_39_79_379_2019-02-20 17:00:30.973291,71,399.8759510175282,0.0,0.0,0.0,False
2_39_79_379_2019-02-21 16:49:39.654180,499,1685.5641161617277,0.0,0.0,0.0,False
2_39_79_379_2019-02-22 16:59:19.393137,294,933.2952623293244,2.0,0.25619736111111113,7.0,True
2_39_79_379_2019-02-24 18:32:58.711416,120,824.7681458333333,0.0,0.0,0.0,False
2_39_79_379_2019-02-24 21:02:35.540564,114,359.1275220238095,1.0,0.4484120833333333,11.0,True
2_39_79_379_2019-02-25 18:04:14.908866,230,657.0959218783667,1.0,0.4665606944444445,11.0,True
2_39_79_379_2019-02-26 16:28:44.811884,25,82.7419934360574,0.0,0.0,0.0,False
2_39_79_379_2019-02-27 16:12:34.305320,92,250.71095327423222,0.0,0.0,0.0,False
2_39_79_379_2019-02-27 20:43:25.831106,44,122.57061270858838,1.0,0.4081909254345013,10.0,True
2_39_79_379_2019-02-28 15:50:33.268454,114,288.8613633970862,0.0,0.0,0.0,False
2_39_79_379_2019-03-01 02:02:24.819735,139,495.5167823252985,2.0,0.2247880187908497,6.0,True
2_39_79_379_2019-03-01 15:59:47.953851,276,943.3180813394334,5.0,1.055287010971055,12.0,True
2_39_79_379_2019-03-03 21:52:11.506678,292,1946.9378363731855,0.0,0.0,0.0,False
2_39_79_379_2019-03-04 16:12:14.150169,138,215.4669699420459,0.0,0.0,0.0,False
2_39_79_379_2019-03-05 15:58:09.059346,64,200.31493866819454,0.0,0.0,0.0,False
2_39_79_379_2019-03-06 16:16:28.302300,9,10.138569235836627,0.0,0.0,0.0,False
2_39_79_379_2019-03-07 15:58:11.687844,133,333.85082432167343,1.0,0.16980494594818604,7.0,True
2_39_79_379_2019-03-08 16:12:32.944910,367,848.6992643761669,0.0,0.0,0.0,False
2_39_79_379_2019-03-12 13:42:13.351262,349,966.3244649140762,1.0,0.14244236111111114,7.0,True
2_39_79_379_2019-03-13 14:55:33.983560,111,352.0946394607843,1.0,0.30628381944444444,8.0,True
2_39_79_379_2019-03-13 19:34:06.341133,28,73.37439418767507,1.0,0.3647957434640523,9.0,True
2_39_79_379_2019-03-14 13:54:32.399436,278,948.1586173184658,8.0,1.1579183088235294,12.0,True
2_39_79_379_2019-03-15 15:53:35.788235,62,390.7254942577031,0.0,0.0,0.0,False
2_39_79_379_2019-03-17 19:43:18.429591,144,374.7476131535947,1.0,0.13947256944444444,6.0,True
2_39_79_379_2019-03-18 14:08:00.138383,336,965.715058158637,5.0,1.0049916161806602,14.0,True
2_39_79_379_2019-03-19 13:37:11.310133,339,948.7478341648547,4.0,0.5465808047385621,8.0,True
2_39_79_379_2019-03-20 13:51:33.411371,331,926.013453411591,1.0,0.1490146527777778,7.0,True
2_39_79_379_2019-03-21 15:36:21.678951,44,64.46795232896189,0.0,0.0,0.0,False
2_39_79_379_2019-03-22 13:47:15.365716,224,1375.3997062594267,0.0,0.0,0.0,False
2_39_79_379_2019-03-24 19:46:13.043226,164,1107.4689702815974,0.0,0.0,0.0,False
2_39_79_379_2019-03-25 13:41:41.514395,295,945.4418754092939,1.0,0.33358421860410836,11.0,True
2_39_79_379_2019-03-26 13:45:56.588934,267,852.5122562014009,5.0,1.0365447768829754,14.0,True
2_39_79_379_2019-03-27 14:57:34.822199,80,119.33172881334352,1.0,0.10107463235294117,5.0,True
2_39_79_379_2019-03-28 14:54:17.167186,96,287.4296816297263,1.0,0.426280192730601,10.0,True
2_39_79_379_2019-03-29 17:16:09.490684,103,617.3601107142857,0.0,0.0,0.0,False
2_39_79_379_2019-03-30 15:52:03.067628,67,201.44331425878042,1.0,0.4351420726495726,11.0,True
2_39_79_379_2019-03-31 19:40:43.454179,109,347.45171845238093,2.0,0.5015284027777779,9.0,True
2_39_79_379_2019-04-01 15:57:28.175013,177,602.1126138538749,2.0,1.5101926470588236,38.0,True
2_39_79_379_2019-04-02 13:54:02.685212,255,850.8466628033051,5.0,0.8392270957827576,8.0,True
2_39_79_379_2019-04-03 06:09:21.735196,193,1197.6895027777778,0.0,0.0,0.0,False
2_39_79_379_2019-04-03 14:39:05.472690,248,801.2516391982501,4.0,0.8239819491578682,13.0,True
2_39_79_379_2019-04-04 15:27:01.281893,32,53.82848039215686,0.0,0.0,0.0,False
2_39_79_379_2019-04-05 15:20:18.216990,32,53.39804469696969,0.0,0.0,0.0,False
2_39_79_379_2019-04-06 23:36:13.114491,140,939.6554990196078,0.0,0.0,0.0,False
2_39_79_379_2019-04-09 13:29:35.031253,425,906.1391627045555,1.0,0.16835681100217864,11.0,True
2_39_79_379_2019-04-10 13:43:44.907341,320,887.0316642172793,2.0,0.8459511805555556,22.0,True
2_39_79_379_2019-04-11 15:21:00.296327,48,69.35989442847314,0.0,0.0,0.0,False
2_39_79_379_2019-04-12 15:28:08.990553,119,385.5469312782805,1.0,0.3235697916666667,8.0,True
2_39_79_379_2019-04-13 16:15:56.770937,104,326.48011029411765,2.0,0.4193419444444445,5.0,True
2_39_79_379_2019-04-14 19:48:35.683535,91,279.9720625,1.0,0.39882381944444445,9.0,True
2_39_79_379_2019-04-15 13:44:23.907180,307,964.9297936448355,7.0,0.992003558006536,7.0,True
2_39_79_379_2019-04-16 13:37:21.417244,268,875.0504268207283,3.0,0.9402767238562092,21.0,True
2_39_79_379_2019-04-17 14:52:56.386692,129,303.9377013080873,2.0,0.42938142094017095,6.0,True
2_39_79_379_2019-04-18 06:23:12.018873,33,222.04830833333332,0.0,0.0,0.0,False
2_39_79_379_2019-04-18 22:32:32.236783,59,176.24485833333333,0.0,0.0,0.0,False
2_39_79_379_2019-04-19 15:08:12.943567,47,173.15500189393939,0.0,0.0,0.0,False
2_39_79_379_2019-04-20 07:57:09.283930,32,76.03530512820512,1.0,0.45970534722222217,14.0,True
2_39_79_379_2019-04-20 19:37:09.102473,68,227.05333161764705,0.0,0.0,0.0,False
2_39_79_379_2019-04-21 18:06:06.226417,131,885.5511849323062,0.0,0.0,0.0,False
2_39_79_379_2019-04-21 20:57:59.070854,154,1011.2278927871148,0.0,0.0,0.0,False
2_39_79_379_2019-04-22 14:54:42.318203,63,187.71947279411765,1.0,0.251009272875817,8.0,True
2_39_79_379_2019-04-23 14:54:00.361853,310,953.65082910831,5.0,0.9622874550653595,13.0,True
2_39_79_379_2019-04-24 16:11:31.298005,232,584.7982283324733,0.0,0.0,0.0,False
2_39_79_379_2019-04-25 00:36:07.469497,179,599.7029293767507,0.0,0.0,0.0,False
2_39_79_379_2019-04-25 14:59:51.222209,91,282.4647975490196,1.0,0.23381805555555557,9.0,True
2_39_79_379_2019-04-26 01:39:13.549356,216,484.86557295897467,0.0,0.0,0.0,False
2_39_79_379_2019-04-26 15:37:36.502894,37,118.90937892156862,0.0,0.0,0.0,False
2_39_79_379_2019-04-27 16:51:40.496236,114,363.61961249999996,2.0,0.5040698406862745,9.0,True
2_39_79_379_2019-04-28 19:47:33.219647,83,259.8689582857545,1.0,0.36039513888888897,9.0,True
2_39_79_379_2019-04-29 16:13:49.139238,231,649.4182117647058,0.0,0.0,0.0,False
2_39_79_379_2019-04-30 14:48:13.550573,124,372.5576528074866,2.0,0.40468020833333335,5.0,True
2_39_79_379_2019-05-01 13:54:21.241471,54,162.8308401449041,1.0,0.2647488888888889,7.0,True
2_39_79_379_2019-05-02 14:12:16.157954,93,290.6375486599817,1.0,0.4065207638888889,9.0,True
2_39_79_379_2019-05-03 07:01:04.750920,26,45.49760192307692,0.0,0.0,0.0,False
2_39_79_379_2019-05-03 14:18:53.317699,54,163.08882540849672,2.0,0.6649699305555556,9.0,True
2_39_79_379_2019-05-04 19:10:17.182103,62,185.72236225490195,1.0,0.4571633333333334,10.0,True
2_39_79_379_2019-05-05 17:33:07.986705,122,375.7935705882353,1.0,0.33337347222222224,8.0,True
2_39_79_379_2019-05-06 14:14:27.028419,61,162.38232107843137,1.0,0.37125111111111114,9.0,True
2_39_79_379_2019-05-07 14:18:02.503838,67,206.62628284313723,1.0,0.34023993055555557,8.0,True
2_39_79_379_2019-05-08 15:06:37.851143,33,53.64578571428571,0.0,0.0,0.0,False
2_39_79_379_2019-05-09 14:11:06.944152,100,293.69066668552034,1.0,0.32286916666666665,7.0,True
2_39_79_379_2019-05-10 15:22:57.140397,25,89.67177671568628,0.0,0.0,0.0,False
2_39_79_379_2019-05-10 22:27:06.195250,55,153.94396106074007,1.0,0.4874603157096171,15.0,True
2_39_79_379_2019-05-11 18:05:01.874795,87,279.92444838935575,1.0,0.3484651388888889,8.0,True
2_39_79_379_2019-05-13 15:49:14.983270,254,1116.6981664778032,1.0,0.6781747916666666,12.0,True
2_39_79_379_2019-05-14 15:54:01.805338,24,87.67556022408964,0.0,0.0,0.0,False
2_39_79_379_2019-05-15 15:31:29.246516,238,1138.6666989256228,1.0,0.39821151785714287,9.0,True
2_39_79_379_2019-05-16 16:04:06.757322,277,1191.559183750808,2.0,0.4420145138888889,7.0,True
2_39_79_379_2019-05-17 15:34:44.470158,447,947.002757734912,0.0,0.0,0.0,False
2_39_79_379_2019-05-18 15:33:36.706895,133,462.72278480392157,1.0,0.36307493055555545,11.0,True
2_39_79_379_2019-05-19 19:32:55.613207,37,115.38764607843137,1.0,0.6537018014705881,23.0,True
2_39_79_379_2019-05-20 14:43:51.760838,91,234.37732769607842,0.0,0.0,0.0,False
2_39_79_379_2019-05-21 15:23:07.527793,69,103.87988497360482,0.0,0.0,0.0,False
2_39_79_379_2019-05-22 14:56:10.945237,367,955.8334298055187,1.0,0.8458743849206348,38.0,True
2_39_79_379_2019-05-23 06:29:36.035060,29,50.613266421568625,0.0,0.0,0.0,False
2_39_79_379_2019-05-23 15:04:54.263543,21,66.27682205882353,0.0,0.0,0.0,False
2_39_79_379_2019-05-25 19:41:14.806046,147,490.9105768875732,0.0,0.0,0.0,False
2_39_79_379_2019-05-27 15:55:24.883032,121,390.4172142156863,2.0,1.275776176470588,35.0,True
2_39_79_379_2019-05-28 13:49:07.498167,81,234.13467610877683,2.0,0.670452434640523,17.0,True
2_39_79_379_2019-05-29 15:09:56.193465,287,657.8206763303233,0.0,0.0,0.0,False
2_39_79_379_2019-05-30 15:31:04.100970,251,824.2114215183509,8.0,4.690041076231775,53.0,True
2_39_79_379_2019-05-31 17:59:09.451509,65,367.94504856711916,1.0,0.3854015277777778,6.0,True
2_39_79_379_2019-05-31 21:35:02.327084,31,54.549791666666664,0.0,0.0,0.0,False
2_39_79_379_2019-06-04 13:43:13.103276,300,969.6109656862744,3.0,1.223868778594771,26.0,True
2_39_79_379_2019-06-05 15:25:39.880707,343,862.316256407563,2.0,0.7045646568627452,23.0,True
2_39_79_379_2019-06-06 15:03:23.103158,394,634.4213524859944,0.0,0.0,0.0,False
2_39_79_379_2019-06-07 15:16:42.719145,48,78.3697619603411,0.0,0.0,0.0,False
2_39_79_379_2019-06-10 19:53:17.614921,100,534.8634416666666,0.0,0.0,0.0,False
2_39_79_379_2019-06-11 15:56:39.460679,289,677.3305174222676,0.0,0.0,0.0,False
2_39_79_379_2019-06-11 22:54:25.225228,124,250.83496635645486,0.0,0.0,0.0,False
2_39_79_379_2019-06-12 15:12:29.872496,84,126.7003193879306,0.0,0.0,0.0,False
2_39_79_379_2019-06-12 19:05:03.751072,127,208.75923123117673,0.0,0.0,0.0,False
2_39_79_379_2019-06-13 15:39:28.681223,26,93.84324226190476,0.0,0.0,0.0,False
2_39_79_379_2019-06-14 16:33:31.123184,161,272.50925107411734,1.0,0.14306886574074074,6.0,True
2_39_79_379_2019-06-17 16:25:51.846860,141,479.52059248404083,2.0,0.24124779581687805,9.0,True
2_39_79_379_2019-06-18 16:20:35.511225,82,134.4147350490196,0.0,0.0,0.0,False
2_39_79_379_2019-06-19 01:40:32.899864,137,437.5939400910364,1.0,0.33655694444444445,8.0,True
2_39_79_379_2019-06-19 14:09:01.640219,401,968.2832479575163,4.0,1.2230297589869281,24.0,True
2_39_79_379_2019-06-20 15:16:55.710241,32,54.59327916666666,0.0,0.0,0.0,False
2_39_79_379_2019-06-21 15:24:44.165094,32,53.49652598039216,0.0,0.0,0.0,False
2_39_79_379_2019-06-22 21:46:14.270785,85,528.2540629713424,0.0,0.0,0.0,False
2_39_79_379_2019-06-23 15:39:28.593052,223,1500.881403590527,0.0,0.0,0.0,False
2_39_79_379_2019-06-24 15:32:54.019550,345,947.5598191273197,6.0,2.544367599317187,66.0,True
2_39_79_379_2019-06-25 15:18:42.028658,248,818.6605413165265,6.0,4.3293695594070964,52.0,True
2_39_79_379_2019-06-26 15:24:12.213431,209,790.3689904977375,2.0,1.7330186805555556,41.0,True
2_39_79_379_2019-06-27 15:45:32.065854,14,43.48791247820638,0.0,0.0,0.0,False
2_39_79_379_2019-06-28 15:27:08.303675,174,672.6470015024167,2.0,1.3420801154540765,32.0,True
2_39_79_379_2019-06-29 20:50:07.464247,31,52.14682107843137,0.0,0.0,0.0,False
2_39_79_379_2019-06-29 23:58:09.795496,47,159.46408820028012,0.0,0.0,0.0,False
2_39_79_379_2019-07-01 18:26:51.101553,180,899.9142922268907,0.0,0.0,0.0,False
2_39_79_379_2019-07-02 15:40:09.732132,184,1089.7828926668103,1.0,1.4660283234126985,29.0,True
2_39_79_379_2019-07-03 15:35:24.559665,69,271.7703719717374,2.0,1.0446202734982881,21.0,True
2_39_79_379_2019-07-04 16:42:34.984590,81,251.07918242786624,2.0,1.6911284312378798,34.0,True
2_39_79_379_2019-07-08 21:22:03.459353,169,1036.930312955182,1.0,0.5834144852941177,11.0,True
2_39_79_379_2019-07-09 16:12:50.126813,75,187.4100875,1.0,0.3494009722222222,9.0,True
2_39_79_379_2019-07-10 16:01:11.972951,98,403.19335416666667,2.0,1.3721335416666665,31.0,True
2_39_79_379_2019-07-11 16:12:25.007308,28,46.36877659987071,0.0,0.0,0.0,False
2_39_79_379_2019-07-12 17:12:45.583059,102,435.8601397058823,0.0,0.0,0.0,False
2_39_79_379_2019-07-15 15:38:36.544387,173,989.2436719078332,2.0,1.0508095138888889,11.0,True
2_39_79_379_2019-07-16 15:13:10.898914,180,446.8691905686633,2.0,0.4262308333333332,15.0,True
2_39_79_379_2019-07-17 19:03:21.907397,157,381.8023939542484,2.0,1.5725427369281046,34.0,True
2_39_79_379_2019-07-18 15:13:05.427318,86,127.34797605042016,1.0,0.08836000000000001,5.0,True
2_39_79_379_2019-07-19 01:38:15.049516,65,231.36038143939393,1.0,0.15590162878787878,7.0,True
2_39_79_379_2019-07-19 15:14:51.370488,52,75.8851,0.0,0.0,0.0,False
2_39_79_379_2019-07-22 20:31:34.538061,253,681.5543963935575,0.0,0.0,0.0,False
2_39_79_379_2019-07-23 15:22:01.446708,60,90.1398418767507,0.0,0.0,0.0,False
2_39_79_379_2019-07-24 15:20:34.129158,85,131.47413765172735,0.0,0.0,0.0,False
2_39_79_379_2019-07-25 16:07:23.472435,278,722.7809770544228,1.0,0.41274333321592327,19.0,True
2_39_79_379_2019-07-26 19:38:31.789924,60,163.7472997665733,2.0,0.6609995819716775,11.0,True
2_39_79_379_2019-07-29 19:37:37.695551,160,772.9752632253014,0.0,0.0,0.0,False
2_39_79_379_2019-07-30 15:13:40.807411,167,269.8147944789614,0.0,0.0,0.0,False
2_39_79_379_2019-07-31 15:35:31.779657,272,1095.9215111694677,2.0,1.0463408006535948,30.0,True
2_39_79_379_2019-08-01 15:12:00.978882,115,180.03691160130717,1.0,0.07900928104575164,5.0,True
2_39_79_379_2019-08-05 15:40:55.475863,287,1195.487581442577,1.0,1.2549076021241827,29.0,True
2_39_79_379_2019-08-06 16:48:22.013159,80,250.00259166666666,5.0,1.7132500694444444,29.0,True
2_39_79_379_2019-08-07 15:18:54.124978,33,52.6582375,0.0,0.0,0.0,False
2_39_79_379_2019-08-07 21:34:18.849826,31,47.14616570989362,0.0,0.0,0.0,False
2_39_79_379_2019-08-08 15:43:34.911039,313,1088.71022524606,1.0,1.3262029166666665,30.0,True
2_39_79_379_2019-08-09 15:28:20.089063,189,1022.2058959033612,2.0,1.5232775694444445,30.0,True
2_39_79_379_2019-08-12 15:35:58.862989,258,1140.58198732493,1.0,0.6306333333333334,11.0,True
2_39_79_379_2019-08-14 15:15:27.945670,33,53.871340441176464,0.0,0.0,0.0,False
2_39_79_379_2019-08-15 15:50:47.532751,106,340.55887440494706,4.0,2.037912542372941,30.0,True
2_39_79_379_2019-08-19 15:42:16.135265,266,1103.015621281144,1.0,0.6822775245098038,12.0,True
2_39_79_379_2019-08-20 15:08:02.315245,69,99.33766089175616,0.0,0.0,0.0,False
2_39_79_379_2019-08-21 15:16:25.945314,67,98.82260828419086,0.0,0.0,0.0,False
2_39_79_379_2019-08-22 15:51:06.058229,163,993.5284331259427,2.0,1.2225029166666666,12.0,True
2_39_79_379_2019-08-23 15:35:51.030306,43,159.84759093137254,0.0,0.0,0.0,False
2_39_79_380_2018-11-01 04:22:07.711047,91,531.857798471055,0.0,0.0,0.0,False
2_39_79_380_2018-11-01 13:57:00.128478,81,387.61826855373727,0.0,0.0,0.0,False
2_39_79_380_2018-11-01 19:05:37.522196,107,322.29740734689284,0.0,0.0,0.0,False
2_39_79_380_2018-11-02 16:08:01.671717,226,421.2613589053104,0.0,0.0,0.0,False
2_39_79_380_2018-11-03 21:40:52.558829,31,52.817671499827995,0.0,0.0,0.0,False
2_39_79_380_2018-11-04 15:30:02.829464,92,560.9401790849673,1.0,0.20081937500000002,6.0,True
2_39_79_380_2018-11-05 14:47:12.845490,82,386.36250902936933,1.0,0.8286785021786492,30.0,True
2_39_79_380_2018-11-06 03:05:26.224506,136,436.6881618464052,1.0,0.46447229166666676,9.0,True
2_39_79_380_2018-11-06 14:58:45.974904,80,397.56868415032676,2.0,0.5708561887254903,12.0,True
2_39_79_380_2018-11-07 14:53:38.075378,69,336.66450539215685,1.0,0.7506205637254902,26.0,True
2_39_79_380_2018-11-08 15:05:50.914103,76,330.44282171047905,1.0,0.04927798611111111,5.0,True
2_39_79_380_2018-11-08 20:20:53.979375,70,143.06512584033612,1.0,0.29424360702614377,8.0,True
2_39_79_380_2018-11-09 15:57:15.462016,259,538.4664015743458,1.0,0.2614693600217865,12.0,True
2_39_79_380_2018-11-10 22:03:59.924621,57,212.1048963235294,0.0,0.0,0.0,False
2_39_79_380_2018-11-11 20:47:32.137824,138,845.3645565359477,1.0,0.7922072916666668,19.0,True
2_39_79_380_2018-11-12 14:50:06.245323,114,531.9656616946778,1.0,0.5956066666666667,17.0,True
2_39_79_380_2018-11-12 20:30:54.794937,54,90.64347230392157,1.0,0.05337118055555556,5.0,True
2_39_79_380_2018-11-13 00:37:55.604598,301,968.4200945482579,0.0,0.0,0.0,False
2_39_79_380_2018-11-13 14:23:34.124820,248,667.4070416365659,1.0,0.5186368218954249,15.0,True
2_39_79_380_2018-11-14 15:02:11.148090,66,313.2159891779789,1.0,0.570725625,21.0,True
2_39_79_380_2018-11-15 14:47:11.252070,303,848.8623433372742,0.0,0.0,0.0,False
2_39_79_380_2018-11-16 15:19:49.341968,353,864.804492349008,0.0,0.0,0.0,False
2_39_79_380_2018-11-17 16:07:37.962697,209,705.6497928589856,1.0,0.4085753273809524,13.0,True
2_39_79_380_2018-11-18 19:52:18.282335,124,768.4097099710059,0.0,0.0,0.0,False
2_39_79_380_2018-11-19 14:54:34.325833,462,835.782418460083,0.0,0.0,0.0,False
2_39_79_380_2018-11-20 00:36:17.005078,38,68.12462483766234,1.0,0.5904599305555557,15.0,True
2_39_79_380_2018-11-20 14:54:45.731224,64,272.3899919117647,1.0,0.521867638888889,19.0,True
2_39_79_380_2018-11-21 14:50:48.460517,286,528.1429524298715,0.0,0.0,0.0,False
2_39_79_380_2018-11-21 20:13:29.053504,293,786.4960314250463,0.0,0.0,0.0,False
2_39_79_380_2018-11-23 22:52:59.656850,136,800.9709108137992,1.0,0.6491151593137254,7.0,True
2_39_79_380_2018-11-26 14:40:14.983173,291,590.8266375898224,3.0,1.253634176677081,9.0,True
2_39_79_380_2018-11-27 14:53:18.577157,92,442.87735195218437,2.0,1.5487448733660127,30.0,True
2_39_79_380_2018-11-28 03:57:42.034297,169,1129.4442278944912,0.0,0.0,0.0,False
2_39_79_380_2018-11-28 14:50:52.153147,141,466.71343391600226,2.0,0.5774079330065359,8.0,True
2_39_79_380_2018-11-29 14:57:53.088499,309,904.631558017068,0.0,0.0,0.0,False
2_39_79_380_2018-11-30 15:13:06.799090,208,494.18138401471674,0.0,0.0,0.0,False
2_39_79_380_2018-12-02 19:49:38.926282,160,699.9162215572396,2.0,1.5286316278645964,40.0,True
2_39_79_380_2018-12-03 15:48:17.016798,131,355.35948028728234,0.0,0.0,0.0,False
2_39_79_380_2018-12-04 16:29:15.211206,118,355.02436912723067,0.0,0.0,0.0,False
2_39_79_380_2018-12-05 16:16:02.637841,275,1244.573782405533,1.0,0.7503004248366013,16.0,True
2_39_79_380_2018-12-06 16:08:53.944479,26,95.63857181372549,0.0,0.0,0.0,False
2_39_79_380_2018-12-07 15:41:48.263274,539,1493.7022701007368,0.0,0.0,0.0,False
2_39_79_380_2018-12-10 16:30:57.697045,34,52.58697050653595,0.0,0.0,0.0,False
2_39_79_380_2018-12-10 22:21:05.565874,34,54.88781136069812,0.0,0.0,0.0,False
2_39_79_380_2018-12-11 16:33:26.972533,584,2058.1343740090574,0.0,0.0,0.0,False
2_39_79_380_2018-12-12 17:20:31.697172,108,439.21966284654883,0.0,0.0,0.0,False
2_39_79_380_2018-12-13 16:03:14.729698,491,1334.3721325070896,0.0,0.0,0.0,False
2_39_79_380_2018-12-14 16:04:40.777590,69,212.37741082888408,0.0,0.0,0.0,False
2_39_79_380_2018-12-15 23:02:06.844589,568,3552.519199326131,1.0,0.8391286805555556,21.0,True
2_39_79_380_2018-12-17 16:42:45.416290,74,106.52117286185606,0.0,0.0,0.0,False
2_39_79_380_2018-12-17 21:37:15.718805,76,107.15596110817286,0.0,0.0,0.0,False
2_39_79_380_2018-12-18 16:29:47.796174,465,904.2941037892921,0.0,0.0,0.0,False
2_39_79_380_2018-12-19 00:18:16.293195,60,113.85145380131134,0.0,0.0,0.0,False
2_39_79_380_2018-12-19 16:55:31.303270,252,491.42798165838286,0.0,0.0,0.0,False
2_39_79_380_2018-12-20 16:02:14.635173,196,521.167486179773,0.0,0.0,0.0,False
2_39_79_380_2018-12-21 16:04:55.766078,65,220.08127028818274,0.0,0.0,0.0,False
2_39_79_380_2018-12-23 20:05:56.654088,31,50.5409252154708,0.0,0.0,0.0,False
2_39_79_380_2018-12-27 16:43:40.671404,226,1385.624390056859,1.0,0.60716970821662,11.0,True
2_39_79_380_2018-12-28 18:09:45.853951,14,86.314875,0.0,0.0,0.0,False
2_39_79_380_2018-12-29 03:33:48.216537,88,582.5290314404979,0.0,0.0,0.0,False
2_39_79_380_2018-12-30 02:10:54.190040,39,58.54007319354192,0.0,0.0,0.0,False
2_39_79_380_2019-01-02 18:52:56.330038,371,1544.001010699109,1.0,0.3421576966171084,6.0,True
2_39_79_380_2019-01-03 16:20:00.197405,279,1704.3710125857176,1.0,0.8998127763444559,22.0,True
2_39_79_380_2019-01-04 16:35:02.002770,41,61.10287345399698,0.0,0.0,0.0,False
2_39_79_380_2019-01-06 20:06:29.177954,156,732.3172532802552,1.0,0.2900347924297924,8.0,True
2_39_79_380_2019-01-07 03:44:35.495065,342,2189.20766650578,0.0,0.0,0.0,False
2_39_79_380_2019-01-07 16:34:24.552497,326,1302.9544900202902,2.0,0.30239923585673584,6.0,True
2_39_79_380_2019-01-08 17:43:14.726206,240,483.20137071337246,0.0,0.0,0.0,False
2_39_79_380_2019-01-09 15:52:04.746105,507,1803.1767332210093,0.0,0.0,0.0,False
2_39_79_380_2019-01-10 01:51:19.837751,568,3098.146852210513,2.0,1.0377305849323537,25.0,True
2_39_79_380_2019-01-11 07:17:36.312406,438,2774.475407481828,0.0,0.0,0.0,False
2_39_79_380_2019-01-14 18:20:47.348199,348,598.7017795672741,0.0,0.0,0.0,False
2_39_79_380_2019-01-15 17:50:44.088926,32,50.509770163664164,0.0,0.0,0.0,False
2_39_79_380_2019-01-16 02:24:09.722351,189,1237.604413149909,0.0,0.0,0.0,False
2_39_79_380_2019-01-16 15:38:43.882113,527,2267.5172484618674,5.0,2.006038589666411,21.0,True
2_39_79_380_2019-01-18 16:43:48.163978,169,530.6235132890837,0.0,0.0,0.0,False
2_39_79_380_2019-01-19 21:28:45.510363,225,458.5760956965463,0.0,0.0,0.0,False
2_39_79_380_2019-01-21 18:42:22.568244,86,570.6204424321139,0.0,0.0,0.0,False
2_39_79_380_2019-01-22 16:55:59.845905,234,1237.045885548924,1.0,0.6486951102941176,14.0,True
2_39_79_380_2019-01-23 17:02:04.302518,137,211.39471428061103,0.0,0.0,0.0,False
2_39_79_380_2019-01-24 17:57:50.024588,209,817.0012813619602,0.0,0.0,0.0,False
2_39_79_380_2019-01-25 17:35:51.926863,270,853.0638253365313,0.0,0.0,0.0,False
2_39_79_380_2019-01-28 00:01:29.868111,118,784.4570304971988,0.0,0.0,0.0,False
2_39_79_380_2019-01-28 17:24:43.687261,166,632.3189020804359,0.0,0.0,0.0,False
2_39_79_380_2019-01-29 16:29:48.929206,36,55.44762577030812,0.0,0.0,0.0,False
2_39_79_380_2019-01-30 16:50:41.056323,390,2400.7494446870123,0.0,0.0,0.0,False
2_39_79_380_2019-01-31 16:21:50.428609,40,63.15622370448179,0.0,0.0,0.0,False
2_39_79_380_2019-02-01 16:00:37.466390,227,591.6298280595436,2.0,0.4380857656293512,20.0,True
2_39_79_380_2019-02-03 19:22:09.932679,48,323.29325218702866,0.0,0.0,0.0,False
2_39_79_380_2019-02-04 16:57:31.598772,166,746.1467575059744,1.0,0.19936819444444442,5.0,True
2_39_79_380_2019-02-05 15:17:09.444646,86,541.6389058062035,0.0,0.0,0.0,False
2_39_79_380_2019-02-06 17:07:23.772391,158,728.8636071778711,0.0,0.0,0.0,False
2_39_79_380_2019-02-07 17:08:33.848165,289,485.2992345673762,1.0,0.1156373488562092,12.0,True
2_39_79_380_2019-02-08 20:47:54.934055,158,489.38842810457515,2.0,0.5234903145424837,17.0,True
2_39_79_380_2019-02-10 20:16:45.266877,253,1602.11757806353,1.0,0.13418988648090818,5.0,True
2_39_79_380_2019-02-11 18:20:25.689657,140,730.3782545168067,1.0,0.8014974305555556,24.0,True
2_39_79_380_2019-02-12 16:33:13.673770,51,126.78123172268907,0.0,0.0,0.0,False
2_39_79_380_2019-02-13 16:29:32.308744,33,52.31160238095238,0.0,0.0,0.0,False
2_39_79_380_2019-02-14 02:13:48.947559,31,51.57532605311355,0.0,0.0,0.0,False
2_39_79_380_2019-02-15 16:26:52.917188,35,55.314775,0.0,0.0,0.0,False
2_39_79_380_2019-02-17 20:56:59.534255,216,1063.1348731792716,2.0,1.7876133432539683,49.0,True
2_39_79_380_2019-02-18 19:04:04.745061,31,52.578857097069594,0.0,0.0,0.0,False
2_39_79_380_2019-02-18 22:41:32.061535,319,2167.1752473470156,0.0,0.0,0.0,False
2_39_79_380_2019-02-19 16:27:17.647563,53,166.24796207893414,0.0,0.0,0.0,False
2_39_79_380_2019-02-20 18:15:27.126653,174,710.96067760181,1.0,0.5664675694444444,17.0,True
2_39_79_380_2019-02-21 16:16:29.970767,53,184.9174005952381,0.0,0.0,0.0,False
2_39_79_380_2019-02-22 16:32:18.617293,90,332.49083214555054,0.0,0.0,0.0,False
2_39_79_380_2019-02-22 22:26:11.435775,82,278.1688597069597,0.0,0.0,0.0,False
2_39_79_380_2019-02-23 20:47:46.944960,46,312.7510952380952,0.0,0.0,0.0,False
2_39_79_380_2019-02-24 08:32:50.102653,16,100.09737916666666,0.0,0.0,0.0,False
2_39_79_380_2019-02-24 18:07:07.481525,349,2338.578725630252,0.0,0.0,0.0,False
2_39_79_380_2019-02-25 00:40:43.829111,58,329.81948325840824,0.0,0.0,0.0,False
2_39_79_380_2019-02-25 17:14:26.314889,102,417.6462793902176,0.0,0.0,0.0,False
2_39_79_380_2019-02-26 17:16:03.827133,159,508.9211817481538,0.0,0.0,0.0,False
2_39_79_380_2019-02-27 17:01:12.796285,218,298.40762437170673,2.0,0.2007363888888889,6.0,True
2_39_79_380_2019-02-28 03:30:52.003222,33,61.48279411421911,0.0,0.0,0.0,False
2_39_79_380_2019-02-28 17:17:09.906044,189,523.8717647702787,0.0,0.0,0.0,False
2_39_79_380_2019-03-01 18:08:06.856972,117,681.5795644408696,1.0,0.7540090277777777,12.0,True
2_39_79_380_2019-03-03 20:17:04.923275,197,649.74555,0.0,0.0,0.0,False
2_39_79_380_2019-03-04 17:24:35.954296,239,735.8141252970069,4.0,0.6937678594771244,15.0,True
2_39_79_380_2019-03-05 16:13:35.538141,46,66.62859534313725,0.0,0.0,0.0,False
2_39_79_380_2019-03-06 17:19:07.790792,30,170.62332916666665,0.0,0.0,0.0,False
2_39_79_380_2019-03-07 16:53:07.101301,44,59.71537023809523,0.0,0.0,0.0,False
2_39_79_380_2019-03-08 16:02:11.857444,38,135.8960794117647,0.0,0.0,0.0,False
2_39_79_380_2019-03-09 03:19:24.110695,87,261.8342333333333,2.0,0.7512366666666668,15.0,True
2_39_79_380_2019-03-10 04:32:13.605345,68,195.1245981060606,1.0,0.4742695833333334,14.0,True
2_39_79_380_2019-03-11 15:56:30.997177,144,513.8497494505494,0.0,0.0,0.0,False
2_39_79_380_2019-03-12 15:28:43.408554,22,78.34063928571429,0.0,0.0,0.0,False
2_39_79_380_2019-03-13 16:51:27.762645,82,350.9230762371615,0.0,0.0,0.0,False
2_39_79_380_2019-03-14 15:22:59.040050,34,53.739798809523805,0.0,0.0,0.0,False
2_39_79_380_2019-03-15 17:20:36.401306,132,679.2174035714286,1.0,0.7150849305555557,14.0,True
2_39_79_380_2019-03-17 02:34:46.682285,160,1053.508575,0.0,0.0,0.0,False
2_39_79_380_2019-03-18 17:08:52.662451,33,52.68084219114219,0.0,0.0,0.0,False
2_39_79_380_2019-03-19 15:23:07.381571,33,53.33458234126984,0.0,0.0,0.0,False
2_39_79_380_2019-03-20 15:03:16.863859,32,52.122547727272725,0.0,0.0,0.0,False
2_39_79_380_2019-03-21 16:31:51.973055,89,260.39568908591406,1.0,0.5197809325396825,16.0,True
2_39_79_380_2019-03-24 18:17:30.509627,231,745.4540891122766,0.0,0.0,0.0,False
2_39_79_380_2019-03-25 16:13:57.531660,158,456.96304455128205,0.0,0.0,0.0,False
2_39_79_380_2019-03-26 15:14:30.892381,119,200.07961469780219,1.0,0.3490691468253968,16.0,True
2_39_79_380_2019-03-27 16:01:31.522597,140,626.0447513305322,0.0,0.0,0.0,False
2_39_79_380_2019-03-28 15:33:16.407867,195,654.2871978991597,0.0,0.0,0.0,False
2_39_79_380_2019-03-29 15:26:29.796244,110,634.4833423319327,1.0,0.38278294526143786,8.0,True
2_39_79_380_2019-04-01 16:18:44.803679,93,460.87006249999996,0.0,0.0,0.0,False
2_39_79_380_2019-04-02 15:38:28.359630,66,91.26883799825964,0.0,0.0,0.0,False
2_39_79_380_2019-04-03 15:21:35.157952,198,312.8257232492997,0.0,0.0,0.0,False
2_39_79_380_2019-04-04 16:36:38.898782,107,641.3020041666666,1.0,0.2970057638888889,8.0,True
2_39_79_380_2019-04-05 19:02:14.655038,154,357.4049099691072,0.0,0.0,0.0,False
2_39_79_380_2019-04-06 14:04:58.494153,198,825.1695708333333,1.0,0.11807361111111113,7.0,True
2_39_79_380_2019-04-09 15:29:47.862655,347,547.4306529743949,0.0,0.0,0.0,False
2_39_79_380_2019-04-10 15:37:56.300957,379,610.8324323870573,0.0,0.0,0.0,False
2_39_79_380_2019-04-11 15:39:47.261840,41,121.5810644607843,0.0,0.0,0.0,False
2_39_79_380_2019-04-12 17:34:17.998721,31,52.19755833333333,0.0,0.0,0.0,False
2_39_79_380_2019-04-15 00:39:36.387493,70,252.09056691176468,0.0,0.0,0.0,False
2_39_79_380_2019-04-15 15:53:11.307833,291,415.10977268099543,0.0,0.0,0.0,False
2_39_79_380_2019-04-16 15:21:27.409150,104,166.6283745098039,0.0,0.0,0.0,False
2_39_79_380_2019-04-17 14:34:37.514095,234,491.80654409340656,0.0,0.0,0.0,False
2_39_79_380_2019-04-18 15:22:49.275136,67,101.5115125,0.0,0.0,0.0,False
2_39_79_380_2019-04-19 14:55:13.617948,555,1734.5325790857319,0.0,0.0,0.0,False
2_39_79_380_2019-04-22 15:33:52.978485,36,98.13510833333333,0.0,0.0,0.0,False
2_39_79_380_2019-04-23 16:06:34.751858,77,386.77355486694677,0.0,0.0,0.0,False
2_39_79_380_2019-04-24 16:25:44.877280,103,601.9703176470588,1.0,0.2710664583333333,8.0,True
2_39_79_380_2019-04-25 17:29:30.951814,191,277.418118522409,2.0,0.19567,6.0,True
2_39_79_380_2019-04-26 15:38:42.327623,362,853.6252241402431,0.0,0.0,0.0,False
2_39_79_380_2019-04-28 19:54:33.973309,96,485.2271723039215,0.0,0.0,0.0,False
2_39_79_380_2019-04-29 14:57:53.419931,498,2769.7920078081233,0.0,0.0,0.0,False
2_39_79_380_2019-04-30 15:18:26.263269,33,52.911519852941176,0.0,0.0,0.0,False
2_39_79_380_2019-04-30 20:53:31.931093,96,305.1171611344538,0.0,0.0,0.0,False
2_39_79_380_2019-05-01 15:25:54.888943,41,65.94574048944777,0.0,0.0,0.0,False
2_39_79_380_2019-05-02 16:20:28.952918,288,856.5179635854341,1.0,0.17006756944444448,5.0,True
2_39_79_380_2019-05-03 15:53:52.921511,182,802.4199174836601,1.0,0.15837493055555557,5.0,True
2_39_79_380_2019-05-06 17:37:17.440202,297,1499.7914970398065,0.0,0.0,0.0,False
2_39_79_380_2019-05-07 15:34:04.071362,31,50.64354905462184,0.0,0.0,0.0,False
2_39_79_380_2019-05-08 15:53:14.252446,31,51.3230125,0.0,0.0,0.0,False
2_39_79_380_2019-05-09 17:07:58.194022,105,637.1031187432665,0.0,0.0,0.0,False
2_39_79_380_2019-05-10 14:43:36.027579,234,1200.607306442577,0.0,0.0,0.0,False
2_39_79_380_2019-05-13 16:13:40.825660,148,819.2325541666667,0.0,0.0,0.0,False
2_39_79_380_2019-05-14 04:00:42.385441,669,3160.1405985644255,0.0,0.0,0.0,False
2_39_79_380_2019-05-14 20:48:40.177024,51,297.45875283613447,2.0,0.6084673733660131,5.0,True
2_39_79_380_2019-05-15 16:50:58.219615,120,617.6426332767722,0.0,0.0,0.0,False
2_39_79_380_2019-05-17 15:48:41.219605,397,2169.3861138368165,0.0,0.0,0.0,False
2_39_79_380_2019-05-19 19:00:07.449455,158,551.3537684523809,0.0,0.0,0.0,False
2_39_79_380_2019-05-20 15:01:53.824885,27,95.780625,0.0,0.0,0.0,False
2_39_79_380_2019-05-21 16:24:18.801510,199,463.01200897705235,0.0,0.0,0.0,False
2_39_79_380_2019-05-22 15:28:16.947366,24,39.822920833333335,0.0,0.0,0.0,False
2_39_79_380_2019-05-23 16:28:38.027363,300,1303.3277602941175,1.0,0.40318888888888893,9.0,True
2_39_79_380_2019-05-24 19:15:38.405896,31,53.787366666666664,0.0,0.0,0.0,False
2_39_79_380_2019-05-29 15:22:41.849691,40,64.40241666666667,0.0,0.0,0.0,False
2_39_79_380_2019-05-30 16:48:39.120919,106,613.6499083333333,1.0,0.37879722222222223,9.0,True
2_39_79_380_2019-05-31 17:06:58.226649,114,684.9722958333333,0.0,0.0,0.0,False
2_39_79_380_2019-06-03 15:49:06.823449,171,643.0192681536772,0.0,0.0,0.0,False
2_39_79_380_2019-06-03 18:42:38.071066,155,866.8505620681606,1.0,0.3237727083333334,8.0,True
2_39_79_380_2019-06-04 15:34:58.876675,30,50.01127619047619,0.0,0.0,0.0,False
2_39_79_380_2019-06-05 16:54:34.931762,183,693.3150000234242,1.0,0.32666562499999996,7.0,True
2_39_79_380_2019-06-06 16:49:18.761464,34,56.30480416666666,0.0,0.0,0.0,False
2_39_79_380_2019-06-07 17:04:20.617552,32,53.113929166666665,0.0,0.0,0.0,False
2_39_79_380_2019-06-10 15:49:58.145214,201,1012.7591541666666,1.0,0.18167152777777779,6.0,True
2_39_79_380_2019-06-11 15:39:39.049084,131,691.4645122549019,0.0,0.0,0.0,False
2_39_79_380_2019-06-11 22:25:08.659285,65,93.50811428080003,1.0,0.0745875,5.0,True
2_39_79_380_2019-06-12 16:02:21.948924,237,867.4800513867006,0.0,0.0,0.0,False
2_39_79_380_2019-06-13 15:49:29.208591,31,52.909012990196075,0.0,0.0,0.0,False
2_39_79_380_2019-06-13 17:29:42.895904,79,109.86950849673202,0.0,0.0,0.0,False
2_39_79_380_2019-06-14 15:24:58.826383,121,233.9192245098039,0.0,0.0,0.0,False
2_39_79_380_2019-06-17 17:26:19.685351,266,839.095256617647,3.0,1.1233459027777777,27.0,True
2_39_79_380_2019-06-18 16:24:11.853845,219,728.6591574346405,0.0,0.0,0.0,False
2_39_79_380_2019-06-19 16:15:15.290262,159,237.8109088235294,1.0,0.09879194444444443,5.0,True
2_39_79_380_2019-06-20 17:08:39.036443,156,935.71385,0.0,0.0,0.0,False
2_39_79_380_2019-06-20 20:41:45.985221,237,321.3361511144471,0.0,0.0,0.0,False
2_39_79_380_2019-06-21 18:04:07.673285,331,884.6151778405804,0.0,0.0,0.0,False
2_39_79_380_2019-06-24 16:04:30.059190,201,682.5189490896358,0.0,0.0,0.0,False
2_39_79_380_2019-06-25 15:30:32.473018,29,48.5745375,0.0,0.0,0.0,False
2_39_79_380_2019-06-26 15:51:17.244900,123,648.3432045454546,0.0,0.0,0.0,False
2_39_79_380_2019-06-27 14:44:24.973325,105,637.6862441526611,0.0,0.0,0.0,False
2_39_79_380_2019-06-27 18:42:57.706893,32,181.71669166666666,1.0,0.29507875,7.0,True
2_39_79_380_2019-06-28 15:35:18.515012,108,635.5138625,1.0,0.39892347222222224,9.0,True
2_39_79_380_2019-07-02 15:29:42.715607,24,39.92001960784314,0.0,0.0,0.0,False
2_39_79_380_2019-07-03 16:54:18.340052,277,1309.1391675236528,0.0,0.0,0.0,False
2_39_79_380_2019-07-08 15:38:19.092716,256,1557.6101557072827,1.0,0.8635327491830066,19.0,True
2_39_79_380_2019-07-09 16:21:47.330845,32,50.835657738095236,0.0,0.0,0.0,False
2_39_79_380_2019-07-10 18:57:38.107773,54,303.78879166666667,1.0,0.6821152777777778,8.0,True
2_39_79_380_2019-07-11 17:03:44.847274,183,881.060098545572,0.0,0.0,0.0,False
2_39_79_380_2019-07-12 16:17:17.910868,28,47.283341666666665,0.0,0.0,0.0,False
2_39_79_380_2019-07-15 19:50:35.971724,125,383.9983681372549,2.0,0.7923715277777779,15.0,True
2_39_79_380_2019-07-16 16:41:02.646940,68,404.1891619047619,1.0,0.18539090277777778,5.0,True
2_39_79_380_2019-07-17 15:50:12.164976,134,668.14955989819,0.0,0.0,0.0,False
2_39_79_380_2019-07-18 14:34:12.703421,228,745.273712990196,4.0,2.039506450163399,69.0,True
2_39_79_380_2019-07-19 17:31:12.290696,120,361.91858357843137,2.0,0.7813734722222222,15.0,True
2_39_79_380_2019-07-22 15:35:27.403460,117,653.20465,0.0,0.0,0.0,False
2_39_79_380_2019-07-23 14:52:57.352564,136,724.7955999999999,1.0,0.29522527777777774,7.0,True
2_39_79_380_2019-07-24 16:18:08.052236,114,662.6558782051281,2.0,0.49093798611111106,7.0,True
2_39_79_380_2019-07-25 14:49:27.538289,109,551.4483,0.0,0.0,0.0,False
2_39_79_380_2019-07-25 18:05:50.410970,74,321.196806547619,0.0,0.0,0.0,False
2_39_79_380_2019-07-26 15:12:50.383302,72,185.29191960784314,1.0,0.4818456944444444,15.0,True
2_39_79_380_2019-07-29 16:09:33.196124,489,752.4079786141963,7.0,5.294196869039184,290.0,True
2_39_79_380_2019-07-30 15:59:24.620149,148,656.5827479341737,1.0,0.1953645138888889,6.0,True
2_39_79_380_2019-07-31 16:03:38.620034,139,694.5491037114846,0.0,0.0,0.0,False
2_39_79_380_2019-08-01 18:05:59.749162,118,703.8616458333333,1.0,0.2591884722222222,7.0,True
2_39_79_380_2019-08-02 15:47:28.682660,135,746.5856418327587,1.0,0.21205222222222223,6.0,True
2_39_79_380_2019-08-05 16:14:19.028717,137,734.9957992647059,1.0,0.23809305555555557,7.0,True
2_39_79_380_2019-08-06 14:52:13.213123,118,714.70055,1.0,0.2738429166666667,7.0,True
2_39_79_380_2019-08-07 16:22:30.864525,131,630.3296636904762,1.0,0.23286479166666668,5.0,True
2_39_79_380_2019-08-08 15:00:31.730853,98,597.4678586484594,0.0,0.0,0.0,False
2_39_79_380_2019-08-08 17:23:55.036448,187,1130.6267012540047,0.0,0.0,0.0,False
2_39_79_380_2019-08-09 15:44:24.791150,109,651.3263443627451,1.0,0.18472958333333328,5.0,True
2_39_79_380_2019-08-12 16:06:58.827065,158,850.3893725490195,0.0,0.0,0.0,False
2_39_79_380_2019-08-14 15:47:03.827968,144,644.424331547619,0.0,0.0,0.0,False
2_39_79_380_2019-08-19 16:23:17.107022,33,51.15229599567099,0.0,0.0,0.0,False
2_39_79_380_2019-08-20 16:02:11.866719,106,156.63557647058823,0.0,0.0,0.0,False
2_39_79_380_2019-08-21 15:50:25.944824,341,907.4733022058823,0.0,0.0,0.0,False
2_39_79_380_2019-08-21 21:54:05.544800,54,91.40200206533662,0.0,0.0,0.0,False
2_39_79_380_2019-08-22 19:07:55.780303,43,102.79767475490196,1.0,0.5349046732026145,16.0,True
2_39_79_380_2019-08-23 17:42:27.859476,54,85.27624999999999,0.0,0.0,0.0,False
2_39_79_380_2019-08-23 19:08:40.858468,110,306.99981470588233,0.0,0.0,0.0,False
2_39_79_381_2018-11-01 15:03:08.236526,318,1810.2815456251092,0.0,0.0,0.0,False
2_39_79_381_2018-11-01 23:33:13.545889,54,316.87358347428716,0.0,0.0,0.0,False
2_39_79_381_2018-11-02 15:10:58.089316,490,1642.181857475273,0.0,0.0,0.0,False
2_39_79_381_2018-11-04 01:09:40.010150,141,964.9186652820777,0.0,0.0,0.0,False
2_39_79_381_2018-11-04 19:59:14.872528,32,51.847807865582126,0.0,0.0,0.0,False
2_39_79_381_2018-11-05 16:24:08.028533,243,785.2815376917587,1.0,0.391613869047619,12.0,True
2_39_79_381_2018-11-06 15:25:03.999940,31,49.693435865115276,0.0,0.0,0.0,False
2_39_79_381_2018-11-07 17:40:40.038027,219,679.7206867360194,0.0,0.0,0.0,False
2_39_79_381_2018-11-08 02:14:47.359721,284,979.8009548256482,1.0,0.4228156454248366,13.0,True
2_39_79_381_2018-11-08 16:09:40.895271,403,843.7538516507185,3.0,2.7267570630186806,133.0,True
2_39_79_381_2018-11-09 16:13:08.424133,123,514.0394100723622,0.0,0.0,0.0,False
2_39_79_381_2018-11-09 18:22:51.560397,258,554.2480727787606,0.0,0.0,0.0,False
2_39_79_381_2018-11-10 08:08:44.810801,418,2847.1776853259485,0.0,0.0,0.0,False
2_39_79_381_2018-11-10 21:11:18.071604,236,1609.0182077096622,0.0,0.0,0.0,False
2_39_79_381_2018-11-12 16:10:15.288070,553,2373.7770464589075,0.0,0.0,0.0,False
2_39_79_381_2018-11-13 15:00:28.887927,84,388.13666642700264,2.0,0.9478962028657617,29.0,True
2_39_79_381_2018-11-14 01:11:56.045241,131,414.86520197441445,1.0,0.26028913398692816,9.0,True
2_39_79_381_2018-11-15 17:41:36.666262,234,1130.8954571200813,1.0,0.744155559640523,13.0,True
2_39_79_381_2018-11-16 04:44:17.538485,31,54.46380416666666,0.0,0.0,0.0,False
2_39_79_381_2018-11-16 16:23:22.215199,140,427.6813452901673,1.0,0.46810006944444454,17.0,True
2_39_79_381_2018-11-18 06:03:42.999892,125,760.7830512168903,1.0,0.5800196132897604,7.0,True
2_39_79_381_2018-11-18 22:26:42.825589,340,2250.92738758505,0.0,0.0,0.0,False
2_39_79_381_2018-11-19 15:08:05.538868,284,623.5134057894977,1.0,0.07993600490196079,5.0,True
2_39_79_381_2018-11-20 15:05:38.601773,265,896.1100952855365,1.0,0.2711467442810458,7.0,True
2_39_79_381_2018-11-21 08:31:21.436752,404,2776.5164501726126,0.0,0.0,0.0,False
2_39_79_381_2018-11-21 21:17:52.652944,78,125.93533390092878,1.0,0.14733812500000001,7.0,True
2_39_79_381_2018-11-26 14:55:39.171397,525,989.94464174273,1.0,0.2280794637769638,8.0,True
2_39_79_381_2018-11-27 16:51:39.488709,304,643.5992806450429,0.0,0.0,0.0,False
2_39_79_381_2018-11-28 14:55:28.436978,203,449.78665702614376,1.0,0.23307194444444446,9.0,True
2_39_79_381_2018-11-29 18:44:35.990584,240,728.5202716204976,1.0,0.11061048611111111,5.0,True
2_39_79_381_2018-11-29 22:47:53.821609,114,501.28038701967705,1.0,0.3591690972222223,6.0,True
2_39_79_381_2018-11-30 15:58:29.053356,382,1803.3752561716835,0.0,0.0,0.0,False
2_39_79_381_2018-12-03 16:01:14.281256,115,387.5850417235542,1.0,0.4013005473856209,11.0,True
2_39_79_381_2018-12-04 17:39:31.862138,207,849.4562270066749,0.0,0.0,0.0,False
2_39_79_381_2018-12-05 16:38:26.145309,41,60.824810234390654,0.0,0.0,0.0,False
2_39_79_381_2018-12-06 18:46:40.887452,184,508.6213272292293,1.0,0.3024839583333333,5.0,True
2_39_79_381_2018-12-07 16:36:33.002624,152,274.31279017493944,0.0,0.0,0.0,False
2_39_79_381_2018-12-09 13:53:21.961899,143,987.2193291666666,0.0,0.0,0.0,False
2_39_79_381_2018-12-10 16:38:59.423751,48,76.27885233426704,0.0,0.0,0.0,False
2_39_79_381_2018-12-11 16:58:39.428670,456,799.7811973271224,0.0,0.0,0.0,False
2_39_79_381_2018-12-12 16:59:14.478573,170,539.7154068088215,0.0,0.0,0.0,False
2_39_79_381_2018-12-13 16:37:09.130998,95,165.25955560446175,0.0,0.0,0.0,False
2_39_79_381_2018-12-14 17:26:07.406718,253,494.84058174751203,0.0,0.0,0.0,False
2_39_79_381_2018-12-17 17:51:27.450789,316,524.9724710496292,0.0,0.0,0.0,False
2_39_79_381_2018-12-18 16:00:47.527148,111,189.5973070620341,1.0,0.13733452380952382,6.0,True
2_39_79_381_2018-12-19 16:22:52.201829,329,640.2876447659796,0.0,0.0,0.0,False
2_39_79_381_2018-12-20 16:27:34.455174,187,441.8360181520964,0.0,0.0,0.0,False
2_39_79_381_2018-12-23 11:55:38.467728,617,3679.1239704715604,0.0,0.0,0.0,False
2_39_79_381_2018-12-27 17:09:18.647060,278,946.2939164373981,2.0,0.4297050326080726,11.0,True
2_39_79_381_2019-01-02 18:22:02.062348,325,383.6690202780653,15.0,3.4366798477335547,85.0,True
2_39_79_381_2019-01-03 16:48:35.529456,86,403.72595159660597,1.0,0.8906790522875817,17.0,True
2_39_79_381_2019-01-04 15:49:59.018592,92,286.2346463054962,1.0,0.42305080843448484,11.0,True
2_39_79_381_2019-01-08 16:51:46.297174,316,766.1987969264567,0.0,0.0,0.0,False
2_39_79_381_2019-01-09 20:42:11.809455,169,314.7268096847038,1.0,0.3541442520619359,9.0,True
2_39_79_381_2019-01-12 21:52:59.967240,37,243.37415007416044,0.0,0.0,0.0,False
2_39_79_381_2019-01-14 17:32:55.930376,183,495.19950950712683,0.0,0.0,0.0,False
2_39_79_381_2019-01-14 22:24:42.008852,84,124.58633896699705,0.0,0.0,0.0,False
2_39_79_381_2019-01-15 16:45:56.909508,50,149.07009626467442,0.0,0.0,0.0,False
2_39_79_381_2019-01-16 17:22:50.456224,130,359.2227607441965,0.0,0.0,0.0,False
2_39_79_381_2019-01-17 16:29:44.825593,141,453.92250205879225,0.0,0.0,0.0,False
2_39_79_381_2019-01-18 18:05:08.963497,358,713.2812266688162,1.0,0.7290759804126329,13.0,True
2_39_79_381_2019-01-20 04:49:52.935230,339,2311.850451715686,0.0,0.0,0.0,False
2_39_79_381_2019-01-22 15:36:02.214460,310,835.2789700723436,1.0,0.4343788888888888,12.0,True
2_39_79_381_2019-01-23 16:24:29.144641,102,151.18758293650794,1.0,0.30947291666666665,15.0,True
2_39_79_381_2019-01-24 17:30:00.359279,111,462.088714589169,0.0,0.0,0.0,False
2_39_79_381_2019-01-25 17:56:50.658322,48,63.22415171318609,0.0,0.0,0.0,False
2_39_79_381_2019-01-28 16:53:22.089088,538,1454.9002983372611,0.0,0.0,0.0,False
2_39_79_381_2019-01-29 16:56:23.789957,59,379.7959490058144,0.0,0.0,0.0,False
2_39_79_381_2019-01-30 17:44:26.948363,157,315.00181540616245,0.0,0.0,0.0,False
2_39_79_381_2019-01-30 20:38:21.825223,96,279.4232092320261,1.0,0.3573713194444445,9.0,True
2_39_79_381_2019-01-31 20:52:23.684336,148,524.4778788570089,0.0,0.0,0.0,False
2_39_79_381_2019-02-01 16:33:56.005374,105,160.90719138655462,0.0,0.0,0.0,False
2_39_79_381_2019-02-03 03:27:04.392204,943,2934.9733315574476,0.0,0.0,0.0,False
2_39_79_381_2019-02-04 17:47:41.083385,164,598.5901914363113,0.0,0.0,0.0,False
2_39_79_381_2019-02-05 19:05:29.478443,102,192.970941424451,0.0,0.0,0.0,False
2_39_79_381_2019-02-05 20:52:38.846884,167,490.792105480682,0.0,0.0,0.0,False
2_39_79_381_2019-02-06 17:19:24.314521,270,900.2675495110325,1.0,0.7755514791165004,12.0,True
2_39_79_381_2019-02-07 17:16:33.520324,327,612.5152226827911,0.0,0.0,0.0,False
2_39_79_381_2019-02-07 23:33:20.843649,109,399.19721306022404,0.0,0.0,0.0,False
2_39_79_381_2019-02-08 16:59:07.928944,179,605.0985151323349,0.0,0.0,0.0,False
2_39_79_381_2019-02-11 16:10:27.364603,56,80.04767100391439,0.0,0.0,0.0,False
2_39_79_381_2019-02-12 21:07:49.327404,193,599.9199265989729,8.0,2.539448052054156,48.0,True
2_39_79_381_2019-02-13 21:10:41.259590,190,596.8935470545235,1.0,0.37008037173202624,14.0,True
2_39_79_381_2019-02-14 01:57:22.682642,31,57.16057091455194,0.0,0.0,0.0,False
2_39_79_381_2019-02-14 16:32:38.883303,78,160.90359109477123,0.0,0.0,0.0,False
2_39_79_381_2019-02-15 16:38:04.828888,158,259.47251408115875,0.0,0.0,0.0,False
2_39_79_381_2019-02-17 18:21:17.116237,68,378.82755785056446,1.0,0.8064858251633985,16.0,True
2_39_79_381_2019-02-20 19:29:46.959514,328,580.5182331068124,0.0,0.0,0.0,False
2_39_79_381_2019-02-21 17:52:41.684908,522,866.4272980498259,0.0,0.0,0.0,False
2_39_79_381_2019-02-22 17:22:46.418288,138,479.00423157634845,0.0,0.0,0.0,False
2_39_79_381_2019-02-25 01:56:51.194112,561,3403.661878574736,0.0,0.0,0.0,False
2_39_79_381_2019-03-04 16:15:25.519704,288,545.7574530827105,0.0,0.0,0.0,False
2_39_79_381_2019-03-05 16:55:40.519593,317,528.0767325980391,0.0,0.0,0.0,False
2_39_79_381_2019-03-07 16:53:31.098609,573,998.9666675575241,0.0,0.0,0.0,False
2_39_79_381_2019-03-08 16:55:55.491823,330,536.3909829248365,0.0,0.0,0.0,False
2_39_79_381_2019-03-11 16:07:26.767476,447,818.2517040014811,0.0,0.0,0.0,False
2_39_79_381_2019-03-12 17:12:11.019410,256,412.9321432063851,0.0,0.0,0.0,False
2_39_79_381_2019-03-13 16:06:52.730902,298,521.5028105042016,0.0,0.0,0.0,False
2_39_79_381_2019-03-14 05:20:43.349057,125,554.0841769419305,0.0,0.0,0.0,False
2_39_79_381_2019-03-14 15:31:15.533647,33,96.09318296040904,0.0,0.0,0.0,False
2_39_79_381_2019-03-15 18:06:30.066466,122,363.4438975373483,2.0,0.7374581777155307,16.0,True
2_39_79_381_2019-03-16 02:48:49.691250,55,240.05045416666667,0.0,0.0,0.0,False
2_39_79_381_2019-03-18 19:44:56.700956,309,549.8583121031746,0.0,0.0,0.0,False
2_39_79_381_2019-03-19 05:19:25.541370,1231,2553.8465187794327,0.0,0.0,0.0,False
2_39_79_381_2019-03-21 15:46:12.489297,547,965.9109485734036,0.0,0.0,0.0,False
2_39_79_381_2019-03-22 17:11:42.191758,408,697.9421764038335,0.0,0.0,0.0,False
2_39_79_381_2019-03-24 20:14:53.487244,187,434.55298341503266,1.0,0.09336013071895424,5.0,True
2_39_79_381_2019-03-25 15:25:17.778618,347,594.1955071001464,0.0,0.0,0.0,False
2_39_79_381_2019-03-27 16:42:41.090144,312,502.86945830530885,0.0,0.0,0.0,False
2_39_79_381_2019-03-28 15:49:00.437700,478,800.1991157987437,0.0,0.0,0.0,False
2_39_79_381_2019-03-29 18:02:10.966435,412,602.4069083099906,0.0,0.0,0.0,False
2_39_79_381_2019-04-01 22:40:46.712688,281,683.1977435574229,1.0,0.4689791217320261,17.0,True
2_39_79_381_2019-04-02 20:24:51.928736,278,446.53000054675715,0.0,0.0,0.0,False
2_39_79_381_2019-04-03 15:52:13.290371,57,92.15137205882353,0.0,0.0,0.0,False
2_39_79_381_2019-04-04 17:23:49.218379,329,574.1125933473389,0.0,0.0,0.0,False
2_39_79_381_2019-04-05 15:13:25.648864,552,977.9896770558088,0.0,0.0,0.0,False
2_39_79_381_2019-04-08 15:26:53.280658,191,314.1981684056956,0.0,0.0,0.0,False
2_39_79_381_2019-04-09 15:33:25.858012,32,72.17884803921568,0.0,0.0,0.0,False
2_39_79_381_2019-04-10 15:59:56.604003,538,901.2079768653559,0.0,0.0,0.0,False
2_39_79_381_2019-04-11 14:57:21.886209,465,1643.663975059829,0.0,0.0,0.0,False
2_39_79_381_2019-04-12 17:37:49.631691,111,556.6421355392157,0.0,0.0,0.0,False
2_39_79_381_2019-04-13 18:28:58.137678,43,71.20917786266021,0.0,0.0,0.0,False
2_39_79_381_2019-04-15 18:01:59.460819,127,217.85122147795013,0.0,0.0,0.0,False
2_39_79_381_2019-04-16 00:01:06.669853,119,679.0424437028657,0.0,0.0,0.0,False
2_39_79_381_2019-04-16 15:28:56.440726,72,213.10489961484592,0.0,0.0,0.0,False
2_39_79_381_2019-04-17 15:26:09.601573,39,61.31624975490196,0.0,0.0,0.0,False
2_39_79_381_2019-04-18 16:17:53.492189,30,109.61057916666667,1.0,0.28977201388888885,5.0,True
2_39_79_381_2019-04-19 17:01:13.436179,237,361.3700062193568,0.0,0.0,0.0,False
2_39_79_381_2019-04-21 21:25:39.317405,140,953.5927901960783,0.0,0.0,0.0,False
2_39_79_381_2019-04-23 15:33:50.683912,21,74.24731249999999,0.0,0.0,0.0,False
2_39_79_381_2019-04-24 16:49:01.077695,309,394.72817911957884,1.0,3.1918997613211957,300.0,True
2_39_79_381_2019-04-25 16:27:23.243963,140,750.1251889705882,0.0,0.0,0.0,False
2_39_79_381_2019-04-26 15:28:35.426534,211,1297.3980932497154,0.0,0.0,0.0,False
2_39_79_381_2019-04-29 15:59:03.545617,132,403.68522777777775,0.0,0.0,0.0,False
2_39_79_381_2019-04-30 15:14:02.803482,166,512.1783019896554,1.0,0.19671949088407292,9.0,True
2_39_79_381_2019-04-30 19:04:23.080863,57,114.43026117991056,2.0,0.5956711029411764,8.0,True
2_39_79_381_2019-05-01 16:04:36.186567,312,969.9879305215983,1.0,0.1515002205882353,7.0,True
2_39_79_381_2019-05-02 15:59:03.530775,454,2401.310908812743,0.0,0.0,0.0,False
2_39_79_381_2019-05-03 16:32:36.288429,145,353.93951746646025,0.0,0.0,0.0,False
2_39_79_381_2019-05-07 15:54:48.809060,252,671.5099824382728,0.0,0.0,0.0,False
2_39_79_381_2019-05-08 18:58:17.515427,165,387.04694292287087,1.0,0.1638545436507936,7.0,True
2_39_79_381_2019-05-10 16:34:13.171779,120,363.3194972758937,2.0,0.35166087418300657,7.0,True
2_39_79_381_2019-05-11 15:02:18.802037,24,39.188717156862744,0.0,0.0,0.0,False
2_39_79_381_2019-05-13 15:26:26.230961,184,820.8487509570494,0.0,0.0,0.0,False
2_39_79_381_2019-05-15 16:00:04.946727,258,802.1681810331825,0.0,0.0,0.0,False
2_39_79_381_2019-05-16 02:52:55.120297,126,399.95838210784314,2.0,0.489157283496732,9.0,True
2_39_79_381_2019-05-17 03:12:31.949505,68,202.59655336134452,1.0,0.4641834967320262,14.0,True
2_39_79_381_2019-05-17 16:52:23.125982,43,63.519116124871,0.0,0.0,0.0,False
2_39_79_381_2019-05-21 16:13:09.249380,356,1676.3428114481083,1.0,0.7506796625420503,18.0,True
2_39_79_381_2019-05-22 15:05:32.941027,65,95.20067223389356,0.0,0.0,0.0,False
2_39_79_381_2019-05-24 16:46:54.559329,372,1798.2224036248708,0.0,0.0,0.0,False
2_39_79_381_2019-05-27 04:53:23.266881,482,3162.173034068627,0.0,0.0,0.0,False
2_39_79_381_2019-05-28 15:56:03.105593,85,121.52340081699346,1.0,0.10617597222222222,5.0,True
2_39_79_381_2019-05-29 15:20:10.176565,236,718.8094375423854,0.0,0.0,0.0,False
2_39_79_381_2019-05-30 15:58:30.126870,159,595.0582975490196,0.0,0.0,0.0,False
2_39_79_381_2019-05-31 00:34:16.029713,34,83.10032805297557,0.0,0.0,0.0,False
2_39_79_381_2019-05-31 18:56:00.522524,64,194.75996176470588,1.0,0.35409092320261437,11.0,True
2_39_79_381_2019-06-03 04:29:23.610456,72,118.27543864379085,0.0,0.0,0.0,False
2_39_79_381_2019-06-05 16:16:21.880077,456,1139.345223974926,0.0,0.0,0.0,False
2_39_79_381_2019-06-06 15:41:56.595548,180,816.8774754336349,1.0,0.13047416666666667,5.0,True
2_39_79_381_2019-06-10 04:26:44.508131,568,3647.0032306372545,1.0,0.8808520833333335,29.0,True
2_39_79_381_2019-06-10 16:52:30.651410,81,103.99441325863678,0.0,0.0,0.0,False
2_39_79_381_2019-06-11 16:06:43.138687,98,152.90317408512269,0.0,0.0,0.0,False
2_39_79_381_2019-06-12 20:42:28.085611,38,58.66636064833914,0.0,0.0,0.0,False
2_39_79_381_2019-06-13 23:45:10.163889,65,339.27844424423614,0.0,0.0,0.0,False
2_39_79_381_2019-06-14 15:29:59.856784,254,1024.0771098039215,1.0,0.4948714065904139,12.0,True
2_39_79_381_2019-06-18 15:41:20.487444,89,502.98670699961804,1.0,0.352467385620915,8.0,True
2_39_79_381_2019-06-19 16:25:27.330834,248,958.3082819444444,0.0,0.0,0.0,False
2_39_79_381_2019-06-21 15:45:16.945873,114,185.6090420880633,1.0,0.09346780637254902,5.0,True
2_39_79_381_2019-06-22 23:23:53.042971,82,480.8001990196078,1.0,0.7279141666666666,8.0,True
2_39_79_381_2019-06-24 14:53:27.686634,82,123.11182794117647,0.0,0.0,0.0,False
2_39_79_381_2019-06-24 19:03:13.962438,189,300.2955592260146,0.0,0.0,0.0,False
2_39_79_381_2019-06-25 16:43:11.122307,34,58.946423868778275,0.0,0.0,0.0,False
2_39_79_381_2019-06-26 16:25:57.727735,32,48.20827499999999,0.0,0.0,0.0,False
2_39_79_381_2019-06-27 16:21:43.855813,219,662.1211066975035,0.0,0.0,0.0,False
2_39_79_381_2019-07-03 16:15:04.049407,287,956.4039547551004,9.0,2.721208172112975,28.0,True
2_39_79_381_2019-07-08 16:20:32.570166,49,129.61458161764705,1.0,0.1760229861111111,5.0,True
2_39_79_381_2019-07-08 21:55:49.326517,159,303.5821878550672,0.0,0.0,0.0,False
2_39_79_381_2019-07-15 17:26:51.137130,253,766.1316418300653,0.0,0.0,0.0,False
2_39_79_381_2019-07-16 20:15:16.059690,60,119.64986303385726,1.0,0.249422385620915,8.0,True
2_39_79_381_2019-07-17 15:42:13.218323,283,1065.2688918300653,2.0,0.5916857434640523,18.0,True
2_39_79_381_2019-07-23 16:14:43.946482,174,1047.0122732843138,0.0,0.0,0.0,False
2_39_79_381_2019-07-24 18:16:36.570813,125,365.6472308823529,2.0,0.7678826960784315,15.0,True
2_39_79_381_2019-07-30 15:47:35.329284,321,1243.7466098595849,2.0,1.155468875272331,18.0,True
2_39_79_381_2019-07-31 17:36:43.438162,125,376.81576248383965,1.0,0.5088078472222223,15.0,True
2_39_79_381_2019-08-02 16:41:11.018327,233,581.3635235405118,0.0,0.0,0.0,False
2_39_79_381_2019-08-02 20:52:04.473411,83,138.8462844923867,0.0,0.0,0.0,False
2_39_79_381_2019-08-05 15:13:34.257561,144,386.25092073817564,3.0,1.0791815182229192,31.0,True
2_39_79_381_2019-08-06 16:43:51.521450,114,719.0641485294117,0.0,0.0,0.0,False
2_39_79_381_2019-08-08 21:00:40.749826,193,849.8031351565187,0.0,0.0,0.0,False
2_39_79_381_2019-08-12 15:50:04.228053,186,389.9427056372549,0.0,0.0,0.0,False
2_39_79_381_2019-08-13 14:49:35.097924,17,93.80828012820513,0.0,0.0,0.0,False
2_39_79_381_2019-08-16 17:16:25.106779,167,674.744539648866,0.0,0.0,0.0,False
2_39_79_381_2019-08-18 21:41:42.578031,168,1007.6526267586859,1.0,0.29457134803921564,8.0,True
2_39_79_381_2019-08-19 15:39:13.380905,178,907.3898248011964,0.0,0.0,0.0,False
2_39_79_381_2019-08-21 00:45:06.250333,32,54.32501198581051,0.0,0.0,0.0,False
2_39_79_381_2019-08-21 15:55:27.671414,74,104.93320103720706,1.0,0.08513161957180532,10.0,True
2_39_79_381_2019-08-21 17:16:50.204373,415,719.7450825603495,0.0,0.0,0.0,False
2_39_79_381_2019-08-22 16:12:47.068855,25,90.82471661506708,0.0,0.0,0.0,False
2_39_79_381_2019-08-23 17:30:50.726137,213,1210.348113843999,0.0,0.0,0.0,False
2_39_79_381_2019-08-23 21:15:00.322445,51,71.2864668417367,1.0,0.26929884103641455,16.0,True
2_39_79_382_2018-11-01 14:46:13.292610,138,438.78274594758955,0.0,0.0,0.0,False
2_39_79_382_2018-11-02 16:43:30.937138,226,383.54799644905745,0.0,0.0,0.0,False
2_39_79_382_2018-11-05 17:52:50.444666,34,53.62859241787624,0.0,0.0,0.0,False
2_39_79_382_2018-11-06 16:14:10.659502,255,1503.6000882297226,0.0,0.0,0.0,False
2_39_79_382_2018-11-07 16:51:12.801402,132,720.8099411584202,0.0,0.0,0.0,False
2_39_79_382_2018-11-08 14:59:44.775419,247,868.1514548777203,3.0,0.9864027484198807,29.0,True
2_39_79_382_2018-11-08 21:26:27.366871,31,50.63030426852559,0.0,0.0,0.0,False
2_39_79_382_2018-11-09 16:28:55.950386,533,715.0392673534675,4.0,5.499737366004299,383.0,True
2_39_79_382_2018-11-12 16:35:03.762801,220,370.1323484808836,0.0,0.0,0.0,False
2_39_79_382_2018-11-13 16:43:24.729148,39,62.66292213415669,0.0,0.0,0.0,False
2_39_79_382_2018-11-14 01:40:54.085665,37,57.980457772211444,0.0,0.0,0.0,False
2_39_79_382_2018-11-14 16:32:12.865510,32,53.062305587897654,0.0,0.0,0.0,False
2_39_79_382_2018-11-15 15:45:30.187473,443,2138.151229183725,0.0,0.0,0.0,False
2_39_79_382_2018-11-16 16:11:45.863916,103,296.9304388996624,1.0,0.18684071078431375,8.0,True
2_39_79_382_2018-11-17 04:46:44.079714,292,1527.535224638803,0.0,0.0,0.0,False
2_39_79_382_2018-11-18 07:35:22.870258,267,1835.5642691915498,0.0,0.0,0.0,False
2_39_79_382_2018-11-19 15:58:20.256597,544,1374.354931892845,1.0,0.09763071078431372,6.0,True
2_39_79_382_2018-11-20 16:24:51.755807,37,60.578953568215404,0.0,0.0,0.0,False
2_39_79_382_2018-11-21 17:42:16.467660,294,504.2186982367306,0.0,0.0,0.0,False
2_39_79_382_2018-11-23 22:46:36.119745,102,444.4273975490196,1.0,0.43317684912854043,9.0,True
2_39_79_382_2018-11-26 15:07:36.636088,727,2409.964488630023,0.0,0.0,0.0,False
2_39_79_382_2018-12-03 04:18:02.169338,110,691.0547234735122,1.0,0.6989900619195046,9.0,True
2_39_79_382_2018-12-03 20:28:13.567529,162,846.915026662609,0.0,0.0,0.0,False
2_39_79_382_2018-12-03 23:42:38.047613,178,1069.4188203777037,0.0,0.0,0.0,False
2_39_79_382_2018-12-04 16:50:49.506306,262,698.8559355477618,0.0,0.0,0.0,False
2_39_79_382_2018-12-05 16:01:44.897340,33,55.88605735294117,0.0,0.0,0.0,False
2_39_79_382_2018-12-06 15:58:50.720316,118,478.7703679107373,2.0,1.430851593137255,41.0,True
2_39_79_382_2018-12-07 15:58:43.775893,269,539.0192754051546,2.0,0.6878658124595992,25.0,True
2_39_79_382_2018-12-08 03:16:06.422497,113,708.8193596521942,1.0,0.6263818750000001,7.0,True
2_39_79_382_2018-12-10 16:07:08.462189,209,437.9730234922757,0.0,0.0,0.0,False
2_39_79_382_2018-12-11 17:06:26.074944,374,1197.663972334017,0.0,0.0,0.0,False
2_39_79_382_2018-12-12 16:00:12.210914,163,461.07166303924834,0.0,0.0,0.0,False
2_39_79_382_2018-12-13 15:44:01.102591,206,459.12774522938787,0.0,0.0,0.0,False
2_39_79_382_2018-12-15 21:04:01.149589,129,736.3963422267232,1.0,0.7043967510893246,8.0,True
2_39_79_382_2018-12-17 15:33:10.777838,108,428.5726843141164,0.0,0.0,0.0,False
2_39_79_382_2018-12-18 16:55:00.127200,555,1275.6348166234436,0.0,0.0,0.0,False
2_39_79_382_2018-12-19 15:45:45.736676,294,721.7625285311609,0.0,0.0,0.0,False
2_39_79_382_2018-12-20 17:21:43.798794,415,932.4584519418786,1.0,0.13054896686159845,7.0,True
2_39_79_382_2018-12-21 16:34:16.432786,154,496.59138026928576,0.0,0.0,0.0,False
2_39_79_382_2018-12-23 03:27:06.061432,131,401.4991647056074,1.0,0.3834692769607843,8.0,True
2_39_79_382_2018-12-24 03:40:36.875930,96,288.6346534071218,2.0,0.43876149977383233,10.0,True
2_39_79_382_2019-01-02 15:53:25.247434,193,531.2130105690234,0.0,0.0,0.0,False
2_39_79_382_2019-01-03 15:59:29.262880,42,62.13342957133595,0.0,0.0,0.0,False
2_39_79_382_2019-01-04 17:54:08.537764,42,66.71292415899374,0.0,0.0,0.0,False
2_39_79_382_2019-01-06 20:42:32.560960,142,917.5061041005133,0.0,0.0,0.0,False
2_39_79_382_2019-02-08 17:09:08.351841,198,569.4455643951636,3.0,0.7465584686759319,15.0,True
2_39_79_382_2019-02-12 16:22:20.742291,348,898.5816460677995,4.0,0.6750180732570806,9.0,True
2_39_79_382_2019-02-13 15:48:21.193607,81,249.72328253968251,0.0,0.0,0.0,False
2_39_79_382_2019-02-14 19:43:31.844311,36,56.37361928104575,0.0,0.0,0.0,False
2_39_79_382_2019-02-19 16:37:47.720000,568,2758.065836389399,0.0,0.0,0.0,False
2_39_79_382_2019-02-20 16:18:48.021494,258,1509.2813056537932,1.0,1.062244051048782,33.0,True
2_39_79_382_2019-02-20 22:18:42.827230,42,241.9089295401494,0.0,0.0,0.0,False
2_39_79_382_2019-02-21 16:54:19.264764,36,60.28402564223664,0.0,0.0,0.0,False
2_39_79_382_2019-02-21 23:16:22.145616,133,636.7866665313569,0.0,0.0,0.0,False
2_39_79_382_2019-02-22 21:01:07.668070,248,468.9827911354684,1.0,0.331495714869281,12.0,True
2_39_79_382_2019-02-24 08:14:26.324138,95,517.1037161764706,1.0,0.7701824305555556,13.0,True
2_39_79_382_2019-02-27 16:31:56.019942,135,682.2788444588779,0.0,0.0,0.0,False
2_39_79_382_2019-03-01 20:38:53.680109,63,128.94905024509802,1.0,0.22048881944444443,8.0,True
2_39_79_382_2019-03-04 18:07:32.185844,147,477.20285121332915,0.0,0.0,0.0,False
2_39_79_382_2019-03-05 17:14:19.323414,284,918.4418086527035,0.0,0.0,0.0,False
2_39_79_382_2019-03-08 04:43:31.271946,126,824.2990764705881,1.0,0.7040628513071894,8.0,True
2_39_79_382_2019-03-11 17:40:15.294722,32,51.15133597913524,0.0,0.0,0.0,False
2_39_79_382_2019-03-12 15:42:25.069255,268,1705.0966016923435,0.0,0.0,0.0,False
2_39_79_382_2019-03-12 20:59:10.753870,98,586.9903928921568,0.0,0.0,0.0,False
2_39_79_382_2019-03-14 16:29:40.810956,140,861.091431617647,1.0,0.7391729861111112,11.0,True
2_39_79_382_2019-03-17 03:20:58.884782,57,291.4948958333333,1.0,0.6186540277777778,7.0,True
2_39_79_382_2019-03-18 19:52:07.327653,68,99.57881750645797,0.0,0.0,0.0,False
2_39_79_382_2019-03-19 17:21:30.147257,204,586.375597945845,0.0,0.0,0.0,False
2_39_79_382_2019-03-25 18:55:20.937171,85,280.6765908496732,2.0,0.46868965277777774,10.0,True
2_39_79_382_2019-03-26 15:17:48.448118,81,119.60632291758809,1.0,0.08334673611111111,5.0,True
2_39_79_382_2019-03-27 16:08:42.027877,194,359.8325498015873,0.0,0.0,0.0,False
2_39_79_382_2019-03-28 16:01:31.903518,278,725.2220629943879,0.0,0.0,0.0,False
2_39_79_382_2019-04-01 16:16:03.463213,31,50.24323137254902,0.0,0.0,0.0,False
2_39_79_382_2019-04-04 17:25:30.867862,34,47.604273809523804,0.0,0.0,0.0,False
2_39_79_382_2019-04-05 14:59:06.186519,100,592.8041591386555,0.0,0.0,0.0,False
2_39_79_382_2019-04-06 00:17:33.638656,192,679.6214802521008,1.0,0.16665895833333333,8.0,True
2_39_79_382_2019-04-08 15:47:55.855960,180,951.3047433823529,1.0,0.3563825,9.0,True
2_39_79_382_2019-04-09 15:55:55.915248,261,1012.1140034971006,1.0,0.49071809912854036,10.0,True
2_39_79_382_2019-04-10 14:52:59.977664,177,390.8543903011204,0.0,0.0,0.0,False
2_39_79_382_2019-04-11 15:32:19.781834,207,647.7544882816991,8.0,1.7779150027056274,16.0,True
2_39_79_382_2019-04-15 14:51:18.306209,251,705.7422997906566,4.0,0.8886661795522303,10.0,True
2_39_79_382_2019-04-16 15:43:37.281749,252,1202.485412009804,0.0,0.0,0.0,False
2_39_79_382_2019-04-17 15:05:00.537965,250,825.5643850522026,6.0,1.4708452509337069,22.0,True
2_39_79_382_2019-04-18 04:14:15.576473,101,606.4384640151515,1.0,0.5900263194444444,7.0,True
2_39_79_382_2019-04-18 16:56:46.931682,76,405.26704068627447,0.0,0.0,0.0,False
2_39_79_382_2019-04-19 15:44:04.334690,383,1083.8456278665906,0.0,0.0,0.0,False
2_39_79_382_2019-04-22 15:04:37.233934,364,950.1155201330532,3.0,0.4416966666666666,8.0,True
2_39_79_382_2019-04-23 17:17:47.712701,139,462.7775595588235,6.0,2.098043071895425,27.0,True
2_39_79_382_2019-04-24 21:54:41.327990,128,442.55031838235294,0.0,0.0,0.0,False
2_39_79_382_2019-04-26 16:47:57.569234,34,51.02565833333333,0.0,0.0,0.0,False
2_39_79_382_2019-04-29 14:33:08.828313,353,763.1776917373819,1.0,0.45256415985838777,13.0,True
2_39_79_382_2019-05-01 21:22:53.214459,30,49.50977955366357,0.0,0.0,0.0,False
2_39_79_382_2019-05-02 18:38:05.322095,269,1781.3844275547938,0.0,0.0,0.0,False
2_39_79_382_2019-05-03 15:38:39.008387,156,570.4763958333333,0.0,0.0,0.0,False
2_39_79_382_2019-05-04 03:24:41.106226,137,754.5132404411764,1.0,0.5411367565359478,7.0,True
2_39_79_382_2019-05-05 02:54:31.594526,360,2402.2550394607842,0.0,0.0,0.0,False
2_39_79_382_2019-05-06 17:49:58.241918,296,1939.3805662689433,0.0,0.0,0.0,False
2_39_79_382_2019-05-07 15:54:53.500492,325,1133.280175227898,0.0,0.0,0.0,False
2_39_79_382_2019-05-08 14:49:51.609271,142,945.004281792717,0.0,0.0,0.0,False
2_39_79_382_2019-05-08 19:18:36.893607,32,53.53638841036415,0.0,0.0,0.0,False
2_39_79_382_2019-05-09 22:10:40.916707,41,148.2935815359477,0.0,0.0,0.0,False
2_39_79_382_2019-05-13 15:56:39.814500,38,54.636761706349205,0.0,0.0,0.0,False
2_39_79_382_2019-05-16 18:24:48.377292,73,350.60931400560224,0.0,0.0,0.0,False
2_39_79_382_2019-05-16 20:23:08.936323,31,51.48647671568627,0.0,0.0,0.0,False
2_39_79_382_2019-05-20 15:12:26.638140,188,613.8789814321342,5.0,2.859975153867102,44.0,True
2_39_79_382_2019-05-22 16:01:48.641638,395,1666.381682282913,1.0,0.7369402777777778,19.0,True
2_39_79_382_2019-05-23 16:16:58.316615,186,477.7591827380952,0.0,0.0,0.0,False
2_39_79_382_2019-05-29 15:57:00.110717,223,1103.9389130952381,1.0,0.6788219444444444,14.0,True
2_39_79_382_2019-05-31 20:22:07.081114,39,109.48495399159664,2.0,1.0378535416666668,17.0,True
2_39_79_382_2019-06-02 21:39:43.602159,376,2582.6167235294115,0.0,0.0,0.0,False
2_39_79_382_2019-06-04 15:12:59.643150,227,1069.177093382353,1.0,0.207221875,5.0,True
2_39_79_382_2019-06-07 17:01:47.690372,269,1468.3797591908212,0.0,0.0,0.0,False
2_39_79_382_2019-06-10 15:37:57.311736,31,52.6898,0.0,0.0,0.0,False
2_39_79_382_2019-06-12 17:39:38.078457,337,687.6783694250295,2.0,0.18233120098039216,12.0,True
2_39_79_382_2019-06-14 15:42:06.784542,359,2137.4550598470155,0.0,0.0,0.0,False
2_39_79_382_2019-06-18 16:08:52.246454,138,681.5733642156863,1.0,0.4457657843137255,9.0,True
2_39_79_382_2019-06-19 15:53:33.337460,319,983.2532484126983,1.0,0.6949418749999998,13.0,True
2_39_79_382_2019-06-20 15:37:59.010450,178,1067.7584115196078,1.0,0.4093288888888889,9.0,True
2_39_79_382_2019-06-21 16:30:34.860977,500,1002.931798211655,2.0,0.20957567946623093,8.0,True
2_39_79_382_2019-06-24 15:42:28.233321,400,852.1394420625942,0.0,0.0,0.0,False
2_39_79_382_2019-06-25 00:19:29.180019,33,53.390898611111105,0.0,0.0,0.0,False
2_39_79_382_2019-06-25 15:35:06.310577,178,1054.78258883143,1.0,0.5824881944444444,9.0,True
2_39_79_382_2019-06-26 15:33:54.680850,189,1092.376271445659,1.0,1.0595278472222223,20.0,True
2_39_79_382_2019-06-27 16:35:53.999787,245,591.211805719852,0.0,0.0,0.0,False
2_39_79_382_2019-06-28 19:26:11.753598,144,403.25139718187734,2.0,0.3547394199346405,7.0,True
2_39_79_382_2019-07-01 15:41:01.095880,174,1092.4466949506118,1.0,0.5518545138888888,11.0,True
2_39_79_382_2019-07-02 17:35:40.875045,93,130.12296754920874,0.0,0.0,0.0,False
2_39_79_382_2019-07-03 17:14:03.875924,333,943.5259623734108,0.0,0.0,0.0,False
2_39_79_382_2019-07-08 22:35:06.852234,133,295.83263350050277,1.0,0.23263689484126984,5.0,True
2_39_79_382_2019-07-09 16:13:15.130268,86,491.9613549941413,1.0,0.6023436805555556,11.0,True
2_39_79_382_2019-07-10 17:28:46.144170,32,52.69765514705882,0.0,0.0,0.0,False
2_39_79_382_2019-07-11 17:04:55.321389,251,1098.8693804190907,1.0,0.4792823097123465,15.0,True
2_39_79_382_2019-07-12 17:50:05.533175,122,364.8700249245852,2.0,0.5259263194444445,11.0,True
2_39_79_382_2019-07-15 17:39:21.421860,237,770.5143268682735,7.0,3.0779522172424527,44.0,True
2_39_79_382_2019-07-16 17:27:20.178732,118,377.9925064171123,2.0,2.5963906944444446,72.0,True
2_39_79_382_2019-07-17 16:16:50.662790,94,385.3013987745098,0.0,0.0,0.0,False
2_39_79_382_2019-07-19 00:46:29.959487,44,132.1651005952381,1.0,0.3059286805555556,10.0,True
2_39_79_382_2019-07-22 16:01:14.027780,165,1051.5747363636362,1.0,0.6714729166666666,13.0,True
2_39_79_382_2019-07-23 18:38:23.506181,108,210.7875931372549,1.0,0.4840101388888889,15.0,True
2_39_79_382_2019-07-24 15:58:07.783529,204,1030.0985939216914,3.0,1.370021561819172,19.0,True
2_39_79_382_2019-07-25 19:13:50.251569,72,114.6225031512605,1.0,0.1252523611111111,6.0,True
2_39_79_382_2019-07-29 16:40:51.390146,182,924.6487728506314,0.0,0.0,0.0,False
2_39_79_382_2019-07-30 19:34:28.687761,53,86.43879495798319,0.0,0.0,0.0,False
2_39_79_382_2019-08-01 15:41:06.986129,182,1068.471625166092,2.0,1.4709990575396823,29.0,True
2_39_79_382_2019-08-02 15:08:35.258903,200,640.1501339669303,7.0,1.9948144432634214,14.0,True
2_39_79_382_2019-08-05 17:03:44.900627,432,2493.231370040911,0.0,0.0,0.0,False
2_39_79_382_2019-08-08 15:10:06.327573,306,984.8233214500012,5.0,1.7099376077354018,34.0,True
2_39_79_382_2019-08-09 17:26:26.626413,273,1782.387827614379,0.0,0.0,0.0,False
2_39_79_382_2019-08-12 16:20:52.037055,273,849.3017089052287,1.0,0.3019027083333333,8.0,True
2_39_79_382_2019-08-14 16:15:35.530978,225,705.3473774509804,6.0,3.354339758986928,76.0,True
2_39_79_382_2019-08-15 17:39:58.871598,112,666.6759238992088,1.0,0.1877066435185185,5.0,True
2_39_79_382_2019-08-16 17:48:58.151290,152,758.0633306938159,1.0,0.08529701388888888,5.0,True
2_39_79_382_2019-08-18 04:37:16.104615,61,122.39119616013072,1.0,0.2793314297385621,9.0,True
2_39_79_382_2019-08-19 15:54:00.296133,435,2301.5777325627737,2.0,1.0458698731415643,16.0,True
2_39_79_382_2019-08-20 15:43:09.647303,103,355.1012833333333,0.0,0.0,0.0,False
2_39_79_382_2019-08-21 16:56:15.431298,335,592.633460971055,0.0,0.0,0.0,False
2_39_79_382_2019-08-23 19:18:41.533122,159,403.27350951213816,1.0,0.3018619444444444,7.0,True
2_39_79_383_2018-11-01 02:00:05.576179,216,1346.5352139942615,0.0,0.0,0.0,False
2_39_79_383_2018-11-01 15:24:35.082685,36,51.779209241575415,0.0,0.0,0.0,False
2_39_79_383_2018-11-02 15:25:23.602234,185,612.4362532337631,0.0,0.0,0.0,False
2_39_79_383_2018-11-05 16:33:43.710900,395,474.1870372438921,3.0,4.763677625859835,269.0,True
2_39_79_383_2018-11-06 16:23:24.814033,31,51.48850816993464,0.0,0.0,0.0,False
2_39_79_383_2018-11-06 20:22:28.703839,20,32.56576292692515,1.0,0.6499694744008716,14.0,True
2_39_79_383_2018-11-08 16:56:37.364867,303,732.5560004821159,0.0,0.0,0.0,False
2_39_79_383_2018-11-09 16:32:12.086647,83,123.15451357040791,1.0,0.30159724909700725,13.0,True
2_39_79_383_2018-11-11 05:57:01.114875,242,1652.5311698295984,0.0,0.0,0.0,False
2_39_79_383_2018-11-12 01:58:08.607277,111,358.4364203557064,1.0,0.3099323611111111,7.0,True
2_39_79_383_2018-11-12 16:15:47.695084,427,700.374922456405,0.0,0.0,0.0,False
2_39_79_383_2018-11-13 16:31:05.727234,178,551.3719386788048,1.0,0.2695003472222222,9.0,True
2_39_79_383_2018-11-14 17:35:13.537711,350,1273.0049296575328,1.0,0.6760888589324618,13.0,True
2_39_79_383_2018-11-15 16:43:43.749134,106,334.51817145631713,3.0,1.3197956576797385,29.0,True
2_39_79_383_2018-11-15 23:02:21.881377,31,51.87521723856209,0.0,0.0,0.0,False
2_39_79_383_2018-11-16 16:36:22.323977,32,55.931666107782824,0.0,0.0,0.0,False
2_39_79_383_2018-11-16 19:15:57.927858,114,671.5915967368932,1.0,0.16833131944444446,5.0,True
2_39_79_383_2018-11-19 00:02:34.646387,31,45.34471151960784,0.0,0.0,0.0,False
2_39_79_383_2018-11-19 16:11:19.728825,542,2036.29824300509,0.0,0.0,0.0,False
2_39_79_383_2018-11-20 16:12:26.463216,70,152.08355623433584,1.0,0.4643621241830066,15.0,True
2_39_79_383_2018-11-21 16:13:56.856963,233,534.1975631849231,0.0,0.0,0.0,False
2_39_79_383_2018-11-21 23:34:07.246931,130,361.40563077731093,3.0,5.160169354575164,44.0,True
2_39_79_383_2018-11-25 01:28:35.141237,70,140.52277544351074,2.0,2.8548600531045754,35.0,True
2_39_79_383_2018-11-26 16:34:01.087765,476,792.8948598093684,0.0,0.0,0.0,False
2_39_79_383_2018-11-27 17:29:35.429523,386,475.14905957621664,16.0,3.7176133253523367,69.0,True
2_39_79_383_2018-11-28 15:49:52.423434,102,409.7459209303854,1.0,0.4013054300887021,9.0,True
2_39_79_383_2018-11-29 16:42:52.110745,183,449.81881855692467,2.0,0.3435173992524361,9.0,True
2_39_79_383_2018-11-29 20:42:31.605843,25,55.26453239443902,1.0,0.19008543991955756,7.0,True
2_39_79_383_2018-11-30 16:04:42.210238,228,651.5885650854864,1.0,0.05832353174603177,6.0,True
2_39_79_383_2018-12-03 16:38:52.351539,303,793.2649594979152,0.0,0.0,0.0,False
2_39_79_383_2018-12-04 17:21:19.840686,126,127.38689728603869,2.0,0.38574896385477264,25.0,True
2_39_79_383_2018-12-05 01:00:36.587336,44,262.12223750987573,0.0,0.0,0.0,False
2_39_79_383_2018-12-05 16:12:21.775229,61,171.48788269140988,1.0,0.18311993055555553,6.0,True
2_39_79_383_2018-12-06 16:53:04.790303,112,571.2713241556345,1.0,0.20702750083794202,6.0,True
2_39_79_383_2018-12-07 18:04:20.033558,382,838.5944281807975,0.0,0.0,0.0,False
2_39_79_383_2018-12-10 16:50:25.703236,476,809.3455716793566,1.0,0.2861716176470589,6.0,True
2_39_79_383_2018-12-11 16:57:39.215433,235,1116.4912008352671,0.0,0.0,0.0,False
2_39_79_383_2018-12-11 21:01:42.756232,33,48.69445567595459,0.0,0.0,0.0,False
2_39_79_383_2018-12-11 22:43:18.937858,79,124.88652995502518,1.0,0.12865004020467832,6.0,True
2_39_79_383_2018-12-12 18:02:47.837652,205,310.34493649860116,0.0,0.0,0.0,False
2_39_79_383_2018-12-13 17:20:55.388504,396,661.2892703510283,0.0,0.0,0.0,False
2_39_79_383_2018-12-14 16:27:31.205856,403,757.1285348735629,0.0,0.0,0.0,False
2_39_79_383_2018-12-17 01:15:47.115033,31,53.261085368067604,0.0,0.0,0.0,False
2_39_79_383_2018-12-17 16:43:38.466455,425,1265.2765363075607,1.0,0.3847354138977494,5.0,True
2_39_79_383_2018-12-18 15:14:48.840966,615,1654.4695057134186,0.0,0.0,0.0,False
2_39_79_383_2018-12-19 16:59:14.297452,215,1167.8134881164715,1.0,0.6391834457671957,9.0,True
2_39_79_383_2018-12-20 16:20:50.376172,478,835.6242805771252,0.0,0.0,0.0,False
2_39_79_383_2018-12-21 15:57:49.192723,70,191.39086987251224,1.0,0.1898372537878788,5.0,True
2_39_79_383_2019-01-02 19:20:17.588317,81,101.80065421232534,0.0,0.0,0.0,False
2_39_79_383_2019-01-03 18:02:52.880710,147,450.404079956679,2.0,1.605898716357888,52.0,True
2_39_79_383_2019-01-04 18:46:15.864324,128,472.4109758415475,0.0,0.0,0.0,False
2_39_79_383_2019-01-07 16:57:28.977434,604,2613.1993013831625,0.0,0.0,0.0,False
2_39_79_383_2019-01-08 17:49:37.783470,94,111.26836769734822,0.0,0.0,0.0,False
2_39_79_383_2019-01-09 17:10:09.438930,266,1291.4911322736775,1.0,0.21468892596782302,6.0,True
2_39_79_383_2019-01-10 18:12:39.718471,30,159.96377169080918,0.0,0.0,0.0,False
2_39_79_383_2019-01-11 22:13:22.109339,86,251.8405076302782,0.0,0.0,0.0,False
2_39_79_383_2019-01-14 18:23:38.264189,401,747.8158191893166,0.0,0.0,0.0,False
2_39_79_383_2019-01-15 19:44:54.951141,230,1236.4753045913237,1.0,0.8656388696311857,25.0,True
2_39_79_383_2019-01-16 17:24:21.540692,275,643.3595637670036,0.0,0.0,0.0,False
2_39_79_383_2019-01-17 18:27:37.601685,172,614.878032401508,0.0,0.0,0.0,False
2_39_79_383_2019-01-18 17:42:20.219070,373,952.3341673556306,0.0,0.0,0.0,False
2_39_79_383_2019-01-21 22:10:52.665363,210,676.0498614145658,1.0,0.36061444444444446,13.0,True
2_39_79_383_2019-01-22 16:49:30.678207,32,130.63896342236623,1.0,0.8041867207029013,15.0,True
2_39_79_383_2019-01-23 18:53:23.487093,427,1167.0199168740573,2.0,0.2586696527777778,7.0,True
2_39_79_383_2019-01-25 21:19:25.919259,187,575.0617994277737,3.0,0.6649585310970993,12.0,True
2_39_79_383_2019-01-28 18:14:00.280813,298,752.3290931796112,0.0,0.0,0.0,False
2_39_79_383_2019-01-29 16:54:27.659002,43,60.46477853641456,0.0,0.0,0.0,False
2_39_79_383_2019-01-30 18:09:35.476434,239,734.035945611578,0.0,0.0,0.0,False
2_39_79_383_2019-02-01 02:03:35.169420,194,640.0665530462185,0.0,0.0,0.0,False
2_39_79_383_2019-02-01 16:11:09.964176,94,152.98919602260742,0.0,0.0,0.0,False
2_39_79_383_2019-02-04 00:36:01.434107,31,52.51274246087589,0.0,0.0,0.0,False
2_39_79_383_2019-02-04 01:21:12.627913,183,1201.7599730175002,0.0,0.0,0.0,False
2_39_79_383_2019-02-04 16:49:51.617317,339,957.257534079891,1.0,0.10930848930481284,5.0,True
2_39_79_383_2019-02-05 18:16:42.066575,132,769.986783169097,1.0,0.8791043492718725,19.0,True
2_39_79_383_2019-02-06 16:21:45.242748,190,537.7321655022265,3.0,0.3428643886165577,6.0,True
2_39_79_383_2019-02-07 20:00:35.558200,181,567.7641240734755,3.0,0.7485349305555555,9.0,True
2_39_79_383_2019-02-11 19:22:00.442740,399,2358.751708650075,0.0,0.0,0.0,False
2_39_79_383_2019-02-12 16:59:52.248531,235,599.1523988252115,0.0,0.0,0.0,False
2_39_79_383_2019-02-12 21:00:59.039000,265,1291.319454878618,0.0,0.0,0.0,False
2_39_79_383_2019-02-13 18:26:02.214433,231,486.71650783261714,0.0,0.0,0.0,False
2_39_79_383_2019-02-13 22:46:46.729252,155,450.44335317460315,1.0,0.5367682218720822,14.0,True
2_39_79_383_2019-02-14 17:45:54.199177,213,451.2963803104575,0.0,0.0,0.0,False
2_39_79_383_2019-02-15 16:43:02.542110,75,487.58159107142853,0.0,0.0,0.0,False
2_39_79_383_2019-02-19 16:15:02.290093,413,797.8056784573413,0.0,0.0,0.0,False
2_39_79_383_2019-02-20 17:40:08.889707,204,721.7298703861584,0.0,0.0,0.0,False
2_39_79_383_2019-02-21 19:50:30.679643,275,1411.783419671668,1.0,0.1832692063492064,5.0,True
2_39_79_383_2019-02-22 18:20:52.989940,221,730.9298559416073,0.0,0.0,0.0,False
2_39_79_383_2019-02-24 02:32:38.661771,75,132.61052630718953,1.0,0.3279357638888889,10.0,True
2_39_79_383_2019-02-25 17:06:37.271612,350,971.1638968567046,0.0,0.0,0.0,False
2_39_79_383_2019-02-26 20:29:45.119387,206,444.2271875893579,2.0,0.3654407683036983,9.0,True
2_39_79_383_2019-02-27 16:34:28.519277,79,204.00824521508775,0.0,0.0,0.0,False
2_39_79_383_2019-02-28 17:24:48.712692,196,724.8317026810607,0.0,0.0,0.0,False
2_39_79_383_2019-03-04 15:45:39.834081,73,429.6190891390472,1.0,0.5798116633597883,11.0,True
2_39_79_383_2019-03-07 17:14:50.542113,179,298.8581341714658,0.0,0.0,0.0,False
2_39_79_383_2019-03-08 16:24:03.778123,308,708.2670621982936,0.0,0.0,0.0,False
2_39_79_383_2019-03-11 15:40:10.271438,279,1302.0599625193433,1.0,0.2868476388888889,9.0,True
2_39_79_383_2019-03-12 18:09:35.147161,271,797.766425434013,0.0,0.0,0.0,False
2_39_79_383_2019-03-14 16:26:55.053094,39,61.571273579270965,0.0,0.0,0.0,False
2_39_79_383_2019-03-15 16:30:11.786713,168,551.5333803571428,2.0,0.5384144812091504,14.0,True
2_39_79_383_2019-03-16 17:57:05.055280,32,204.1763169117647,0.0,0.0,0.0,False
2_39_79_383_2019-03-18 17:44:55.868046,126,554.6379751850274,0.0,0.0,0.0,False
2_39_79_383_2019-03-19 07:12:41.984974,120,379.0051041666666,1.0,0.35226402777777777,9.0,True
2_39_79_383_2019-03-19 18:27:28.680241,190,524.2789996615312,4.0,0.9925801431683788,24.0,True
2_39_79_383_2019-03-20 05:04:25.915018,122,383.7063708333333,1.0,0.4670179861111111,9.0,True
2_39_79_383_2019-03-20 15:41:06.662155,264,1174.0940359261654,0.0,0.0,0.0,False
2_39_79_383_2019-03-21 02:20:21.441197,15,81.7284375,0.0,0.0,0.0,False
2_39_79_383_2019-03-21 16:24:27.313121,153,464.41942988608827,3.0,0.6509548280028795,13.0,True
2_39_79_383_2019-03-22 17:32:13.684845,127,796.4207994206773,0.0,0.0,0.0,False
2_39_79_383_2019-03-23 19:42:55.352430,121,377.25718308823525,1.0,0.4345881944444445,11.0,True
2_39_79_383_2019-03-25 15:42:20.096968,430,1342.8419858248003,0.0,0.0,0.0,False
2_39_79_383_2019-03-26 22:44:26.624602,26,46.51336789215686,0.0,0.0,0.0,False
2_39_79_383_2019-03-27 17:16:34.439419,243,691.0407721513906,0.0,0.0,0.0,False
2_39_79_383_2019-03-28 18:05:29.949489,33,53.50788801353875,0.0,0.0,0.0,False
2_39_79_383_2019-03-29 22:01:48.035346,199,661.2618724642489,3.0,0.7477019485294119,11.0,True
2_39_79_383_2019-03-31 02:54:47.288598,31,52.14964387254902,0.0,0.0,0.0,False
2_39_79_383_2019-04-02 15:19:38.412560,368,1198.826016003253,0.0,0.0,0.0,False
2_39_79_383_2019-04-03 15:20:56.638371,320,956.3220423085901,7.0,1.1989795833333334,9.0,True
2_39_79_383_2019-04-04 17:19:45.277466,75,214.91929123907138,0.0,0.0,0.0,False
2_39_79_383_2019-04-05 17:01:13.840069,218,929.4709827638392,0.0,0.0,0.0,False
2_39_79_383_2019-04-08 16:00:35.758201,2,1.061,0.0,0.0,0.0,False
2_39_79_383_2019-04-09 16:03:59.807942,179,421.0392325980392,0.0,0.0,0.0,False
2_39_79_383_2019-04-10 15:18:25.018379,219,650.496414963266,1.0,0.1871420138888889,7.0,True
2_39_79_383_2019-04-10 20:56:23.931115,81,115.06784343038755,0.0,0.0,0.0,False
2_39_79_383_2019-04-11 20:58:29.444009,76,219.9050176157305,0.0,0.0,0.0,False
2_39_79_383_2019-04-12 02:32:00.377166,117,712.5520573517927,1.0,0.7230004166666667,8.0,True
2_39_79_383_2019-04-12 17:18:31.874534,152,621.9545801157304,0.0,0.0,0.0,False
2_39_79_383_2019-04-14 03:18:45.491198,525,3459.8866310457515,0.0,0.0,0.0,False
2_39_79_383_2019-04-15 17:56:05.379589,48,143.19075357142856,0.0,0.0,0.0,False
2_39_79_383_2019-04-15 19:55:05.543018,31,50.72831148190045,0.0,0.0,0.0,False
2_39_79_383_2019-04-18 16:58:52.078751,72,242.19448077239667,0.0,0.0,0.0,False
2_39_79_383_2019-04-19 15:30:27.304553,294,1089.759078050381,1.0,0.2799021527777778,8.0,True
2_39_79_383_2019-04-21 03:24:26.368375,125,395.2746678211795,1.0,0.4256129861111112,10.0,True
2_39_79_383_2019-04-22 15:43:22.859011,248,1202.8334631535947,1.0,0.8463143995098039,15.0,True
2_39_79_383_2019-04-24 15:00:25.425249,322,939.9940116830065,4.0,0.6380243259803922,10.0,True
2_39_79_383_2019-04-25 16:04:30.864085,129,710.2179780112044,0.0,0.0,0.0,False
2_39_79_383_2019-04-27 15:42:42.323649,122,381.9517455671064,1.0,0.45308930555555565,10.0,True
2_39_79_383_2019-04-29 19:25:12.561009,154,452.13516555811316,3.0,0.9048486458040155,11.0,True
2_39_79_383_2019-04-30 16:54:52.116790,171,470.4188601737186,0.0,0.0,0.0,False
2_39_79_383_2019-04-30 21:53:26.511642,32,54.51290664037545,0.0,0.0,0.0,False
2_39_79_383_2019-05-01 15:53:46.975370,205,548.219116399113,0.0,0.0,0.0,False
2_39_79_383_2019-05-02 15:47:40.138227,171,759.9951190286708,0.0,0.0,0.0,False
2_39_79_383_2019-05-03 15:26:19.057017,87,250.07706985294118,0.0,0.0,0.0,False
2_39_79_383_2019-05-04 18:03:09.139532,94,278.4830091575092,1.0,0.29756527777777775,8.0,True
2_39_79_383_2019-05-06 15:21:50.320614,191,653.3944521116139,1.0,0.1784629861111111,8.0,True
2_39_79_383_2019-05-07 16:08:12.047206,276,1074.1669969887955,0.0,0.0,0.0,False
2_39_79_383_2019-05-07 21:00:47.951886,31,58.270979283380015,1.0,0.5397464563881108,15.0,True
2_39_79_383_2019-05-08 18:04:50.680339,105,617.2632999097007,0.0,0.0,0.0,False
2_39_79_383_2019-05-09 17:03:57.244871,344,666.6006434640523,0.0,0.0,0.0,False
2_39_79_383_2019-05-10 20:54:48.501709,118,385.39436911764705,2.0,0.6328467769607844,8.0,True
2_39_79_383_2019-05-13 15:48:24.453429,48,70.1065493315508,0.0,0.0,0.0,False
2_39_79_383_2019-05-14 02:52:37.252941,121,385.7216409313725,1.0,0.4500847222222223,9.0,True
2_39_79_383_2019-05-14 16:19:20.276334,148,914.464529529539,0.0,0.0,0.0,False
2_39_79_383_2019-05-15 03:20:46.888816,131,390.95238333333333,1.0,0.3714380555555556,9.0,True
2_39_79_383_2019-05-15 17:44:46.711944,44,66.51257647058823,0.0,0.0,0.0,False
2_39_79_383_2019-05-15 19:22:06.897704,317,503.41014921802054,1.0,0.08484527777777778,5.0,True
2_39_79_383_2019-05-16 16:05:52.032632,255,610.6978257352941,0.0,0.0,0.0,False
2_39_79_383_2019-05-17 16:51:30.206114,182,325.91421460084035,1.0,0.229953864379085,13.0,True
2_39_79_383_2019-05-18 00:39:43.462251,45,125.72062058823529,1.0,0.38442462826797386,14.0,True
2_39_79_383_2019-05-21 16:52:08.440633,308,1467.6272518772894,0.0,0.0,0.0,False
2_39_79_383_2019-05-22 15:46:07.765295,334,1335.603083799289,0.0,0.0,0.0,False
2_39_79_383_2019-05-23 19:14:31.638715,276,827.0724080882353,2.0,1.5664049795751633,40.0,True
2_39_79_383_2019-05-26 11:33:54.353520,248,1551.626018614551,0.0,0.0,0.0,False
2_39_79_383_2019-05-28 16:05:28.522192,174,1102.4295198529412,1.0,0.7242625694444446,15.0,True
2_39_79_383_2019-05-29 16:51:58.255132,68,190.1440625,3.0,0.7607348611111113,12.0,True
2_39_79_383_2019-05-30 15:26:15.467938,107,559.3399772521826,0.0,0.0,0.0,False
2_39_79_383_2019-06-03 14:16:05.937712,211,561.5603389245973,1.0,0.907030102124183,28.0,True
2_39_79_383_2019-06-04 15:21:18.664705,167,240.90597761437908,1.0,0.15086243055555554,18.0,True
2_39_79_383_2019-06-05 17:39:05.765660,154,239.69707970534367,1.0,0.23215347222222218,13.0,True
2_39_79_383_2019-06-06 21:39:36.253332,122,398.4652388606319,0.0,0.0,0.0,False
2_39_79_383_2019-06-07 21:00:24.259239,97,168.83924982135582,0.0,0.0,0.0,False
2_39_79_383_2019-06-10 15:45:07.399558,289,950.060404857071,3.0,2.9685627559912855,63.0,True
2_39_79_383_2019-06-11 18:23:24.188793,47,121.1946431372549,1.0,0.5156854861111111,15.0,True
2_39_79_383_2019-06-12 17:01:30.194788,105,173.30356200980393,0.0,0.0,0.0,False
2_39_79_383_2019-06-12 19:09:46.536551,317,552.6448213683719,0.0,0.0,0.0,False
2_39_79_383_2019-06-14 23:55:51.470059,42,116.29309656862745,1.0,0.37999908496732027,12.0,True
2_39_79_383_2019-06-17 17:13:02.754253,64,181.260993697479,4.0,1.1174029493464053,17.0,True
2_39_79_383_2019-06-18 04:13:30.288510,64,129.3213693627451,1.0,0.22043576797385622,8.0,True
2_39_79_383_2019-06-18 16:50:38.548402,334,647.0586130718954,1.0,0.0834034722222222,5.0,True
2_39_79_383_2019-06-19 16:49:03.665009,425,2082.6141059113725,0.0,0.0,0.0,False
2_39_79_383_2019-06-20 17:30:50.409724,179,564.4686606618586,0.0,0.0,0.0,False
2_39_79_383_2019-06-21 00:54:09.544868,120,374.3735147568977,1.0,2.509900893134357,99.0,True
2_39_79_383_2019-06-21 15:40:49.022496,252,1051.0569777901162,1.0,0.38409697712418295,11.0,True
2_39_79_383_2019-06-24 16:02:37.796424,379,561.1166525805936,4.0,0.8396397624883287,61.0,True
2_39_79_383_2019-06-25 16:54:49.225685,105,260.66586593137254,2.0,0.49934337009803925,12.0,True
2_39_79_383_2019-06-25 20:33:12.035080,88,282.21785141223154,1.0,0.2715577777777778,8.0,True
2_39_79_383_2019-06-27 16:50:05.366947,92,469.8995738095238,1.0,0.48356633578431374,11.0,True
2_39_79_383_2019-06-28 23:20:32.401423,95,293.1124359243697,1.0,0.3864809027777778,9.0,True
2_39_79_383_2019-07-01 15:46:25.850823,32,57.697146099931196,0.0,0.0,0.0,False
2_39_79_383_2019-07-02 15:39:04.380144,67,195.1430317156012,1.0,0.445839375,9.0,True
2_39_79_383_2019-07-03 15:14:47.181804,63,187.16630243482007,3.0,1.8390770155946994,29.0,True
2_39_79_383_2019-07-07 21:27:00.150356,23,127.32145879169849,1.0,0.5710768749999999,6.0,True
2_39_79_383_2019-07-08 15:22:06.150909,148,385.20961911764704,4.0,1.6777280187908497,29.0,True
2_39_79_383_2019-07-10 21:05:00.480955,116,395.55547657473244,5.0,2.1554416915056622,41.0,True
2_39_79_383_2019-07-11 15:24:01.941843,65,192.0358542824822,3.0,1.8816718959635135,29.0,True
2_39_79_383_2019-07-12 15:46:58.891209,91,284.28011985294114,1.0,0.31164500000000006,8.0,True
2_39_79_383_2019-07-15 16:34:20.356679,161,321.51814307038325,0.0,0.0,0.0,False
2_39_79_383_2019-07-16 18:23:17.145364,175,1066.729988443256,0.0,0.0,0.0,False
2_39_79_383_2019-07-17 04:01:03.357020,101,321.7286458333333,1.0,0.3602214583333333,7.0,True
2_39_79_383_2019-07-17 16:24:20.285343,229,554.0180303698752,0.0,0.0,0.0,False
2_39_79_383_2019-07-18 04:55:34.075670,129,409.03438382352937,2.0,0.757162704248366,16.0,True
2_39_79_383_2019-07-18 15:59:26.723193,119,383.80692156862744,2.0,2.408420522875817,70.0,True
2_39_79_383_2019-07-22 19:25:20.077476,132,399.39369232026144,1.0,0.18607715277777778,6.0,True
2_39_79_383_2019-07-23 15:24:13.657073,31,60.27810397355912,0.0,0.0,0.0,False
2_39_79_383_2019-07-23 18:49:32.199099,245,1049.0982700917546,0.0,0.0,0.0,False
2_39_79_383_2019-07-24 19:15:32.640029,123,556.5882782329599,1.0,0.17184222222222223,5.0,True
2_39_79_383_2019-07-25 16:00:09.234703,334,1084.956975660777,2.0,1.6019426388888887,30.0,True
2_39_79_383_2019-07-26 04:22:30.651016,31,51.50407380952381,0.0,0.0,0.0,False
2_39_79_383_2019-07-26 19:16:51.335556,60,102.93415599376114,0.0,0.0,0.0,False
2_39_79_383_2019-07-29 14:54:19.871856,367,1526.8404504316225,0.0,0.0,0.0,False
2_39_79_383_2019-07-30 14:46:18.933696,54,347.120426984127,0.0,0.0,0.0,False
2_39_79_383_2019-07-31 18:44:07.400331,368,670.6843507058438,0.0,0.0,0.0,False
2_39_79_383_2019-08-02 19:16:15.068513,134,377.6056635758849,1.0,0.2131310253267974,8.0,True
2_39_79_383_2019-08-05 13:27:13.601289,72,221.4143356060606,1.0,0.3550873611111111,13.0,True
2_39_79_383_2019-08-06 14:42:41.326105,80,204.81572216386553,1.0,0.1751463888888889,8.0,True
2_39_79_383_2019-08-07 15:01:24.082541,66,192.52318112745098,4.0,1.3714077083333334,18.0,True
2_39_79_383_2019-08-08 21:55:30.130839,37,56.677061764705876,1.0,0.08390687091503266,5.0,True
2_39_79_383_2019-08-09 15:01:39.946170,67,185.58867688338492,1.0,0.20585813180827886,7.0,True
2_39_79_383_2019-08-10 15:21:17.537927,276,1737.2792388748162,0.0,0.0,0.0,False
2_39_79_383_2019-08-12 16:28:48.470145,43,60.35117401960784,0.0,0.0,0.0,False
2_39_79_383_2019-08-14 16:56:17.559089,234,349.33422472848787,6.0,0.6412952424463938,22.0,True
2_39_79_383_2019-08-15 15:17:16.985194,51,307.27458986928104,1.0,0.5483493995098039,7.0,True
2_39_79_383_2019-08-16 16:25:38.489748,79,511.32623476767895,0.0,0.0,0.0,False
2_39_79_383_2019-08-16 21:45:06.116793,188,549.4676485908741,0.0,0.0,0.0,False
2_39_79_383_2019-08-19 16:23:32.029390,31,50.333089413730406,0.0,0.0,0.0,False
2_39_79_383_2019-08-20 15:13:59.036218,64,195.569338622291,2.0,0.687578090385277,8.0,True
2_39_79_383_2019-08-21 15:43:41.358095,438,788.6378307135701,0.0,0.0,0.0,False
2_39_79_383_2019-08-23 15:08:19.345001,122,389.53954202605735,1.0,0.37563236791939,8.0,True
2_39_82_384_2018-11-27 14:42:51.651193,83,118.32637626223965,0.0,0.0,0.0,False
2_39_82_384_2018-11-29 14:39:28.339411,119,151.85766454950277,0.0,0.0,0.0,False
2_39_82_384_2018-12-01 00:44:24.541611,31,51.17611502681615,0.0,0.0,0.0,False
2_39_82_384_2019-02-17 03:34:28.376125,47,146.6253793997669,0.0,0.0,0.0,False
2_39_82_384_2019-05-18 00:19:17.052324,31,53.92834166666667,0.0,0.0,0.0,False
2_39_82_384_2019-05-18 19:45:58.976512,31,54.076929166666666,0.0,0.0,0.0,False
2_39_82_385_2019-05-02 19:37:17.661750,31,46.478404166666664,0.0,0.0,0.0,False
2_39_82_385_2019-05-18 20:18:51.039060,30,53.86333749999999,0.0,0.0,0.0,False
2_39_82_385_2019-05-18 20:50:50.127280,31,54.32854583333333,0.0,0.0,0.0,False
2_39_83_386_2018-11-05 00:58:55.445830,30,57.699197689075625,0.0,0.0,0.0,False
2_39_83_386_2018-11-08 19:36:50.889769,32,59.24904027777777,0.0,0.0,0.0,False
2_39_83_386_2018-11-10 18:32:41.177088,204,660.9358503519828,1.0,0.3744621486928105,14.0,True
2_39_83_386_2018-11-16 01:36:38.446458,203,646.6426744631185,2.0,0.4416253553921569,12.0,True
2_39_83_386_2018-11-16 18:59:09.200332,31,57.820118452380946,0.0,0.0,0.0,False
2_39_83_386_2018-11-20 03:17:25.294135,118,387.997894163383,0.0,0.0,0.0,False
2_39_83_386_2018-11-20 15:53:37.246788,38,45.830456174136316,1.0,0.2985687363834423,26.0,True
2_39_83_386_2018-11-21 16:04:11.689520,153,726.4471391076244,2.0,5.635147231200174,31.0,True
2_39_83_386_2018-11-22 18:09:02.573971,144,473.5678602824463,2.0,8.891874861305633,114.0,True
2_39_83_386_2018-11-24 01:07:05.274575,166,556.3187980627001,3.0,10.979992401285076,90.0,True
2_39_83_386_2018-11-24 18:56:55.286953,147,464.1012141726866,3.0,10.466433835917409,90.0,True
2_39_83_386_2018-11-26 01:12:24.195734,156,517.9948684640523,3.0,9.877202549019607,90.0,True
2_39_83_386_2018-11-26 16:26:50.659363,169,775.9191811986817,4.0,3.2405613917699947,17.0,True
2_39_83_386_2018-11-27 03:12:08.330759,125,412.45923648279825,6.0,4.0347541968774685,15.0,True
2_39_83_386_2018-12-01 18:47:31.632069,117,359.8531578237122,1.0,0.4102520234163985,16.0,True
2_39_83_386_2018-12-02 18:39:18.939879,215,695.236893616454,1.0,0.42464349264705886,16.0,True
2_39_83_386_2018-12-03 16:26:11.901317,143,607.3997727865788,2.0,1.4659066579417315,38.0,True
2_39_83_386_2018-12-04 03:19:33.207747,123,394.8151197213734,0.0,0.0,0.0,False
2_39_83_386_2018-12-05 17:18:00.284990,172,815.3043901138077,2.0,1.7268792798949415,35.0,True
2_39_83_386_2018-12-10 16:25:39.090453,39,59.79897673160173,0.0,0.0,0.0,False
2_39_83_386_2018-12-11 16:50:32.381637,154,987.2090447869467,1.0,0.783800332930958,18.0,True
2_39_83_386_2018-12-12 02:51:10.186060,119,363.94323041190836,1.0,0.36812161356209144,14.0,True
2_39_83_386_2018-12-12 16:50:41.707131,90,313.29285151588607,2.0,1.649319550653595,29.0,True
2_39_83_386_2018-12-13 15:49:35.741352,323,865.4596960876797,0.0,0.0,0.0,False
2_39_83_386_2018-12-19 17:28:37.757523,135,550.7013275181561,4.0,1.3660608873955566,25.0,True
2_39_83_386_2018-12-20 17:27:09.832202,139,490.243841340127,3.0,1.531249215295082,32.0,True
2_39_83_386_2018-12-21 17:27:51.836275,128,468.0063952120205,3.0,1.108245927068574,27.0,True
2_39_83_386_2018-12-24 00:43:20.761625,236,711.5260006843947,4.0,0.4965664718424278,8.0,True
2_39_83_386_2018-12-24 15:33:21.188389,144,437.075556989433,1.0,0.3262196500544662,13.0,True
2_39_83_386_2018-12-25 19:23:21.489741,187,593.8258241111829,1.0,0.7215478880718953,11.0,True
2_39_83_386_2019-01-05 19:25:44.927488,179,558.885206561086,2.0,0.22295277777777783,6.0,True
2_39_83_386_2019-01-12 22:14:21.237054,178,562.0285343422057,1.0,0.4414152382897604,16.0,True
2_39_83_386_2019-01-15 22:08:39.974492,32,54.71857276057276,0.0,0.0,0.0,False
2_39_83_386_2019-01-16 17:25:15.747808,297,1606.7856804524465,0.0,0.0,0.0,False
2_39_83_386_2019-01-17 16:54:33.294546,274,1281.4358697426155,0.0,0.0,0.0,False
2_39_83_386_2019-01-18 05:20:21.857646,31,49.91934027777778,0.0,0.0,0.0,False
2_39_83_386_2019-01-22 18:09:31.053737,200,1292.6023584413135,0.0,0.0,0.0,False
2_39_83_386_2019-01-23 17:16:54.943916,199,1294.270428661045,0.0,0.0,0.0,False
2_39_83_386_2019-01-24 16:21:16.726953,87,596.7679884936142,0.0,0.0,0.0,False
2_39_83_386_2019-01-26 22:59:05.227656,114,729.8293437324929,0.0,0.0,0.0,False
2_39_83_386_2019-01-28 16:35:40.980347,206,1109.9069148780259,0.0,0.0,0.0,False
2_39_83_386_2019-01-29 17:19:19.921883,168,1134.7607371785077,0.0,0.0,0.0,False
2_39_83_386_2019-01-30 17:12:22.099663,80,478.1896385059385,0.0,0.0,0.0,False
2_39_83_386_2019-01-31 17:33:46.937563,75,473.38549656862745,0.0,0.0,0.0,False
2_39_83_386_2019-02-03 18:46:09.169753,85,256.4628277526395,1.0,0.3652153472222223,16.0,True
2_39_83_386_2019-02-06 17:02:42.061034,283,1851.9681208952811,0.0,0.0,0.0,False
2_39_83_386_2019-02-07 16:35:49.925701,214,1435.4692780871906,0.0,0.0,0.0,False
2_39_83_386_2019-02-10 00:38:33.471488,183,581.8673970588235,1.0,0.4555773937908497,17.0,True
2_39_83_386_2019-02-11 16:31:56.387109,126,839.7373351589587,0.0,0.0,0.0,False
2_39_83_386_2019-02-12 17:19:17.337977,87,503.2828862420087,0.0,0.0,0.0,False
2_39_83_386_2019-02-13 17:13:46.115991,70,455.91877322236587,0.0,0.0,0.0,False
2_39_83_386_2019-02-14 16:36:11.813016,82,544.007719222689,0.0,0.0,0.0,False
2_39_83_386_2019-02-15 17:05:21.319518,86,575.7724580882352,0.0,0.0,0.0,False
2_39_83_386_2019-02-16 22:28:31.358531,183,587.393294117647,1.0,0.396884375,16.0,True
2_39_83_386_2019-02-17 18:31:51.535507,146,464.37405906862745,1.0,0.4744008333333333,18.0,True
2_39_83_386_2019-02-18 17:46:31.658281,31,53.988007352941175,0.0,0.0,0.0,False
2_39_83_386_2019-02-18 18:17:23.760883,31,53.96057361111111,0.0,0.0,0.0,False
2_39_83_386_2019-02-19 17:19:59.357883,275,1852.8780634416923,0.0,0.0,0.0,False
2_39_83_386_2019-02-20 17:41:08.505521,190,1289.431999100899,0.0,0.0,0.0,False
2_39_83_386_2019-02-21 20:05:09.730169,95,649.5002570225525,0.0,0.0,0.0,False
2_39_83_386_2019-02-22 16:20:08.934361,69,461.01281619532426,0.0,0.0,0.0,False
2_39_83_386_2019-02-23 17:39:56.439592,31,62.19169583333333,0.0,0.0,0.0,False
2_39_83_386_2019-02-23 22:58:52.558627,78,526.645575,0.0,0.0,0.0,False
2_39_83_386_2019-02-24 22:11:43.007053,211,683.0634507391301,3.0,0.7708415277777777,15.0,True
2_39_83_386_2019-02-25 16:24:16.540251,141,959.6056835945916,0.0,0.0,0.0,False
2_39_83_386_2019-02-26 16:27:41.208453,128,858.600837359944,0.0,0.0,0.0,False
2_39_83_386_2019-03-02 23:56:16.707974,31,49.23673677956031,0.0,0.0,0.0,False
2_39_83_386_2019-03-09 17:45:33.718201,31,54.67770833333333,0.0,0.0,0.0,False
2_39_83_386_2019-03-10 02:52:08.239817,110,341.43309999999997,1.0,0.4940922222222222,15.0,True
2_39_83_386_2019-03-15 17:27:26.021680,130,902.3119121265172,0.0,0.0,0.0,False
2_39_83_386_2019-03-16 02:22:10.744941,31,52.9799375,0.0,0.0,0.0,False
2_39_83_386_2019-03-16 15:56:39.370381,218,709.9344687405732,1.0,0.3609239910130719,15.0,True
2_39_83_386_2019-03-19 02:20:43.987528,161,528.318018977591,1.0,0.2647979166666667,5.0,True
2_39_83_386_2019-03-26 19:36:52.208693,101,311.5499906862745,1.0,0.47837736928104563,15.0,True
2_39_83_386_2019-03-28 16:32:22.502452,111,719.2758715686274,0.0,0.0,0.0,False
2_39_83_386_2019-03-31 00:58:02.118477,163,544.7802162464985,0.0,0.0,0.0,False
2_39_83_386_2019-04-02 01:24:22.318080,160,529.6480746848739,0.0,0.0,0.0,False
2_39_83_386_2019-04-04 20:37:17.670621,93,282.107375765003,2.0,0.7621124142156864,14.0,True
2_39_83_386_2019-04-08 20:58:46.081631,96,289.5664725490196,2.0,0.8350515972222223,15.0,True
2_39_83_386_2019-04-10 02:17:46.088013,68,195.65416666666667,2.0,0.8135579861111113,15.0,True
2_39_83_386_2019-04-13 16:04:39.987437,31,61.15194583333333,0.0,0.0,0.0,False
2_39_83_386_2019-04-14 19:22:53.161776,30,52.230716666666666,0.0,0.0,0.0,False
2_39_83_386_2019-04-16 21:06:19.684621,93,278.6049368761141,1.0,0.4376969934640523,14.0,True
2_39_83_386_2019-04-29 21:07:51.270729,109,341.52901029411765,1.0,0.4903081944444444,15.0,True
2_39_83_386_2019-05-03 16:23:04.480298,31,50.620625,0.0,0.0,0.0,False
2_39_83_386_2019-05-06 20:04:09.327067,103,324.1914716970121,1.0,0.4806954861111111,15.0,True
2_39_83_386_2019-05-08 02:18:15.297711,75,219.53572857142856,1.0,0.5262254861111112,16.0,True
2_39_83_386_2019-05-08 18:54:36.026297,99,306.7657799019608,1.0,0.48952958333333335,15.0,True
2_39_83_386_2019-05-13 20:38:07.224077,113,350.75067303921566,1.0,0.5066309109477125,15.0,True
2_39_83_386_2019-05-16 18:19:40.147213,212,355.79475842547544,1.0,0.4664555024509804,15.0,True
2_39_83_386_2019-05-25 03:20:40.071826,109,343.56082598039217,2.0,0.7623970138888889,15.0,True
2_39_83_386_2019-05-26 23:42:54.104986,87,264.68713035714285,1.0,0.484632308006536,15.0,True
2_39_83_386_2019-06-14 04:14:45.060510,31,45.669425,0.0,0.0,0.0,False
2_39_83_386_2019-06-21 20:17:44.720593,31,50.644495588235294,0.0,0.0,0.0,False
2_39_83_386_2019-07-03 16:47:04.937824,34,57.61518228560655,0.0,0.0,0.0,False
2_39_83_386_2019-08-24 23:22:03.087227,31,49.784837499999995,0.0,0.0,0.0,False
2_39_83_387_2018-11-01 02:15:17.161559,79,156.5975007034632,0.0,0.0,0.0,False
2_39_83_387_2018-11-05 20:57:59.943373,32,53.774541666666664,0.0,0.0,0.0,False
2_39_83_387_2018-11-06 21:25:10.762537,33,54.96029684065934,0.0,0.0,0.0,False
2_39_83_387_2018-11-07 21:12:37.001764,97,299.63477969187676,2.0,0.7480061210317461,14.0,True
2_39_83_387_2018-11-19 20:27:20.018534,91,283.42602196969693,2.0,4.260225612745098,56.0,True
2_39_83_387_2018-11-22 18:30:34.958846,228,730.52287945845,3.0,16.397356011126675,102.0,True
2_39_83_387_2018-12-08 02:46:06.303700,127,426.55490748132587,0.0,0.0,0.0,False
2_39_83_387_2018-12-13 17:15:37.037623,173,547.8190701305693,2.0,0.5374481304847114,15.0,True
2_39_83_387_2018-12-16 21:46:35.078022,217,668.9360130454512,1.0,0.20930851851851853,7.0,True
2_39_83_387_2018-12-22 17:28:52.981615,33,56.35608823160843,0.0,0.0,0.0,False
2_39_83_387_2018-12-23 00:39:20.130663,179,575.6142953940538,1.0,0.3101811403508772,12.0,True
2_39_83_387_2018-12-28 16:12:10.566456,207,648.1621811573231,1.0,0.29929734068627456,13.0,True
2_39_83_387_2019-01-14 00:20:20.674352,246,720.7283681181048,2.0,0.4555106216033422,15.0,True
2_39_83_387_2019-01-29 00:03:18.550077,22,41.43188503101645,1.0,0.06988688396377443,7.0,True
2_39_83_387_2019-02-14 17:37:58.789454,31,48.946575490196075,0.0,0.0,0.0,False
2_39_83_387_2019-02-21 21:48:18.482278,110,349.2941517857143,1.0,0.5004206250000001,15.0,True
2_39_83_387_2019-02-24 17:43:59.774357,114,361.66947177871145,1.0,0.4906133823529411,15.0,True
2_39_88_24_2018-11-01 02:14:36.265144,44,211.28812426470589,0.0,0.0,0.0,False
2_39_88_24_2018-11-01 16:50:10.003443,210,715.2968723637473,0.0,0.0,0.0,False
2_39_88_24_2018-11-02 16:44:58.472235,56,109.18056385878913,0.0,0.0,0.0,False
2_39_88_24_2018-11-05 16:03:51.357923,263,1491.3868018704334,0.0,0.0,0.0,False
2_39_88_24_2018-11-05 22:29:03.691132,31,56.77147622549019,0.0,0.0,0.0,False
2_39_88_24_2018-11-05 23:45:18.739009,32,56.44479166666666,0.0,0.0,0.0,False
2_39_88_24_2018-11-06 00:54:16.357341,32,55.93652156862745,0.0,0.0,0.0,False
2_39_88_24_2018-11-06 02:22:48.486828,31,54.23505430672269,0.0,0.0,0.0,False
2_39_88_24_2018-11-06 16:14:25.731380,82,551.6889351884613,0.0,0.0,0.0,False
2_39_88_24_2018-11-06 17:39:17.913465,31,52.72154779411765,0.0,0.0,0.0,False
2_39_88_24_2018-11-06 19:22:20.328502,67,138.2414457070707,2.0,0.5750156249999999,7.0,True
2_39_88_24_2018-11-07 16:28:40.697473,264,1840.3672984565958,0.0,0.0,0.0,False
2_39_88_24_2018-11-08 16:30:11.660487,128,845.7199911181139,1.0,0.5860362499999999,7.0,True
2_39_88_24_2018-11-08 22:55:03.856452,31,54.781192156862744,0.0,0.0,0.0,False
2_39_88_24_2018-11-09 01:10:33.697734,266,1824.444847644233,0.0,0.0,0.0,False
2_39_88_24_2018-11-09 16:18:06.456650,175,1199.4409064278343,0.0,0.0,0.0,False
2_39_88_24_2018-11-10 19:13:20.796819,123,384.4197489729225,2.0,0.7627671486928105,17.0,True
2_39_88_24_2018-11-12 18:27:46.426862,111,677.50752780646,1.0,0.18401701388888891,6.0,True
2_39_88_24_2018-11-13 17:05:50.241243,63,114.19110469187675,1.0,0.21057888888888887,10.0,True
2_39_88_24_2018-11-14 19:13:23.289767,121,395.23450979706996,1.0,0.35297379629629627,8.0,True
2_39_88_24_2018-11-15 16:06:20.077681,129,841.3076055322128,1.0,0.6448672222222223,7.0,True
2_39_88_24_2018-11-16 19:03:59.615031,31,58.1210209653092,0.0,0.0,0.0,False
2_39_88_24_2018-11-18 19:21:15.467611,52,177.16025018584355,0.0,0.0,0.0,False
2_39_88_24_2018-11-19 01:07:38.670549,25,42.113200735294114,0.0,0.0,0.0,False
2_39_88_24_2018-11-19 17:11:00.896151,49,92.48211999176863,1.0,0.3378729572296754,11.0,True
2_39_88_24_2018-11-20 02:36:11.100130,207,1336.4099437127416,0.0,0.0,0.0,False
2_39_88_24_2018-11-20 19:19:01.100161,287,711.0361911646531,0.0,0.0,0.0,False
2_39_88_24_2018-11-26 15:15:20.057732,257,1045.1396681202784,2.0,0.8831789903846153,17.0,True
2_39_88_24_2018-11-26 19:36:27.992117,142,524.8797241129785,1.0,0.5821932142857144,9.0,True
2_39_88_24_2018-11-26 23:22:27.872166,27,53.64385239539872,0.0,0.0,0.0,False
2_39_88_24_2018-11-27 16:52:40.131740,168,842.2225480219126,0.0,0.0,0.0,False
2_39_88_24_2018-11-28 15:05:59.975258,200,1106.9806040691378,1.0,0.2927119444444444,10.0,True
2_39_88_24_2018-11-29 15:27:04.726573,208,1110.6320260936775,1.0,1.0174198638344225,27.0,True
2_39_88_24_2018-11-29 20:14:29.125363,121,768.6485290382819,1.0,0.8046012336601308,13.0,True
2_39_88_24_2018-11-30 15:09:32.282225,205,1120.4216318250376,2.0,1.348347084500467,31.0,True
2_39_88_24_2018-11-30 20:59:08.739287,47,121.95066387866518,2.0,1.0280449584662414,20.0,True
2_39_88_24_2018-12-01 01:40:34.566444,126,732.2485263888889,0.0,0.0,0.0,False
2_39_88_24_2018-12-01 21:13:59.145388,109,764.8649624766573,0.0,0.0,0.0,False
2_39_88_24_2018-12-03 15:13:28.266139,208,1122.1680932189543,1.0,1.154126041666667,36.0,True
2_39_88_24_2018-12-03 23:09:02.789762,119,370.788060340803,1.0,0.5154542757936508,15.0,True
2_39_88_24_2018-12-04 04:12:01.244759,350,2377.089307563025,0.0,0.0,0.0,False
2_39_88_24_2018-12-04 19:38:28.608823,226,748.5399981202535,1.0,0.19739189542483662,6.0,True
2_39_88_24_2018-12-05 15:06:41.914983,198,1087.1251762497307,2.0,1.2134081331699347,29.0,True
2_39_88_24_2018-12-05 20:23:47.590320,63,286.00609054621845,0.0,0.0,0.0,False
2_39_88_24_2018-12-06 20:05:00.274769,32,48.21585996919747,0.0,0.0,0.0,False
2_39_88_24_2018-12-06 20:52:41.282176,68,137.5642885566575,2.0,0.5500786616868969,8.0,True
2_39_88_24_2018-12-07 15:04:15.667708,219,1184.3333236156,1.0,1.2266250396825396,42.0,True
2_39_88_24_2018-12-08 00:51:41.367229,26,40.90087647058824,0.0,0.0,0.0,False
2_39_88_24_2018-12-10 16:39:09.006632,127,823.2520583809164,1.0,0.5805622303921569,8.0,True
2_39_88_24_2018-12-11 20:58:54.318281,49,137.82734000687995,2.0,1.1764113165778007,27.0,True
2_39_88_24_2018-12-12 16:40:42.982610,130,823.5658745957645,1.0,0.6024984722222223,7.0,True
2_39_88_24_2018-12-13 23:32:41.110164,138,749.3256123185895,0.0,0.0,0.0,False
2_39_88_24_2018-12-17 16:16:38.519454,185,795.856657561801,0.0,0.0,0.0,False
2_39_88_24_2019-01-08 18:22:54.132051,159,707.3521562086177,3.0,0.7417621477000096,14.0,True
2_39_88_24_2019-01-11 18:14:23.017474,122,344.42781797617585,1.0,0.11487862699026981,7.0,True
2_39_88_24_2019-01-11 23:13:16.207885,31,146.28714220676125,0.0,0.0,0.0,False
2_39_88_24_2019-01-14 20:29:56.396382,59,169.14744718452772,3.0,1.1619105003624255,23.0,True
2_39_88_24_2019-01-15 18:08:33.802226,141,397.64575404943355,1.0,0.24073189133986928,9.0,True
2_39_88_24_2019-01-16 17:34:48.148540,51,66.67783889318885,0.0,0.0,0.0,False
2_39_88_24_2019-01-17 21:06:20.874490,214,1200.339874598763,1.0,1.0309277982026144,27.0,True
2_39_88_24_2019-01-18 22:06:22.235703,23,41.42335850800816,0.0,0.0,0.0,False
2_39_88_24_2019-01-22 19:15:43.366008,217,748.0652005193035,1.0,0.441961550087984,14.0,True
2_39_88_24_2019-01-23 18:41:21.671013,224,1170.2360479630447,2.0,1.3748335609243694,46.0,True
2_39_88_24_2019-01-24 18:21:23.518300,31,55.25955187908497,0.0,0.0,0.0,False
2_39_88_24_2019-01-24 22:42:41.086592,128,874.2904014355742,0.0,0.0,0.0,False
2_39_88_24_2019-01-25 18:34:39.257089,32,56.831224999999996,0.0,0.0,0.0,False
2_39_88_24_2019-01-28 21:43:16.028300,31,90.92907916666667,1.0,0.2136548611111111,7.0,True
2_39_88_24_2019-01-29 17:49:27.202756,98,332.41163618962736,1.0,0.3068538888888889,8.0,True
2_39_88_24_2019-01-30 17:48:32.932088,32,48.26431211621625,0.0,0.0,0.0,False
2_39_88_24_2019-02-01 18:33:22.677967,46,117.47872532679737,1.0,0.7280035947712418,25.0,True
2_39_88_24_2019-02-04 20:50:13.788212,33,59.140865441176466,0.0,0.0,0.0,False
2_39_88_24_2019-02-05 17:28:43.791685,135,413.63963611241695,5.0,2.4126546681831242,41.0,True
2_39_88_24_2019-02-06 01:15:41.749545,108,736.8164666666667,0.0,0.0,0.0,False
2_39_88_24_2019-02-06 19:33:30.246780,68,138.03805182072827,2.0,0.6304394607843137,9.0,True
2_39_88_24_2019-02-07 20:04:29.864388,53,137.79656299019607,1.0,0.5653250612745099,18.0,True
2_39_88_24_2019-02-09 00:59:23.218956,35,208.14135658263305,0.0,0.0,0.0,False
2_39_88_24_2019-02-11 23:24:05.377744,51,326.0166357572982,0.0,0.0,0.0,False
2_39_88_24_2019-02-12 00:19:37.774723,31,49.196375490196075,0.0,0.0,0.0,False
2_39_88_24_2019-02-12 01:55:03.288055,42,136.71979557746175,0.0,0.0,0.0,False
2_39_88_24_2019-02-12 22:59:06.108403,90,292.7784909313725,0.0,0.0,0.0,False
2_39_88_24_2019-02-13 18:42:48.970481,31,55.25888700980392,0.0,0.0,0.0,False
2_39_88_24_2019-02-14 16:04:11.644684,73,228.63410142390288,1.0,0.39379652777777785,8.0,True
2_39_88_24_2019-02-16 02:07:54.261628,222,1417.2351855392155,0.0,0.0,0.0,False
2_39_88_24_2019-02-19 21:45:26.241355,50,283.0019464070243,0.0,0.0,0.0,False
2_39_88_24_2019-02-20 17:00:26.510765,196,640.3164317603964,1.0,0.4899619894239748,19.0,True
2_39_88_24_2019-02-21 03:00:09.115569,78,511.5301226540616,0.0,0.0,0.0,False
2_39_88_24_2019-02-21 16:00:40.245182,88,266.2446625,1.0,0.4986980555555556,15.0,True
2_39_88_24_2019-02-25 21:38:37.638286,33,92.06376393557423,2.0,0.7733086729691876,8.0,True
2_39_88_24_2019-02-26 18:02:32.629953,47,86.64354536052612,2.0,0.6251594694173215,10.0,True
2_39_88_24_2019-02-27 18:58:17.491647,61,396.958872043561,0.0,0.0,0.0,False
2_39_88_24_2019-02-27 21:52:08.639407,31,39.78460953507277,1.0,0.242665,14.0,True
2_39_88_24_2019-03-01 17:46:49.364018,271,1603.0451914915966,1.0,0.8358242361111112,20.0,True
2_39_88_24_2019-03-04 17:55:06.657883,129,398.49102248707175,1.0,0.3960664781746033,15.0,True
2_39_88_24_2019-03-07 09:28:33.530083,31,55.826134558823526,0.0,0.0,0.0,False
2_39_88_24_2019-03-12 18:58:17.297884,23,150.10916659982175,0.0,0.0,0.0,False
2_39_88_24_2019-03-12 19:21:17.023628,25,129.39288452380953,1.0,0.7137403273809523,8.0,True
2_39_88_24_2019-03-13 17:17:28.374249,111,306.6738661764706,1.0,0.5411577777777778,17.0,True
2_39_88_24_2019-03-14 20:35:36.930244,175,1119.6900816072257,1.0,0.6662300992063492,16.0,True
2_39_88_24_2019-03-19 18:57:32.143535,31,47.502649999999996,0.0,0.0,0.0,False
2_39_88_24_2019-03-20 19:29:03.643675,46,115.9678387605042,1.0,0.9709534424603172,27.0,True
2_39_88_24_2019-03-21 20:51:05.547017,24,67.10364075630253,1.0,0.23205404411764707,7.0,True
2_39_88_24_2019-03-22 20:37:18.990997,43,109.70366336996337,2.0,0.6743324236874237,12.0,True
2_39_88_24_2019-03-25 13:36:40.336254,204,1093.7105086337167,1.0,1.3259097099673203,41.0,True
2_39_88_24_2019-03-27 18:22:29.815601,79,255.94799638188607,0.0,0.0,0.0,False
2_39_88_24_2019-03-27 22:00:36.862803,98,616.1405556372549,1.0,0.7072377083333332,14.0,True
2_39_88_24_2019-03-28 13:39:52.911892,198,1096.8407159313724,3.0,1.2108199305555556,25.0,True
2_39_88_24_2019-03-29 13:41:31.037770,197,1075.849544572829,2.0,1.3215913602941174,33.0,True
2_39_88_24_2019-03-29 19:30:59.668510,39,95.19156666666666,2.0,1.0906777083333334,22.0,True
2_39_88_24_2019-04-01 13:45:15.046490,205,1158.2339859848485,2.0,1.0784461805555556,21.0,True
2_39_88_24_2019-04-02 13:22:15.616721,191,1042.5327522992188,2.0,1.033343227124183,25.0,True
2_39_88_24_2019-04-02 23:17:22.382341,32,55.070750980392155,0.0,0.0,0.0,False
2_39_88_24_2019-04-04 21:15:31.823178,23,72.33781135531136,0.0,0.0,0.0,False
2_39_88_24_2019-04-06 18:00:59.214728,31,55.03788333333333,0.0,0.0,0.0,False
2_39_88_24_2019-04-08 13:29:04.170282,5,3.631917316017316,0.0,0.0,0.0,False
2_39_88_24_2019-04-08 23:13:16.914782,58,175.85571249999998,1.0,0.3687466666666667,12.0,True
2_39_88_24_2019-04-09 13:33:28.092180,189,1065.2274573637146,3.0,1.2114607312091499,22.0,True
2_39_88_24_2019-04-09 19:34:53.967873,287,1967.0025117010439,0.0,0.0,0.0,False
2_39_88_24_2019-04-10 13:26:50.428326,205,1156.8097515455304,2.0,0.8703717466153129,23.0,True
2_39_88_24_2019-04-10 23:09:39.969129,77,236.85247843137253,1.0,0.38026506944444444,14.0,True
2_39_88_24_2019-04-11 19:56:26.401839,214,1212.2275498366012,1.0,1.1264975694444446,27.0,True
2_39_88_24_2019-04-12 01:14:03.589561,41,130.9686869047619,2.0,1.0028822222222225,14.0,True
2_39_88_24_2019-04-12 13:33:16.147163,191,1076.81835,2.0,1.02881375,22.0,True
2_39_88_24_2019-04-12 22:02:36.341292,63,220.2233505952381,0.0,0.0,0.0,False
2_39_88_24_2019-04-12 23:57:36.342419,46,121.74601130952381,1.0,0.4110377777777778,14.0,True
2_39_88_24_2019-04-13 04:46:12.001957,499,3440.2900992647055,0.0,0.0,0.0,False
2_39_88_24_2019-04-13 13:04:22.210526,31,53.18417083333333,0.0,0.0,0.0,False
2_39_88_24_2019-04-15 19:49:51.784134,44,126.38829877450979,3.0,0.9490840277777778,12.0,True
2_39_88_24_2019-04-16 13:31:13.574288,199,1096.051969153722,2.0,0.9890572375894802,24.0,True
2_39_88_24_2019-04-16 23:37:50.063279,56,160.65183088235293,1.0,0.3862498488562091,15.0,True
2_39_88_24_2019-04-17 13:42:19.437693,238,1134.27321285014,2.0,0.2206155555555555,8.0,True
2_39_88_24_2019-04-17 20:09:41.637355,60,190.77943343837535,1.0,1.0270434722222221,27.0,True
2_39_88_24_2019-04-17 23:33:14.019053,86,300.3974270053476,0.0,0.0,0.0,False
2_39_88_24_2019-04-18 13:34:42.195295,200,1145.4046715686275,2.0,0.8551806249999998,14.0,True
2_39_88_24_2019-04-18 19:51:57.772604,41,117.06124852941176,2.0,0.9391705800653596,16.0,True
2_39_88_24_2019-04-19 13:26:13.771304,197,1098.0990727421272,1.0,1.139219959150327,31.0,True
2_39_88_24_2019-04-19 19:37:42.392331,43,129.71155343137255,2.0,0.9387282761437908,17.0,True
2_39_88_24_2019-04-22 13:34:25.857524,204,1099.2350738095238,2.0,0.49164590277777775,8.0,True
2_39_88_24_2019-04-23 17:38:41.311601,62,125.49251470588234,2.0,0.7151415972222221,8.0,True
2_39_88_24_2019-04-24 13:35:52.676764,196,1111.5578272058824,1.0,0.9004356944444445,24.0,True
2_39_88_24_2019-04-24 19:33:45.666332,45,122.67122450980392,1.0,0.9641377083333332,25.0,True
2_39_88_24_2019-04-25 13:29:33.901275,200,1127.8814901960784,1.0,0.9441450694444445,21.0,True
2_39_88_24_2019-04-25 19:37:06.119285,40,119.08173154761904,2.0,0.9350684027777778,15.0,True
2_39_88_24_2019-04-26 13:46:10.977552,207,1180.2803906862744,1.0,0.9624429861111111,21.0,True
2_39_88_24_2019-04-26 20:10:43.692928,61,121.8109125,2.0,0.6145859027777778,8.0,True
2_39_88_24_2019-04-29 13:34:48.952691,192,1072.2630647408962,1.0,0.9365945833333333,24.0,True
2_39_88_24_2019-04-29 19:39:23.963578,50,149.9585847222222,1.0,1.050849236111111,26.0,True
2_39_88_24_2019-04-30 13:39:48.164527,207,1147.8690911764704,1.0,0.38553812499999995,15.0,True
2_39_88_24_2019-05-01 13:33:13.958599,203,1065.9544766934046,2.0,0.5306516094771242,17.0,True
2_39_88_24_2019-05-01 19:23:06.104633,35,71.26344558823529,2.0,0.7440127655228758,16.0,True
2_39_88_24_2019-05-02 13:38:09.368662,202,1131.278584324499,1.0,0.9554190277777778,25.0,True
2_39_88_24_2019-05-02 19:46:29.029019,49,157.5324069677871,2.0,0.9741236111111111,16.0,True
2_39_88_24_2019-05-02 23:35:53.793154,109,365.8152049019608,0.0,0.0,0.0,False
2_39_88_24_2019-05-03 13:30:28.387450,201,1135.266741503268,2.0,1.049257916666667,23.0,True
2_39_88_24_2019-05-03 19:26:34.826857,37,91.24825343137255,2.0,1.0192156740196079,19.0,True
2_39_88_24_2019-05-06 13:38:12.798997,204,1128.868256060606,1.0,1.0330435416666668,31.0,True
2_39_88_24_2019-05-06 18:58:31.663491,39,104.23354345238094,2.0,0.9282869444444446,17.0,True
2_39_88_24_2019-05-07 13:31:46.536621,187,1148.7126784313725,0.0,0.0,0.0,False
2_39_88_24_2019-05-07 19:37:08.663491,65,132.95928196778712,1.0,0.26406680555555556,8.0,True
2_39_88_24_2019-05-08 13:29:16.769231,208,1154.3062696969696,1.0,1.2348606944444442,32.0,True
2_39_88_24_2019-05-08 19:20:47.448092,80,244.25532532679736,2.0,0.7989247916666666,15.0,True
2_39_88_24_2019-05-09 13:30:55.133277,201,1139.3205131787329,1.0,0.9408881944444445,22.0,True
2_39_88_24_2019-05-09 20:09:39.312348,38,82.1786,2.0,1.0662790972222222,20.0,True
2_39_88_24_2019-05-10 13:28:56.874603,197,1102.5958875,2.0,1.0447886805555557,22.0,True
2_39_88_24_2019-05-13 13:32:48.775268,229,1132.983819117647,2.0,0.4311975,13.0,True
2_39_88_24_2019-05-13 19:21:19.994972,176,878.7492374999999,2.0,1.3009854861111112,41.0,True
2_39_88_24_2019-05-14 13:35:22.494525,197,1144.9366481092436,1.0,0.8128278839869281,27.0,True
2_39_88_24_2019-05-14 19:12:22.258754,38,105.7224419117647,2.0,1.012109628267974,17.0,True
2_39_88_24_2019-05-14 23:37:22.960447,98,308.9647288398693,1.0,0.39125451388888893,14.0,True
2_39_88_24_2019-05-15 13:35:34.159115,200,1129.5288537815125,2.0,1.0384484722222223,22.0,True
2_39_88_24_2019-05-15 18:48:19.973963,37,98.10525416666667,2.0,0.9064027777777778,17.0,True
2_39_88_24_2019-05-16 13:36:05.783789,204,1137.5804339743588,2.0,1.0622559722222222,25.0,True
2_39_88_24_2019-05-16 19:24:11.615903,45,122.69647418300653,2.0,1.0496907761437908,24.0,True
2_39_88_24_2019-05-17 13:31:10.087649,201,1132.7577239495797,1.0,0.8704527777777779,25.0,True
2_39_88_24_2019-05-17 19:33:40.703611,42,125.3217891025641,2.0,1.007358263888889,16.0,True
2_39_88_24_2019-05-20 13:31:33.862922,213,1147.8047365196078,0.0,0.0,0.0,False
2_39_88_24_2019-05-20 19:30:17.450106,61,217.54903825757575,2.0,1.048686111111111,24.0,True
2_39_88_24_2019-05-21 13:31:33.495853,190,1055.0818717221503,1.0,0.9751208333333333,26.0,True
2_39_88_24_2019-05-21 19:08:56.573137,41,100.48867024886877,2.0,1.0310197809829063,22.0,True
2_39_88_24_2019-05-21 23:18:35.435187,93,286.3894226190476,2.0,0.6619178472222222,15.0,True
2_39_88_24_2019-05-22 13:33:07.682861,206,1157.1190541666665,1.0,0.9827275694444446,25.0,True
2_39_88_24_2019-05-22 19:20:18.083496,80,246.79644485294116,1.0,0.2912761111111111,5.0,True
2_39_88_24_2019-05-22 20:44:22.407170,31,88.67220490196078,1.0,0.24521930555555554,7.0,True
2_39_88_24_2019-05-23 19:12:48.812664,277,977.6649656862745,2.0,0.6101636805555556,11.0,True
2_39_88_24_2019-05-28 16:56:18.791002,138,445.8598083333333,0.0,0.0,0.0,False
2_39_88_24_2019-05-28 20:28:58.880094,70,221.020275,1.0,0.2200059027777778,6.0,True
2_39_88_24_2019-05-29 17:31:34.922437,115,353.38800416666663,2.0,0.6447602083333333,16.0,True
2_39_88_24_2019-05-30 16:55:23.355530,63,116.09750416666667,1.0,0.21492062499999998,12.0,True
2_39_88_24_2019-05-31 17:19:13.624612,47,122.5305487745098,1.0,0.4695462704248366,15.0,True
2_39_88_24_2019-06-01 17:45:33.775581,44,151.58081506410255,0.0,0.0,0.0,False
2_39_88_24_2019-06-03 18:07:22.206860,106,330.6916300420168,1.0,0.4723967156862745,15.0,True
2_39_88_24_2019-06-04 16:22:40.159395,32,54.70563333333333,0.0,0.0,0.0,False
2_39_88_24_2019-06-04 19:58:01.639358,66,412.2111701330532,0.0,0.0,0.0,False
2_39_88_24_2019-06-05 16:47:10.014846,264,1805.3089951797385,0.0,0.0,0.0,False
2_39_88_24_2019-06-06 17:55:59.707926,30,49.514424999999996,0.0,0.0,0.0,False
2_39_88_24_2019-06-06 21:09:55.546081,61,200.37894404761903,0.0,0.0,0.0,False
2_39_88_24_2019-06-07 18:14:54.874247,94,327.32561764705883,0.0,0.0,0.0,False
2_39_88_24_2019-06-07 19:54:12.886353,43,113.18788297682708,2.0,0.8072868709150327,15.0,True
2_39_88_24_2019-06-10 23:32:39.476294,76,250.0363113095238,0.0,0.0,0.0,False
2_39_88_24_2019-06-11 17:39:34.228499,74,457.9050636904762,1.0,0.7700552777777777,13.0,True
2_39_88_24_2019-06-11 20:18:38.568893,31,57.79354583333333,0.0,0.0,0.0,False
2_39_88_24_2019-06-12 17:14:51.744035,539,3614.0546875,0.0,0.0,0.0,False
2_39_88_24_2019-06-13 20:55:05.879174,132,782.6380619990304,1.0,0.5970289186507935,7.0,True
2_39_88_24_2019-06-14 17:09:53.258387,44,116.34756756535947,1.0,0.4965892442810457,15.0,True
2_39_88_24_2019-06-18 18:46:49.442600,31,48.6736375,0.0,0.0,0.0,False
2_39_88_24_2019-06-18 20:24:21.431335,31,57.961104166666665,0.0,0.0,0.0,False
2_39_88_24_2019-06-19 17:08:26.253501,91,294.85948872549017,0.0,0.0,0.0,False
2_39_88_24_2019-06-19 20:03:44.042811,72,147.23698721988794,1.0,0.2599432638888889,8.0,True
2_39_88_24_2019-06-20 19:30:29.953859,73,147.77664485294116,2.0,0.6235401388888888,9.0,True
2_39_88_24_2019-06-21 19:56:50.217877,30,51.93941740196078,0.0,0.0,0.0,False
2_39_88_24_2019-06-24 23:34:53.141934,82,251.22172083333334,2.0,1.7433263194444442,39.0,True
2_39_88_24_2019-06-25 17:36:01.027415,148,768.1892982843137,1.0,1.0381934150326797,27.0,True
2_39_88_24_2019-06-26 21:04:20.943911,32,91.07405,1.0,0.1872995833333333,5.0,True
2_39_88_24_2019-06-27 16:56:44.804374,174,587.7301949632883,5.0,1.844453345588235,23.0,True
2_39_88_24_2019-07-02 20:15:44.477645,66,133.81637963531566,2.0,0.6946277445144724,8.0,True
2_39_88_24_2019-07-03 23:03:53.433730,28,58.52822321428572,1.0,0.49840030753968256,12.0,True
2_39_88_24_2019-07-08 23:33:29.983347,84,287.30671140917906,1.0,0.2447179166666667,5.0,True
2_39_88_24_2019-07-09 20:01:09.507740,61,122.09627863247863,2.0,0.5963178935185185,8.0,True
2_39_88_24_2019-07-10 17:50:31.499144,51,137.87298333333334,2.0,0.8153951388888889,15.0,True
2_39_88_24_2019-07-12 19:40:24.260272,40,124.0332149509804,2.0,1.057109334150327,14.0,True
2_39_88_24_2019-07-15 18:10:49.194425,78,169.53044460784312,2.0,1.0365721650326796,30.0,True
2_39_88_24_2019-07-16 16:54:50.403944,41,106.05103700980392,1.0,0.5139200694444445,15.0,True
2_39_88_24_2019-07-17 17:56:02.708820,41,106.80133357843137,2.0,0.7264422875816994,14.0,True
2_39_88_24_2019-07-18 18:50:08.978156,240,814.7468742647059,6.0,2.082028611111111,22.0,True
2_39_88_24_2019-07-19 21:14:43.353157,61,196.7670163547237,0.0,0.0,0.0,False
2_39_88_24_2019-07-23 21:23:11.882141,25,42.4431625,0.0,0.0,0.0,False
2_39_88_24_2019-07-24 16:19:10.467678,42,104.62375550527904,1.0,0.45549861111111123,14.0,True
2_39_88_24_2019-07-25 22:23:37.712179,116,712.2522796568627,1.0,0.5471309027777778,6.0,True
2_39_88_24_2019-07-29 03:47:41.391723,299,2036.077599754902,0.0,0.0,0.0,False
2_39_88_24_2019-07-29 21:19:59.615072,31,53.762116666666664,0.0,0.0,0.0,False
2_39_88_24_2019-07-30 20:29:52.949096,35,79.43355931372548,2.0,0.5578447794117647,13.0,True
2_39_88_24_2019-07-31 20:07:09.495109,42,105.59801429110105,2.0,0.5599435866013072,14.0,True
2_39_88_24_2019-08-01 22:21:16.486857,464,2839.389499754902,4.0,1.9774747222222222,29.0,True
2_39_88_24_2019-08-06 22:00:35.863926,32,55.54292769607843,0.0,0.0,0.0,False
2_39_88_24_2019-08-07 17:09:38.382467,325,2040.32299096908,0.0,0.0,0.0,False
2_39_88_24_2019-08-09 17:10:26.946096,128,565.6153193034907,2.0,1.4521052281746027,41.0,True
2_39_88_24_2019-08-10 19:54:18.030415,41,102.23315906862744,2.0,0.7407650694444445,15.0,True
2_39_88_24_2019-08-11 21:32:13.544433,255,1683.7154605614971,0.0,0.0,0.0,False
2_39_88_24_2019-08-12 22:35:28.536885,69,442.47434166666665,0.0,0.0,0.0,False
2_39_88_24_2019-08-14 16:50:04.489913,211,1158.589295343137,0.0,0.0,0.0,False
2_39_88_24_2019-08-15 20:05:32.214240,64,118.95474583333333,2.0,0.5059164583333333,7.0,True
2_39_88_24_2019-08-16 16:36:21.405541,59,164.41671960784313,2.0,0.7317671609477124,14.0,True
2_39_88_24_2019-08-19 16:30:06.899209,115,464.21585608974357,3.0,1.626180229700855,39.0,True
2_39_88_24_2019-08-20 16:46:51.767993,110,238.99806666666666,2.0,0.9142759027777778,26.0,True
2_39_88_24_2019-08-21 17:07:52.886157,80,199.2154107142857,1.0,0.5922079166666667,16.0,True
2_39_88_24_2019-08-22 20:27:25.058758,122,403.0755987745098,1.0,0.33425277777777784,7.0,True
2_39_88_24_2019-08-23 18:38:27.261477,217,1435.4694596405227,0.0,0.0,0.0,False
2_39_88_438_2018-11-01 15:58:22.716570,38,56.68133031045751,0.0,0.0,0.0,False
2_39_88_438_2018-11-02 20:43:33.118503,121,220.1559153516418,0.0,0.0,0.0,False
2_39_88_438_2018-11-05 17:08:19.315170,209,341.83366191806556,1.0,0.22421708333333334,13.0,True
2_39_88_438_2018-11-06 17:45:25.772046,93,275.58643856374533,1.0,0.47804194444444453,14.0,True
2_39_88_438_2018-11-07 16:43:57.117697,31,51.22252867647059,0.0,0.0,0.0,False
2_39_88_438_2018-11-08 16:38:45.849541,31,51.362790309106096,0.0,0.0,0.0,False
2_39_88_438_2018-11-08 22:04:55.158057,200,599.2445562625927,2.0,0.41266488834422665,10.0,True
2_39_88_438_2018-11-09 16:47:57.311411,31,51.215916537667695,0.0,0.0,0.0,False
2_39_88_438_2018-11-09 21:39:37.783799,111,665.8549339052287,0.0,0.0,0.0,False
2_39_88_438_2018-11-13 17:06:37.077334,93,250.63875266824678,1.0,0.5043484876792598,14.0,True
2_39_88_438_2018-11-14 19:09:48.721747,117,391.90285465317703,1.0,0.32640729575163396,11.0,True
2_39_88_438_2018-11-15 18:28:09.384792,71,444.25149180355675,0.0,0.0,0.0,False
2_39_88_438_2018-11-16 16:53:11.124575,32,52.22877073188249,0.0,0.0,0.0,False
2_39_88_438_2018-11-19 21:27:22.667132,82,532.2570303921568,0.0,0.0,0.0,False
2_39_88_438_2018-11-20 16:41:12.842933,34,53.56511506769374,0.0,0.0,0.0,False
2_39_88_438_2018-11-26 17:44:49.946078,211,494.4352014921353,4.0,1.7978831985294117,29.0,True
2_39_88_438_2018-11-27 16:59:03.677989,245,1155.1908121644276,1.0,0.5948223511904762,7.0,True
2_39_88_438_2018-11-28 16:50:57.986088,32,51.29826960784314,0.0,0.0,0.0,False
2_39_88_438_2018-11-28 20:51:52.397556,124,405.4277100319615,1.0,0.27882979166666666,8.0,True
2_39_88_438_2018-11-29 16:52:20.592642,31,51.43121274509804,0.0,0.0,0.0,False
2_39_88_438_2018-11-29 19:19:39.599087,34,54.43370738894748,0.0,0.0,0.0,False
2_39_88_438_2018-11-30 16:45:10.736537,31,51.5906294117647,0.0,0.0,0.0,False
2_39_88_438_2018-12-03 16:45:02.083826,31,51.19606421568627,0.0,0.0,0.0,False
2_39_88_438_2018-12-04 18:10:32.265866,110,633.5330372664916,0.0,0.0,0.0,False
2_39_88_438_2018-12-05 23:20:16.376050,105,722.9723516456583,0.0,0.0,0.0,False
2_39_88_438_2018-12-06 16:39:53.705727,56,69.75371906639113,0.0,0.0,0.0,False
2_39_88_438_2018-12-07 16:24:35.337681,32,52.24864411764706,0.0,0.0,0.0,False
2_39_88_438_2018-12-07 22:26:32.657211,214,1426.3589497739447,0.0,0.0,0.0,False
2_39_88_438_2018-12-10 16:54:31.140907,31,49.44154901960784,0.0,0.0,0.0,False
2_39_88_438_2018-12-11 16:44:51.474618,32,52.2936419117647,0.0,0.0,0.0,False
2_39_88_438_2018-12-11 21:48:40.973489,212,1387.9728656580176,0.0,0.0,0.0,False
2_39_88_438_2018-12-12 16:30:32.009140,481,2336.0376979589205,0.0,0.0,0.0,False
2_39_88_438_2018-12-13 16:40:56.985721,35,56.79353428271934,0.0,0.0,0.0,False
2_39_88_438_2018-12-19 16:45:46.805502,42,60.38452407243599,0.0,0.0,0.0,False
2_39_88_438_2018-12-20 16:47:56.080483,34,54.41496311919822,0.0,0.0,0.0,False
2_39_88_438_2019-01-02 20:01:24.000119,105,307.0456710814469,1.0,0.36840291877104375,11.0,True
2_39_88_438_2019-01-03 16:42:27.147686,38,57.82947537013639,0.0,0.0,0.0,False
2_39_88_438_2019-01-04 16:37:03.676575,31,50.88156856540862,0.0,0.0,0.0,False
2_39_88_438_2019-01-07 16:06:23.670058,300,1558.3156515363694,0.0,0.0,0.0,False
2_39_88_438_2019-01-10 20:30:46.385567,243,1314.1419058022143,0.0,0.0,0.0,False
2_39_88_438_2019-01-11 17:17:46.968327,121,630.6035994452758,0.0,0.0,0.0,False
2_39_88_438_2019-01-14 17:19:37.218104,246,704.4503451808222,1.0,0.12098100198412699,6.0,True
2_39_88_438_2019-01-16 17:27:52.760440,128,353.6967693976775,1.0,0.17499098214285716,8.0,True
2_39_88_438_2019-01-17 17:31:41.149958,186,448.4472925698417,1.0,0.16122107959850604,9.0,True
2_39_88_438_2019-01-18 17:25:33.986799,162,525.3404244513656,0.0,0.0,0.0,False
2_39_88_438_2019-01-22 16:55:41.987190,152,723.2424474655246,0.0,0.0,0.0,False
2_39_88_438_2019-01-23 17:22:27.546420,148,453.3753724574445,1.0,0.11157533088235294,5.0,True
2_39_88_438_2019-01-24 17:03:47.451876,226,737.3115663748832,0.0,0.0,0.0,False
2_39_88_438_2019-01-29 17:29:03.138817,99,601.8024603460265,1.0,0.1939123611111111,5.0,True
2_39_88_438_2019-01-31 17:13:01.101030,96,296.4545762254902,0.0,0.0,0.0,False
2_39_88_438_2019-02-01 17:16:37.354261,446,3071.571013156241,0.0,0.0,0.0,False
2_39_88_438_2019-02-05 17:31:07.104912,271,766.7563175085063,4.0,0.4881241904283082,11.0,True
2_39_88_438_2019-02-06 18:01:44.270506,124,733.4627494047619,1.0,1.0108943592436976,25.0,True
2_39_88_438_2019-02-07 17:00:13.672124,138,445.6954170813663,0.0,0.0,0.0,False
2_39_88_438_2019-02-08 17:20:22.908490,161,523.7349717636938,0.0,0.0,0.0,False
2_39_88_438_2019-02-11 17:03:32.615355,259,848.6389968487395,0.0,0.0,0.0,False
2_39_88_438_2019-02-12 21:48:50.330480,130,815.3838154761904,1.0,0.7938521626984127,15.0,True
2_39_88_438_2019-02-15 18:20:53.028574,392,2729.383224746302,0.0,0.0,0.0,False
2_39_88_438_2019-02-20 17:51:29.223556,203,659.0109432944506,2.0,0.2328772351953602,5.0,True
2_39_88_438_2019-02-25 18:23:51.211314,148,478.2765323766103,1.0,0.45217912878787875,7.0,True
2_39_88_438_2019-03-05 17:05:33.696829,164,534.6483014705882,0.0,0.0,0.0,False
2_39_88_438_2019-03-07 20:45:34.595732,73,146.07971642156863,2.0,0.5812344590336134,9.0,True
2_39_88_438_2019-03-08 17:26:53.178981,153,495.70937096384006,1.0,0.1145700980392157,5.0,True
2_39_88_438_2019-03-12 16:16:23.455854,147,476.26830520541546,2.0,0.38186402777777784,12.0,True
2_39_88_438_2019-03-13 15:43:04.996934,385,2404.7828272974575,0.0,0.0,0.0,False
2_39_88_438_2019-03-14 16:05:56.395773,149,483.49544199346406,0.0,0.0,0.0,False
2_39_88_438_2019-03-15 17:25:27.846877,176,576.3555044117646,0.0,0.0,0.0,False
2_39_88_438_2019-03-18 17:20:04.117221,170,552.9053167501615,0.0,0.0,0.0,False
2_39_88_438_2019-03-19 16:12:29.090616,334,1970.91786285014,0.0,0.0,0.0,False
2_39_88_438_2019-03-28 20:58:23.864088,32,51.932031617647056,0.0,0.0,0.0,False
2_39_88_438_2019-04-02 17:01:44.018602,110,693.8776345588235,1.0,0.725735625,14.0,True
2_39_88_438_2019-04-03 17:12:57.768068,100,611.4957166666667,0.0,0.0,0.0,False
2_39_88_438_2019-04-04 20:02:20.677373,43,231.6353012254902,1.0,0.7604322916666665,13.0,True
2_39_88_438_2019-04-08 16:58:29.659543,77,468.94778708791205,1.0,0.2381590277777778,6.0,True
2_39_88_438_2019-04-09 20:27:48.253801,122,401.50256666666667,1.0,0.29063788807189544,7.0,True
2_39_88_438_2019-04-11 00:57:00.878193,39,218.68180357142856,1.0,0.6376184027777778,12.0,True
2_39_88_438_2019-04-16 17:09:06.227643,130,718.3002488476092,0.0,0.0,0.0,False
2_39_88_438_2019-04-17 17:02:43.920111,119,688.7451903361344,1.0,0.7224809027777778,13.0,True
2_39_88_438_2019-04-22 16:32:06.955578,112,238.60468817873303,1.0,0.5683913194444444,16.0,True
2_39_88_438_2019-04-24 17:09:04.017143,102,312.4145090686274,1.0,0.5135924305555555,15.0,True
2_39_88_438_2019-05-01 15:56:57.816169,297,2002.8598640183345,0.0,0.0,0.0,False
2_39_88_438_2019-05-06 18:31:59.644044,76,475.532533496732,0.0,0.0,0.0,False
2_39_88_438_2019-05-09 19:21:46.219155,84,538.8803078431372,1.0,0.58571375,8.0,True
2_39_88_438_2019-05-10 18:54:54.298225,174,1080.6225700980392,0.0,0.0,0.0,False
2_39_88_438_2019-05-13 17:11:47.522601,84,207.63058921568626,0.0,0.0,0.0,False
2_39_88_438_2019-05-14 00:58:12.456635,77,533.6752424019608,0.0,0.0,0.0,False
2_39_88_438_2019-05-15 20:21:19.441316,31,54.71622794117647,0.0,0.0,0.0,False
2_39_88_438_2019-05-24 16:12:06.414103,31,47.192185119047615,0.0,0.0,0.0,False
2_39_88_438_2019-06-07 20:07:15.027767,81,508.07158343161825,1.0,0.6572657638888889,7.0,True
2_39_88_438_2019-06-10 22:24:43.132121,98,647.5485439024211,0.0,0.0,0.0,False
2_39_88_438_2019-06-14 20:30:41.520642,123,388.511860550887,1.0,0.38410361111111113,9.0,True
2_39_88_438_2019-06-18 17:12:48.556425,104,668.3632185224089,1.0,0.6528822916666667,13.0,True
2_39_88_438_2019-06-19 17:18:50.371041,91,536.0267323529412,0.0,0.0,0.0,False
2_39_88_438_2019-06-24 21:15:04.527602,57,374.8385910364145,0.0,0.0,0.0,False
2_39_88_438_2019-07-24 16:50:49.794288,156,948.1841047619047,1.0,0.27943805555555556,7.0,True
2_39_88_438_2019-07-26 15:39:54.256963,211,1405.0683620098039,0.0,0.0,0.0,False
2_39_88_438_2019-08-08 18:04:20.958280,28,158.36551097351222,1.0,0.31886856209150327,8.0,True
2_39_88_438_2019-08-16 16:45:35.516296,19,32.83575,0.0,0.0,0.0,False
2_39_88_438_2019-08-16 20:26:12.369304,83,251.09773589743588,1.0,0.5133161111111111,14.0,True
2_39_88_438_2019-08-19 16:57:09.519526,119,752.3772914215685,1.0,0.7206844444444445,14.0,True
2_39_88_438_2019-08-21 17:09:24.094651,80,232.1024781862745,2.0,0.6599812037037038,16.0,True
2_39_89_25_2018-11-01 13:55:02.815279,76,261.743824060988,0.0,0.0,0.0,False
2_39_89_25_2018-11-01 15:34:44.539803,57,111.3388262254902,0.0,0.0,0.0,False
2_39_89_25_2018-11-02 01:11:08.131933,22,36.6484068627451,0.0,0.0,0.0,False
2_39_89_25_2018-11-02 13:07:17.396977,85,258.63384789915966,0.0,0.0,0.0,False
2_39_89_25_2018-11-02 16:05:04.696911,137,240.94954531610458,0.0,0.0,0.0,False
2_39_89_25_2018-11-03 14:59:43.486897,46,156.85712990196077,0.0,0.0,0.0,False
2_39_89_25_2018-11-03 17:04:30.536159,27,45.47460796972635,1.0,0.29425621790382817,9.0,True
2_39_89_25_2018-11-04 17:21:27.001683,85,292.7035812558357,0.0,0.0,0.0,False
2_39_89_25_2018-11-05 01:54:15.969279,100,319.1455535247432,1.0,0.3684599223856209,8.0,True
2_39_89_25_2018-11-05 14:55:06.896251,65,224.05709975220856,0.0,0.0,0.0,False
2_39_89_25_2018-11-05 16:13:39.918651,358,2258.316675508577,0.0,0.0,0.0,False
2_39_89_25_2018-11-06 15:07:19.637039,61,209.80122942433383,1.0,0.24540778846153843,5.0,True
2_39_89_25_2018-11-06 17:31:49.288598,28,51.298126050420166,0.0,0.0,0.0,False
2_39_89_25_2018-11-06 18:10:08.640575,179,1253.4888196751776,0.0,0.0,0.0,False
2_39_89_25_2018-11-07 16:58:46.377382,77,235.53050208108883,2.0,0.6964627124631904,9.0,True
2_39_89_25_2018-11-08 14:56:29.932699,75,224.39029719349276,2.0,0.4306920494864613,5.0,True
2_39_89_25_2018-11-08 16:24:05.630231,245,1636.2307394634777,0.0,0.0,0.0,False
2_39_89_25_2018-11-09 17:10:35.342232,105,262.1484936449816,2.0,0.587792975217865,12.0,True
2_39_89_25_2018-11-10 18:16:07.538359,131,893.3992261159592,0.0,0.0,0.0,False
2_39_89_25_2018-11-10 21:43:47.785162,30,50.98342524509804,0.0,0.0,0.0,False
2_39_89_25_2018-11-11 14:49:25.893169,71,141.52676099093543,1.0,0.3102501334422658,11.0,True
2_39_89_25_2018-11-12 01:50:36.586265,123,801.9815351952184,1.0,0.6621619675925925,8.0,True
2_39_89_25_2018-11-12 14:21:42.176711,62,207.08310592105263,0.0,0.0,0.0,False
2_39_89_25_2018-11-12 16:41:00.514438,79,254.07069560439558,1.0,0.4259953781512606,11.0,True
2_39_89_25_2018-11-12 20:45:11.704845,122,405.29425770038785,1.0,0.3364054861111111,8.0,True
2_39_89_25_2018-11-13 16:55:27.440331,127,826.1630726073763,1.0,0.5262870588235294,7.0,True
2_39_89_25_2018-11-14 01:33:20.301035,135,784.5545845287237,1.0,0.5598347222222222,7.0,True
2_39_89_25_2018-11-14 16:39:36.777305,53,103.56022570028011,2.0,0.6495199503968254,9.0,True
2_39_89_25_2018-11-15 16:17:08.386267,232,1070.550421397574,2.0,0.43466127450980396,9.0,True
2_39_89_25_2018-11-16 16:41:29.941002,61,212.7625969753286,0.0,0.0,0.0,False
2_39_89_25_2018-11-16 19:01:04.049814,146,519.9799405578898,0.0,0.0,0.0,False
2_39_89_25_2018-11-16 21:55:10.628098,56,370.90463122082167,0.0,0.0,0.0,False
2_39_89_25_2018-11-17 23:51:01.729960,59,238.72192735822398,0.0,0.0,0.0,False
2_39_89_25_2018-11-18 16:32:40.905189,77,262.7700151389503,1.0,0.260778425925926,5.0,True
2_39_89_25_2018-11-19 03:02:39.959822,110,701.847193524866,1.0,0.6210196930438843,7.0,True
2_39_89_25_2018-11-19 16:57:18.671792,95,282.0416460968598,2.0,0.7636767361111112,16.0,True
2_39_89_25_2018-11-20 03:09:01.866041,31,53.423450793650794,0.0,0.0,0.0,False
2_39_89_25_2018-11-20 14:09:19.068709,83,257.2054924320605,0.0,0.0,0.0,False
2_39_89_25_2018-11-20 17:35:03.490107,107,253.23539077964517,1.0,0.2544570138888889,12.0,True
2_39_89_25_2018-11-21 16:15:15.731896,198,1199.5863740100585,1.0,0.5327209790305011,13.0,True
2_39_89_25_2018-11-22 18:59:46.708253,124,806.2534133403361,1.0,0.6267304861111112,7.0,True
2_39_89_25_2018-11-24 18:33:56.337171,75,241.64136530112043,2.0,4.3884035871848734,43.0,True
2_39_89_25_2018-11-24 22:17:42.170728,129,822.383927966362,1.0,0.7192521798675611,8.0,True
2_39_89_25_2018-11-25 16:36:02.254547,31,53.25118196778711,0.0,0.0,0.0,False
2_39_89_25_2018-11-26 01:31:30.807656,31,52.964713060224085,0.0,0.0,0.0,False
2_39_89_25_2018-11-26 14:29:53.091913,74,254.3988320378151,5.0,3.0105879637410515,14.0,True
2_39_89_25_2018-11-26 17:02:21.660868,123,283.66358307658544,3.0,1.037181420493636,23.0,True
2_39_89_25_2018-11-27 14:26:39.680240,74,255.2947112017884,4.0,2.2499800411190116,10.0,True
2_39_89_25_2018-11-27 16:14:01.025390,275,934.4716965050086,1.0,0.20185950338468722,9.0,True
2_39_89_25_2018-11-28 16:38:38.200344,130,836.5273954481793,1.0,0.613855138888889,7.0,True
2_39_89_25_2018-11-29 14:22:12.989051,69,232.09628731374832,0.0,0.0,0.0,False
2_39_89_25_2018-11-29 16:37:54.700905,136,834.9853241534609,1.0,0.6039137830687831,7.0,True
2_39_89_25_2018-11-30 03:14:31.610839,149,516.4112516851715,3.0,1.091787541417458,21.0,True
2_39_89_25_2018-11-30 14:07:06.142742,71,245.06106224507346,0.0,0.0,0.0,False
2_39_89_25_2018-11-30 16:59:26.543581,80,279.0633273809524,0.0,0.0,0.0,False
2_39_89_25_2018-11-30 19:39:33.972150,79,476.63193385362916,0.0,0.0,0.0,False
2_39_89_25_2018-12-01 20:58:26.083425,413,2761.247262231559,1.0,0.838582890795207,24.0,True
2_39_89_25_2018-12-03 16:39:42.161405,128,819.5459336080586,1.0,0.6298356288156287,8.0,True
2_39_89_25_2018-12-04 15:04:16.255347,201,1105.7972407552156,1.0,1.2805945534367593,37.0,True
2_39_89_25_2018-12-04 21:15:17.136886,21,97.37002943580327,1.0,0.5315853350815851,6.0,True
2_39_89_25_2018-12-05 14:24:04.148142,62,215.08623825439267,1.0,0.24377348214285716,5.0,True
2_39_89_25_2018-12-05 20:43:09.711141,50,128.43020426656676,2.0,1.1644874030830281,29.0,True
2_39_89_25_2018-12-06 14:08:05.903878,61,210.41037856616245,0.0,0.0,0.0,False
2_39_89_25_2018-12-06 15:13:26.867327,215,1138.9540883200777,3.0,1.38160183899842,25.0,True
2_39_89_25_2018-12-06 20:27:37.546830,47,107.49569488975077,3.0,0.8567472691020852,16.0,True
2_39_89_25_2018-12-07 01:59:27.487300,251,896.9189056575261,2.0,0.4480618816137566,12.0,True
2_39_89_25_2018-12-07 14:25:17.680918,69,215.93512289809863,1.0,0.27339403186274513,5.0,True
2_39_89_25_2018-12-07 15:54:56.859731,81,252.97236664086685,2.0,0.66891852124183,8.0,True
2_39_89_25_2018-12-07 21:55:19.499670,74,440.4718083853238,0.0,0.0,0.0,False
2_39_89_25_2018-12-08 21:43:33.332220,420,2794.2468820912572,1.0,0.8262723692810459,23.0,True
2_39_89_25_2018-12-10 17:02:37.316348,107,357.0008036974979,1.0,0.3792116229889392,9.0,True
2_39_89_25_2018-12-11 14:06:04.795404,72,233.30918914835163,0.0,0.0,0.0,False
2_39_89_25_2018-12-11 16:27:17.306524,129,828.7585345606191,1.0,0.6935892647058823,8.0,True
2_39_89_25_2018-12-12 17:03:51.787361,125,413.9821740896358,1.0,0.31340513888888893,8.0,True
2_39_89_25_2018-12-13 16:43:26.890704,169,821.5386265538941,0.0,0.0,0.0,False
2_39_89_25_2018-12-14 01:00:22.820262,49,164.4674525729989,0.0,0.0,0.0,False
2_39_89_25_2018-12-14 14:31:25.389282,73,226.34849738160258,0.0,0.0,0.0,False
2_39_89_25_2018-12-14 17:21:11.496627,125,400.240253817884,1.0,0.29578696040071045,8.0,True
2_39_89_25_2018-12-15 04:34:27.537341,367,2280.33090941134,1.0,1.1252280310457514,19.0,True
2_39_89_25_2018-12-16 19:04:23.636847,85,263.8084714639506,0.0,0.0,0.0,False
2_39_89_25_2018-12-17 16:58:29.593296,87,233.42811539357186,0.0,0.0,0.0,False
2_39_89_25_2018-12-18 16:44:40.478171,159,830.5666933961248,1.0,0.43619500466853406,6.0,True
2_39_89_25_2018-12-19 16:14:05.236142,134,771.4170669382776,1.0,0.6158821820175437,10.0,True
2_39_89_25_2018-12-20 16:28:17.891243,152,825.0059944034851,1.0,0.5980499714052288,7.0,True
2_39_89_25_2018-12-21 16:32:53.702323,285,1439.0318458187667,1.0,0.14714532076719575,6.0,True
2_39_89_25_2018-12-23 16:05:07.115397,73,221.5346194880326,0.0,0.0,0.0,False
2_39_89_25_2018-12-24 01:22:55.202570,96,318.4723560559538,0.0,0.0,0.0,False
2_39_89_25_2018-12-27 18:21:52.663722,115,342.64910760857646,1.0,0.5430516129887627,18.0,True
2_39_89_25_2018-12-28 16:13:00.502012,38,81.92327123105652,1.0,0.5078632099463718,16.0,True
2_39_89_25_2018-12-29 18:10:53.109434,75,253.38054626183927,0.0,0.0,0.0,False
2_39_89_25_2018-12-30 16:49:18.209992,106,316.75477492850285,2.0,0.8123753273809523,18.0,True
2_39_89_25_2018-12-31 17:37:26.147122,49,91.06041469421102,2.0,0.5917819292717087,8.0,True
2_39_89_25_2019-01-02 17:07:42.946454,75,235.67102832819913,1.0,0.3603570796374106,8.0,True
2_39_89_25_2019-01-03 17:09:40.548528,120,397.9562520080152,0.0,0.0,0.0,False
2_39_89_25_2019-01-04 17:45:35.513948,105,298.6762853017811,2.0,0.8146681149760543,20.0,True
2_39_89_25_2019-01-05 06:38:52.714347,384,2402.068138220238,1.0,1.0528386192810457,25.0,True
2_39_89_25_2019-01-06 18:11:42.318549,75,241.5887746007647,1.0,0.2375668461508535,5.0,True
2_39_89_25_2019-01-07 14:05:12.217769,88,293.4743043910209,0.0,0.0,0.0,False
2_39_89_25_2019-01-07 17:15:16.680788,156,322.51923330003416,1.0,0.20932375141284582,12.0,True
2_39_89_25_2019-01-08 17:01:38.860388,99,251.06039846937753,2.0,0.661061364035861,18.0,True
2_39_89_25_2019-01-09 00:42:15.864936,95,615.2309737592473,0.0,0.0,0.0,False
2_39_89_25_2019-01-09 14:39:31.783456,55,180.90340869938885,1.0,0.29087694444444445,5.0,True
2_39_89_25_2019-01-09 17:05:58.905229,124,339.18027285490695,2.0,0.6821970585229041,16.0,True
2_39_89_25_2019-01-10 17:09:00.222392,94,268.6743527562779,1.0,0.5629695252837977,19.0,True
2_39_89_25_2019-01-11 14:23:48.921630,73,243.679203759188,1.0,0.2745449768518518,5.0,True
2_39_89_25_2019-01-11 17:44:00.403582,115,324.31938449728375,3.0,0.7217357872585505,11.0,True
2_39_89_25_2019-01-12 01:48:34.237211,59,350.6745054677134,0.0,0.0,0.0,False
2_39_89_25_2019-01-12 16:04:05.839302,90,267.64297300320936,2.0,0.7788423313696824,17.0,True
2_39_89_25_2019-01-13 02:03:35.987520,413,2559.1050351757503,2.0,1.1525264822595704,23.0,True
2_39_89_25_2019-01-14 14:04:06.098161,82,267.67307268964265,0.0,0.0,0.0,False
2_39_89_25_2019-01-14 17:10:07.715637,76,230.84608307877193,2.0,0.35601593329464654,8.0,True
2_39_89_25_2019-01-15 13:56:00.638538,67,228.92178034367592,1.0,0.23823650793650797,5.0,True
2_39_89_25_2019-01-15 16:55:25.024057,106,286.716628272785,1.0,0.45774042297979795,15.0,True
2_39_89_25_2019-01-16 14:41:49.029739,50,166.18568993930904,0.0,0.0,0.0,False
2_39_89_25_2019-01-16 16:26:58.117269,160,826.912130499076,1.0,0.3576375307045895,7.0,True
2_39_89_25_2019-01-17 03:20:20.165980,31,50.27820081699346,0.0,0.0,0.0,False
2_39_89_25_2019-01-17 14:00:21.917277,75,243.1223902772703,1.0,0.26002018518518516,5.0,True
2_39_89_25_2019-01-17 16:56:30.807185,158,826.6777554597105,0.0,0.0,0.0,False
2_39_89_25_2019-01-17 23:34:55.103698,31,53.34699901960784,0.0,0.0,0.0,False
2_39_89_25_2019-01-18 03:11:31.654749,135,466.24893123249296,3.0,0.8572720383986928,21.0,True
2_39_89_25_2019-01-18 13:56:48.526419,69,202.51203422390694,0.0,0.0,0.0,False
2_39_89_25_2019-01-18 15:59:18.752643,106,331.6697526260504,1.0,0.45398180555555556,10.0,True
2_39_89_25_2019-01-19 00:53:59.256504,110,745.9018282625871,0.0,0.0,0.0,False
2_39_89_25_2019-01-19 04:16:32.162264,427,2897.3928325735624,1.0,0.7174134681372548,18.0,True
2_39_89_25_2019-01-19 21:09:45.094585,35,57.39215770185267,0.0,0.0,0.0,False
2_39_89_25_2019-01-20 17:31:09.743639,86,267.41519566993463,0.0,0.0,0.0,False
2_39_89_25_2019-01-21 15:51:15.777906,74,219.42638874458873,1.0,0.46080044642857143,15.0,True
2_39_89_25_2019-01-21 23:49:44.392616,72,247.69895735294116,0.0,0.0,0.0,False
2_39_89_25_2019-01-22 17:02:38.472502,127,304.17277880305966,1.0,0.2365963095238095,13.0,True
2_39_89_25_2019-01-23 14:11:36.089670,74,251.76492419435138,0.0,0.0,0.0,False
2_39_89_25_2019-01-23 16:41:05.273611,130,833.8577902607196,1.0,0.6300806250000001,8.0,True
2_39_89_25_2019-01-24 16:29:27.388690,100,357.16356164799254,1.0,0.161546875,8.0,True
2_39_89_25_2019-01-24 19:06:44.837318,32,53.826921043417364,0.0,0.0,0.0,False
2_39_89_25_2019-01-25 17:13:34.511116,108,365.05858357843135,1.0,0.39891402777777785,10.0,True
2_39_89_25_2019-01-26 20:23:06.505827,446,2983.763758613445,1.0,0.7958036805555555,21.0,True
2_39_89_25_2019-01-28 15:57:29.290340,82,223.4832137730309,1.0,0.43854888888888893,9.0,True
2_39_89_25_2019-01-29 17:03:29.209697,115,386.86078477968107,2.0,0.3692998611111111,8.0,True
2_39_89_25_2019-01-30 16:33:00.194408,129,844.8817534313725,1.0,0.642481875,7.0,True
2_39_89_25_2019-02-01 16:57:40.633431,71,250.10000476190476,1.0,0.14220618055555556,7.0,True
2_39_89_25_2019-02-01 21:01:44.308566,81,550.8894759103641,0.0,0.0,0.0,False
2_39_89_25_2019-02-02 04:39:38.839788,362,2407.2998808823527,0.0,0.0,0.0,False
2_39_89_25_2019-02-02 17:57:14.456906,259,1619.7130098039215,2.0,1.1000976021241828,26.0,True
2_39_89_25_2019-02-03 16:16:05.149784,73,239.35576670168066,1.0,0.30710618055555555,5.0,True
2_39_89_25_2019-02-05 00:14:20.168853,117,760.3265669982794,0.0,0.0,0.0,False
2_39_89_25_2019-02-05 16:05:29.141087,98,303.1833081271669,2.0,0.38162499999999994,8.0,True
2_39_89_25_2019-02-06 13:58:58.686382,74,248.57384128787876,0.0,0.0,0.0,False
2_39_89_25_2019-02-06 16:52:02.404807,119,682.7267676739926,1.0,0.7321434722222223,13.0,True
2_39_89_25_2019-02-07 14:06:58.799577,58,161.7578516025641,1.0,0.493954236111111,14.0,True
2_39_89_25_2019-02-07 17:06:17.511338,98,293.0399784852402,2.0,0.7520885416666667,14.0,True
2_39_89_25_2019-02-08 16:01:22.886142,113,354.6563731608905,1.0,0.40333763888888885,10.0,True
2_39_89_25_2019-02-09 01:02:22.054830,128,806.1052440592904,1.0,0.6102536286181138,7.0,True
2_39_89_25_2019-02-10 06:27:35.315627,309,1901.915588585434,1.0,0.7437172916666668,24.0,True
2_39_89_25_2019-02-11 16:51:30.837076,66,179.52621176470586,1.0,0.5543572344771242,17.0,True
2_39_89_25_2019-02-12 14:05:13.936034,71,235.76645454545454,1.0,0.2614004166666667,5.0,True
2_39_89_25_2019-02-12 17:19:25.704356,90,266.78602564380066,0.0,0.0,0.0,False
2_39_89_25_2019-02-13 00:55:44.942114,33,155.47282083333332,0.0,0.0,0.0,False
2_39_89_25_2019-02-13 17:03:34.698389,75,239.03883147759103,2.0,0.71724954073296,16.0,True
2_39_89_25_2019-02-14 13:58:48.719742,59,195.09676845238096,1.0,0.28700256944444447,5.0,True
2_39_89_25_2019-02-14 17:03:30.421355,111,337.1965305420886,1.0,0.5184031982151834,15.0,True
2_39_89_25_2019-02-15 17:19:18.923551,85,251.81405773270845,1.0,0.5295582440476191,16.0,True
2_39_89_25_2019-02-17 16:11:54.225349,76,249.11110227272727,0.0,0.0,0.0,False
2_39_89_25_2019-02-19 17:02:42.780853,106,296.6137231442577,1.0,0.3893920465686274,16.0,True
2_39_89_25_2019-02-20 03:52:19.890680,280,982.3566041749916,0.0,0.0,0.0,False
2_39_89_25_2019-02-20 17:08:56.373389,93,280.72064569964346,1.0,0.5785220734126983,18.0,True
2_39_89_25_2019-02-21 17:04:27.665247,83,243.3078430211558,2.0,0.7861323720760234,17.0,True
2_39_89_25_2019-02-22 14:36:44.433612,73,253.37455857843136,1.0,0.2696639583333333,5.0,True
2_39_89_25_2019-02-22 17:08:15.337975,86,286.74750416666666,1.0,0.35724354166666666,8.0,True
2_39_89_25_2019-02-23 05:06:38.627783,57,364.2122585784314,0.0,0.0,0.0,False
2_39_89_25_2019-02-23 16:13:12.558376,42,106.67240416666667,2.0,0.7577063888888889,16.0,True
2_39_89_25_2019-02-25 14:14:57.913117,76,253.872243767507,1.0,0.723143635620915,11.0,True
2_39_89_25_2019-02-25 17:10:03.749472,90,298.44354611613875,2.0,0.7907661939775911,11.0,True
2_39_89_25_2019-02-26 16:48:04.230885,92,274.19168689684494,1.0,0.509612788551318,14.0,True
2_39_89_25_2019-02-27 14:21:26.579254,73,249.17353883986928,1.0,0.2678211805555555,5.0,True
2_39_89_25_2019-02-27 17:07:16.604698,102,286.87054308420335,1.0,0.4890167361111112,14.0,True
2_39_89_25_2019-03-01 00:28:52.924169,123,427.66669745205775,0.0,0.0,0.0,False
2_39_89_25_2019-03-01 14:24:58.323646,76,253.61177009481278,0.0,0.0,0.0,False
2_39_89_25_2019-03-04 19:09:15.303248,287,1974.940903669722,0.0,0.0,0.0,False
2_39_89_25_2019-03-05 16:56:06.980084,54,193.7905335999312,0.0,0.0,0.0,False
2_39_89_25_2019-03-05 21:07:00.457732,121,395.9201372678115,1.0,0.3798096831642014,8.0,True
2_39_89_25_2019-03-06 17:19:21.568809,15,25.155282107843135,0.0,0.0,0.0,False
2_39_89_25_2019-03-06 21:57:34.329591,76,221.3119644607843,2.0,0.8009179861111112,15.0,True
2_39_89_25_2019-03-07 17:13:10.758584,84,248.24942459599222,2.0,0.8528802176704016,16.0,True
2_39_89_25_2019-03-08 14:06:58.131313,65,182.9571372303519,0.0,0.0,0.0,False
2_39_89_25_2019-03-08 17:12:06.907562,102,313.1036887039431,1.0,0.49067238095238097,15.0,True
2_39_89_25_2019-03-10 03:51:36.645706,77,275.0727413165266,1.0,0.1443782837301587,7.0,True
2_39_89_25_2019-03-10 16:23:05.891072,75,256.7450842948718,0.0,0.0,0.0,False
2_39_89_25_2019-03-11 13:24:30.798601,75,254.35558606442575,1.0,0.2656963888888889,5.0,True
2_39_89_25_2019-03-11 16:33:08.127363,100,302.6204637138188,1.0,0.409650102124183,14.0,True
2_39_89_25_2019-03-12 13:27:17.070765,62,211.148580258467,1.0,0.25869,5.0,True
2_39_89_25_2019-03-12 16:13:17.386691,104,318.9570591371863,1.0,0.5284319403594772,15.0,True
2_39_89_25_2019-03-13 02:10:18.291269,110,715.4084745798319,1.0,0.5583077083333333,7.0,True
2_39_89_25_2019-03-13 16:02:34.397850,84,247.98776918767507,2.0,0.7607992824074074,15.0,True
2_39_89_25_2019-03-14 13:39:34.911664,61,207.67276351540616,1.0,0.27516027777777785,5.0,True
2_39_89_25_2019-03-14 16:40:04.065703,103,310.52894418767505,2.0,0.7025861683006536,16.0,True
2_39_89_25_2019-03-15 16:26:59.182131,91,273.7751583333333,1.0,0.5497277083333335,16.0,True
2_39_89_25_2019-03-16 01:24:57.301888,477,3217.1737814309054,1.0,0.6966727777777778,16.0,True
2_39_89_25_2019-03-18 13:12:09.628712,74,249.2198777714932,0.0,0.0,0.0,False
2_39_89_25_2019-03-18 16:16:38.799328,109,330.9602192843534,1.0,0.516258125,15.0,True
2_39_89_25_2019-03-19 16:06:00.148465,103,311.770268977591,1.0,0.48454298202614376,15.0,True
2_39_89_25_2019-03-20 13:07:56.308397,78,227.99018284313723,1.0,0.23396208333333335,5.0,True
2_39_89_25_2019-03-20 16:01:43.379791,85,250.09640934873948,2.0,0.7587258333333334,14.0,True
2_39_89_25_2019-03-21 02:32:21.677044,110,696.4879956349206,1.0,0.6785305555555555,8.0,True
2_39_89_25_2019-03-21 13:21:35.468351,90,263.3656172077922,1.0,0.24867326388888888,5.0,True
2_39_89_25_2019-03-21 16:35:12.646338,88,267.2683006652661,1.0,0.4666951785714286,14.0,True
2_39_89_25_2019-03-22 02:16:03.886520,103,672.4515660714285,1.0,0.5338166666666667,7.0,True
2_39_89_25_2019-03-22 15:43:42.672551,87,262.74068921568625,2.0,0.7426103472222223,14.0,True
2_39_89_25_2019-03-23 20:08:46.590710,125,798.5593571078431,1.0,0.6554803472222221,7.0,True
2_39_89_25_2019-03-25 20:43:29.809030,37,68.06086964285714,1.0,0.27251777777777775,9.0,True
2_39_89_25_2019-03-26 17:37:44.911334,152,719.9344423669468,1.0,1.2227768750000003,35.0,True
2_39_89_25_2019-03-27 04:13:42.585275,117,704.6560007352941,0.0,0.0,0.0,False
2_39_89_25_2019-03-27 13:49:31.104484,188,1030.457207107843,2.0,1.1002499060457518,27.0,True
2_39_89_25_2019-03-27 19:48:11.053963,41,109.42715386373602,3.0,1.047572287468222,12.0,True
2_39_89_25_2019-03-28 13:27:51.595130,79,228.71894611185382,0.0,0.0,0.0,False
2_39_89_25_2019-03-28 16:03:13.962419,83,244.2010462121212,2.0,0.7614245138888889,14.0,True
2_39_89_25_2019-03-29 13:34:00.027531,77,227.17694975490195,1.0,0.48527895833333345,15.0,True
2_39_89_25_2019-03-29 16:22:11.590535,91,273.65064179434256,1.0,0.5669836560457516,16.0,True
2_39_89_25_2019-03-30 17:34:21.919166,125,802.8260829248366,1.0,0.6351198611111111,7.0,True
2_39_89_25_2019-04-01 16:20:35.484382,78,227.3783682072829,2.0,0.7111453880718954,15.0,True
2_39_89_25_2019-04-02 18:19:27.779653,99,622.5301113095238,1.0,0.951086388888889,15.0,True
2_39_89_25_2019-04-03 01:51:19.497316,74,254.24195953654188,0.0,0.0,0.0,False
2_39_89_25_2019-04-03 13:30:13.440569,193,1089.0177505620848,3.0,1.2157372916666667,21.0,True
2_39_89_25_2019-04-03 19:11:32.437759,51,138.9463375,2.0,0.7477495138888888,15.0,True
2_39_89_25_2019-04-04 16:09:52.376853,81,241.94000607897004,1.0,0.5318300694444446,16.0,True
2_39_89_25_2019-04-05 13:21:19.543282,74,230.44861431408933,0.0,0.0,0.0,False
2_39_89_25_2019-04-05 16:30:20.887179,87,263.5380986111111,1.0,0.5148850694444445,14.0,True
2_39_89_25_2019-04-06 14:16:21.455981,32,57.31300381652661,0.0,0.0,0.0,False
2_39_89_25_2019-04-06 15:17:41.544806,31,56.55965220588235,0.0,0.0,0.0,False
2_39_89_25_2019-04-06 22:40:09.951207,101,314.9209137254902,1.0,0.31236624183006534,14.0,True
2_39_89_25_2019-04-07 02:26:17.904643,271,1751.4924541666667,1.0,0.8015579166666668,20.0,True
2_39_89_25_2019-04-08 16:09:14.315702,41,59.38754767316017,1.0,0.2041841666666667,11.0,True
2_39_89_25_2019-04-09 16:10:28.422222,79,229.9495154878618,1.0,0.4651570833333334,14.0,True
2_39_89_25_2019-04-10 16:08:02.240140,78,228.46622825630251,1.0,0.4721354890289449,14.0,True
2_39_89_25_2019-04-11 16:21:53.243683,84,252.20092843137255,1.0,0.5075944321895425,15.0,True
2_39_89_25_2019-04-12 00:52:12.327996,70,214.23911334841628,1.0,0.38965256944444454,13.0,True
2_39_89_25_2019-04-12 13:06:25.377012,76,225.5223375,1.0,0.4795836805555556,15.0,True
2_39_89_25_2019-04-12 15:35:34.723231,233,1430.9566212606837,1.0,0.33820347222222225,11.0,True
2_39_89_25_2019-04-13 16:05:43.032689,143,506.10587864145657,2.0,0.29925,7.0,True
2_39_89_25_2019-04-13 19:00:09.728282,42,120.68306544117647,1.0,0.40342152777777784,14.0,True
2_39_89_25_2019-04-14 15:05:20.937387,75,256.86055147058823,0.0,0.0,0.0,False
2_39_89_25_2019-04-15 13:28:35.774913,84,277.32875187908496,1.0,0.2400023611111111,5.0,True
2_39_89_25_2019-04-15 15:19:59.304805,179,921.7014198529412,0.0,0.0,0.0,False
2_39_89_25_2019-04-16 16:22:02.685410,83,223.70710591736693,1.0,0.41150564542483664,15.0,True
2_39_89_25_2019-04-16 20:41:04.884750,105,360.4861940359477,0.0,0.0,0.0,False
2_39_89_25_2019-04-17 15:44:36.491655,126,375.83140238095234,1.0,0.5451173611111111,18.0,True
2_39_89_25_2019-04-17 19:55:41.394041,50,315.0483011204482,0.0,0.0,0.0,False
2_39_89_25_2019-04-17 20:58:20.867776,88,265.3056072586727,1.0,0.5466774999999999,15.0,True
2_39_89_25_2019-04-18 15:28:49.951242,31,71.19382475490195,1.0,0.3534677124183006,13.0,True
2_39_89_25_2019-04-19 16:16:30.552609,72,212.10932734593837,1.0,0.48431653594771246,14.0,True
2_39_89_25_2019-04-20 21:58:33.217831,290,1887.7550395308122,1.0,0.9186544444444443,21.0,True
2_39_89_25_2019-04-21 22:27:02.819415,90,278.008681617647,1.0,0.35759218137254906,13.0,True
2_39_89_25_2019-04-22 15:32:28.889960,121,370.5361149509804,2.0,0.7896884722222222,17.0,True
2_39_89_25_2019-04-23 16:08:47.737434,82,240.16156666666666,1.0,0.39126472222222225,16.0,True
2_39_89_25_2019-04-24 16:07:24.195961,78,225.3542586251167,2.0,0.6369440890522875,13.0,True
2_39_89_25_2019-04-25 15:52:33.239673,322,2147.042241690009,1.0,0.7639288888888887,21.0,True
2_39_89_25_2019-04-25 23:26:37.049075,51,153.11211785714283,0.0,0.0,0.0,False
2_39_89_25_2019-04-26 00:51:38.433607,97,323.45042489495796,0.0,0.0,0.0,False
2_39_89_25_2019-04-26 15:27:39.430147,196,1085.4017867708014,0.0,0.0,0.0,False
2_39_89_25_2019-04-27 17:45:30.700598,58,162.00659355742297,2.0,0.7453814419934641,14.0,True
2_39_89_25_2019-04-28 16:07:54.150143,33,55.56280122549019,0.0,0.0,0.0,False
2_39_89_25_2019-04-29 16:03:57.260193,32,75.04832499999999,2.0,0.8143361805555556,14.0,True
2_39_89_25_2019-04-30 19:34:50.358555,31,59.5106681372549,0.0,0.0,0.0,False
2_39_89_25_2019-05-01 16:05:58.363347,161,262.058169201142,1.0,0.1986469345238095,11.0,True
2_39_89_25_2019-05-02 15:40:09.313476,74,220.56355088612366,2.0,0.7380335498366013,15.0,True
2_39_89_25_2019-05-03 16:20:52.160134,100,310.13379660364143,1.0,0.5480166666666667,15.0,True
2_39_89_25_2019-05-03 19:36:35.348426,120,395.9492808823529,1.0,0.3693528472222223,8.0,True
2_39_89_25_2019-05-04 06:02:02.511526,330,2227.2066224089635,1.0,0.874736425653595,20.0,True
2_39_89_25_2019-05-06 16:22:37.111148,101,273.9962948879552,2.0,0.8150146726190477,15.0,True
2_39_89_25_2019-05-07 16:07:37.287403,85,205.5783169117647,1.0,0.22683338235294118,13.0,True
2_39_89_25_2019-05-08 16:07:11.830588,54,161.61669558823527,1.0,0.42741583333333333,9.0,True
2_39_89_25_2019-05-09 15:50:01.519210,78,235.2321575280112,1.0,0.4365382638888889,14.0,True
2_39_89_25_2019-05-10 13:25:17.032352,75,230.3747125097125,0.0,0.0,0.0,False
2_39_89_25_2019-05-10 16:15:06.108425,71,140.18352146358544,1.0,0.33843826388888887,12.0,True
2_39_89_25_2019-05-11 14:37:37.885899,48,161.41651911764706,1.0,0.25710875,5.0,True
2_39_89_25_2019-05-12 00:10:12.811943,12,38.446822023809524,0.0,0.0,0.0,False
2_39_89_25_2019-05-12 15:42:14.738732,95,326.6344752376708,1.0,0.25068958333333335,5.0,True
2_39_89_25_2019-05-13 13:17:09.348854,74,251.72926336996335,1.0,0.25624277777777776,5.0,True
2_39_89_25_2019-05-13 15:14:55.270291,142,814.8333110294117,1.0,0.68031625,8.0,True
2_39_89_25_2019-05-15 06:05:06.827135,95,593.5577974358974,1.0,0.5708475694444445,7.0,True
2_39_89_25_2019-05-21 13:04:09.432614,76,240.8581067307692,0.0,0.0,0.0,False
2_39_89_25_2019-05-21 15:59:43.252194,46,116.49152034313725,1.0,0.5408968055555555,16.0,True
2_39_89_25_2019-05-22 17:09:23.641591,114,436.2830179621849,2.0,1.4614833333333332,28.0,True
2_39_89_25_2019-05-23 15:20:29.489892,103,318.0927372549019,2.0,0.8340783169934641,24.0,True
2_39_89_25_2019-05-24 13:23:46.216987,60,204.96652293417367,2.0,0.6803145710784313,20.0,True
2_39_89_25_2019-05-24 15:53:39.123597,103,317.5556695144724,2.0,0.7708290917755993,14.0,True
2_39_89_25_2019-05-26 14:50:50.510951,84,255.35471813725488,1.0,0.5180749264705883,15.0,True
2_39_89_25_2019-05-27 14:59:06.605356,86,274.6873705128205,1.0,0.2553554861111111,5.0,True
2_39_89_25_2019-05-27 22:58:41.295898,95,292.8271997549019,1.0,0.4246670465686275,15.0,True
2_39_89_25_2019-05-28 16:04:50.616898,80,239.64751640606124,1.0,0.5208903282828284,15.0,True
2_39_89_25_2019-05-29 15:14:16.950119,47,277.7935708333333,1.0,0.7383800694444445,10.0,True
2_39_89_25_2019-05-30 13:19:38.761739,78,232.92761666666667,2.0,0.6937358823529413,14.0,True
2_39_89_25_2019-05-30 16:09:29.202899,149,656.6900988830613,0.0,0.0,0.0,False
2_39_89_25_2019-05-31 15:46:41.421428,75,220.1555649509804,2.0,0.8003070138888888,14.0,True
2_39_89_25_2019-06-01 22:50:26.307089,398,2614.8114956699346,1.0,0.7321634722222222,19.0,True
2_39_89_25_2019-06-03 16:43:56.447310,86,262.5545921568627,1.0,0.43583491830065363,14.0,True
2_39_89_25_2019-06-04 19:51:02.993470,63,126.83250595238094,1.0,0.24606604166666668,8.0,True
2_39_89_25_2019-06-05 16:00:58.501265,80,241.76351960784314,1.0,0.4674443055555556,14.0,True
2_39_89_25_2019-06-06 16:23:42.613096,80,239.41934464285714,2.0,0.7669462499999999,14.0,True
2_39_89_25_2019-06-07 13:08:17.550761,92,307.11209278927123,1.0,0.2554067361111111,5.0,True
2_39_89_25_2019-06-07 16:13:02.787497,85,255.3133255602241,1.0,0.4487817361111111,13.0,True
2_39_89_25_2019-06-08 15:49:15.983025,76,223.8046567513369,2.0,0.7482368055555555,14.0,True
2_39_89_25_2019-06-09 16:10:43.922380,86,258.35365318627447,2.0,0.7506751225490198,12.0,True
2_39_89_25_2019-06-10 16:11:30.872686,78,228.26680416666665,1.0,0.4733454861111111,14.0,True
2_39_89_25_2019-06-11 16:30:33.624621,56,168.24140147058822,1.0,0.36319777777777784,8.0,True
2_39_89_25_2019-06-12 16:01:07.521573,110,607.918402189722,3.0,1.1514761572128853,11.0,True
2_39_89_25_2019-06-13 18:44:35.977362,32,47.63764152122387,0.0,0.0,0.0,False
2_39_89_25_2019-06-14 17:55:27.873481,68,454.26106151960784,0.0,0.0,0.0,False
2_39_89_25_2019-06-15 01:27:23.733680,451,3012.8926270424836,0.0,0.0,0.0,False
2_39_89_25_2019-06-16 13:49:45.076032,88,267.50845,2.0,0.773743125,14.0,True
2_39_89_25_2019-06-17 16:56:28.142779,54,335.39400343137254,1.0,0.564564861111111,7.0,True
2_39_89_25_2019-06-18 13:34:22.238460,72,208.29989583333332,1.0,0.37972923611111115,9.0,True
2_39_89_25_2019-06-18 16:08:23.253516,61,182.19274166666665,1.0,0.4445296527777778,9.0,True
2_39_89_25_2019-06-18 23:17:55.227233,103,323.8596583333333,2.0,0.6768651388888889,14.0,True
2_39_89_25_2019-06-19 12:56:08.448302,76,232.88114107142857,1.0,0.25566222222222224,5.0,True
2_39_89_25_2019-06-19 15:55:34.703888,78,230.86067976190475,1.0,0.4418933333333334,14.0,True
2_39_89_25_2019-06-19 21:59:37.655787,72,233.88580416666665,1.0,0.18417166666666668,8.0,True
2_39_89_25_2019-06-20 13:03:57.081294,74,235.36014999999998,1.0,0.31635625,6.0,True
2_39_89_25_2019-06-20 16:22:22.163302,78,230.83323246434938,1.0,0.5111359681372549,14.0,True
2_39_89_25_2019-06-21 13:09:19.772148,74,233.44515833333332,1.0,0.2598073611111111,5.0,True
2_39_89_25_2019-06-21 16:17:18.120982,81,243.90245757575755,1.0,0.455553125,13.0,True
2_39_89_25_2019-06-21 23:35:42.233101,46,129.29336666666666,1.0,0.3772713194444444,12.0,True
2_39_89_25_2019-06-22 01:26:30.863677,487,3236.9351538865544,1.0,0.8105175571895424,19.0,True
2_39_89_25_2019-06-22 22:51:29.941771,44,126.47759229691876,1.0,0.3818599305555556,13.0,True
2_39_89_25_2019-06-23 15:41:10.148951,77,260.35264807692306,0.0,0.0,0.0,False
2_39_89_25_2019-06-24 13:35:47.356542,78,263.222225,1.0,0.28963618055555557,5.0,True
2_39_89_25_2019-06-24 16:35:36.505629,48,89.17378553921569,2.0,0.6347944035947712,11.0,True
2_39_89_25_2019-06-25 16:19:03.032808,73,214.02452678018574,1.0,0.4453567361111111,14.0,True
2_39_89_25_2019-06-26 16:12:52.591979,77,229.98637524509803,1.0,0.41796243055555554,14.0,True
2_39_89_25_2019-06-27 16:12:44.178652,88,265.59684975490194,2.0,0.758090510620915,14.0,True
2_39_89_25_2019-06-28 03:31:50.774336,88,509.0055950980392,1.0,0.7903606249999999,12.0,True
2_39_89_25_2019-06-28 16:14:42.022963,102,312.3067767825312,1.0,0.4955327777777779,15.0,True
2_39_89_25_2019-06-29 14:57:43.248440,81,244.31098120116468,2.0,0.7442000442896458,14.0,True
2_39_89_25_2019-06-29 23:17:51.642604,141,452.04327916666665,1.0,0.3321860416666667,10.0,True
2_39_89_25_2019-06-30 15:53:20.587201,79,235.55242083333331,1.0,0.484368125,15.0,True
2_39_89_25_2019-07-01 16:35:14.646702,53,158.60627620320855,2.0,1.0829614705882353,30.0,True
2_39_89_25_2019-07-02 13:16:21.610196,78,233.75691425608704,2.0,0.6951296263826043,11.0,True
2_39_89_25_2019-07-02 16:12:54.614710,53,101.2647603013,2.0,0.5904036871693121,10.0,True
2_39_89_25_2019-07-03 13:01:54.393867,85,259.7432653989801,1.0,0.5580302480158731,14.0,True
2_39_89_25_2019-07-03 16:01:00.728361,76,223.86531033525299,2.0,0.8400430859908066,14.0,True
2_39_89_25_2019-07-04 00:31:04.106608,52,148.75439872872226,1.0,0.39902664332399623,13.0,True
2_39_89_25_2019-07-05 15:39:43.468331,22,71.17795892857143,1.0,0.39878254273504277,6.0,True
2_39_89_25_2019-07-06 15:28:01.711750,58,197.00123948412698,0.0,0.0,0.0,False
2_39_89_25_2019-07-07 00:45:49.749590,140,443.9650657563025,1.0,0.33609902777777767,5.0,True
2_39_89_25_2019-07-08 16:15:06.572535,92,276.37404528029157,1.0,0.5469277478213508,15.0,True
2_39_89_25_2019-07-09 16:12:55.771535,82,280.1092002886003,3.0,0.7337115972222221,15.0,True
2_39_89_25_2019-07-10 15:43:18.271530,173,580.926433533868,7.0,2.219683860294117,26.0,True
2_39_89_25_2019-07-11 16:05:09.400124,117,359.9909394500108,2.0,0.9060914285714285,16.0,True
2_39_89_25_2019-07-11 22:39:58.024478,51,134.37624175285498,2.0,0.9831800840336136,15.0,True
2_39_89_25_2019-07-12 16:28:40.725661,78,228.85722916666666,1.0,0.45049083333333334,14.0,True
2_39_89_25_2019-07-14 15:13:12.265369,86,247.98250865384614,1.0,0.50263,14.0,True
2_39_89_25_2019-07-15 13:08:12.749514,79,246.7664369047619,1.0,0.3464190277777778,8.0,True
2_39_89_25_2019-07-15 16:20:43.110407,89,225.67272083333333,1.0,0.43575777777777774,12.0,True
2_39_89_25_2019-07-16 13:28:10.607428,72,220.53301666666667,0.0,0.0,0.0,False
2_39_89_25_2019-07-16 16:28:23.854981,79,234.77026854575163,1.0,0.5344044607843137,14.0,True
2_39_89_25_2019-07-17 01:18:17.644612,75,510.88131985294115,0.0,0.0,0.0,False
2_39_89_25_2019-07-17 16:11:19.013604,75,224.89188725490195,1.0,0.534315625,15.0,True
2_39_89_25_2019-07-18 16:27:36.231507,71,205.7152625,1.0,0.5332247222222222,15.0,True
2_39_89_25_2019-07-19 13:06:37.267780,75,245.46758553921566,1.0,0.2749777777777778,5.0,True
2_39_89_25_2019-07-19 16:20:57.923070,82,243.03382075163398,1.0,0.47630255855119824,14.0,True
2_39_89_25_2019-07-20 23:00:40.543955,74,225.43742083333333,1.0,0.4286500694444445,13.0,True
2_39_89_25_2019-07-21 22:56:16.341202,31,51.776283928571424,0.0,0.0,0.0,False
2_39_89_25_2019-07-22 16:09:27.601262,42,77.92696617647059,1.0,0.33518999999999993,10.0,True
2_39_89_25_2019-07-23 16:32:22.707713,51,95.41235972222222,1.0,0.2996435416666667,11.0,True
2_39_89_25_2019-07-24 16:52:43.771657,32,58.17285416666667,0.0,0.0,0.0,False
2_39_89_25_2019-07-25 16:09:38.675303,124,631.1679906862745,1.0,0.9594388888888888,21.0,True
2_39_89_25_2019-07-26 16:27:56.420538,225,764.4166569947209,8.0,3.4308154493464054,37.0,True
2_39_89_25_2019-07-27 00:00:06.024073,79,217.4179602833441,1.0,0.3882527083333335,11.0,True
2_39_89_25_2019-07-27 04:58:59.951906,220,1461.2263624999998,0.0,0.0,0.0,False
2_39_89_25_2019-07-27 13:27:48.653408,166,875.4967696428571,1.0,1.080652847222222,25.0,True
2_39_89_25_2019-07-27 22:49:33.217770,50,126.30852114845938,2.0,0.5704430555555555,10.0,True
2_39_89_25_2019-07-28 15:27:12.462179,78,259.3331942307692,0.0,0.0,0.0,False
2_39_89_25_2019-07-29 16:17:58.748820,51,96.08404999999999,1.0,0.3546615972222222,11.0,True
2_39_89_25_2019-07-30 15:35:40.658886,72,210.1530762254902,1.0,0.4756261111111111,14.0,True
2_39_89_25_2019-07-31 16:07:31.401782,74,217.27422303921568,1.0,0.5096775694444444,15.0,True
2_39_89_25_2019-08-01 16:34:42.833889,55,104.20587867647058,1.0,0.33734916666666664,10.0,True
2_39_89_25_2019-08-02 19:50:26.161217,67,120.49744999999999,1.0,0.21653944444444442,8.0,True
2_39_89_25_2019-08-03 22:33:30.186023,56,142.0702899509804,2.0,0.5646251919934642,12.0,True
2_39_89_25_2019-08-04 15:45:26.511955,78,231.02937549019606,2.0,0.7602191911764706,15.0,True
2_39_89_25_2019-08-04 18:20:14.555738,31,51.076690530303026,0.0,0.0,0.0,False
2_39_89_25_2019-08-05 13:15:53.186272,84,252.7808181372549,1.0,0.37487854166666673,10.0,True
2_39_89_25_2019-08-05 16:15:11.910288,57,109.92493406862745,1.0,0.33633033496732023,12.0,True
2_39_89_25_2019-08-05 21:00:21.796053,35,61.665391666666665,1.0,0.3305355555555555,10.0,True
2_39_89_25_2019-08-05 22:55:02.534062,29,48.87459730392157,1.0,0.2982697222222222,10.0,True
2_39_89_25_2019-08-06 16:33:18.958924,54,103.68914460784313,1.0,0.29224493055555556,11.0,True
2_39_89_25_2019-08-07 16:09:31.887304,192,591.35972552521,2.0,0.5241161805555556,11.0,True
2_39_89_25_2019-08-08 13:09:58.001123,75,238.02945929487177,0.0,0.0,0.0,False
2_39_89_25_2019-08-08 17:34:46.672721,70,231.49592647058822,3.0,0.7109817156862746,9.0,True
2_39_89_25_2019-08-09 13:04:02.873702,75,224.502075,1.0,0.436489375,11.0,True
2_39_89_25_2019-08-09 18:01:30.622351,79,236.52056211484592,1.0,0.5059242361111113,14.0,True
2_39_89_25_2019-08-10 01:04:56.311982,27,154.3619294117647,1.0,0.41910291666666666,7.0,True
2_39_89_25_2019-08-10 17:10:32.290319,74,243.46381221988796,0.0,0.0,0.0,False
2_39_89_25_2019-08-12 16:49:22.740672,55,161.85993075396826,1.0,0.3778224305555556,11.0,True
2_39_89_25_2019-08-14 16:15:32.563607,257,1444.5985834383753,1.0,0.9489043948412699,19.0,True
2_39_89_25_2019-08-15 16:20:40.114007,56,106.75892261904761,1.0,0.37122979166666664,11.0,True
2_39_89_25_2019-08-16 16:37:40.477354,52,155.90902205882352,1.0,0.29228000000000004,10.0,True
2_39_89_25_2019-08-17 22:30:05.634177,26,73.21269038461539,1.0,0.3255863888888889,9.0,True
2_39_89_25_2019-08-19 17:14:23.207793,57,171.6317416221034,1.0,0.3419910416666667,10.0,True
2_39_89_25_2019-08-20 16:16:10.457343,54,103.1795415535445,2.0,0.6121566748366013,11.0,True
2_39_89_25_2019-08-21 16:01:15.871131,46,312.0600429112554,0.0,0.0,0.0,False
2_39_89_25_2019-08-21 16:50:31.195534,81,475.3975046218487,0.0,0.0,0.0,False
2_39_89_25_2019-08-21 19:09:29.722025,267,910.8913772408963,11.0,3.1078595098039212,28.0,True
2_39_89_25_2019-08-22 16:24:58.565255,48,89.09693848039215,1.0,0.3486042892156863,11.0,True
2_39_89_25_2019-08-23 16:34:52.894046,68,134.7863156862745,2.0,0.6358981944444444,11.0,True
2_39_89_25_2019-08-24 18:16:05.232203,72,236.54493970588234,0.0,0.0,0.0,False
2_39_89_25_2019-08-25 15:26:26.380281,81,238.45390277777776,1.0,0.49269465277777785,15.0,True
2_39_89_439_2018-11-01 03:06:56.610230,58,114.84710531045751,0.0,0.0,0.0,False
2_39_89_439_2018-11-01 15:41:08.415231,34,55.218721486928104,0.0,0.0,0.0,False
2_39_89_439_2018-11-01 21:11:02.938342,31,51.688655677655674,0.0,0.0,0.0,False
2_39_89_439_2018-11-02 16:16:29.460942,77,226.82967035480857,0.0,0.0,0.0,False
2_39_89_439_2018-11-05 17:59:21.683966,291,1852.1763394114055,1.0,0.7580895284032416,17.0,True
2_39_89_439_2018-11-06 16:46:35.785342,31,50.735210154061626,0.0,0.0,0.0,False
2_39_89_439_2018-11-06 22:18:39.857486,32,91.11627171725333,1.0,0.23243360472860472,7.0,True
2_39_89_439_2018-11-07 17:03:45.149702,76,219.02183224789914,2.0,0.7874282802287582,15.0,True
2_39_89_439_2018-11-08 17:49:09.130381,113,596.3953668417366,0.0,0.0,0.0,False
2_39_89_439_2018-11-09 17:53:18.647961,73,478.8348240196078,0.0,0.0,0.0,False
2_39_89_439_2018-11-12 17:25:42.955957,177,1167.4465860048406,0.0,0.0,0.0,False
2_39_89_439_2018-11-12 22:50:57.753978,35,233.62374908410732,0.0,0.0,0.0,False
2_39_89_439_2018-11-13 17:45:26.289162,63,408.66351590495844,0.0,0.0,0.0,False
2_39_89_439_2018-11-14 16:51:51.637972,99,599.038433531746,0.0,0.0,0.0,False
2_39_89_439_2018-11-15 17:02:23.337348,32,56.16973459445181,0.0,0.0,0.0,False
2_39_89_439_2018-11-16 19:41:28.823323,95,573.4792978991596,0.0,0.0,0.0,False
2_39_89_439_2018-11-19 16:40:54.836832,186,1221.2933715255333,1.0,0.7339456349206351,13.0,True
2_39_89_439_2018-11-20 03:49:12.140621,30,50.442441421568624,0.0,0.0,0.0,False
2_39_89_439_2018-11-20 18:22:14.114257,54,351.08667888272714,0.0,0.0,0.0,False
2_39_89_439_2018-11-21 17:33:29.540288,32,52.58237706644061,0.0,0.0,0.0,False
2_39_89_439_2018-11-26 16:48:35.468075,470,2664.4644225657853,2.0,0.27717807734204797,6.0,True
2_39_89_439_2018-11-27 16:55:42.559330,32,51.4638968004218,0.0,0.0,0.0,False
2_39_89_439_2018-11-27 22:16:01.922444,219,628.0614527766522,2.0,0.3879065811965812,11.0,True
2_39_89_439_2018-11-28 17:07:48.147366,91,247.30627662722983,2.0,0.6710684821428571,15.0,True
2_39_89_439_2018-11-29 20:58:01.703294,125,414.24666050420166,2.0,0.4867235089869281,9.0,True
2_39_89_439_2018-11-30 22:51:04.542740,79,499.4233244828314,0.0,0.0,0.0,False
2_39_89_439_2018-12-02 20:18:20.501104,44,276.26854891105626,0.0,0.0,0.0,False
2_39_89_439_2018-12-03 18:07:55.102252,91,583.1707276853049,0.0,0.0,0.0,False
2_39_89_439_2018-12-05 17:07:47.030155,107,325.1273431372549,2.0,0.7471085294117648,15.0,True
2_39_89_439_2018-12-06 17:05:18.340800,119,351.4243553076696,1.0,0.5316838194444444,14.0,True
2_39_89_439_2018-12-07 22:30:25.996862,67,123.3015663165266,2.0,0.5830438439542482,8.0,True
2_39_89_439_2018-12-10 17:10:49.418597,40,57.7125709653092,0.0,0.0,0.0,False
2_39_89_439_2018-12-11 01:15:16.131253,73,201.4109875515996,1.0,0.45192575571895427,14.0,True
2_39_89_439_2018-12-11 17:10:34.574370,75,233.64841908777495,1.0,0.29195361111111107,5.0,True
2_39_89_439_2018-12-12 17:02:50.395518,82,233.2632126618866,0.0,0.0,0.0,False
2_39_89_439_2018-12-13 17:23:06.199914,139,338.57504520704697,1.0,0.3536169640914641,12.0,True
2_39_89_439_2018-12-14 16:53:12.588226,51,68.96083495810456,0.0,0.0,0.0,False
2_39_89_439_2018-12-17 17:47:34.415839,152,192.34615059133705,0.0,0.0,0.0,False
2_39_89_439_2018-12-18 01:17:47.786397,48,104.88791782690421,1.0,0.5463081658496732,18.0,True
2_39_89_439_2018-12-18 17:31:25.294113,108,277.03879429035015,2.0,0.7408797027699968,15.0,True
2_39_89_439_2018-12-19 17:38:43.360552,88,249.6338788868811,2.0,0.7518164093137255,16.0,True
2_39_89_439_2018-12-20 17:30:30.498134,91,241.91774105673736,1.0,0.5147878349673203,17.0,True
2_39_89_439_2018-12-21 20:39:30.984263,95,248.78761753879076,1.0,0.5662685356104165,18.0,True
2_39_89_439_2019-01-03 18:52:46.457926,97,285.78325488599376,1.0,0.5793573148148149,19.0,True
2_39_89_439_2019-01-08 19:34:06.771116,114,316.85447870281666,1.0,0.3650315277777778,11.0,True
2_39_89_439_2019-01-09 16:35:46.208580,31,50.773099587912085,0.0,0.0,0.0,False
2_39_89_439_2019-01-10 19:29:03.041560,179,850.4696574370159,0.0,0.0,0.0,False
2_39_89_439_2019-01-14 17:23:12.138225,139,318.6477254456113,1.0,0.2158753110410831,12.0,True
2_39_89_439_2019-01-15 17:01:54.516847,106,565.7705052167439,0.0,0.0,0.0,False
2_39_89_439_2019-01-16 16:13:40.391513,197,878.200606747226,1.0,0.6819241057812014,13.0,True
2_39_89_439_2019-01-17 17:12:40.964060,98,264.1443129226982,2.0,0.6368800574915281,14.0,True
2_39_89_439_2019-01-23 16:50:13.888937,151,913.1172266447647,1.0,0.18284465277777778,5.0,True
2_39_89_439_2019-01-24 17:09:45.868042,111,339.05929402427637,2.0,0.8354237050653595,17.0,True
2_39_89_439_2019-02-01 17:31:25.292208,32,51.82060416666666,0.0,0.0,0.0,False
2_39_89_439_2019-02-01 19:47:22.463831,81,236.67172549019605,2.0,0.7852328635620915,17.0,True
2_39_89_439_2019-02-05 16:41:29.935089,124,347.02314335207274,2.0,0.43775076159951165,8.0,True
2_39_89_439_2019-02-06 17:04:57.532571,110,327.18596911764706,2.0,0.8700455419389979,14.0,True
2_39_89_439_2019-02-07 21:33:59.438972,67,449.6767085348174,0.0,0.0,0.0,False
2_39_89_439_2019-02-08 17:03:04.898046,120,714.2471382397358,1.0,0.23940587962962964,7.0,True
2_39_89_439_2019-02-08 21:08:54.920478,30,177.13086690009337,1.0,0.23646560049019613,6.0,True
2_39_89_439_2019-02-13 22:08:01.677444,86,476.4329431722689,1.0,0.7686213888888889,15.0,True
2_39_89_439_2019-02-14 21:34:36.606595,97,649.7518083333333,0.0,0.0,0.0,False
2_39_89_439_2019-02-20 22:53:02.702513,80,265.67779672345625,0.0,0.0,0.0,False
2_39_89_439_2019-02-21 19:23:18.369428,69,138.04589600840336,1.0,0.2654702083333333,9.0,True
2_39_89_439_2019-02-22 17:41:40.894861,39,54.5982416774402,0.0,0.0,0.0,False
2_39_89_439_2019-02-25 17:23:51.562104,105,321.979599866555,2.0,0.9322544899177618,15.0,True
2_39_89_439_2019-03-04 16:58:36.588196,179,1149.440868208752,0.0,0.0,0.0,False
2_39_89_439_2019-03-05 17:11:02.407617,97,291.9087682306256,1.0,0.46479993872549025,15.0,True
2_39_89_439_2019-03-08 20:52:09.906504,68,135.39393549253035,1.0,0.27709467106286956,9.0,True
2_39_89_439_2019-03-11 17:41:05.058480,113,686.9142649114774,1.0,0.2311926984126984,6.0,True
2_39_89_439_2019-03-12 18:52:53.258592,185,1245.6746155929038,0.0,0.0,0.0,False
2_39_89_439_2019-03-14 18:44:10.895926,67,134.07884264705882,1.0,0.1941654166666667,7.0,True
2_39_89_439_2019-03-19 19:38:22.926639,230,1541.1270883986926,0.0,0.0,0.0,False
2_39_89_439_2019-03-26 16:04:03.008220,187,1247.4376971126912,0.0,0.0,0.0,False
2_39_89_439_2019-03-27 16:10:42.113099,87,253.30384933473388,2.0,0.7705684027777777,16.0,True
2_39_89_439_2019-04-01 21:12:11.218245,111,719.5108429487179,0.0,0.0,0.0,False
2_39_89_439_2019-04-02 16:06:28.067816,82,243.85245910364145,2.0,0.7692615114379086,15.0,True
2_39_89_439_2019-04-03 16:06:40.986090,81,239.80550833333334,1.0,0.5134715972222222,15.0,True
2_39_89_439_2019-04-09 16:31:24.811836,116,693.1885147058823,1.0,0.1965178472222222,5.0,True
2_39_89_439_2019-04-10 17:07:13.850293,100,644.7720758087501,0.0,0.0,0.0,False
2_39_89_439_2019-04-12 16:05:39.685901,84,249.7180257352941,1.0,0.500268263888889,14.0,True
2_39_89_439_2019-04-15 16:44:31.872255,134,329.34624876283846,1.0,0.4590844975490196,14.0,True
2_39_89_439_2019-04-16 16:37:31.455352,81,211.4682761904762,1.0,0.8640321014239027,28.0,True
2_39_89_439_2019-04-17 16:29:19.987020,136,796.5693089743589,0.0,0.0,0.0,False
2_39_89_439_2019-04-18 21:03:49.408843,31,193.46476666666666,0.0,0.0,0.0,False
2_39_89_439_2019-04-22 16:19:45.173221,123,760.0022524509803,1.0,0.24170173611111115,7.0,True
2_39_89_439_2019-04-23 16:51:07.178931,97,594.6438821428571,1.0,0.18160673611111117,5.0,True
2_39_89_439_2019-04-25 17:11:14.934790,31,53.1547981060606,0.0,0.0,0.0,False
2_39_89_439_2019-04-26 16:01:19.221416,97,326.51620486694674,1.0,0.27855986111111114,5.0,True
2_39_89_439_2019-04-26 20:26:43.709771,33,53.006544852941175,0.0,0.0,0.0,False
2_39_89_439_2019-04-30 16:06:46.832433,107,254.21053774509804,2.0,0.4673310416666667,11.0,True
2_39_89_439_2019-05-01 16:48:02.613902,177,462.3524091688557,0.0,0.0,0.0,False
2_39_89_439_2019-05-02 17:08:25.558626,50,309.53124534313724,1.0,0.6160106249999999,7.0,True
2_39_89_439_2019-05-06 18:05:26.404915,113,685.5194210784314,0.0,0.0,0.0,False
2_39_89_439_2019-05-07 16:16:26.247682,83,212.749197372721,2.0,0.5027615740740741,12.0,True
2_39_89_439_2019-05-10 17:59:44.622904,130,794.3321943627451,1.0,0.1875956944444444,5.0,True
2_39_89_439_2019-05-13 16:31:42.830709,107,253.55574125816992,1.0,0.5280454166666667,14.0,True
2_39_89_439_2019-05-14 16:28:50.997586,74,218.9743440359477,1.0,0.49230039351851856,15.0,True
2_39_89_439_2019-05-15 16:13:17.765617,80,235.77270490196076,1.0,0.5219528635620915,15.0,True
2_39_89_439_2019-05-16 16:27:49.962650,90,273.2030833333333,2.0,0.7902307638888888,15.0,True
2_39_89_439_2019-05-17 16:42:45.392857,72,212.77083406862744,1.0,0.5084816176470589,14.0,True
2_39_89_439_2019-05-20 16:10:57.484665,89,264.01212883986926,1.0,0.5328725285947712,16.0,True
2_39_89_439_2019-05-21 16:12:05.751033,86,257.873056192108,2.0,0.7752263585024652,14.0,True
2_39_89_439_2019-05-22 16:10:16.208850,77,227.25724583333331,2.0,0.6839596527777778,15.0,True
2_39_89_439_2019-05-23 20:32:49.087344,28,48.90349543650793,0.0,0.0,0.0,False
2_39_89_439_2019-05-29 16:09:40.080556,78,227.2634625,1.0,0.4810389583333333,15.0,True
2_39_89_439_2019-05-30 16:19:48.206355,108,249.42089583333333,2.0,0.4854463888888888,11.0,True
2_39_89_439_2019-06-03 13:29:42.105599,75,252.31855098039213,1.0,0.2779151388888889,5.0,True
2_39_89_439_2019-06-03 17:45:03.628122,210,1404.6840264705882,1.0,0.6742256944444445,13.0,True
2_39_89_439_2019-06-04 16:22:54.965113,71,207.04525416666667,2.0,0.8859477083333334,15.0,True
2_39_89_439_2019-06-05 18:11:14.393912,31,52.994880555555554,0.0,0.0,0.0,False
2_39_89_439_2019-06-07 18:08:07.788730,106,642.0447435810105,1.0,0.23051666666666665,6.0,True
2_39_89_439_2019-06-10 13:04:33.121239,75,233.69548195432017,1.0,0.26574006944444445,5.0,True
2_39_89_439_2019-06-10 16:55:32.724032,127,771.0732583333333,1.0,0.15863986111111117,5.0,True
2_39_89_439_2019-06-11 18:40:54.933731,111,703.8885516339869,1.0,0.6882510593681918,13.0,True
2_39_89_439_2019-06-12 17:32:01.164694,61,382.4812795454545,0.0,0.0,0.0,False
2_39_89_439_2019-06-12 20:21:57.474885,196,1260.7124968137255,0.0,0.0,0.0,False
2_39_89_439_2019-06-13 20:57:30.504967,72,436.69113749999997,1.0,0.6394475694444445,7.0,True
2_39_89_439_2019-06-14 16:51:17.897723,30,67.76909362745097,1.0,0.5098578553921569,13.0,True
2_39_89_439_2019-06-15 19:51:08.925953,82,264.88111470588234,1.0,0.29947555555555555,5.0,True
2_39_89_439_2019-06-17 20:00:58.775464,114,354.312831337535,1.0,0.5294244047619048,14.0,True
2_39_89_439_2019-06-21 20:00:16.089015,28,36.29214534313726,1.0,0.22713299428104575,11.0,True
2_39_89_439_2019-06-28 18:09:20.620498,155,505.42891928104575,1.0,1.2745600694444443,56.0,True
2_39_89_439_2019-07-02 16:10:32.762046,71,205.44411007056667,2.0,0.8455897927889106,13.0,True
2_39_89_439_2019-07-10 16:06:14.633345,92,272.70751022727273,2.0,0.7779922222222222,15.0,True
2_39_89_439_2019-07-11 16:37:44.361886,110,327.3435655192846,2.0,0.8762589774114773,15.0,True
2_39_89_439_2019-07-21 13:27:48.401423,30,52.789479166666666,0.0,0.0,0.0,False
2_39_89_439_2019-08-02 16:21:28.171558,71,204.0031303362573,2.0,0.7313409722222222,14.0,True
2_39_89_439_2019-08-05 16:10:50.026953,79,229.42441348039216,1.0,0.5131570833333332,14.0,True
2_39_89_439_2019-08-20 17:06:08.006531,119,368.78143039215684,1.0,0.48873846813725497,15.0,True
2_39_89_439_2019-08-22 16:55:04.706926,73,214.61025654761903,1.0,0.4566450694444446,14.0,True
2_39_89_439_2019-08-23 16:57:59.477731,111,337.04996715686275,1.0,0.5566263807189543,15.0,True
2_39_90_26_2018-11-01 04:53:58.292201,37,203.627765871173,0.0,0.0,0.0,False
2_39_90_26_2018-11-01 05:32:47.339653,20,83.61494525713795,0.0,0.0,0.0,False
2_39_90_26_2018-11-01 15:46:52.956813,217,1357.1769176339699,0.0,0.0,0.0,False
2_39_90_26_2018-11-02 15:37:17.505596,195,1321.2249437045712,0.0,0.0,0.0,False
2_39_90_26_2018-11-04 22:45:54.733089,31,53.21417009803921,0.0,0.0,0.0,False
2_39_90_26_2018-11-05 16:42:58.398449,68,107.84328104575162,1.0,0.1618723611111111,8.0,True
2_39_90_26_2018-11-06 16:33:27.587358,66,132.00796675389452,1.0,0.3459507843137255,10.0,True
2_39_90_26_2018-11-07 17:24:26.125077,88,444.7993803970711,0.0,0.0,0.0,False
2_39_90_26_2018-11-08 18:07:54.227371,89,475.6046114379085,0.0,0.0,0.0,False
2_39_90_26_2018-11-09 16:49:36.805765,67,133.43278987358102,2.0,0.6789827818627452,10.0,True
2_39_90_26_2018-11-11 18:19:16.096197,239,1627.065789346919,0.0,0.0,0.0,False
2_39_90_26_2018-11-12 16:57:23.545126,74,206.25154786168852,0.0,0.0,0.0,False
2_39_90_26_2018-11-12 22:32:11.779905,32,53.321699748144866,0.0,0.0,0.0,False
2_39_90_26_2018-11-13 17:41:02.567601,31,46.77136593137255,0.0,0.0,0.0,False
2_39_90_26_2018-11-14 06:41:27.813811,259,1788.5173249287968,0.0,0.0,0.0,False
2_39_90_26_2018-11-14 17:03:14.349444,91,283.0145915087965,1.0,0.3952859118691336,10.0,True
2_39_90_26_2018-11-15 16:01:14.393091,240,1467.3479296043954,0.0,0.0,0.0,False
2_39_90_26_2018-11-15 20:58:16.809179,211,1207.8179262066149,1.0,0.9423257089209954,20.0,True
2_39_90_26_2018-11-16 20:26:01.638553,45,148.09208644220845,2.0,1.062913538871689,16.0,True
2_39_90_26_2018-11-19 17:59:28.641708,167,1013.8154392126148,0.0,0.0,0.0,False
2_39_90_26_2018-11-20 18:18:56.360942,62,354.8634730865153,0.0,0.0,0.0,False
2_39_90_26_2018-11-21 16:55:11.807022,58,111.06128502189674,2.0,4.80932898957975,29.0,True
2_39_90_26_2018-11-21 21:11:28.484081,42,67.86252801919012,1.0,2.0165109212573915,20.0,True
2_39_90_26_2018-11-26 16:07:50.342401,240,820.4024325514011,2.0,1.6250419444444448,31.0,True
2_39_90_26_2018-11-27 15:16:56.516580,230,1093.5114477995173,2.0,0.8586133395730087,17.0,True
2_39_90_26_2018-11-28 00:15:57.896344,109,657.989467482526,0.0,0.0,0.0,False
2_39_90_26_2018-11-28 17:02:33.168949,167,1013.0794985160221,0.0,0.0,0.0,False
2_39_90_26_2018-11-29 20:31:20.487988,120,782.6952349326327,0.0,0.0,0.0,False
2_39_90_26_2018-11-30 17:54:02.503270,101,291.4969543112897,1.0,0.5473170850840336,18.0,True
2_39_90_26_2018-12-03 18:39:13.363392,394,2515.3730834062994,0.0,0.0,0.0,False
2_39_90_26_2018-12-04 16:27:20.297014,130,826.7270313547349,1.0,0.5424418248132586,7.0,True
2_39_90_26_2018-12-05 16:13:56.536275,132,834.696347805789,1.0,0.6443401715686274,8.0,True
2_39_90_26_2018-12-07 18:38:53.389686,44,236.5570517783429,0.0,0.0,0.0,False
2_39_90_26_2018-12-10 18:06:03.107788,139,776.8346689703142,0.0,0.0,0.0,False
2_39_90_26_2018-12-11 20:14:03.057706,31,52.09776585335889,0.0,0.0,0.0,False
2_39_90_26_2018-12-12 18:29:02.680865,78,393.63069240902286,0.0,0.0,0.0,False
2_39_90_26_2018-12-14 18:03:14.518720,126,712.9226634425228,1.0,0.7017142117958295,14.0,True
2_39_90_26_2018-12-18 17:43:15.969514,46,79.41260463991632,1.0,0.12429710735171261,6.0,True
2_39_90_26_2019-01-03 21:30:15.887776,129,405.33016071976266,1.0,0.45743990798073614,12.0,True
2_39_90_26_2019-01-04 17:35:00.117359,52,70.78157833362943,0.0,0.0,0.0,False
2_39_90_26_2019-01-07 20:03:18.208621,146,394.1954744699401,1.0,0.28719247883802645,9.0,True
2_39_90_26_2019-01-08 17:50:25.630471,64,112.21178174100152,1.0,0.3799183754729962,13.0,True
2_39_90_26_2019-01-10 22:36:03.087656,97,529.054217170175,0.0,0.0,0.0,False
2_39_90_26_2019-01-11 17:16:11.518401,108,560.9015109110411,0.0,0.0,0.0,False
2_39_90_26_2019-01-11 19:20:43.659800,301,1514.4783655728108,0.0,0.0,0.0,False
2_39_90_26_2019-01-14 15:39:26.443414,152,819.8557920576692,1.0,0.5429944812091504,6.0,True
2_39_90_26_2019-01-15 16:04:31.584617,118,336.8885829867759,1.0,0.3241534119148825,9.0,True
2_39_90_26_2019-01-16 17:59:51.707296,144,750.5527904240539,1.0,0.8848459979652414,14.0,True
2_39_90_26_2019-01-17 21:13:56.539932,76,139.67384934535707,2.0,0.5055126390629351,8.0,True
2_39_90_26_2019-01-18 20:56:24.820696,37,60.05914844059113,0.0,0.0,0.0,False
2_39_90_26_2019-01-22 16:40:22.087552,134,844.0706166095342,0.0,0.0,0.0,False
2_39_90_26_2019-01-24 16:41:48.562781,132,840.6582423558897,1.0,0.6496868586601308,8.0,True
2_39_90_26_2019-01-25 21:46:36.957407,33,92.85459044117647,2.0,0.8699564460784314,9.0,True
2_39_90_26_2019-01-28 17:11:48.857256,47,162.59818718487395,0.0,0.0,0.0,False
2_39_90_26_2019-01-28 21:06:09.429462,118,386.1591907239819,1.0,0.3462840972222222,8.0,True
2_39_90_26_2019-01-29 16:36:50.250734,130,835.3173921460892,0.0,0.0,0.0,False
2_39_90_26_2019-01-30 18:19:31.482711,109,400.03091866246496,2.0,1.6138991783380021,51.0,True
2_39_90_26_2019-02-01 17:44:03.482974,282,967.5206651066769,5.0,0.9421261111111111,13.0,True
2_39_90_26_2019-02-04 18:13:44.028511,184,701.200479143324,0.0,0.0,0.0,False
2_39_90_26_2019-02-05 16:41:03.776710,134,830.2104317537253,1.0,0.6650866203703704,7.0,True
2_39_90_26_2019-02-06 23:49:16.580836,141,453.59528494615546,3.0,1.099909965569561,17.0,True
2_39_90_26_2019-02-07 16:07:37.112710,116,365.3908242889463,3.0,0.795483942232876,11.0,True
2_39_90_26_2019-02-08 18:03:43.961508,115,695.4699987619406,1.0,0.9322802655228758,17.0,True
2_39_90_26_2019-02-12 20:57:33.897077,27,160.91727397186148,0.0,0.0,0.0,False
2_39_90_26_2019-02-14 17:27:03.662992,129,753.0613721288515,1.0,0.6544150653594771,14.0,True
2_39_90_26_2019-02-15 18:00:17.096801,119,734.3873603192559,1.0,0.7883548611111112,17.0,True
2_39_90_26_2019-02-16 20:25:37.656237,213,1065.4193165499532,4.0,1.4929070833333333,33.0,True
2_39_90_26_2019-02-20 16:36:12.353423,141,824.940687541771,1.0,0.8166566244553376,14.0,True
2_39_90_26_2019-02-21 18:00:51.320716,61,117.27821867324039,2.0,0.6679236548572518,11.0,True
2_39_90_26_2019-02-23 19:13:33.426205,28,173.99027627127774,0.0,0.0,0.0,False
2_39_90_26_2019-02-26 05:05:06.271822,57,395.97226666666666,0.0,0.0,0.0,False
2_39_90_26_2019-02-26 18:04:31.495561,63,410.86328125952133,0.0,0.0,0.0,False
2_39_90_26_2019-02-26 20:46:21.496430,118,752.0964701525427,1.0,0.6695141789215685,8.0,True
2_39_90_26_2019-02-27 18:10:34.440583,24,38.196011640087,0.0,0.0,0.0,False
2_39_90_26_2019-02-28 18:35:58.062124,74,115.19020221653543,0.0,0.0,0.0,False
2_39_90_26_2019-03-05 18:08:57.900599,46,117.94953473942208,1.0,0.4925659430541222,16.0,True
2_39_90_26_2019-03-06 20:53:13.304951,70,201.26016968178263,2.0,0.8699522614253965,14.0,True
2_39_90_26_2019-03-07 19:49:03.488191,118,384.17547216159744,1.0,0.08594340277777776,5.0,True
2_39_90_26_2019-03-08 16:36:44.576903,77,221.07181207983191,2.0,0.7643347975023344,17.0,True
2_39_90_26_2019-03-11 16:36:40.118728,132,828.6089946321308,1.0,0.6338799388483464,9.0,True
2_39_90_26_2019-03-12 16:41:55.866543,87,268.8620833056735,2.0,1.731131429411232,50.0,True
2_39_90_26_2019-03-13 17:12:16.415030,107,668.3437534703315,1.0,0.8488235121852753,16.0,True
2_39_90_26_2019-03-14 17:21:39.451796,193,1232.4359711779448,1.0,0.6377531617647061,14.0,True
2_39_90_26_2019-03-15 16:10:35.294463,194,1262.004208140505,1.0,0.7539722095373238,16.0,True
2_39_90_26_2019-03-18 16:59:49.548924,146,728.3811958289087,0.0,0.0,0.0,False
2_39_90_26_2019-03-19 15:58:49.362353,43,111.44092083333332,1.0,0.529375625,15.0,True
2_39_90_26_2019-03-21 17:03:23.554269,207,619.1335662313421,2.0,2.0822398861147025,66.0,True
2_39_90_26_2019-03-22 21:41:24.372362,34,175.27637306275594,0.0,0.0,0.0,False
2_39_90_26_2019-03-26 18:13:03.539771,45,84.54940528711484,1.0,0.28211191584967316,10.0,True
2_39_90_26_2019-03-27 20:16:16.552400,71,233.95008219696967,1.0,0.1082059722222222,5.0,True
2_39_90_26_2019-03-28 15:01:44.259049,71,221.89000220588235,2.0,0.4693843055555556,9.0,True
2_39_90_26_2019-03-29 14:58:03.335682,36,242.65349999999998,0.0,0.0,0.0,False
2_39_90_26_2019-03-29 17:04:21.873946,102,637.5897985294117,1.0,0.6929393750000001,14.0,True
2_39_90_26_2019-04-01 16:55:56.664055,128,791.0864790966386,1.0,0.7451879971988796,16.0,True
2_39_90_26_2019-04-02 20:20:51.831948,21,54.98442083333333,1.0,0.2656727777777778,7.0,True
2_39_90_26_2019-04-04 17:04:48.582813,114,724.7439986928105,1.0,0.7171588725490196,15.0,True
2_39_90_26_2019-04-05 18:33:36.920628,251,843.1664654379933,2.0,0.5413126879084966,12.0,True
2_39_90_26_2019-04-08 18:24:32.780355,126,826.4328061274509,0.0,0.0,0.0,False
2_39_90_26_2019-04-08 20:51:09.052047,89,283.7975378205128,0.0,0.0,0.0,False
2_39_90_26_2019-04-08 23:08:04.714093,59,389.7087494047619,0.0,0.0,0.0,False
2_39_90_26_2019-04-09 17:18:20.352731,148,723.097624754902,2.0,1.129108263888889,29.0,True
2_39_90_26_2019-04-10 19:50:50.999237,44,111.04629583333333,1.0,0.5293827083333333,16.0,True
2_39_90_26_2019-04-12 20:41:21.080920,196,1217.828124898141,0.0,0.0,0.0,False
2_39_90_26_2019-04-15 13:28:31.930397,218,1171.4810954646703,2.0,1.1818319675925928,28.0,True
2_39_90_26_2019-04-15 19:33:26.615262,77,462.165408496732,1.0,0.6906896732026143,8.0,True
2_39_90_26_2019-04-16 17:04:56.686453,63,118.94538005368814,1.0,0.3634844854374498,11.0,True
2_39_90_26_2019-04-17 13:53:53.345013,228,1367.7036676470589,0.0,0.0,0.0,False
2_39_90_26_2019-04-18 16:17:39.555171,79,494.56902818627447,1.0,0.6871338888888888,12.0,True
2_39_90_26_2019-04-19 20:50:33.054844,61,122.05009852941176,2.0,0.626240486111111,8.0,True
2_39_90_26_2019-04-22 16:39:23.864281,70,321.84148676470585,1.0,0.5302192361111112,7.0,True
2_39_90_26_2019-04-22 20:54:05.929090,235,1289.7559285444947,2.0,1.2781396474358977,36.0,True
2_39_90_26_2019-04-23 17:02:27.300102,114,659.6405946895425,1.0,0.7300245057189543,15.0,True
2_39_90_26_2019-04-24 16:41:42.427619,58,110.02702320261437,1.0,0.2698764188453159,11.0,True
2_39_90_26_2019-04-25 16:26:12.486078,76,223.48508767507002,1.0,0.5126058630952381,15.0,True
2_39_90_26_2019-04-26 17:48:57.344490,222,1369.5824648950809,0.0,0.0,0.0,False
2_39_90_26_2019-04-29 17:00:25.406952,185,1168.572169467787,0.0,0.0,0.0,False
2_39_90_26_2019-04-30 16:17:12.304967,190,1155.9609961161386,0.0,0.0,0.0,False
2_39_90_26_2019-05-01 16:37:15.246069,98,325.6354981596147,3.0,1.6761776436188507,30.0,True
2_39_90_26_2019-05-02 16:12:44.566586,114,661.9280195777434,1.0,0.5951240441176471,8.0,True
2_39_90_26_2019-05-03 21:33:23.089531,106,657.1850631750946,1.0,0.7279161683006538,20.0,True
2_39_90_26_2019-05-06 16:37:18.264898,115,345.6052140151515,3.0,1.5064699305555556,33.0,True
2_39_90_26_2019-05-07 17:09:09.621224,128,720.9599670698711,1.0,0.7360529861111111,13.0,True
2_39_90_26_2019-05-08 18:04:59.525697,206,661.1110778964285,3.0,0.8323657341269841,13.0,True
2_39_90_26_2019-05-09 15:56:11.857344,31,51.56075,0.0,0.0,0.0,False
2_39_90_26_2019-05-10 16:57:01.226605,108,358.14815934873945,2.0,0.7245092361111111,12.0,True
2_39_90_26_2019-05-13 15:20:51.594568,66,132.5712444327731,2.0,0.5932970138888889,9.0,True
2_39_90_26_2019-05-15 19:37:24.052537,35,63.47892638888889,2.0,0.6394400694444444,9.0,True
2_39_90_26_2019-05-17 16:56:17.527212,66,129.28454583333334,1.0,0.3353214583333333,12.0,True
2_39_90_26_2019-05-20 17:08:07.345405,73,210.73937619047618,1.0,0.5564401289682539,17.0,True
2_39_90_26_2019-05-21 16:41:38.871241,61,117.37218869047618,2.0,0.6448866666666666,9.0,True
2_39_90_26_2019-05-22 17:59:56.182677,21,35.056225,0.0,0.0,0.0,False
2_39_90_26_2019-05-22 18:27:07.661175,32,58.0181635989011,0.0,0.0,0.0,False
2_39_90_26_2019-05-23 16:13:09.550787,112,710.2307842948718,1.0,0.6901931944444444,16.0,True
2_39_90_26_2019-05-24 19:56:42.968188,113,342.78195,2.0,0.7481565972222222,15.0,True
2_39_90_26_2019-05-28 16:14:51.424235,125,457.61633333333333,2.0,1.945687986111111,59.0,True
2_39_90_26_2019-05-29 18:07:17.258351,66,124.58348522727272,1.0,0.27144006944444443,8.0,True
2_39_90_26_2019-05-30 16:49:19.547743,134,841.9429769607842,1.0,0.585200751633987,7.0,True
2_39_90_26_2019-05-31 17:10:12.816876,112,710.4352362745097,1.0,0.6981682557189544,14.0,True
2_39_90_26_2019-06-03 17:07:23.406524,117,436.37926446078427,3.0,1.8594637867647057,40.0,True
2_39_90_26_2019-06-04 19:59:29.309104,149,751.9657549836601,2.0,1.2243516013071893,29.0,True
2_39_90_26_2019-06-05 16:04:44.446308,33,59.856707999108735,0.0,0.0,0.0,False
2_39_90_26_2019-06-06 16:36:12.206363,53,101.92643372926094,1.0,0.30180584150326795,10.0,True
2_39_90_26_2019-06-07 18:01:03.318194,171,1080.4450476049192,0.0,0.0,0.0,False
2_39_90_26_2019-06-10 17:13:02.922033,122,687.9027017156862,1.0,0.7055727369281046,13.0,True
2_39_90_26_2019-06-11 17:06:33.044874,49,92.82706666666667,2.0,0.6445866666666666,10.0,True
2_39_90_26_2019-06-12 16:12:55.103167,51,138.23214166666665,1.0,0.5386000000000001,14.0,True
2_39_90_26_2019-06-14 16:19:05.452735,31,51.87739828431372,0.0,0.0,0.0,False
2_39_90_26_2019-06-18 16:23:33.012698,138,693.0842676820728,1.0,1.081572205882353,26.0,True
2_39_90_26_2019-06-19 16:51:31.765145,38,207.12864047619047,1.0,0.5711330555555556,7.0,True
2_39_90_26_2019-06-20 19:32:07.024156,120,397.2743990950226,2.0,0.5309819362745098,8.0,True
2_39_90_26_2019-06-24 20:38:08.094212,33,53.35370451680672,0.0,0.0,0.0,False
2_39_90_26_2019-06-25 16:46:25.098082,50,92.80610138888889,1.0,0.3191936111111111,11.0,True
2_39_90_26_2019-06-26 18:15:36.962470,49,131.2343125,1.0,0.4860676388888888,14.0,True
2_39_90_26_2019-06-27 17:31:32.705767,112,714.5227680672268,1.0,0.6648172222222223,13.0,True
2_39_90_26_2019-06-28 20:05:53.628632,62,126.24879999999999,1.0,0.23945104166666667,8.0,True
2_39_90_26_2019-07-02 16:58:43.198654,113,704.4536200091575,1.0,0.7801101838235295,11.0,True
2_39_90_26_2019-07-03 16:25:10.548367,57,110.09616499676793,2.0,0.7532181463675214,12.0,True
2_39_90_26_2019-07-09 16:28:35.342186,93,337.93279544817926,3.0,1.5539038888888892,39.0,True
2_39_90_26_2019-07-10 17:13:11.466941,109,691.9112203754578,1.0,0.6455271527777777,14.0,True
2_39_90_26_2019-07-11 19:33:58.211771,66,126.44851386285282,1.0,0.18815777777777776,7.0,True
2_39_90_26_2019-07-12 16:57:18.080221,104,656.3100916666666,1.0,0.6579838194444445,12.0,True
2_39_90_26_2019-07-15 13:44:01.361400,106,355.60212916666666,0.0,0.0,0.0,False
2_39_90_26_2019-07-15 18:35:18.245327,83,245.88164004010693,2.0,0.7357943300653594,15.0,True
2_39_90_26_2019-07-16 04:50:15.251983,167,904.4488049719887,2.0,1.2284570337301586,24.0,True
2_39_90_26_2019-07-16 17:20:02.695406,32,54.02148025210084,0.0,0.0,0.0,False
2_39_90_26_2019-07-17 18:47:15.985485,68,140.38886310199518,1.0,0.28072305555555555,8.0,True
2_39_90_26_2019-07-18 18:44:50.541843,52,142.3612,2.0,0.7739454861111111,15.0,True
2_39_90_26_2019-07-19 17:02:35.007294,102,641.6856166666666,1.0,0.6750577083333333,12.0,True
2_39_90_26_2019-07-22 18:41:50.088913,85,288.69526838235294,2.0,1.0461467769607842,33.0,True
2_39_90_26_2019-07-23 17:08:19.248405,107,680.2986625,1.0,0.7137806250000001,13.0,True
2_39_90_26_2019-07-24 17:39:46.826248,31,52.45386607142857,0.0,0.0,0.0,False
2_39_90_26_2019-07-25 16:50:45.068772,236,791.0292257936508,9.0,3.3738324430049795,38.0,True
2_39_90_26_2019-07-26 18:25:18.513047,44,114.65031904761905,2.0,0.8039827777777777,15.0,True
2_39_90_26_2019-07-30 17:22:43.869004,44,81.60124926470588,1.0,0.2892072222222222,10.0,True
2_39_90_26_2019-08-02 16:35:00.182229,64,125.46042720588234,1.0,0.3229122222222222,11.0,True
2_39_90_26_2019-08-06 21:48:29.863919,73,222.9486682072829,2.0,0.4604993055555555,12.0,True
2_39_90_26_2019-08-08 20:09:27.948706,162,537.3797241919845,0.0,0.0,0.0,False
2_39_90_26_2019-08-09 20:25:45.424161,121,401.4677220588235,1.0,0.32434381944444446,7.0,True
2_39_90_26_2019-08-12 20:46:11.518483,41,101.562225,2.0,0.498633125,8.0,True
2_39_90_26_2019-08-13 17:01:26.714372,17,65.87885416666666,1.0,0.6843034027777778,12.0,True
2_39_90_26_2019-08-14 16:26:30.408910,58,111.5795681372549,1.0,0.30192284722222223,10.0,True
2_39_90_26_2019-08-15 19:36:23.330802,122,402.7652534614723,2.0,0.786300403910102,18.0,True
2_39_90_26_2019-08-16 16:43:43.368080,257,897.1401000988992,5.0,0.8818145928649238,13.0,True
2_39_90_26_2019-08-19 20:36:53.750695,250,1369.0200223125214,1.0,1.1510576320806098,36.0,True
2_39_90_26_2019-08-20 17:09:52.920461,97,598.93311214126,0.0,0.0,0.0,False
2_39_90_26_2019-08-21 16:34:13.596324,20,101.79396057791537,1.0,0.5013441864465085,8.0,True
2_39_90_26_2019-08-22 16:52:52.958204,223,1498.9540151401789,0.0,0.0,0.0,False
2_39_90_26_2019-08-23 20:50:50.190838,34,54.36310196078431,0.0,0.0,0.0,False
2_39_90_440_2018-11-01 05:53:48.467907,31,57.942233605223464,0.0,0.0,0.0,False
2_39_90_440_2018-11-01 14:26:09.832462,177,852.2162683941187,0.0,0.0,0.0,False
2_39_90_440_2018-11-01 19:31:53.932245,33,59.93347177552839,0.0,0.0,0.0,False
2_39_90_440_2018-11-01 21:07:43.558874,32,53.66506281512605,0.0,0.0,0.0,False
2_39_90_440_2018-11-02 22:29:18.373060,27,44.59365562974607,0.0,0.0,0.0,False
2_39_90_440_2018-11-05 16:32:33.343753,164,978.9862563786918,1.0,0.612270175653595,12.0,True
2_39_90_440_2018-11-06 00:51:10.945398,31,52.41266442577031,0.0,0.0,0.0,False
2_39_90_440_2018-11-06 15:13:32.752282,32,52.688029656862746,0.0,0.0,0.0,False
2_39_90_440_2018-11-06 20:09:05.736410,170,801.1001390549809,2.0,1.5649420634920634,39.0,True
2_39_90_440_2018-11-07 16:05:50.232979,31,51.02268434689665,0.0,0.0,0.0,False
2_39_90_440_2018-11-07 19:08:22.879809,99,293.03663952958374,2.0,0.7216328839869282,15.0,True
2_39_90_440_2018-11-08 18:16:44.253653,50,131.93513168153225,2.0,0.6874445994582042,14.0,True
2_39_90_440_2018-11-09 16:47:05.991991,118,700.3179047870902,0.0,0.0,0.0,False
2_39_90_440_2018-11-12 17:15:08.518695,111,340.52200618240545,1.0,0.7917044872495782,15.0,True
2_39_90_440_2018-11-14 19:04:53.685670,99,543.0257633986928,1.0,0.19828,6.0,True
2_39_90_440_2018-11-15 17:46:49.137227,184,591.9389178679164,4.0,2.1045329096638654,17.0,True
2_39_90_440_2018-11-16 16:42:46.485895,31,52.33868828197946,0.0,0.0,0.0,False
2_39_90_440_2018-11-16 19:56:07.735090,186,594.7962178043147,0.0,0.0,0.0,False
2_39_90_440_2018-11-19 22:21:56.707456,196,593.9419635706914,0.0,0.0,0.0,False
2_39_90_440_2018-11-20 17:49:27.156288,345,2093.4822270037366,0.0,0.0,0.0,False
2_39_90_440_2018-11-21 17:00:19.523037,87,255.08397186962503,2.0,5.122307115470457,51.0,True
2_39_90_440_2018-11-26 17:18:07.898566,141,236.81839097578975,0.0,0.0,0.0,False
2_39_90_440_2018-11-26 22:02:55.000789,42,69.54642783892663,0.0,0.0,0.0,False
2_39_90_440_2018-11-27 17:33:21.940587,192,548.7950775839013,0.0,0.0,0.0,False
2_39_90_440_2018-11-28 17:48:32.714344,166,1065.5685632475797,1.0,0.6599051307189542,14.0,True
2_39_90_440_2018-11-29 17:04:02.479995,95,263.6592970430885,1.0,0.542542843137255,16.0,True
2_39_90_440_2018-11-30 17:21:45.594689,96,287.4567071078431,2.0,0.7230609150326797,14.0,True
2_39_90_440_2018-12-03 17:45:59.804816,182,1119.103906352892,1.0,0.8428582584422659,16.0,True
2_39_90_440_2018-12-04 16:54:22.415408,31,50.64502533774275,0.0,0.0,0.0,False
2_39_90_440_2018-12-04 21:28:44.129181,65,246.04434532371653,0.0,0.0,0.0,False
2_39_90_440_2018-12-05 21:44:44.320566,178,870.8200370399036,2.0,1.4303092927273249,40.0,True
2_39_90_440_2018-12-07 16:54:22.673412,273,947.9182298557479,5.0,1.0850665388655463,11.0,True
2_39_90_440_2018-12-07 22:09:26.315369,31,52.8910840606418,0.0,0.0,0.0,False
2_39_90_440_2018-12-10 23:35:40.870311,106,700.1569080611124,0.0,0.0,0.0,False
2_39_90_440_2018-12-11 18:17:16.338636,358,2371.0373817671966,0.0,0.0,0.0,False
2_39_90_440_2018-12-12 16:34:34.147790,32,51.50447725133913,0.0,0.0,0.0,False
2_39_90_440_2018-12-13 19:25:24.923568,142,326.7466716975911,0.0,0.0,0.0,False
2_39_90_440_2018-12-17 16:13:08.879519,204,745.5273022319484,0.0,0.0,0.0,False
2_39_90_440_2018-12-17 21:17:16.096468,228,959.7948230156023,0.0,0.0,0.0,False
2_39_90_440_2018-12-19 01:11:36.630061,32,52.95375516610152,0.0,0.0,0.0,False
2_39_90_440_2018-12-20 17:11:59.974402,400,2377.3152820622404,0.0,0.0,0.0,False
2_39_90_440_2019-01-02 20:22:05.703810,219,1282.0372007918374,1.0,0.7416966703895806,14.0,True
2_39_90_440_2019-01-07 17:00:25.450944,118,131.14230132152343,0.0,0.0,0.0,False
2_39_90_440_2019-01-08 16:46:13.426822,33,53.892683264254664,0.0,0.0,0.0,False
2_39_90_440_2019-01-09 21:42:44.921045,68,129.73652769852796,1.0,0.18251519368431132,8.0,True
2_39_90_440_2019-01-10 17:47:25.010865,134,693.2416707529269,0.0,0.0,0.0,False
2_39_90_440_2019-01-11 18:52:46.919925,91,229.9283022831872,4.0,1.3452239307726017,33.0,True
2_39_90_440_2019-01-15 19:23:42.564256,132,739.1017806570751,0.0,0.0,0.0,False
2_39_90_440_2019-01-16 17:21:04.881695,124,337.70087308606423,2.0,0.7431147010342598,15.0,True
2_39_90_440_2019-01-18 18:11:19.876919,107,329.2878012838469,2.0,0.7835107656395892,16.0,True
2_39_90_440_2019-01-22 22:47:54.381324,124,825.59456561037,0.0,0.0,0.0,False
2_39_90_440_2019-01-28 19:32:14.872505,103,322.7118857405881,1.0,0.4223964858531132,11.0,True
2_39_90_440_2019-01-29 16:51:00.442080,31,50.120316911764704,0.0,0.0,0.0,False
2_39_90_440_2019-01-31 17:19:26.891525,132,801.0203870098039,1.0,0.2858772222222222,8.0,True
2_39_90_440_2019-02-01 18:17:30.793485,110,682.2997967553688,1.0,0.7249715277777776,15.0,True
2_39_90_440_2019-02-05 00:05:16.752741,194,1282.8434480300014,0.0,0.0,0.0,False
2_39_90_440_2019-02-05 16:36:57.476535,31,48.75357231934732,0.0,0.0,0.0,False
2_39_90_440_2019-02-05 23:10:18.744482,142,458.29661884948985,1.0,0.18286151241051976,8.0,True
2_39_90_440_2019-02-06 16:38:04.655898,31,49.25620738410682,0.0,0.0,0.0,False
2_39_90_440_2019-02-06 22:44:06.355841,32,53.91194090982547,0.0,0.0,0.0,False
2_39_90_440_2019-02-07 20:42:47.418896,145,439.32322599924584,7.0,2.4339773949579833,30.0,True
2_39_90_440_2019-02-12 18:39:37.858628,180,571.5475984243698,1.0,0.095203125,5.0,True
2_39_90_440_2019-02-13 16:43:30.836499,31,49.92239114145658,0.0,0.0,0.0,False
2_39_90_440_2019-02-14 20:46:15.608270,123,397.4604679590018,1.0,0.36897131944444445,9.0,True
2_39_90_440_2019-02-16 00:00:08.983817,20,50.173809076707606,1.0,0.5807203612278246,14.0,True
2_39_90_440_2019-02-20 23:35:15.423400,188,1171.2522077510723,1.0,0.42018874999999994,9.0,True
2_39_90_440_2019-02-21 23:13:50.226872,137,472.32508664587044,0.0,0.0,0.0,False
2_39_90_440_2019-02-26 18:15:14.927033,116,693.5158685064935,0.0,0.0,0.0,False
2_39_90_440_2019-02-28 19:25:39.384105,59,120.54591448412698,0.0,0.0,0.0,False
2_39_90_440_2019-03-01 18:08:37.185043,108,641.8979982142857,0.0,0.0,0.0,False
2_39_90_440_2019-03-05 17:27:57.976624,135,451.5512458333333,3.0,1.103018472222222,29.0,True
2_39_90_440_2019-03-06 23:07:51.538790,139,456.92345955882354,5.0,1.601125763888889,29.0,True
2_39_90_440_2019-03-12 16:30:42.209819,257,1692.3683343837533,0.0,0.0,0.0,False
2_39_90_440_2019-03-14 16:45:17.111077,93,544.8151288961038,0.0,0.0,0.0,False
2_39_90_440_2019-03-15 17:02:57.210374,94,529.8668333333333,0.0,0.0,0.0,False
2_39_90_440_2019-03-19 16:58:33.774367,146,932.0466059152449,0.0,0.0,0.0,False
2_39_90_440_2019-03-20 20:16:46.751982,47,118.59430031512605,2.0,0.8158768989262372,17.0,True
2_39_90_440_2019-03-21 18:58:49.265586,73,136.38507156862744,2.0,0.6004999305555556,9.0,True
2_39_90_440_2019-03-25 17:14:55.794016,87,516.1539,0.0,0.0,0.0,False
2_39_90_440_2019-03-26 18:49:45.855218,142,487.1043589985994,3.0,0.6403928962418302,11.0,True
2_39_90_440_2019-04-05 17:32:13.223354,117,698.9928708333333,0.0,0.0,0.0,False
2_39_90_440_2019-04-08 17:01:45.826615,182,514.4624829545454,0.0,0.0,0.0,False
2_39_90_440_2019-04-09 17:03:51.174908,121,659.0210125,1.0,0.7013020833333333,13.0,True
2_39_90_440_2019-04-10 16:18:52.011121,104,618.3113583333333,1.0,0.191668125,5.0,True
2_39_90_440_2019-04-11 20:02:54.438027,198,616.2392,3.0,0.9102793055555556,12.0,True
2_39_90_440_2019-04-14 09:54:59.414588,174,1049.6127166666665,0.0,0.0,0.0,False
2_39_90_440_2019-04-15 17:35:36.051044,83,244.74508749999998,1.0,0.8980439583333332,14.0,True
2_39_90_440_2019-04-16 17:32:34.851126,77,197.23842419467786,1.0,0.576340625,16.0,True
2_39_90_440_2019-04-17 17:30:32.915267,78,194.80069166666667,2.0,0.7434881944444446,17.0,True
2_39_90_440_2019-04-18 17:39:01.662235,31,52.596475,0.0,0.0,0.0,False
2_39_90_440_2019-04-19 16:57:04.027810,101,552.8111454831933,0.0,0.0,0.0,False
2_39_90_440_2019-04-22 20:02:48.792059,124,434.89103063725486,1.0,0.12492659722222223,6.0,True
2_39_90_440_2019-04-23 17:36:36.712405,215,751.4495650560224,2.0,0.20862416666666672,5.0,True
2_39_90_440_2019-04-24 20:37:49.317961,67,411.9861041666666,1.0,0.6215082638888888,8.0,True
2_39_90_440_2019-04-25 20:05:42.588771,31,91.77517499999999,2.0,0.49981437500000003,6.0,True
2_39_90_440_2019-04-26 20:31:43.520518,14,43.37114583333333,0.0,0.0,0.0,False
2_39_90_440_2019-04-29 17:20:21.024251,103,553.5126705882353,0.0,0.0,0.0,False
2_39_90_440_2019-04-30 17:07:32.925111,182,1038.2006204562595,0.0,0.0,0.0,False
2_39_90_440_2019-05-01 16:53:49.397821,137,266.6280375,1.0,0.5388946527777777,17.0,True
2_39_90_440_2019-05-03 19:20:52.922387,183,1184.942751984127,0.0,0.0,0.0,False
2_39_90_440_2019-05-06 17:03:13.894416,110,652.8115335115864,0.0,0.0,0.0,False
2_39_90_440_2019-05-07 19:49:04.679577,141,489.36351945432017,0.0,0.0,0.0,False
2_39_90_440_2019-05-08 15:55:51.391190,83,246.34454166666666,1.0,0.5131706249999999,15.0,True
2_39_90_440_2019-05-09 21:14:16.421686,32,53.5605875,0.0,0.0,0.0,False
2_39_90_440_2019-05-10 16:09:12.374611,87,259.761832848524,1.0,0.538364513888889,14.0,True
2_39_90_440_2019-05-13 17:54:09.971273,356,2319.929935372509,0.0,0.0,0.0,False
2_39_90_440_2019-05-14 17:12:11.790541,58,347.59900441176467,1.0,0.6530015277777779,12.0,True
2_39_90_440_2019-05-15 19:23:13.568225,63,408.71246249999996,0.0,0.0,0.0,False
2_39_90_440_2019-05-20 18:01:48.098396,174,1110.458957352941,1.0,0.7612185416666667,18.0,True
2_39_90_440_2019-05-22 16:08:30.816366,87,479.8741183123249,0.0,0.0,0.0,False
2_39_90_440_2019-05-23 19:56:29.914102,112,363.5743119047619,2.0,0.8520257638888887,35.0,True
2_39_90_440_2019-05-28 17:44:29.110820,229,792.0082,4.0,1.821186597222222,41.0,True
2_39_90_440_2019-05-29 16:56:01.131138,208,660.5388785714285,1.0,0.4201078472222222,14.0,True
2_39_90_440_2019-05-30 17:16:42.580885,116,678.4529041666666,0.0,0.0,0.0,False
2_39_90_440_2019-05-31 19:03:42.445922,194,1186.4591708333332,0.0,0.0,0.0,False
2_39_90_440_2019-06-03 19:07:16.146355,122,775.3212397058824,1.0,0.6751591666666668,14.0,True
2_39_90_440_2019-06-04 17:04:18.855659,114,692.945125,0.0,0.0,0.0,False
2_39_90_440_2019-06-10 18:03:07.422194,175,888.8768661414565,0.0,0.0,0.0,False
2_39_90_440_2019-06-11 18:36:21.744598,63,126.10419722222221,2.0,0.6020741666666667,9.0,True
2_39_90_440_2019-06-12 15:05:12.878819,91,356.74268625222817,2.0,1.3985556944444444,29.0,True
2_39_90_440_2019-06-12 19:50:59.722960,122,371.49363725490196,1.0,0.48559534722222225,15.0,True
2_39_90_440_2019-06-13 23:38:49.832472,112,681.652693627451,1.0,0.22462062499999996,6.0,True
2_39_90_440_2019-06-14 17:45:53.608724,103,658.2782210434174,0.0,0.0,0.0,False
2_39_90_440_2019-06-18 16:52:10.610410,82,239.124964010989,2.0,0.7719602777777778,14.0,True
2_39_90_440_2019-06-19 17:15:21.865200,32,51.655454166666665,0.0,0.0,0.0,False
2_39_90_440_2019-06-24 17:07:22.435418,89,266.14198676470585,1.0,0.46757118055555563,14.0,True
2_39_90_440_2019-06-25 17:18:44.694196,110,700.6364791666666,1.0,0.6771372222222221,12.0,True
2_39_90_440_2019-06-26 18:52:24.343154,95,580.7594183823529,1.0,0.6274031250000001,8.0,True
2_39_90_440_2019-06-27 20:54:46.489681,63,126.60741078431371,2.0,0.696001736111111,9.0,True
2_39_90_440_2019-06-28 16:53:36.367150,79,230.5044988095238,1.0,0.41276340277777773,15.0,True
2_39_90_440_2019-07-01 16:43:03.272208,70,203.66204702380952,1.0,0.4957175,13.0,True
2_39_90_440_2019-07-09 17:09:25.932149,122,376.3445527687998,2.0,0.7925160935592186,16.0,True
2_39_90_440_2019-07-15 16:51:20.259871,134,848.978919813683,1.0,0.6293835784313726,7.0,True
2_39_90_440_2019-07-16 19:57:28.772730,125,413.17545297619046,1.0,0.2613971527777778,6.0,True
2_39_90_440_2019-07-19 18:53:59.826435,110,670.8332235294117,1.0,0.38177840277777775,8.0,True
2_39_90_440_2019-07-22 18:35:56.924415,147,963.7651684714795,0.0,0.0,0.0,False
2_39_90_440_2019-07-22 22:18:08.369039,81,288.38131789215686,1.0,0.2406845833333334,5.0,True
2_39_90_440_2019-07-24 18:33:20.336489,224,1179.6957431022408,1.0,0.9277384523809523,36.0,True
2_39_90_440_2019-07-29 16:35:33.009903,90,266.7517375,1.0,0.4527522916666667,15.0,True
2_39_90_440_2019-08-01 16:45:45.132342,102,312.85496666666666,2.0,0.7654714583333334,14.0,True
2_39_90_440_2019-08-06 16:48:32.792532,80,236.26883284313723,2.0,0.7884288888888888,15.0,True
2_39_90_440_2019-08-07 16:11:50.402759,90,260.2002470238095,1.0,0.5372641666666667,16.0,True
2_39_90_440_2019-08-08 16:26:53.324733,82,245.19726789215684,2.0,0.7444492320261438,14.0,True
2_39_90_440_2019-08-09 18:51:43.121111,35,221.67774166666666,0.0,0.0,0.0,False
2_39_90_440_2019-08-14 17:11:35.455739,117,681.2058969537815,1.0,0.6110156944444446,10.0,True
2_39_90_440_2019-08-15 18:18:15.954079,88,261.9666582264957,1.0,0.5076667361111111,14.0,True
2_39_90_440_2019-08-15 23:43:26.677483,118,370.9752996489621,1.0,0.4805697222222223,15.0,True
2_39_90_440_2019-08-16 17:02:20.655661,82,246.12703930171133,1.0,0.18216319444444445,8.0,True
2_39_90_440_2019-08-19 19:44:36.082201,74,470.47532083333334,0.0,0.0,0.0,False
2_39_90_440_2019-08-20 17:04:36.325229,85,245.99716582817337,2.0,0.7565497508169934,14.0,True
2_39_90_440_2019-08-21 16:12:43.988764,83,222.29929404761904,2.0,0.7134084027777777,13.0,True
2_39_91_437_2018-11-01 15:43:51.096048,190,954.3769027503002,0.0,0.0,0.0,False
2_39_91_437_2018-11-02 15:40:25.015537,192,1012.2530616512872,0.0,0.0,0.0,False
2_39_91_437_2018-11-05 05:47:35.971246,124,809.9173157212884,1.0,0.6081815277777778,7.0,True
2_39_91_437_2018-11-05 16:00:14.709657,106,337.775595195654,1.0,0.3847646527777778,8.0,True
2_39_91_437_2018-11-06 00:38:54.629570,30,49.593239110644255,0.0,0.0,0.0,False
2_39_91_437_2018-11-06 16:49:22.821228,104,325.82918439481057,1.0,0.35993545206971683,9.0,True
2_39_91_437_2018-11-07 00:50:40.204789,270,952.8147594756737,0.0,0.0,0.0,False
2_39_91_437_2018-11-07 16:17:19.638130,187,999.2924279786475,2.0,0.869849434912854,23.0,True
2_39_91_437_2018-11-08 16:25:59.835493,189,1001.4454856338149,1.0,1.16472615919906,37.0,True
2_39_91_437_2018-11-09 14:04:27.775883,76,248.8410966407105,0.0,0.0,0.0,False
2_39_91_437_2018-11-09 16:11:21.262898,189,974.0850312278236,2.0,1.2526975162886795,31.0,True
2_39_91_437_2018-11-10 18:01:46.397242,32,56.02660049203892,0.0,0.0,0.0,False
2_39_91_437_2018-11-10 18:42:05.164739,32,55.23272663828689,0.0,0.0,0.0,False
2_39_91_437_2018-11-11 03:39:20.145217,162,576.2348957946336,0.0,0.0,0.0,False
2_39_91_437_2018-11-12 17:55:31.305908,70,171.21510005589954,2.0,2.013390435965322,39.0,True
2_39_91_437_2018-11-13 16:31:48.100882,176,865.6870232047922,2.0,1.3396030975472328,35.0,True
2_39_91_437_2018-11-14 17:50:30.776546,31,52.105899969002444,0.0,0.0,0.0,False
2_39_91_437_2018-11-14 21:42:10.793616,34,56.646183870025745,0.0,0.0,0.0,False
2_39_91_437_2018-11-15 02:59:59.799910,118,754.572799352548,1.0,0.49343515931372545,6.0,True
2_39_91_437_2018-11-15 16:36:38.386795,58,111.54878588444149,2.0,0.6067956440631808,10.0,True
2_39_91_437_2018-11-16 15:55:12.070204,191,975.663562551316,3.0,1.1451792948875459,23.0,True
2_39_91_437_2018-11-19 03:08:08.527054,143,878.5453747284879,0.0,0.0,0.0,False
2_39_91_437_2018-11-19 15:50:00.500298,222,1175.2302378274674,4.0,1.332082757363179,22.0,True
2_39_91_437_2018-11-20 15:10:48.067267,52,311.2655258827215,0.0,0.0,0.0,False
2_39_91_437_2018-11-20 17:21:06.646579,31,52.19814804814638,0.0,0.0,0.0,False
2_39_91_437_2018-11-20 19:01:35.636529,44,107.16998377774186,2.0,3.1684251382903588,29.0,True
2_39_91_437_2018-11-21 15:28:20.087812,110,658.4795918840662,1.0,0.29304405637254904,7.0,True
2_39_91_437_2018-11-22 05:51:31.187841,120,370.8666347424935,2.0,8.5922739885969,85.0,True
2_39_91_437_2018-11-25 18:22:38.419901,31,50.454052485994396,0.0,0.0,0.0,False
2_39_91_437_2018-11-26 17:16:34.062574,75,208.48350350290832,0.0,0.0,0.0,False
2_39_91_437_2018-11-26 20:47:22.181905,79,299.0278831392206,2.0,1.6864885261151243,19.0,True
2_39_91_437_2018-11-27 17:32:13.722906,68,107.613279582393,1.0,0.685585512985896,11.0,True
2_39_91_437_2018-11-28 17:09:20.659934,156,506.30435505223187,4.0,1.9657430092071384,41.0,True
2_39_91_437_2018-11-29 16:31:26.806859,63,125.12424976903041,2.0,0.5856370529878618,8.0,True
2_39_91_437_2018-11-30 16:48:39.331308,63,126.10579041783379,1.0,0.26206554738562093,8.0,True
2_39_91_437_2018-12-03 17:18:00.575827,52,95.87179054621848,1.0,0.3494864437441644,11.0,True
2_39_91_437_2018-12-04 21:36:42.813654,97,289.29776836794093,1.0,0.3953820535714286,12.0,True
2_39_91_437_2018-12-05 18:14:21.641396,181,1090.4649740555033,1.0,0.8053086082444675,20.0,True
2_39_91_437_2018-12-06 15:55:54.605608,316,1945.233928772062,0.0,0.0,0.0,False
2_39_91_437_2018-12-06 22:05:40.496087,84,476.990527712664,0.0,0.0,0.0,False
2_39_91_437_2018-12-07 19:09:27.707759,31,51.2306128998968,0.0,0.0,0.0,False
2_39_91_437_2018-12-07 20:33:51.871419,124,404.0696834248612,2.0,0.6652762297901617,9.0,True
2_39_91_437_2018-12-10 16:46:16.776702,87,264.2352570286009,1.0,0.41536669354145167,10.0,True
2_39_91_437_2018-12-11 17:17:47.413925,106,643.257225006757,1.0,0.1763808496732026,5.0,True
2_39_91_437_2018-12-12 16:57:54.224582,122,387.0920429892132,2.0,0.7551724087690633,10.0,True
2_39_91_437_2018-12-13 00:02:07.148248,87,222.59938871476876,1.0,0.1063694771894772,5.0,True
2_39_91_437_2018-12-13 18:27:30.429872,69,127.38159173051335,1.0,0.24021234492347662,9.0,True
2_39_91_437_2018-12-14 16:09:52.976460,199,1052.9536724020309,0.0,0.0,0.0,False
2_39_91_437_2018-12-14 21:35:54.614646,99,262.89221301298153,0.0,0.0,0.0,False
2_39_91_437_2018-12-17 16:31:05.866872,79,118.45760208481748,0.0,0.0,0.0,False
2_39_91_437_2018-12-18 16:55:08.225416,82,242.54240181687936,0.0,0.0,0.0,False
2_39_91_437_2018-12-18 21:23:13.611815,152,420.0083671987014,1.0,0.29755611830843454,8.0,True
2_39_91_437_2018-12-19 16:49:32.616287,80,253.22081680842376,2.0,0.41332518912682037,8.0,True
2_39_91_437_2018-12-21 16:49:40.863173,30,94.30273990362492,0.0,0.0,0.0,False
2_39_91_437_2018-12-21 17:42:16.400897,53,96.83963791285683,2.0,0.5380999054621849,9.0,True
2_39_91_437_2018-12-28 17:55:59.731363,62,121.12354235097547,1.0,0.34970743607384475,10.0,True
2_39_91_437_2018-12-30 16:59:22.536221,49,91.05872661286512,3.0,0.5890917061649221,5.0,True
2_39_91_437_2019-01-02 16:57:19.876402,31,51.40883447058076,0.0,0.0,0.0,False
2_39_91_437_2019-01-02 17:44:09.322050,83,237.96643054204137,1.0,0.3361636779858142,11.0,True
2_39_91_437_2019-01-04 18:02:36.648940,55,194.21293846083583,0.0,0.0,0.0,False
2_39_91_437_2019-01-05 18:13:42.492305,99,270.6707065317422,1.0,0.5630414116479925,18.0,True
2_39_91_437_2019-01-08 16:21:11.243402,157,818.2511715627846,1.0,0.47794773624401915,6.0,True
2_39_91_437_2019-01-09 16:18:57.158566,69,131.22025915702804,1.0,0.3704874971566245,12.0,True
2_39_91_437_2019-01-09 20:07:42.665465,57,108.04317163902694,2.0,0.5636853929349518,11.0,True
2_39_91_437_2019-01-10 19:27:30.077694,97,293.7431724078123,0.0,0.0,0.0,False
2_39_91_437_2019-01-11 17:15:18.104036,58,120.78300438811924,1.0,0.48226162190042254,18.0,True
2_39_91_437_2019-01-12 19:30:41.440401,126,371.4262655478723,2.0,0.9025394053147575,11.0,True
2_39_91_437_2019-01-14 18:09:16.959413,97,255.01976195206151,2.0,0.7388972167653611,18.0,True
2_39_91_437_2019-01-15 03:30:54.262174,124,788.7741722639933,1.0,0.6416817361111112,7.0,True
2_39_91_437_2019-01-15 16:59:04.378838,52,111.63258423052864,2.0,0.4396864428912591,8.0,True
2_39_91_437_2019-01-16 16:55:48.706798,137,387.15341489541623,2.0,0.5415148036930388,5.0,True
2_39_91_437_2019-01-17 17:12:24.627530,122,365.2814753675246,1.0,0.1429714814814815,5.0,True
2_39_91_437_2019-01-18 17:02:03.319581,121,421.45048717258834,0.0,0.0,0.0,False
2_39_91_437_2019-01-18 19:48:31.022624,93,525.5576609243698,1.0,0.047810612745098034,5.0,True
2_39_91_437_2019-01-20 23:58:17.172936,122,374.18610101010097,2.0,0.8261280596405229,17.0,True
2_39_91_437_2019-01-22 17:08:58.795118,76,247.66477983967357,1.0,0.4518566836515308,11.0,True
2_39_91_437_2019-01-23 17:01:37.044473,111,367.4427933273512,1.0,0.44373083333333335,10.0,True
2_39_91_437_2019-01-24 16:40:22.448900,110,360.46398140345207,1.0,0.3062563591269842,8.0,True
2_39_91_437_2019-01-25 20:06:06.364710,122,395.97676733372833,1.0,0.3973920424836601,9.0,True
2_39_91_437_2019-01-26 03:40:20.383123,664,4497.3381478323145,1.0,0.46105312500000006,9.0,True
2_39_91_437_2019-01-28 16:59:54.278115,68,223.31792843997246,2.0,0.6309840277777778,7.0,True
2_39_91_437_2019-01-29 17:54:17.291801,146,721.8571135918004,1.0,1.1020003472222224,28.0,True
2_39_91_437_2019-01-30 17:14:56.656458,124,393.0792170714777,1.0,0.3736071486928104,14.0,True
2_39_91_437_2019-01-31 17:24:20.108843,50,130.0917924242424,2.0,0.8008363888888889,17.0,True
2_39_91_437_2019-02-02 23:04:48.602238,234,1461.680827399806,0.0,0.0,0.0,False
2_39_91_437_2019-02-04 16:26:55.620829,133,819.152701142485,1.0,0.6332284722222221,7.0,True
2_39_91_437_2019-02-05 19:15:15.916273,33,47.218182575757574,0.0,0.0,0.0,False
2_39_91_437_2019-02-06 16:58:54.265272,57,193.32994794372294,1.0,0.32229083333333336,14.0,True
2_39_91_437_2019-02-06 18:21:51.296233,100,313.1450715084279,1.0,0.4641190972222223,11.0,True
2_39_91_437_2019-02-07 17:00:01.124238,57,192.44849320516084,0.0,0.0,0.0,False
2_39_91_437_2019-02-07 18:18:45.916136,73,423.0377095704948,0.0,0.0,0.0,False
2_39_91_437_2019-02-07 20:48:58.416891,29,139.6888345238095,1.0,0.7741725198412697,14.0,True
2_39_91_437_2019-02-08 16:59:31.004935,70,237.2795123716153,2.0,0.24574991693899775,6.0,True
2_39_91_437_2019-02-08 19:09:47.861883,113,720.6421786261941,0.0,0.0,0.0,False
2_39_91_437_2019-02-08 22:14:05.691255,197,1160.1113429128534,1.0,0.7961398682060544,12.0,True
2_39_91_437_2019-02-11 18:30:07.116047,82,228.4147726190476,2.0,0.8217259722222222,19.0,True
2_39_91_437_2019-02-12 17:01:14.934029,40,132.7282986631016,0.0,0.0,0.0,False
2_39_91_437_2019-02-12 19:34:08.838805,61,121.1280194327731,1.0,0.3216205147058823,9.0,True
2_39_91_437_2019-02-13 17:04:08.363187,115,346.0428075926524,1.0,0.46774157127594623,15.0,True
2_39_91_437_2019-02-15 23:28:48.813883,106,369.52814732419284,0.0,0.0,0.0,False
2_39_91_437_2019-02-17 01:30:46.258219,31,56.70309800420168,0.0,0.0,0.0,False
2_39_91_437_2019-02-18 18:21:33.527049,122,368.7314594978762,2.0,0.8704287166752668,20.0,True
2_39_91_437_2019-02-19 17:43:51.508981,136,456.56881308177117,2.0,0.7416385813492063,13.0,True
2_39_91_437_2019-02-20 01:41:16.620087,23,58.50081553030303,1.0,0.28247694444444443,10.0,True
2_39_91_437_2019-02-20 19:30:22.905265,50,128.2777454924977,1.0,0.42252907466716283,14.0,True
2_39_91_437_2019-02-21 02:54:08.036902,46,283.04627434012065,0.0,0.0,0.0,False
2_39_91_437_2019-02-21 17:10:37.066492,74,243.56257675070026,1.0,0.333900138888889,8.0,True
2_39_91_437_2019-02-22 21:04:13.817547,168,581.2346096562751,0.0,0.0,0.0,False
2_39_91_437_2019-02-23 20:13:43.381661,327,2151.0925849439773,1.0,0.8658229248366013,24.0,True
2_39_91_437_2019-02-25 20:11:17.520927,127,396.1698698549,1.0,0.35957173202614373,9.0,True
2_39_91_437_2019-02-26 17:11:55.061198,119,385.00186936031804,1.0,0.2310257952069717,9.0,True
2_39_91_437_2019-02-27 17:22:55.470143,32,52.24975336942469,0.0,0.0,0.0,False
2_39_91_437_2019-02-28 01:58:07.876441,77,526.1942880198233,0.0,0.0,0.0,False
2_39_91_437_2019-02-28 18:13:03.616725,101,470.60492106205123,0.0,0.0,0.0,False
2_39_91_437_2019-03-02 22:11:32.487987,183,1142.160702264239,0.0,0.0,0.0,False
2_39_91_437_2019-03-03 16:12:28.494035,31,57.43538366013072,0.0,0.0,0.0,False
2_39_91_437_2019-03-04 18:10:41.581176,122,714.4053761082871,0.0,0.0,0.0,False
2_39_91_437_2019-03-05 21:19:47.030550,25,66.58020542717087,1.0,0.3338735229925304,8.0,True
2_39_91_437_2019-03-06 21:40:12.291587,124,393.7052215021906,1.0,0.3544780555555555,9.0,True
2_39_91_437_2019-03-07 19:53:40.418410,88,253.7974774976657,2.0,0.8116588848039217,17.0,True
2_39_91_437_2019-03-08 01:54:18.647839,143,449.89481864630466,0.0,0.0,0.0,False
2_39_91_437_2019-03-08 18:09:57.951811,271,1728.9049854784018,1.0,0.9116483251633987,24.0,True
2_39_91_437_2019-03-11 01:18:20.006896,135,809.164463631742,1.0,0.5894475852007469,8.0,True
2_39_91_437_2019-03-11 17:17:33.019137,66,176.49737028143426,2.0,0.850371571969697,18.0,True
2_39_91_437_2019-03-12 02:04:56.812568,119,755.0023904411764,1.0,0.5676781944444445,7.0,True
2_39_91_437_2019-03-12 17:19:35.190056,151,794.3683469269158,2.0,0.42774075194821515,6.0,True
2_39_91_437_2019-03-13 16:03:55.571443,107,336.9117477382181,1.0,0.4237723529411765,10.0,True
2_39_91_437_2019-03-14 18:15:32.302739,50,125.60219734838287,2.0,0.7879206183823586,18.0,True
2_39_91_437_2019-03-15 18:20:35.663025,43,106.06004660057005,1.0,0.5260565114379084,16.0,True
2_39_91_437_2019-03-16 16:42:05.031582,85,266.98962895658264,1.0,0.4180107638888889,9.0,True
2_39_91_437_2019-03-18 02:06:07.590246,324,2134.944597897854,0.0,0.0,0.0,False
2_39_91_437_2019-03-18 18:38:12.020641,148,892.126089923312,0.0,0.0,0.0,False
2_39_91_437_2019-03-19 16:46:01.226334,50,94.09175150560223,1.0,0.31228807598039215,11.0,True
2_39_91_437_2019-03-20 16:31:14.366506,130,416.6819297465477,6.0,1.7983265712995724,34.0,True
2_39_91_437_2019-03-21 00:06:31.667165,65,220.7388736981972,1.0,0.13158180555555557,6.0,True
2_39_91_437_2019-03-21 22:21:18.241454,272,932.1615959943673,2.0,0.4475623721476894,12.0,True
2_39_91_437_2019-03-22 18:01:56.390451,132,437.1989985644258,3.0,1.401566842903828,26.0,True
2_39_91_437_2019-03-26 16:29:55.195487,101,327.8235362549473,1.0,0.288270386002886,9.0,True
2_39_91_437_2019-03-27 15:59:06.813684,56,167.08790165912518,2.0,0.6754580555555555,9.0,True
2_39_91_437_2019-03-28 00:03:13.834791,123,375.8063533883729,1.0,0.5168652995642701,15.0,True
2_39_91_437_2019-03-28 15:41:15.064461,270,917.3934429897716,7.0,0.9877644117647058,8.0,True
2_39_91_437_2019-03-29 16:00:02.031826,136,760.7458759130575,1.0,0.691564869595274,12.0,True
2_39_91_437_2019-04-08 16:43:07.045078,77,204.22925706205558,1.0,0.5322673611111112,16.0,True
2_39_91_437_2019-04-09 17:03:04.927965,59,114.09077187156238,1.0,0.34132151143790845,10.0,True
2_39_91_437_2019-04-14 20:20:58.473932,110,362.5283322712418,0.0,0.0,0.0,False
2_39_91_437_2019-04-15 16:49:29.639144,45,81.65291053921568,1.0,0.3512787745098039,11.0,True
2_39_91_437_2019-04-16 15:31:35.755884,129,814.2943149472947,1.0,0.5631058333333333,7.0,True
2_39_91_437_2019-04-16 23:52:35.477123,32,51.33538179271709,0.0,0.0,0.0,False
2_39_91_437_2019-04-17 00:24:38.461396,21,33.16928836188321,0.0,0.0,0.0,False
2_39_91_437_2019-04-17 15:30:13.286331,62,374.83980481099996,1.0,0.5765222916666666,10.0,True
2_39_91_437_2019-04-18 17:03:45.318336,80,470.7982612044818,0.0,0.0,0.0,False
2_39_91_437_2019-04-18 18:33:11.945993,43,230.24470608974357,1.0,0.7629723611111111,13.0,True
2_39_91_437_2019-04-19 16:42:08.272091,67,131.28360423669469,2.0,0.6767277777777777,11.0,True
2_39_91_437_2019-04-22 16:59:00.981455,124,779.2620409663865,1.0,0.7691910416666667,16.0,True
2_39_91_437_2019-04-23 16:11:39.900950,67,129.86651911764704,2.0,0.68036,11.0,True
2_39_91_437_2019-04-24 15:53:59.885655,152,503.8904026960784,5.0,1.05379625,8.0,True
2_39_91_437_2019-04-26 16:48:07.051908,109,362.4127072021116,1.0,0.3814752474323063,8.0,True
2_39_91_437_2019-04-28 01:27:54.218478,325,2081.3798214681688,1.0,0.7580226515942635,21.0,True
2_39_91_437_2019-04-28 22:30:50.118655,49,142.54254926470588,1.0,0.43591250000000004,13.0,True
2_39_91_437_2019-04-29 16:36:18.313410,48,255.65484607843138,1.0,0.7660751348039215,14.0,True
2_39_91_437_2019-04-30 16:20:00.956539,59,114.43016775210083,1.0,0.3468921854575163,11.0,True
2_39_91_437_2019-05-01 15:45:27.916726,170,1019.924388743446,1.0,0.41641124999999996,7.0,True
2_39_91_437_2019-05-03 01:29:24.728158,214,753.4447093954248,1.0,0.12539999999999998,6.0,True
2_39_91_437_2019-05-03 15:26:37.243561,102,592.6127615196078,1.0,0.8410523366013073,13.0,True
2_39_91_437_2019-05-05 15:52:14.019221,35,85.01107524509804,2.0,0.7548675653594772,13.0,True
2_39_91_437_2019-05-06 16:59:29.274505,132,801.7802933669959,0.0,0.0,0.0,False
2_39_91_437_2019-05-07 15:42:46.782906,68,132.81910734004128,2.0,0.6852633662280702,11.0,True
2_39_91_437_2019-05-08 15:37:07.685440,125,814.6300624996692,1.0,0.5596665972222221,6.0,True
2_39_91_437_2019-05-09 16:26:15.889522,70,138.38642587769556,1.0,0.32461607609710547,11.0,True
2_39_91_437_2019-05-10 01:28:45.888224,230,813.4839467903828,1.0,0.2984862050653595,5.0,True
2_39_91_437_2019-05-10 19:38:41.729462,59,116.76175588235293,2.0,0.6358490277777777,8.0,True
2_39_91_437_2019-05-11 23:18:35.275226,322,2117.0475062582927,1.0,0.8700495710784312,19.0,True
2_39_91_437_2019-05-13 13:48:57.552530,93,296.8633015657545,1.0,0.37634395833333334,8.0,True
2_39_91_437_2019-05-13 23:43:58.279211,77,470.01083783422456,0.0,0.0,0.0,False
2_39_91_437_2019-05-14 16:32:42.030885,60,116.34576706349206,2.0,0.6146561805555555,10.0,True
2_39_91_437_2019-05-15 15:30:38.035790,140,826.6232387371615,1.0,0.7475152083333333,13.0,True
2_39_91_437_2019-05-16 15:45:36.499298,68,136.78532083333332,2.0,0.6259490972222221,9.0,True
2_39_91_437_2019-05-16 23:16:29.662820,85,258.96779163165263,1.0,0.390452638888889,15.0,True
2_39_91_437_2019-05-17 15:13:29.641508,137,808.8203880952381,1.0,0.7927336805555555,12.0,True
2_39_91_437_2019-05-17 19:19:55.069195,32,53.105996160130715,0.0,0.0,0.0,False
2_39_91_437_2019-05-18 02:14:01.327135,201,713.880656267507,3.0,2.763801509103642,90.0,True
2_39_91_437_2019-05-18 22:30:07.436402,44,127.31756698179271,1.0,0.3210424632352941,11.0,True
2_39_91_437_2019-05-19 22:58:33.758368,31,47.88203382352941,0.0,0.0,0.0,False
2_39_91_437_2019-05-20 15:53:37.494575,57,109.12620983214498,1.0,0.36073476307189545,12.0,True
2_39_91_437_2019-05-20 19:59:16.123149,30,49.62144166666666,1.0,0.28731229166666666,10.0,True
2_39_91_437_2019-05-21 15:17:13.654997,79,488.7176921864934,1.0,0.6025313194444445,8.0,True
2_39_91_437_2019-05-22 16:28:26.307975,55,103.87679230736154,1.0,0.31341804602396506,11.0,True
2_39_91_437_2019-05-23 17:34:30.645103,31,46.20522976190476,0.0,0.0,0.0,False
2_39_91_437_2019-05-24 16:29:25.871680,125,379.1921960784314,2.0,0.7571175939542484,17.0,True
2_39_91_437_2019-05-26 21:55:18.916869,394,2614.136351190476,1.0,0.7972014583333333,21.0,True
2_39_91_437_2019-05-28 20:17:35.132805,31,51.685761519607844,0.0,0.0,0.0,False
2_39_91_437_2019-05-29 15:06:59.639331,14,84.82315210268317,0.0,0.0,0.0,False
2_39_91_437_2019-05-29 15:28:00.669575,61,116.3665612745098,1.0,0.3343349305555556,11.0,True
2_39_91_437_2019-05-30 15:26:46.799700,48,274.81729362745097,1.0,0.6775963807189543,9.0,True
2_39_91_437_2019-05-31 16:33:37.472216,202,651.9430105392156,1.0,0.287369255952381,9.0,True
2_39_91_437_2019-06-03 16:50:06.689879,47,89.87489358974359,2.0,0.6053640277777776,9.0,True
2_39_91_437_2019-06-04 20:22:54.651011,122,376.11510147058823,1.0,0.5012669158496732,17.0,True
2_39_91_437_2019-06-05 16:48:40.272121,112,675.1485435801513,0.0,0.0,0.0,False
2_39_91_437_2019-06-06 15:42:12.291223,31,46.15431585595777,0.0,0.0,0.0,False
2_39_91_437_2019-06-06 23:10:43.241515,49,138.87856629256964,1.0,0.46611206097351227,18.0,True
2_39_91_437_2019-06-07 16:23:34.962679,59,112.53455788183695,2.0,0.5884606652046784,11.0,True
2_39_91_437_2019-06-10 17:04:06.590635,31,51.618920719313365,0.0,0.0,0.0,False
2_39_91_437_2019-06-11 16:36:43.635912,129,412.981597840803,0.0,0.0,0.0,False
2_39_91_437_2019-06-12 16:07:49.773469,49,93.03423161764705,2.0,0.684712385620915,10.0,True
2_39_91_437_2019-06-13 16:58:36.495751,47,86.17735101540616,2.0,0.6703797671568628,11.0,True
2_39_91_437_2019-06-14 16:11:06.912230,276,1619.6772718675932,2.0,1.1410479125816995,30.0,True
2_39_91_437_2019-06-15 16:44:36.874312,45,145.34604664404222,0.0,0.0,0.0,False
2_39_91_437_2019-06-15 22:38:21.578946,119,370.50123439542483,2.0,0.5993380678104576,8.0,True
2_39_91_437_2019-06-17 16:20:15.154437,46,84.81541985294118,1.0,0.2698145833333333,10.0,True
2_39_91_437_2019-06-19 16:01:28.506653,159,929.6906025564305,1.0,0.8352823692810457,12.0,True
2_39_91_437_2019-06-19 21:13:11.047478,222,712.684921907994,4.0,0.5754202246732026,8.0,True
2_39_91_437_2019-06-20 21:08:43.158189,108,357.653309848764,1.0,0.32661777777777784,8.0,True
2_39_91_437_2019-06-21 16:17:57.662190,40,225.04927346491226,1.0,0.6694848611111109,8.0,True
2_39_91_437_2019-06-21 19:45:30.332560,75,148.9249624133864,2.0,0.678681234663456,9.0,True
2_39_91_437_2019-06-22 23:27:54.106189,44,145.7668818111455,0.0,0.0,0.0,False
2_39_91_437_2019-06-23 04:40:59.379366,90,270.74752303921565,1.0,0.47235618055555556,15.0,True
2_39_91_437_2019-06-24 19:03:36.590824,121,397.2685704248366,3.0,1.5296418818082789,26.0,True
2_39_91_437_2019-06-25 16:30:26.809067,45,112.85764583333332,1.0,0.5077046527777779,15.0,True
2_39_91_437_2019-06-26 00:44:40.804359,285,977.0139494281045,2.0,4.882757505446623,175.0,True
2_39_91_437_2019-06-26 16:40:14.582507,46,85.08334260249553,2.0,0.6014543749999999,10.0,True
2_39_91_437_2019-06-27 16:21:03.623940,110,290.8073268323996,1.0,0.5542215972222222,7.0,True
2_39_91_437_2019-06-28 01:51:05.035765,229,807.5746164404222,2.0,3.8592522099673205,145.0,True
2_39_91_437_2019-06-28 16:30:15.606294,50,94.0557339349376,2.0,0.607270138888889,11.0,True
2_39_91_437_2019-07-01 16:15:09.538195,39,226.04779681372548,1.0,0.5490997222222221,7.0,True
2_39_91_437_2019-07-02 15:36:00.417949,57,345.1249215847877,1.0,0.6124112295751635,7.0,True
2_39_91_437_2019-07-03 15:46:09.151004,46,275.749983750808,1.0,0.4879296527777778,6.0,True
2_39_91_437_2019-07-06 23:53:48.495265,456,2923.405526176773,2.0,1.2233071171802057,15.0,True
2_39_91_437_2019-07-08 15:53:18.287829,123,378.8762583486903,1.0,0.5272422525676937,16.0,True
2_39_91_437_2019-07-08 21:27:44.671768,72,228.3992577872377,0.0,0.0,0.0,False
2_39_91_437_2019-07-09 16:43:29.517410,31,45.90822093837535,0.0,0.0,0.0,False
2_39_91_437_2019-07-10 15:41:37.162569,27,124.13502192982456,1.0,0.692956355994152,11.0,True
2_39_91_437_2019-07-10 18:54:50.653762,123,387.2196376468131,1.0,0.4081893785014006,10.0,True
2_39_91_437_2019-07-11 16:56:21.626252,52,98.07725655210803,2.0,0.6477085966117218,10.0,True
2_39_91_437_2019-07-14 00:06:14.337937,445,2672.659300898693,3.0,1.5287472834967322,30.0,True
2_39_91_437_2019-07-15 16:42:26.934491,52,99.65894264705882,2.0,0.6527098611111111,10.0,True
2_39_91_437_2019-07-16 16:36:05.004434,115,564.1869962481146,1.0,1.0355794444444444,24.0,True
2_39_91_437_2019-07-17 16:11:58.047289,42,250.92708452012383,1.0,0.5402650694444444,7.0,True
2_39_91_437_2019-07-18 16:18:38.041768,38,218.06699166666667,1.0,0.5076994444444444,6.0,True
2_39_91_437_2019-07-18 20:00:13.143761,122,397.3723304590018,1.0,0.2753722222222222,7.0,True
2_39_91_437_2019-07-19 16:53:41.703381,58,177.52883749999998,1.0,0.31502312499999996,9.0,True
2_39_91_437_2019-07-22 16:39:11.704578,122,370.873393627451,1.0,0.4847390277777778,16.0,True
2_39_91_437_2019-07-22 21:53:51.212401,70,206.6787125,1.0,0.4704919444444445,15.0,True
2_39_91_437_2019-07-23 16:19:34.126413,40,234.6110720588235,1.0,0.5063154166666667,6.0,True
2_39_91_437_2019-07-23 22:40:01.795135,117,749.6942039027149,0.0,0.0,0.0,False
2_39_91_437_2019-07-24 16:30:03.857025,261,819.3972312324929,4.0,0.7616768055555556,21.0,True
2_39_91_437_2019-07-25 16:07:36.901466,55,331.0013346405229,1.0,0.4827615032679739,6.0,True
2_39_91_437_2019-07-26 15:25:03.059619,109,351.3554172385621,2.0,0.36508445669934636,6.0,True
2_39_91_437_2019-07-26 18:49:26.639766,61,122.77332916666666,2.0,0.5684542361111111,8.0,True
2_39_91_437_2019-07-28 00:09:57.547177,392,2366.3292017156864,2.0,1.9873622875816994,29.0,True
2_39_91_437_2019-07-29 16:39:29.987708,250,835.0027472455648,10.0,4.516800638227513,62.0,True
2_39_91_437_2019-07-30 16:25:52.595424,20,98.92580009426847,1.0,0.6873824183006536,8.0,True
2_39_91_437_2019-07-30 23:31:41.111504,101,302.02694083710406,1.0,0.4034865277777779,12.0,True
2_39_91_437_2019-07-31 16:11:30.411540,43,79.76156200980392,1.0,0.32462841094771233,10.0,True
2_39_91_437_2019-07-31 21:10:56.264782,72,140.81249268207281,2.0,0.7605440155228758,12.0,True
2_39_91_437_2019-08-01 18:29:14.311161,32,53.198024999999994,0.0,0.0,0.0,False
2_39_91_437_2019-08-01 20:55:38.197645,63,126.14556666666667,2.0,0.5689122222222223,8.0,True
2_39_91_437_2019-08-02 15:51:21.912243,40,55.61645088031636,0.0,0.0,0.0,False
2_39_91_437_2019-08-08 22:04:25.552690,88,511.70591740196073,1.0,0.8559558234126984,12.0,True
2_39_91_437_2019-08-09 16:56:11.894088,212,645.6144782500179,2.0,0.5747470138888888,12.0,True
2_39_91_437_2019-08-10 19:09:15.857058,17,44.069433193388996,1.0,0.505743730793487,11.0,True
2_39_91_437_2019-08-12 15:08:27.829461,115,710.0049741873065,1.0,0.6624079166666665,8.0,True
2_39_91_437_2019-08-14 16:20:56.606432,219,669.0535317936105,7.0,2.494586850776861,51.0,True
2_39_91_437_2019-08-15 13:37:51.946492,105,661.6358944444444,0.0,0.0,0.0,False
2_39_91_437_2019-08-15 17:23:54.512250,220,756.6941614847054,7.0,3.072370234440267,75.0,True
2_39_91_437_2019-08-15 21:15:50.584831,30,51.448358277433776,0.0,0.0,0.0,False
2_39_91_437_2019-08-16 16:02:25.617949,136,839.3261757564675,0.0,0.0,0.0,False
2_39_91_437_2019-08-16 18:39:13.790740,65,188.17379166666666,2.0,0.7828622222222221,15.0,True
2_39_91_437_2019-08-19 13:37:09.394824,71,432.24057435897436,0.0,0.0,0.0,False
2_39_91_437_2019-08-19 17:14:25.770876,119,723.8994981596834,0.0,0.0,0.0,False
2_39_91_437_2019-08-19 20:13:35.573884,33,57.35444289215686,0.0,0.0,0.0,False
2_39_91_437_2019-08-20 13:34:47.956764,68,415.56726987874094,0.0,0.0,0.0,False
2_39_91_437_2019-08-20 16:28:58.542880,135,643.7673537262273,2.0,1.1382929248366014,26.0,True
2_39_91_437_2019-08-21 16:33:48.266196,83,251.40098452806652,3.0,1.3272869796939242,33.0,True
2_39_91_437_2019-08-22 17:46:56.558894,84,272.1038111111111,3.0,0.7028119675925926,8.0,True
2_39_91_437_2019-08-23 16:50:55.274118,62,125.31184852941176,2.0,0.6271266993464053,8.0,True
2_39_91_437_2019-08-24 19:37:56.746067,437,2596.9336888229373,3.0,1.7486057218925584,29.0,True
2_39_91_441_2018-11-01 16:04:20.654728,237,1391.7528244035502,0.0,0.0,0.0,False
2_39_91_441_2018-11-02 15:30:30.259006,32,51.85987991363212,0.0,0.0,0.0,False
2_39_91_441_2018-11-05 16:47:57.692570,31,51.62243842879257,0.0,0.0,0.0,False
2_39_91_441_2018-11-06 16:58:16.987763,133,890.8807531235061,0.0,0.0,0.0,False
2_39_91_441_2018-11-06 21:03:23.770014,133,795.9857725601239,1.0,0.7394380457373008,12.0,True
2_39_91_441_2018-11-07 20:42:43.093515,117,394.154217720678,2.0,0.695575882876655,9.0,True
2_39_91_441_2018-11-08 17:15:38.560635,111,692.1447989390812,0.0,0.0,0.0,False
2_39_91_441_2018-11-09 17:52:45.403179,180,1158.2419512856898,1.0,0.5271138913255362,10.0,True
2_39_91_441_2018-11-12 21:13:29.585081,59,392.43705031512604,0.0,0.0,0.0,False
2_39_91_441_2018-11-12 23:06:16.588795,92,300.27441666666664,0.0,0.0,0.0,False
2_39_91_441_2018-11-13 15:12:09.136266,94,599.9816979360165,0.0,0.0,0.0,False
2_39_91_441_2018-11-14 14:45:04.842651,143,863.1327313166495,0.0,0.0,0.0,False
2_39_91_441_2018-11-14 17:57:31.267924,44,236.28608843186396,0.0,0.0,0.0,False
2_39_91_441_2018-11-15 16:58:01.969513,87,508.8100945423427,1.0,0.20843095242283521,6.0,True
2_39_91_441_2018-11-16 17:04:31.919336,17,85.73525839593412,0.0,0.0,0.0,False
2_39_91_441_2018-11-19 16:25:04.852754,31,50.26711218548823,0.0,0.0,0.0,False
2_39_91_441_2018-11-20 15:34:03.564090,145,873.5519886665192,0.0,0.0,0.0,False
2_39_91_441_2018-11-21 14:56:37.461840,135,811.9286039866823,1.0,0.5160159755802906,11.0,True
2_39_91_441_2018-11-26 16:21:03.194382,410,2111.432116830207,0.0,0.0,0.0,False
2_39_91_441_2018-11-27 16:19:26.485648,259,1248.1678165833348,0.0,0.0,0.0,False
2_39_91_441_2018-11-28 16:17:55.157777,145,955.0954413515406,0.0,0.0,0.0,False
2_39_91_441_2018-11-28 21:39:33.039912,109,598.731673471055,1.0,0.7992621609477125,12.0,True
2_39_91_441_2018-11-29 18:02:41.731511,191,1136.5012944204875,1.0,0.5705010089869281,11.0,True
2_39_91_441_2018-11-30 17:00:17.990749,186,1163.80456538901,1.0,0.7213880727554178,15.0,True
2_39_91_441_2018-12-03 16:17:37.328600,206,1333.3241025392479,0.0,0.0,0.0,False
2_39_91_441_2018-12-04 21:58:38.178081,45,68.03981469527204,0.0,0.0,0.0,False
2_39_91_441_2018-12-05 17:04:43.732275,339,2167.0106151411837,0.0,0.0,0.0,False
2_39_91_441_2018-12-07 16:45:29.688513,282,1891.9928639355742,0.0,0.0,0.0,False
2_39_91_441_2018-12-10 18:28:50.222570,96,567.9729325187969,0.0,0.0,0.0,False
2_39_91_441_2018-12-11 21:41:12.472863,122,401.546489320114,1.0,0.4061052328431373,9.0,True
2_39_91_441_2018-12-12 22:27:00.906878,142,319.7210589737378,0.0,0.0,0.0,False
2_39_91_441_2018-12-13 20:47:51.073209,200,751.0314341680165,0.0,0.0,0.0,False
2_39_91_441_2018-12-14 23:41:03.375922,159,817.2912425955323,0.0,0.0,0.0,False
2_39_91_441_2018-12-18 21:44:02.078735,110,301.8844774813808,1.0,0.1282215575192065,6.0,True
2_39_91_441_2018-12-20 18:06:50.911298,112,678.2718407808264,1.0,0.7903470588235295,13.0,True
2_39_91_441_2018-12-27 06:26:20.777720,393,2600.382884814754,0.0,0.0,0.0,False
2_39_91_441_2019-01-02 16:18:35.672653,456,2785.987996816997,0.0,0.0,0.0,False
2_39_91_441_2019-01-03 16:46:35.434678,360,2257.243910767302,0.0,0.0,0.0,False
2_39_91_441_2019-01-07 19:52:52.102209,257,1269.2729849883624,1.0,0.3219247701944026,8.0,True
2_39_91_441_2019-01-08 17:38:59.954666,201,1020.1273385931732,0.0,0.0,0.0,False
2_39_91_441_2019-01-11 16:45:33.532632,248,1323.2703914060585,1.0,0.8513558050252265,16.0,True
2_39_91_441_2019-01-15 21:51:38.164056,86,448.0180453072254,1.0,0.8439066326252724,14.0,True
2_39_91_441_2019-01-16 17:51:11.354558,185,930.3332622890568,0.0,0.0,0.0,False
2_39_91_441_2019-01-18 19:10:16.843089,86,525.377243872549,0.0,0.0,0.0,False
2_39_91_441_2019-01-24 21:13:45.671201,146,425.89042846575785,4.0,2.677999690341049,25.0,True
2_39_91_441_2019-01-25 18:00:37.863144,113,669.281231582633,1.0,0.6685149795751633,14.0,True
2_39_91_441_2019-01-29 17:00:02.262281,182,1155.540526086332,1.0,0.7121907638888889,15.0,True
2_39_91_441_2019-01-30 19:32:01.124993,120,390.6030244864612,1.0,0.33441236111111117,8.0,True
2_39_91_441_2019-02-01 17:11:52.279641,163,1038.1962366341506,1.0,0.5723146527777777,11.0,True
2_39_91_441_2019-02-05 21:11:48.525159,192,606.01139085506,2.0,0.6543429683048432,12.0,True
2_39_91_441_2019-02-07 21:19:10.321605,31,49.30852753178194,0.0,0.0,0.0,False
2_39_91_441_2019-02-20 18:10:35.089993,151,916.9161875863253,0.0,0.0,0.0,False
2_39_91_441_2019-02-22 16:28:38.149192,341,2293.6050777010482,0.0,0.0,0.0,False
2_39_91_441_2019-02-25 21:55:44.771614,209,1369.1045854691877,0.0,0.0,0.0,False
2_39_91_441_2019-02-26 19:41:22.536955,66,127.91330055469555,2.0,0.6082897932228447,11.0,True
2_39_91_441_2019-03-04 18:16:56.503147,110,669.4883586847019,1.0,0.738357741791161,16.0,True
2_39_91_441_2019-03-06 17:20:52.161907,101,625.7253664512774,1.0,0.9150460345577626,17.0,True
2_39_91_441_2019-03-07 16:58:40.541060,143,872.227941814601,1.0,0.18220104166666665,5.0,True
2_39_91_441_2019-03-08 21:39:15.759787,144,506.73996461038956,2.0,0.28768691993464046,7.0,True
2_39_91_441_2019-03-11 19:29:53.370484,31,46.47071421568627,0.0,0.0,0.0,False
2_39_91_441_2019-03-13 16:11:09.408372,115,696.5454083333333,1.0,0.24837444444444445,7.0,True
2_39_91_441_2019-03-14 19:34:49.655930,146,507.4190782886231,4.0,0.6354577899877899,12.0,True
2_39_91_441_2019-03-25 14:44:11.912031,281,936.4588549953314,7.0,2.1125297300031125,31.0,True
2_39_91_441_2019-03-28 20:45:42.930497,68,228.61583064435564,0.0,0.0,0.0,False
2_39_91_441_2019-03-29 16:29:41.687433,133,865.7062550101858,0.0,0.0,0.0,False
2_39_91_441_2019-04-02 17:08:32.855571,215,1428.1949636904762,0.0,0.0,0.0,False
2_39_91_441_2019-04-04 19:19:23.557241,148,522.6422179738562,3.0,0.8078012336601306,17.0,True
2_39_91_441_2019-04-04 22:27:26.133566,130,863.8874644030419,0.0,0.0,0.0,False
2_39_91_441_2019-04-05 15:57:50.055170,355,2340.084313305322,1.0,0.7983720138888889,19.0,True
2_39_91_441_2019-04-08 17:16:44.150594,73,231.21979394771893,2.0,0.5648513194444444,9.0,True
2_39_91_441_2019-04-09 04:52:20.206290,539,3615.466009783762,0.0,0.0,0.0,False
2_39_91_441_2019-04-09 16:06:12.227896,163,1067.209363065611,0.0,0.0,0.0,False
2_39_91_441_2019-04-10 17:53:20.180010,33,52.948325925665316,0.0,0.0,0.0,False
2_39_91_441_2019-04-12 18:41:21.924730,103,384.49873080065356,1.0,1.4723440972222226,47.0,True
2_39_91_441_2019-04-15 16:56:10.049336,56,332.84226666666666,1.0,0.5984098611111112,7.0,True
2_39_91_441_2019-04-16 17:23:29.893722,95,533.6463408263305,0.0,0.0,0.0,False
2_39_91_441_2019-04-17 17:29:17.111579,35,54.68807912210338,0.0,0.0,0.0,False
2_39_91_441_2019-04-18 17:30:36.524875,89,526.089649859944,0.0,0.0,0.0,False
2_39_91_441_2019-04-22 17:27:13.666556,57,347.4405328877005,1.0,0.5930974305555556,7.0,True
2_39_91_441_2019-04-23 17:28:32.910223,81,477.7839603649833,0.0,0.0,0.0,False
2_39_91_441_2019-04-23 22:47:44.846491,32,54.60694572583419,0.0,0.0,0.0,False
2_39_91_441_2019-04-24 16:58:59.827984,108,674.7660416666666,1.0,0.6989681249999999,14.0,True
2_39_91_441_2019-05-01 17:26:10.624460,50,294.268625,1.0,0.27140308531746027,7.0,True
2_39_91_441_2019-05-03 20:53:04.899083,169,1050.926399894958,0.0,0.0,0.0,False
2_39_91_441_2019-05-07 17:07:42.368123,104,384.95821908754726,2.0,1.5723304166666667,47.0,True
2_39_91_441_2019-05-08 17:07:22.922850,112,714.1685821545284,1.0,0.6886613194444444,14.0,True
2_39_91_441_2019-05-15 19:53:44.336084,118,388.67399068627446,2.0,0.6039034722222223,8.0,True
2_39_91_441_2019-05-17 17:11:23.813271,105,638.4795776844071,1.0,0.2223252777777778,6.0,True
2_39_91_441_2019-05-20 16:54:32.445723,206,1279.9640761437909,0.0,0.0,0.0,False
2_39_91_441_2019-05-21 17:32:26.660212,36,55.689677863777085,0.0,0.0,0.0,False
2_39_91_441_2019-05-22 17:56:37.415678,30,48.3616725490196,0.0,0.0,0.0,False
2_39_91_441_2019-05-24 16:59:22.025629,113,680.329643872549,0.0,0.0,0.0,False
2_39_91_441_2019-05-28 17:14:37.670097,109,682.9040458333333,1.0,0.7219365277777777,15.0,True
2_39_91_441_2019-05-29 17:36:34.469608,124,741.4043556605975,1.0,0.23382805555555553,6.0,True
2_39_91_441_2019-05-30 16:46:51.758963,178,1084.4195894607842,0.0,0.0,0.0,False
2_39_91_441_2019-06-03 16:34:24.917271,229,1408.5927324807114,0.0,0.0,0.0,False
2_39_91_441_2019-06-04 15:53:58.044423,175,1179.3275309998824,0.0,0.0,0.0,False
2_39_91_441_2019-06-06 18:00:44.621311,107,689.6416166666667,1.0,0.5362957638888889,7.0,True
2_39_91_441_2019-06-10 15:52:50.211961,193,1276.9095302831972,0.0,0.0,0.0,False
2_39_91_441_2019-06-11 16:31:31.957397,31,51.44524208683473,0.0,0.0,0.0,False
2_39_91_441_2019-06-11 20:11:37.386208,122,404.6125905112045,1.0,0.2786717647058823,7.0,True
2_39_91_441_2019-06-12 16:56:14.342031,102,602.7808078081232,0.0,0.0,0.0,False
2_39_91_441_2019-06-13 15:41:30.558981,61,122.65523522408964,1.0,0.28590048611111113,8.0,True
2_39_91_441_2019-06-14 15:50:15.194154,31,52.16000416666667,0.0,0.0,0.0,False
2_39_91_441_2019-06-14 17:48:00.797018,31,51.41392083333333,0.0,0.0,0.0,False
2_39_91_441_2019-06-17 18:19:42.693054,160,936.8216675420167,1.0,0.3326747222222223,8.0,True
2_39_91_441_2019-06-18 18:45:35.207973,143,900.30433785014,0.0,0.0,0.0,False
2_39_91_441_2019-06-19 17:21:59.209394,233,785.3719303571428,4.0,4.503300242180206,96.0,True
2_39_91_441_2019-06-20 19:58:50.380314,29,42.48804605810856,1.0,0.15962434294871794,8.0,True
2_39_91_441_2019-06-24 16:05:35.043964,340,2213.6162951151273,0.0,0.0,0.0,False
2_39_91_441_2019-06-25 16:27:31.909594,105,625.2864893207283,1.0,0.3838534027777778,9.0,True
2_39_91_441_2019-06-26 18:20:34.550040,195,1232.8953671568627,1.0,0.8548886111111111,21.0,True
2_39_91_441_2019-07-01 19:59:40.168114,33,54.42730073529412,0.0,0.0,0.0,False
2_39_91_441_2019-07-02 17:12:59.353620,140,873.905256547619,0.0,0.0,0.0,False
2_39_91_441_2019-07-03 17:10:06.654073,116,709.195951447572,1.0,0.8179329357448107,13.0,True
2_39_91_441_2019-07-09 17:14:46.088140,71,206.44646348039214,4.0,1.236150763888889,17.0,True
2_39_91_441_2019-07-10 17:08:16.203473,141,824.9958799019607,1.0,0.6070965277777777,7.0,True
2_39_91_441_2019-07-15 19:44:42.415215,221,749.4595119281046,7.0,2.0660611614923745,28.0,True
2_39_91_441_2019-07-16 18:45:56.011483,399,1388.900931022409,12.0,5.045091402894491,52.0,True
2_39_91_441_2019-07-17 16:51:04.430796,110,701.9979881302521,1.0,0.6457731944444445,8.0,True
2_39_91_441_2019-07-18 16:24:09.414895,163,1088.705821964555,0.0,0.0,0.0,False
2_39_91_441_2019-07-22 16:21:10.880922,140,827.2927370098039,1.0,0.2789064583333333,7.0,True
2_39_91_441_2019-07-24 17:47:10.568176,295,1559.2792145469725,0.0,0.0,0.0,False
2_39_91_441_2019-07-25 17:16:11.428683,247,829.8532788517768,9.0,3.572672843137255,46.0,True
2_39_91_441_2019-07-26 16:37:35.056551,149,989.584462745098,0.0,0.0,0.0,False
2_39_91_441_2019-08-06 22:54:15.030805,31,50.63782163547237,0.0,0.0,0.0,False
2_39_91_441_2019-08-12 20:33:29.907677,125,403.2455833333333,3.0,1.6596881944444442,35.0,True
2_39_91_441_2019-08-13 17:10:28.915914,17,110.32916274509803,0.0,0.0,0.0,False
2_39_91_441_2019-08-14 17:05:42.822353,45,111.49382001723765,2.0,0.7912458874703727,15.0,True
2_39_91_441_2019-08-19 21:04:18.918957,76,217.09266985294116,2.0,0.8126042361111111,17.0,True
2_39_91_441_2019-08-21 16:31:42.289364,213,1399.1506092277261,0.0,0.0,0.0,False
2_39_91_441_2019-08-22 16:07:52.664706,107,663.5232620372232,1.0,0.7248644199439478,13.0,True
2_39_91_441_2019-08-23 19:33:33.477683,140,959.6791126403828,0.0,0.0,0.0,False
2_39_92_436_2018-11-01 16:24:24.558127,34,58.938460100619196,0.0,0.0,0.0,False
2_39_92_436_2018-11-01 20:45:48.584847,38,60.366212581699344,0.0,0.0,0.0,False
2_39_92_436_2018-11-02 16:29:31.912434,110,701.9864802238267,0.0,0.0,0.0,False
2_39_92_436_2018-11-03 22:16:03.085846,31,49.79507740429505,0.0,0.0,0.0,False
2_39_92_436_2018-11-05 16:47:03.923502,164,833.623326996696,1.0,0.6110149264705883,7.0,True
2_39_92_436_2018-11-06 18:14:40.850981,31,50.887484302054155,0.0,0.0,0.0,False
2_39_92_436_2018-11-07 17:00:11.746049,72,141.84610807209646,1.0,0.3607446688132988,12.0,True
2_39_92_436_2018-11-08 16:46:08.414528,59,114.54551069401444,1.0,0.35725569444444444,11.0,True
2_39_92_436_2018-11-09 16:18:05.876128,181,1223.902495872157,0.0,0.0,0.0,False
2_39_92_436_2018-11-10 00:10:03.475549,93,626.5399957762052,0.0,0.0,0.0,False
2_39_92_436_2018-11-12 17:23:18.540299,32,56.373716514939304,0.0,0.0,0.0,False
2_39_92_436_2018-11-13 18:05:02.709311,114,418.38695251547983,1.0,1.3402509259259257,45.0,True
2_39_92_436_2018-11-14 05:37:27.361093,37,253.3452530228758,0.0,0.0,0.0,False
2_39_92_436_2018-11-14 16:35:48.948565,31,46.91421051610928,0.0,0.0,0.0,False
2_39_92_436_2018-11-14 19:11:44.034713,32,49.1049149921372,0.0,0.0,0.0,False
2_39_92_436_2018-11-15 15:49:02.912619,302,955.2456570227888,0.0,0.0,0.0,False
2_39_92_436_2018-11-15 21:16:33.018361,41,70.97143717320262,0.0,0.0,0.0,False
2_39_92_436_2018-11-16 16:42:08.121370,70,134.71975399339223,1.0,0.36456460375816996,12.0,True
2_39_92_436_2018-11-19 20:52:31.996750,64,132.99261460022606,1.0,0.34067714869281046,8.0,True
2_39_92_436_2018-11-20 15:25:15.627662,45,213.47837797227282,0.0,0.0,0.0,False
2_39_92_436_2018-11-21 17:48:33.805930,171,530.1941502076269,3.0,12.193640702399382,90.0,True
2_39_92_436_2018-11-26 17:29:49.766261,56,104.98240366630367,2.0,3.103767980983392,25.0,True
2_39_92_436_2018-11-27 18:00:10.899571,34,62.44989211238108,0.0,0.0,0.0,False
2_39_92_436_2018-11-28 17:53:08.076228,76,235.67703499066292,0.0,0.0,0.0,False
2_39_92_436_2018-11-29 16:49:09.541728,146,780.5852795645574,0.0,0.0,0.0,False
2_39_92_436_2018-11-29 20:38:54.178695,124,397.1483982706836,2.0,0.6440238451213819,8.0,True
2_39_92_436_2018-11-30 17:46:03.713787,105,605.7809524779142,1.0,0.22126225490196075,6.0,True
2_39_92_436_2018-12-03 20:11:57.487365,66,133.20295014208787,1.0,0.2697503062678063,8.0,True
2_39_92_436_2018-12-04 19:28:44.379367,353,1953.3080921001358,0.0,0.0,0.0,False
2_39_92_436_2018-12-05 21:27:13.200762,31,55.25848014346764,0.0,0.0,0.0,False
2_39_92_436_2018-12-09 15:55:54.984571,298,2025.7465117602512,0.0,0.0,0.0,False
2_39_92_436_2018-12-11 17:20:45.782299,56,106.18641060206133,2.0,0.7297370697167755,11.0,True
2_39_92_436_2018-12-14 17:33:52.880076,152,793.30189985218,1.0,0.2565052327714712,7.0,True
2_39_92_436_2018-12-15 23:06:40.146753,44,263.87875768742833,0.0,0.0,0.0,False
2_39_92_436_2018-12-17 17:23:42.655046,217,745.1150999135234,0.0,0.0,0.0,False
2_39_92_436_2018-12-19 17:56:24.479686,266,1261.2439002418153,0.0,0.0,0.0,False
2_39_92_436_2018-12-23 21:39:52.082472,279,1655.715253098521,0.0,0.0,0.0,False
2_39_92_436_2019-01-03 20:46:39.695133,162,1020.7284667001434,0.0,0.0,0.0,False
2_39_92_436_2019-01-07 17:21:19.465064,338,1562.298720741073,2.0,0.7670865118892713,8.0,True
2_39_92_436_2019-01-10 17:50:16.182141,164,890.6267342832413,1.0,0.5181111922268908,11.0,True
2_39_92_436_2019-01-14 18:27:21.763356,145,718.0691628543639,1.0,1.2697391126546314,23.0,True
2_39_92_436_2019-01-15 17:56:52.587767,157,739.4324347555648,2.0,0.6918607214231847,7.0,True
2_39_92_436_2019-01-16 17:31:11.132978,148,436.7630700733906,5.0,1.7733253022493503,21.0,True
2_39_92_436_2019-01-18 21:33:43.524053,213,1171.7915501561367,0.0,0.0,0.0,False
2_39_92_436_2019-01-22 17:33:39.230512,242,1249.7544207400442,2.0,1.5450527528789293,50.0,True
2_39_92_436_2019-01-23 17:09:44.364620,200,663.285639272574,11.0,2.4546231987956,28.0,True
2_39_92_436_2019-01-24 18:16:39.407076,146,547.3155103543171,0.0,0.0,0.0,False
2_39_92_436_2019-01-25 22:35:39.244738,273,936.9139825163398,6.0,2.0519210084033612,29.0,True
2_39_92_436_2019-01-29 18:03:57.554439,68,134.1725091185775,1.0,0.28166967320261443,10.0,True
2_39_92_436_2019-01-30 18:07:35.572242,107,396.94713669222074,0.0,0.0,0.0,False
2_39_92_436_2019-01-31 22:17:04.531344,84,518.0656332049487,0.0,0.0,0.0,False
2_39_92_436_2019-02-01 17:39:35.326095,122,390.2991641573296,4.0,0.8925929193899782,9.0,True
2_39_92_436_2019-02-05 17:05:24.143934,244,1538.8771302360735,2.0,0.9448381991909449,13.0,True
2_39_92_436_2019-02-06 16:32:41.315489,133,818.1729173611562,1.0,0.6776683333333333,8.0,True
2_39_92_436_2019-02-07 21:07:01.061164,128,403.3315955469367,3.0,1.6785684405001318,16.0,True
2_39_92_436_2019-02-08 20:12:26.046478,65,129.29570056128512,2.0,0.6040202168746286,10.0,True
2_39_92_436_2019-02-13 18:12:20.528073,123,752.7415403827725,1.0,0.6835570588235295,16.0,True
2_39_92_436_2019-02-15 17:47:53.617752,297,1985.3410652404998,0.0,0.0,0.0,False
2_39_92_436_2019-02-16 01:24:05.591283,141,949.5873928382891,0.0,0.0,0.0,False
2_39_92_436_2019-02-17 02:27:51.438661,30,57.05275864527629,0.0,0.0,0.0,False
2_39_92_436_2019-02-17 03:30:26.819851,28,52.54228199213497,0.0,0.0,0.0,False
2_39_92_436_2019-02-20 17:06:32.516294,76,233.80753357321362,1.0,0.38823718532814505,9.0,True
2_39_92_436_2019-02-21 22:04:52.999249,93,629.4057319162384,0.0,0.0,0.0,False
2_39_92_436_2019-02-22 23:37:58.572485,84,445.0328544982892,0.0,0.0,0.0,False
2_39_92_436_2019-02-26 19:07:48.409378,94,518.2406509803922,1.0,0.6818915604575165,14.0,True
2_39_92_436_2019-02-27 18:15:36.409911,46,105.31613120915033,1.0,0.5060987704248366,17.0,True
2_39_92_436_2019-03-01 19:23:56.715924,32,54.76472083333333,0.0,0.0,0.0,False
2_39_92_436_2019-03-05 00:03:16.011760,290,1015.8899150622124,9.0,1.4385918758529053,12.0,True
2_39_92_436_2019-03-06 17:31:36.749669,30,104.27852279178337,0.0,0.0,0.0,False
2_39_92_436_2019-03-07 19:43:57.078543,103,648.8206619047619,0.0,0.0,0.0,False
2_39_92_436_2019-03-08 16:34:23.918644,163,941.5727442079462,1.0,0.8168492647058824,13.0,True
2_39_92_436_2019-03-08 21:21:05.033466,120,392.03300158730156,1.0,0.3295752083333333,8.0,True
2_39_92_436_2019-03-11 19:50:06.219958,62,217.68764666691237,2.0,0.7418791206775108,21.0,True
2_39_92_436_2019-03-13 20:20:07.148203,60,185.62492832633052,1.0,0.3014740277777778,8.0,True
2_39_92_436_2019-03-14 16:26:33.159947,115,635.3007619359098,1.0,0.52842125,11.0,True
2_39_92_436_2019-03-18 17:29:39.674873,200,1184.4483905260079,0.0,0.0,0.0,False
2_39_92_436_2019-03-20 16:42:29.096217,64,122.54484057689854,2.0,0.6424386836502278,12.0,True
2_39_92_436_2019-03-21 18:10:25.435774,47,117.82354711472308,1.0,0.4372356540247679,14.0,True
2_39_92_436_2019-03-22 15:56:26.137084,80,273.675794804935,5.0,0.8999087272132174,11.0,True
2_39_92_436_2019-03-22 21:34:05.616632,245,855.1309165837066,7.0,2.3538405077682323,27.0,True
2_39_92_436_2019-03-24 19:56:40.808370,68,452.85175535186437,0.0,0.0,0.0,False
2_39_92_436_2019-03-26 19:10:19.150667,64,129.3315809164004,2.0,0.5461224972766885,8.0,True
2_39_92_436_2019-03-28 19:43:03.848809,125,396.20867756949286,4.0,0.8152509758399639,10.0,True
2_39_92_436_2019-03-29 22:37:22.214247,65,131.47731750760104,1.0,0.2683061838824243,8.0,True
2_39_92_436_2019-04-01 16:36:39.019044,51,98.34673227124182,2.0,0.4913338602941177,6.0,True
2_39_92_436_2019-04-02 16:57:44.017168,57,109.40036209869885,2.0,0.7281739576473865,12.0,True
2_39_92_436_2019-04-04 17:04:29.324665,54,101.50395955335084,2.0,0.6518722467320262,12.0,True
2_39_92_436_2019-04-05 21:13:30.630630,72,232.658305586189,0.0,0.0,0.0,False
2_39_92_436_2019-04-08 17:14:55.096611,146,757.2162208492488,1.0,0.705866388888889,14.0,True
2_39_92_436_2019-04-09 17:51:25.985547,119,428.6323746848739,1.0,1.0007548447712418,25.0,True
2_39_92_436_2019-04-10 16:22:30.184715,78,228.08256941049146,2.0,0.7430537731481484,25.0,True
2_39_92_436_2019-04-11 16:09:02.223464,106,644.1417927871148,1.0,0.7773990925536882,14.0,True
2_39_92_436_2019-04-12 15:01:23.256151,114,360.16072054154995,1.0,0.456593263888889,9.0,True
2_39_92_436_2019-04-15 21:00:06.705275,118,387.3642058132227,1.0,0.3252963194444444,8.0,True
2_39_92_436_2019-04-16 16:58:20.973374,104,332.33213692810455,6.0,1.5578965345860567,16.0,True
2_39_92_436_2019-04-17 16:41:24.833389,47,84.17621666666666,2.0,0.3913670833333333,8.0,True
2_39_92_436_2019-04-18 17:58:45.907662,67,134.55637794117646,2.0,0.6246665277777779,9.0,True
2_39_92_436_2019-04-19 19:48:19.683474,118,389.3336470588235,1.0,0.27007916666666665,7.0,True
2_39_92_436_2019-04-22 15:15:44.808306,28,44.82977965686274,0.0,0.0,0.0,False
2_39_92_436_2019-04-22 19:06:36.266953,56,107.61633392857142,2.0,0.5917427777777777,9.0,True
2_39_92_436_2019-04-23 16:45:54.960926,132,797.6360194506474,1.0,0.5411717197712419,7.0,True
2_39_92_436_2019-04-24 16:43:36.932626,64,129.17765773809523,2.0,0.555665625,8.0,True
2_39_92_436_2019-04-26 16:56:17.722024,45,84.5364112745098,2.0,0.6140599305555554,10.0,True
2_39_92_436_2019-04-29 17:11:07.411922,55,105.65227499999999,1.0,0.3729152777777777,11.0,True
2_39_92_436_2019-04-30 16:22:59.070020,68,378.64141555484514,1.0,0.8087526388888889,16.0,True
2_39_92_436_2019-05-02 20:17:30.717984,121,396.16733175770304,1.0,0.4055204861111111,8.0,True
2_39_92_436_2019-05-03 17:19:43.246041,76,217.55140923202615,1.0,0.5016558905228758,15.0,True
2_39_92_436_2019-05-06 17:05:28.356690,64,121.28855277777778,2.0,0.5890857407407408,13.0,True
2_39_92_436_2019-05-07 16:38:35.675523,118,520.9985600496339,2.0,1.2697231168300651,36.0,True
2_39_92_436_2019-05-07 23:16:08.800708,87,267.3637579124307,1.0,0.4050643750000001,15.0,True
2_39_92_436_2019-05-08 16:26:46.296147,66,128.18951151960783,2.0,0.6576778717320262,12.0,True
2_39_92_436_2019-05-09 21:12:43.908712,116,362.9420105392157,2.0,0.8143737867647058,16.0,True
2_39_92_436_2019-05-10 17:07:25.233587,110,685.390730882353,1.0,0.6979032638888891,14.0,True
2_39_92_436_2019-05-13 16:25:18.892425,39,56.91618133407634,0.0,0.0,0.0,False
2_39_92_436_2019-05-14 16:15:03.440217,100,293.61402230392156,0.0,0.0,0.0,False
2_39_92_436_2019-05-15 16:10:04.336617,44,113.82006544117647,2.0,0.8022536315359476,15.0,True
2_39_92_436_2019-05-17 01:44:48.504472,219,783.1022534313726,4.0,0.5608095098039215,9.0,True
2_39_92_436_2019-05-17 16:49:20.151615,57,172.6933958333333,1.0,0.38174121031746033,11.0,True
2_39_92_436_2019-05-20 16:54:51.140596,89,301.9948958333333,1.0,0.3256589583333333,6.0,True
2_39_92_436_2019-05-20 19:13:49.734464,63,124.77614583333333,2.0,0.628468888888889,9.0,True
2_39_92_436_2019-05-21 21:36:10.980237,68,239.77348714066028,1.0,1.1433610874899103,27.0,True
2_39_92_436_2019-05-22 17:15:08.498014,109,678.8115129201681,1.0,0.6736480555555556,14.0,True
2_39_92_436_2019-05-24 17:05:01.440180,133,847.5711310457516,1.0,0.6827961968954248,8.0,True
2_39_92_436_2019-05-28 17:00:52.299503,85,353.5082973922663,0.0,0.0,0.0,False
2_39_92_436_2019-05-29 15:38:42.446331,126,732.6653794117647,1.0,0.7777033333333335,13.0,True
2_39_92_436_2019-05-30 16:26:30.923068,140,407.6753874766573,2.0,0.6216122916666666,21.0,True
2_39_92_436_2019-05-31 16:42:59.905350,64,124.62179432773108,1.0,0.3291451960784314,11.0,True
2_39_92_436_2019-05-31 19:43:01.396683,19,49.69584872721018,1.0,0.2585067933006536,8.0,True
2_39_92_436_2019-06-01 17:52:29.552894,31,48.512225,0.0,0.0,0.0,False
2_39_92_436_2019-06-03 22:04:48.894635,71,463.29312846718983,0.0,0.0,0.0,False
2_39_92_436_2019-06-04 23:26:34.854435,43,122.22462916666666,1.0,0.36750784722222224,13.0,True
2_39_92_436_2019-06-05 17:38:29.294283,62,125.11710904528478,2.0,0.6151195833333333,8.0,True
2_39_92_436_2019-06-06 18:25:38.855021,48,123.93866397058822,2.0,0.8187794158496733,15.0,True
2_39_92_436_2019-06-07 17:06:22.113846,110,691.8719038054695,1.0,0.6683514071637425,13.0,True
2_39_92_436_2019-06-10 17:02:37.329706,115,254.71912836134453,1.0,0.224975625,12.0,True
2_39_92_436_2019-06-11 18:15:19.444903,81,263.18259579619723,0.0,0.0,0.0,False
2_39_92_436_2019-06-11 20:08:50.511609,83,508.5591182387057,1.0,0.5725959722222222,7.0,True
2_39_92_436_2019-06-12 17:08:55.480916,105,638.7042839528119,1.0,0.6368245734126983,12.0,True
2_39_92_436_2019-06-13 16:47:19.505202,51,139.65920639483065,1.0,0.5140322916666666,15.0,True
2_39_92_436_2019-06-14 16:13:37.556976,56,107.48304750601994,1.0,0.353680625,11.0,True
2_39_92_436_2019-06-17 17:10:06.411178,58,341.5838644257703,1.0,0.7637975612745098,13.0,True
2_39_92_436_2019-06-18 16:10:52.043352,102,329.4921897058823,3.0,0.9040271323529411,28.0,True
2_39_92_436_2019-06-19 17:07:32.782317,48,125.35420817669173,1.0,0.5558379230859011,15.0,True
2_39_92_436_2019-06-20 16:50:35.838110,154,983.4109339285714,0.0,0.0,0.0,False
2_39_92_436_2019-06-21 20:21:41.136175,32,57.49372733488132,0.0,0.0,0.0,False
2_39_92_436_2019-06-24 16:15:03.599787,61,159.20329285714286,2.0,0.7984865740740741,18.0,True
2_39_92_436_2019-06-26 17:28:41.114964,108,674.6617630718954,1.0,0.7270873366013073,14.0,True
2_39_92_436_2019-06-27 19:22:10.981130,120,744.7538318627451,1.0,0.7775617361111111,19.0,True
2_39_92_436_2019-06-28 00:54:58.251140,162,1107.3090174019608,0.0,0.0,0.0,False
2_39_92_436_2019-06-28 17:04:58.614031,109,689.7086884373924,1.0,0.7059469444444444,13.0,True
2_39_92_436_2019-07-01 17:16:02.148553,146,909.4436169117647,1.0,0.6990136805555556,14.0,True
2_39_92_436_2019-07-08 19:34:15.645457,146,938.7477566240132,1.0,0.6004127777777777,13.0,True
2_39_92_436_2019-07-09 17:15:56.640956,116,710.0920531862745,1.0,0.7868577777777775,14.0,True
2_39_92_436_2019-07-10 16:06:43.108891,52,97.95211241830066,2.0,0.6237246078431372,10.0,True
2_39_92_436_2019-07-11 17:00:34.571813,110,664.322714746283,0.0,0.0,0.0,False
2_39_92_436_2019-07-12 20:45:51.251731,90,279.9629392156863,2.0,1.96252045751634,47.0,True
2_39_92_436_2019-07-15 17:11:05.117956,121,765.3318024976656,1.0,0.6921203472222222,14.0,True
2_39_92_436_2019-07-16 17:12:27.973495,89,530.1975970588235,0.0,0.0,0.0,False
2_39_92_436_2019-07-17 16:50:55.379628,53,100.63976249999999,2.0,0.6629249305555556,10.0,True
2_39_92_436_2019-07-19 17:52:16.195051,120,393.3997994720965,3.0,0.69958375,9.0,True
2_39_92_436_2019-07-22 17:01:34.294933,134,848.0900099323062,1.0,0.6869113112745098,13.0,True
2_39_92_436_2019-07-23 19:52:04.300489,54,320.67146593137255,0.0,0.0,0.0,False
2_39_92_436_2019-07-24 16:51:11.653347,179,953.6514144590703,0.0,0.0,0.0,False
2_39_92_436_2019-07-24 20:08:45.343282,47,135.09696421568626,1.0,0.34222506944444453,11.0,True
2_39_92_436_2019-07-25 16:13:02.401022,50,93.15472818627451,1.0,0.33787645833333335,10.0,True
2_39_92_436_2019-07-26 16:47:47.116108,70,134.58124380252102,2.0,0.6730070138888888,11.0,True
2_39_92_436_2019-07-30 17:50:58.938933,58,150.5922557072829,1.0,0.21614416666666664,12.0,True
2_39_92_436_2019-07-31 19:24:34.083015,82,244.80530347439367,0.0,0.0,0.0,False
2_39_92_436_2019-08-01 22:10:36.791824,43,124.80537254901961,1.0,0.3622717361111112,12.0,True
2_39_92_436_2019-08-02 21:55:10.244365,33,56.22884433760684,0.0,0.0,0.0,False
2_39_92_436_2019-08-06 17:32:04.253159,60,119.43368161764705,2.0,0.5882778921568627,8.0,True
2_39_92_436_2019-08-07 16:25:28.410949,58,109.69922745098039,1.0,0.31523958333333335,11.0,True
2_39_92_436_2019-08-08 18:14:42.373073,56,109.34100416666666,2.0,0.6174077328431372,8.0,True
2_39_92_436_2019-08-09 18:32:02.294107,108,336.17987105570296,1.0,0.5393828077342048,15.0,True
2_39_92_436_2019-08-13 17:29:38.968855,17,111.03079455128206,0.0,0.0,0.0,False
2_39_92_436_2019-08-14 16:28:26.175189,160,645.7990137807755,1.0,0.7671983333333334,20.0,True
2_39_92_436_2019-08-15 18:50:22.223970,31,44.925012499999994,0.0,0.0,0.0,False
2_39_92_436_2019-08-16 19:54:08.671703,121,402.2458996920563,3.0,0.8925332638888888,14.0,True
2_39_92_436_2019-08-19 18:55:02.468227,104,311.4565615312792,1.0,0.5750275694444444,15.0,True
2_39_92_436_2019-08-20 19:53:13.802496,119,389.66155172311346,1.0,0.3000122222222223,7.0,True
2_39_92_436_2019-08-21 17:06:36.590295,115,533.8006081699347,1.0,0.9945158333333332,28.0,True
2_39_92_436_2019-08-22 13:37:44.918152,97,634.257072910831,0.0,0.0,0.0,False
2_39_92_436_2019-08-22 18:47:51.411114,132,839.3436414565826,1.0,0.6479682638888888,7.0,True
2_39_92_436_2019-08-23 17:57:58.189584,117,743.209412429972,1.0,0.7048400816993464,12.0,True
2_39_92_442_2018-11-01 03:05:38.557334,39,204.53246304855273,0.0,0.0,0.0,False
2_39_92_442_2018-11-01 15:52:06.468927,33,47.458026318860874,0.0,0.0,0.0,False
2_39_92_442_2018-11-02 20:10:56.159158,50,94.98782692723942,0.0,0.0,0.0,False
2_39_92_442_2018-11-05 16:19:08.657093,254,679.4374075681757,1.0,0.2729258265250545,8.0,True
2_39_92_442_2018-11-05 22:07:54.334676,109,645.204345236182,0.0,0.0,0.0,False
2_39_92_442_2018-11-06 15:20:29.357525,113,341.2960818250377,2.0,0.5706454003267973,9.0,True
2_39_92_442_2018-11-12 16:32:18.501831,403,2710.019230413751,0.0,0.0,0.0,False
2_39_92_442_2018-11-13 01:59:42.047875,31,53.971477468180254,0.0,0.0,0.0,False
2_39_92_442_2018-11-13 17:08:56.873654,153,1045.1052430684554,0.0,0.0,0.0,False
2_39_92_442_2018-11-13 20:33:59.759592,226,1405.9543564945131,0.0,0.0,0.0,False
2_39_92_442_2018-11-14 17:35:05.075302,31,52.24817895658263,0.0,0.0,0.0,False
2_39_92_442_2018-11-14 20:53:30.098268,33,92.5104544817927,1.0,0.36632661706349207,8.0,True
2_39_92_442_2018-11-15 16:08:38.755560,32,52.50582272408963,0.0,0.0,0.0,False
2_39_92_442_2018-11-16 02:24:26.768709,31,53.85368067226891,0.0,0.0,0.0,False
2_39_92_442_2018-11-16 15:15:14.578320,79,476.16457911417353,0.0,0.0,0.0,False
2_39_92_442_2018-11-17 00:51:49.809069,317,2193.015329035825,0.0,0.0,0.0,False
2_39_92_442_2018-11-19 18:37:26.585902,183,908.5314531420463,1.0,4.157778730936819,44.0,True
2_39_92_442_2018-11-20 17:43:15.162156,157,995.8721745098039,1.0,0.5725908333333334,9.0,True
2_39_92_442_2018-11-21 17:34:15.036267,273,948.7260635037347,3.0,18.34521921996576,147.0,True
2_39_92_442_2018-11-26 16:55:15.885361,100,518.9125485163572,0.0,0.0,0.0,False
2_39_92_442_2018-11-27 16:47:13.041122,70,92.81636137930697,0.0,0.0,0.0,False
2_39_92_442_2018-11-29 17:40:56.738832,60,76.13651745786892,0.0,0.0,0.0,False
2_39_92_442_2018-11-30 16:07:13.662627,465,3056.79183121342,1.0,0.8039874926081544,22.0,True
2_39_92_442_2018-12-03 18:15:05.016931,296,963.4649490312792,7.0,2.0162176934748257,33.0,True
2_39_92_442_2018-12-04 17:10:58.174877,208,1253.907084334783,1.0,0.34094011788048556,5.0,True
2_39_92_442_2018-12-05 21:27:57.892163,95,283.8058434039,1.0,0.5366718452380952,17.0,True
2_39_92_442_2018-12-06 16:18:40.473784,116,732.2965749081628,0.0,0.0,0.0,False
2_39_92_442_2018-12-07 19:07:08.534295,102,606.0953096576626,0.0,0.0,0.0,False
2_39_92_442_2018-12-10 18:10:22.015944,51,238.5841707875458,0.0,0.0,0.0,False
2_39_92_442_2018-12-11 16:49:14.555781,84,530.2364755594981,0.0,0.0,0.0,False
2_39_92_442_2018-12-12 19:38:42.224811,38,95.14008567266067,0.0,0.0,0.0,False
2_39_92_442_2018-12-13 17:37:00.906524,174,388.7565387507874,0.0,0.0,0.0,False
2_39_92_442_2018-12-14 17:38:47.961503,112,446.71625183655783,1.0,1.073343353518758,33.0,True
2_39_92_442_2018-12-16 23:56:29.913370,34,56.26355469695852,0.0,0.0,0.0,False
2_39_92_442_2018-12-17 18:06:02.577118,229,839.8617072067835,0.0,0.0,0.0,False
2_39_92_442_2018-12-18 16:36:46.434122,162,684.4477674437748,1.0,0.5560469345238096,11.0,True
2_39_92_442_2018-12-19 17:18:39.865750,397,2439.142778022339,0.0,0.0,0.0,False
2_39_92_442_2018-12-20 17:20:12.188769,92,471.23727918275824,0.0,0.0,0.0,False
2_39_92_442_2018-12-28 21:24:17.788615,174,1114.8464183117621,0.0,0.0,0.0,False
2_39_92_442_2019-01-02 21:53:56.467640,231,747.8301009116185,11.0,2.3226809828991097,15.0,True
2_39_92_442_2019-01-07 16:27:30.838965,488,2477.6863961219224,0.0,0.0,0.0,False
2_39_92_442_2019-01-08 16:54:18.559070,298,1406.1689095651122,0.0,0.0,0.0,False
2_39_92_442_2019-01-09 17:57:01.522007,31,150.17143162393162,0.0,0.0,0.0,False
2_39_92_442_2019-01-10 16:33:36.140117,31,52.537021409249505,0.0,0.0,0.0,False
2_39_92_442_2019-01-11 16:14:37.142204,528,3006.0778243242094,0.0,0.0,0.0,False
2_39_92_442_2019-01-14 16:21:35.849786,275,1484.6837679281632,0.0,0.0,0.0,False
2_39_92_442_2019-01-15 16:15:02.544677,512,3019.842436959142,0.0,0.0,0.0,False
2_39_92_442_2019-01-16 16:43:28.316776,34,54.39535694085326,0.0,0.0,0.0,False
2_39_92_442_2019-01-16 20:52:54.997181,72,138.43586701925526,1.0,0.22351227668845314,9.0,True
2_39_92_442_2019-01-17 18:15:53.409611,128,364.8668452314026,0.0,0.0,0.0,False
2_39_92_442_2019-01-17 20:51:07.930133,141,499.4523936543848,5.0,0.6517378104575163,8.0,True
2_39_92_442_2019-01-18 16:14:05.940811,239,1506.9268189578395,1.0,0.21731888888888895,6.0,True
2_39_92_442_2019-01-22 16:08:36.805631,342,2209.4684611057287,1.0,0.7642511805555557,20.0,True
2_39_92_442_2019-01-23 17:05:09.450479,104,313.35453677123957,1.0,0.44393577635878906,14.0,True
2_39_92_442_2019-01-24 17:18:52.524427,226,1431.2309907661308,0.0,0.0,0.0,False
2_39_92_442_2019-01-25 16:20:08.878705,318,2107.01057868602,0.0,0.0,0.0,False
2_39_92_442_2019-01-29 00:27:54.955378,255,887.2729234627644,5.0,0.900550584105437,13.0,True
2_39_92_442_2019-01-29 16:52:49.580235,345,2257.1547547869955,0.0,0.0,0.0,False
2_39_92_442_2019-01-30 16:26:01.122830,97,549.604085894459,1.0,0.7885594492074832,15.0,True
2_39_92_442_2019-02-01 16:26:35.821655,238,1557.20215247248,1.0,0.7276535906862746,18.0,True
2_39_92_442_2019-02-04 17:12:09.010876,344,2163.6176980625582,0.0,0.0,0.0,False
2_39_92_442_2019-02-05 18:15:30.014674,128,739.6111338369778,1.0,0.39130634803921566,9.0,True
2_39_92_442_2019-02-06 21:49:46.159365,31,56.02092083333333,0.0,0.0,0.0,False
2_39_92_442_2019-02-07 16:18:00.249006,178,1161.3977473208113,0.0,0.0,0.0,False
2_39_92_442_2019-02-08 16:12:32.738554,40,60.46250237334475,0.0,0.0,0.0,False
2_39_92_442_2019-02-08 21:55:39.052119,374,2258.3951966497125,0.0,0.0,0.0,False
2_39_92_442_2019-02-11 16:14:36.964668,73,428.60203932342165,0.0,0.0,0.0,False
2_39_92_442_2019-02-12 16:41:00.188584,415,2679.4679443499867,0.0,0.0,0.0,False
2_39_92_442_2019-02-13 20:18:27.378617,64,126.85833228291317,2.0,0.6203980419389978,10.0,True
2_39_92_442_2019-02-14 16:48:05.171955,411,2710.8519543381453,0.0,0.0,0.0,False
2_39_92_442_2019-02-15 18:10:29.840444,120,706.9928237044818,0.0,0.0,0.0,False
2_39_92_442_2019-02-17 02:59:00.107625,31,58.66466733266733,0.0,0.0,0.0,False
2_39_92_442_2019-02-17 03:46:05.485855,384,2691.5632732277527,0.0,0.0,0.0,False
2_39_92_442_2019-02-18 17:09:04.157968,456,3186.4580817074266,0.0,0.0,0.0,False
2_39_92_442_2019-02-20 18:28:50.789911,58,351.2346401697975,0.0,0.0,0.0,False
2_39_92_442_2019-02-22 16:13:35.969373,369,2383.63389616117,2.0,1.099453733974359,11.0,True
2_39_92_442_2019-02-25 20:59:00.098533,226,1532.9239557297278,0.0,0.0,0.0,False
2_39_92_442_2019-02-26 16:14:32.493602,244,1550.1329222823485,1.0,0.9609421446078431,17.0,True
2_39_92_442_2019-02-27 18:10:03.990861,244,1304.5207311833246,1.0,0.15148835648148148,5.0,True
2_39_92_442_2019-02-28 02:24:25.055778,65,130.58264583333332,1.0,0.26543680555555554,9.0,True
2_39_92_442_2019-02-28 16:23:11.434152,103,464.39632785229475,0.0,0.0,0.0,False
2_39_92_442_2019-02-28 20:10:10.657008,285,1402.3761028773513,0.0,0.0,0.0,False
2_39_92_442_2019-03-01 16:43:17.053137,378,2518.216776505602,1.0,0.7711561111111112,22.0,True
2_39_92_442_2019-03-04 17:06:40.230617,176,1109.0943294772221,1.0,0.6662738194444445,15.0,True
2_39_92_442_2019-03-04 22:15:59.134269,33,179.15822083333333,1.0,0.7284497916666666,12.0,True
2_39_92_442_2019-03-05 16:42:48.358356,497,3291.39896370762,0.0,0.0,0.0,False
2_39_92_442_2019-03-06 21:16:59.460918,65,132.2367792323947,1.0,0.28184152777777777,8.0,True
2_39_92_442_2019-03-07 18:20:46.487950,272,1445.023349602672,2.0,1.389972434927187,47.0,True
2_39_92_442_2019-03-08 16:09:48.018961,395,2595.1376069400762,1.0,0.9262122920966632,22.0,True
2_39_92_442_2019-03-12 15:22:54.140318,430,2864.347607377577,0.0,0.0,0.0,False
2_39_92_442_2019-03-13 22:21:49.654985,120,428.2907349458204,0.0,0.0,0.0,False
2_39_92_442_2019-03-15 15:23:30.680825,182,1149.1688254848093,1.0,0.8781772916666668,21.0,True
2_39_92_442_2019-03-18 15:43:23.101673,312,2008.1591539968201,0.0,0.0,0.0,False
2_39_92_442_2019-03-20 16:26:15.355728,86,500.3436086915535,0.0,0.0,0.0,False
2_39_92_442_2019-03-21 15:42:34.532396,313,2032.18523115969,1.0,0.9713111073063646,24.0,True
2_39_92_442_2019-03-22 16:13:55.353390,180,1194.3211139319958,0.0,0.0,0.0,False
2_39_92_442_2019-03-26 17:44:38.179143,117,384.76081442936146,5.0,1.1549299114774114,9.0,True
2_39_92_442_2019-03-27 16:03:32.861137,545,3496.6733929597362,1.0,0.9401625694444444,30.0,True
2_39_92_442_2019-03-28 15:45:04.980477,411,2711.2433442428655,0.0,0.0,0.0,False
2_39_92_442_2019-03-29 20:53:57.717762,172,1163.5928081996435,0.0,0.0,0.0,False
2_39_92_442_2019-04-01 20:46:35.055125,125,788.7797790032679,0.0,0.0,0.0,False
2_39_92_442_2019-04-02 15:41:53.760262,109,654.8982424259177,1.0,0.1774455191798942,5.0,True
2_39_92_442_2019-04-03 16:05:35.907174,106,625.5000291666666,1.0,0.26662548611111114,7.0,True
2_39_92_442_2019-04-05 15:58:17.967394,255,1734.2724124299718,0.0,0.0,0.0,False
2_39_92_442_2019-04-08 15:13:29.109840,339,2212.5703691671074,0.0,0.0,0.0,False
2_39_92_442_2019-04-09 18:07:44.287563,196,1202.4152416666666,0.0,0.0,0.0,False
2_39_92_442_2019-04-10 16:52:11.186784,226,1342.477247257236,0.0,0.0,0.0,False
2_39_92_442_2019-04-11 14:01:40.894076,210,1255.7822279411764,0.0,0.0,0.0,False
2_39_92_442_2019-04-16 15:51:55.216471,67,431.3889600490196,0.0,0.0,0.0,False
2_39_92_442_2019-04-17 16:11:25.309228,122,480.3729278944911,0.0,0.0,0.0,False
2_39_92_442_2019-04-19 15:42:34.704216,155,1031.0207546092795,0.0,0.0,0.0,False
2_39_92_442_2019-04-22 15:23:11.139473,403,2710.786467717087,0.0,0.0,0.0,False
2_39_92_442_2019-04-23 15:52:12.700270,155,1008.396081553169,0.0,0.0,0.0,False
2_39_92_442_2019-04-24 16:02:07.216956,175,1169.6739022408963,0.0,0.0,0.0,False
2_39_92_442_2019-04-25 19:19:01.209312,135,830.8767738445378,1.0,0.3663047916666667,9.0,True
2_39_92_442_2019-04-26 15:18:42.026987,340,2259.7890303317595,0.0,0.0,0.0,False
2_39_92_442_2019-04-28 16:53:55.324355,322,2231.3060314264167,0.0,0.0,0.0,False
2_39_92_442_2019-04-29 17:13:09.608151,207,1272.8843894491129,0.0,0.0,0.0,False
2_39_92_442_2019-04-30 15:51:58.864062,203,1335.1507360294117,0.0,0.0,0.0,False
2_39_92_442_2019-05-01 15:43:14.131837,464,3134.133370837251,0.0,0.0,0.0,False
2_39_92_442_2019-05-02 18:01:21.044022,228,1386.6352859484311,0.0,0.0,0.0,False
2_39_92_442_2019-05-03 16:33:08.312556,171,1054.1915063799204,1.0,0.16558479166666662,5.0,True
2_39_92_442_2019-05-05 18:46:46.938907,116,718.3135676470588,0.0,0.0,0.0,False
2_39_92_442_2019-05-06 15:56:56.110904,185,1203.0971446078431,1.0,0.6514861683006536,13.0,True
2_39_92_442_2019-05-07 17:07:06.007506,134,734.7705360914541,0.0,0.0,0.0,False
2_39_92_442_2019-05-07 22:01:26.503322,167,831.0711520080839,3.0,1.1478653614121086,27.0,True
2_39_92_442_2019-05-08 20:35:04.105284,77,488.1232924369748,1.0,0.6649476388888889,13.0,True
2_39_92_442_2019-05-09 17:42:27.963479,121,747.9544620098039,0.0,0.0,0.0,False
2_39_92_442_2019-05-10 15:11:39.827049,465,3102.95325276203,0.0,0.0,0.0,False
2_39_92_442_2019-05-13 15:21:17.725252,495,3213.8775529009604,1.0,0.5528931903594771,12.0,True
2_39_92_442_2019-05-14 21:56:08.856526,102,695.8163791221034,0.0,0.0,0.0,False
2_39_92_442_2019-05-15 17:23:30.859341,437,2951.349498638943,0.0,0.0,0.0,False
2_39_92_442_2019-05-16 19:15:41.212648,236,1615.1433049019606,0.0,0.0,0.0,False
2_39_92_442_2019-05-17 15:14:11.226523,259,1400.28290133951,1.0,0.6846177923669468,12.0,True
2_39_92_442_2019-05-19 04:49:03.086270,205,1290.7065175420169,0.0,0.0,0.0,False
2_39_92_442_2019-05-20 18:06:22.573433,118,388.7250719771242,2.0,0.683529236111111,10.0,True
2_39_92_442_2019-05-21 17:01:16.832451,82,319.7983132239315,0.0,0.0,0.0,False
2_39_92_442_2019-05-21 18:56:41.024171,503,3408.016925138213,1.0,0.7459243055555556,16.0,True
2_39_92_442_2019-05-22 17:09:38.563719,82,509.4240318043884,1.0,0.5656600163398694,7.0,True
2_39_92_442_2019-05-24 15:23:51.831816,237,1533.6761852492277,1.0,0.8861534027777778,22.0,True
2_39_92_442_2019-05-28 16:55:58.745410,31,52.158591666666666,0.0,0.0,0.0,False
2_39_92_442_2019-05-29 16:31:36.443316,209,1257.932871941496,0.0,0.0,0.0,False
2_39_92_442_2019-05-30 17:14:01.747072,135,680.2361546230773,1.0,0.709766712962963,14.0,True
2_39_92_442_2019-05-31 15:15:12.881459,350,2258.7035845588234,0.0,0.0,0.0,False
2_39_92_442_2019-06-02 17:27:56.227193,91,561.3549669117647,0.0,0.0,0.0,False
2_39_92_442_2019-06-06 17:10:02.864587,109,662.1754970238095,0.0,0.0,0.0,False
2_39_92_442_2019-06-07 16:41:24.661753,486,3197.7511907507737,1.0,0.8591975408496731,20.0,True
2_39_92_442_2019-06-10 17:59:29.110268,96,571.2429084033613,0.0,0.0,0.0,False
2_39_92_442_2019-06-10 20:27:27.686400,33,159.28624310101233,0.0,0.0,0.0,False
2_39_92_442_2019-06-11 18:53:28.238866,32,47.979141106442576,0.0,0.0,0.0,False
2_39_92_442_2019-06-12 16:45:31.573403,70,196.67918911399488,1.0,0.3190870138888889,7.0,True
2_39_92_442_2019-06-14 16:04:20.181115,464,2947.1214114996155,1.0,0.7345687418300654,18.0,True
2_39_92_442_2019-06-18 16:26:34.968914,156,965.0622515989729,0.0,0.0,0.0,False
2_39_92_442_2019-06-18 19:24:22.570137,122,401.3252672879643,2.0,0.5577186683006535,9.0,True
2_39_92_442_2019-06-19 17:10:35.163239,59,180.7852551120448,1.0,0.2738974591503268,8.0,True
2_39_92_442_2019-06-19 18:46:36.297162,27,77.91665,1.0,0.2598110416666667,7.0,True
2_39_92_442_2019-06-21 15:56:30.424120,311,2033.4977860200024,1.0,0.8668195746719741,20.0,True
2_39_92_442_2019-06-24 19:31:26.520071,31,40.43426838235294,1.0,0.2556275694444444,12.0,True
2_39_92_442_2019-06-26 16:26:28.606385,111,689.938518872549,1.0,0.3523870138888889,8.0,True
2_39_92_442_2019-06-27 16:38:33.837368,77,477.2449850490196,0.0,0.0,0.0,False
2_39_92_442_2019-06-27 21:32:40.535837,31,58.038053431372546,0.0,0.0,0.0,False
2_39_92_442_2019-06-28 20:06:45.675512,121,400.74871102941177,1.0,0.3358214583333334,7.0,True
2_39_92_442_2019-07-01 17:58:52.365104,133,875.9565240196079,0.0,0.0,0.0,False
2_39_92_442_2019-07-09 16:50:08.288669,116,729.2106982142857,0.0,0.0,0.0,False
2_39_92_442_2019-07-11 16:14:20.706639,409,2687.8023157287716,0.0,0.0,0.0,False
2_39_92_442_2019-07-12 19:48:42.373249,118,388.1999851890756,3.0,1.7581890662931836,41.0,True
2_39_92_442_2019-07-15 00:12:55.276321,165,799.0756821078431,1.0,0.7470104166666666,13.0,True
2_39_92_442_2019-07-18 16:10:54.057920,412,2710.6867279411763,0.0,0.0,0.0,False
2_39_92_442_2019-07-19 18:12:35.983641,147,966.9114492933537,0.0,0.0,0.0,False
2_39_92_442_2019-07-19 23:22:47.767892,46,134.284975,1.0,0.35861215277777775,12.0,True
2_39_92_442_2019-07-23 20:01:40.653613,124,412.22782083333334,2.0,0.5585724223856209,10.0,True
2_39_92_442_2019-07-24 17:03:25.297074,109,675.3741320261438,1.0,0.6203466053921569,7.0,True
2_39_92_442_2019-07-25 17:26:17.158055,105,658.8561232843136,0.0,0.0,0.0,False
2_39_92_442_2019-07-29 20:50:51.558008,88,537.0140245681606,0.0,0.0,0.0,False
2_39_92_442_2019-07-30 17:27:18.965906,82,444.6441436965812,0.0,0.0,0.0,False
2_39_92_442_2019-07-31 17:31:23.139778,32,60.76469428104575,0.0,0.0,0.0,False
2_39_92_442_2019-08-01 19:02:42.758289,20,124.09501785714285,0.0,0.0,0.0,False
2_39_92_442_2019-08-02 21:36:05.870701,51,129.40193205128205,2.0,0.4445322222222223,12.0,True
2_39_92_442_2019-08-05 16:03:07.780690,233,1503.2575062140645,0.0,0.0,0.0,False
2_39_92_442_2019-08-07 18:21:21.095691,70,134.6404316993464,1.0,0.21088843001089325,8.0,True
2_39_92_442_2019-08-08 15:45:53.159930,399,2494.811272222222,2.0,1.194911664731682,16.0,True
2_39_92_442_2019-08-11 04:41:44.351030,226,1345.666275625952,1.0,0.7104077235982112,12.0,True
2_39_92_442_2019-08-12 16:21:36.454497,437,2596.1882690509638,3.0,1.151037768676184,14.0,True
2_39_92_442_2019-08-13 16:49:50.618980,17,109.21756217948717,0.0,0.0,0.0,False
2_39_92_442_2019-08-14 17:32:28.031706,32,51.446787254901956,0.0,0.0,0.0,False
2_39_92_442_2019-08-14 20:19:49.387178,35,80.64705999312005,2.0,0.6418462668415319,13.0,True
2_39_92_442_2019-08-16 15:39:25.560001,322,2108.129561862488,0.0,0.0,0.0,False
2_39_92_442_2019-08-19 17:06:19.009609,258,865.15661811481,4.0,1.3477559903127916,24.0,True
2_39_92_442_2019-08-20 15:49:16.074903,118,718.2356675420168,0.0,0.0,0.0,False
2_39_92_442_2019-08-20 21:35:19.554468,271,1760.6620286764705,0.0,0.0,0.0,False
2_39_92_442_2019-08-21 17:02:33.821242,190,571.3892037622508,4.0,0.8726286535768155,11.0,True
2_39_95_27_2018-11-01 02:03:23.543845,63,207.26032209383752,0.0,0.0,0.0,False
2_39_95_27_2018-11-01 14:05:57.543149,68,418.4136022309261,0.0,0.0,0.0,False
2_39_95_27_2018-11-01 15:47:42.472324,33,56.555760522015824,0.0,0.0,0.0,False
2_39_95_27_2018-11-02 14:26:11.522443,75,463.5692588911003,0.0,0.0,0.0,False
2_39_95_27_2018-11-02 16:52:57.380785,32,59.45114022301228,0.0,0.0,0.0,False
2_39_95_27_2018-11-02 19:27:23.818609,141,246.39302000442797,0.0,0.0,0.0,False
2_39_95_27_2018-11-03 04:35:13.629102,435,2935.460457218332,1.0,0.7619333732103952,19.0,True
2_39_95_27_2018-11-03 22:23:29.480636,31,45.57105271493212,1.0,0.1717220299145299,8.0,True
2_39_95_27_2018-11-04 18:31:22.085389,31,55.300821762516804,0.0,0.0,0.0,False
2_39_95_27_2018-11-05 17:36:08.979619,34,56.684669542020586,0.0,0.0,0.0,False
2_39_95_27_2018-11-06 15:16:50.952928,83,512.6272871732026,1.0,0.4080132175925926,8.0,True
2_39_95_27_2018-11-07 18:41:18.644576,225,1474.2751958270487,1.0,0.8042307924836601,19.0,True
2_39_95_27_2018-11-08 16:48:09.268968,60,204.38401262838468,0.0,0.0,0.0,False
2_39_95_27_2018-11-08 18:32:23.363105,134,474.3824517089292,0.0,0.0,0.0,False
2_39_95_27_2018-11-09 01:17:21.487167,18,60.083134469696965,0.0,0.0,0.0,False
2_39_95_27_2018-11-09 16:28:55.043811,82,370.24698822990734,1.0,0.1414479079131653,7.0,True
2_39_95_27_2018-11-09 21:16:58.984352,32,53.53503022875817,0.0,0.0,0.0,False
2_39_95_27_2018-11-10 00:58:07.468590,44,287.2234721872082,0.0,0.0,0.0,False
2_39_95_27_2018-11-10 18:41:43.278938,415,2788.6720532401423,1.0,0.7987496691176472,20.0,True
2_39_95_27_2018-11-11 06:05:37.981122,32,52.664113888888885,0.0,0.0,0.0,False
2_39_95_27_2018-11-11 16:41:47.909602,89,283.71951011374244,1.0,0.2508385416666667,5.0,True
2_39_95_27_2018-11-12 17:52:24.602875,156,959.0740659141726,0.0,0.0,0.0,False
2_39_95_27_2018-11-13 17:08:31.798371,115,377.8851571320836,1.0,0.3673956821895425,9.0,True
2_39_95_27_2018-11-14 15:12:21.214415,193,1053.8865120636715,2.0,1.3152308564814816,32.0,True
2_39_95_27_2018-11-15 02:23:19.615780,136,473.6331419918504,0.0,0.0,0.0,False
2_39_95_27_2018-11-15 17:34:13.129913,32,51.95953316365007,0.0,0.0,0.0,False
2_39_95_27_2018-11-15 20:19:43.768973,131,396.88637107843135,1.0,0.26745559640522876,7.0,True
2_39_95_27_2018-11-16 03:12:35.510998,147,486.6110658963585,1.0,0.5097534150326798,18.0,True
2_39_95_27_2018-11-16 17:36:35.091008,86,253.63289472455648,2.0,1.4759732481325862,46.0,True
2_39_95_27_2018-11-19 00:34:34.498565,31,53.66222729925303,0.0,0.0,0.0,False
2_39_95_27_2018-11-19 18:01:56.499286,31,57.76113731940144,0.0,0.0,0.0,False
2_39_95_27_2018-11-19 23:41:06.392033,58,391.6167383053221,0.0,0.0,0.0,False
2_39_95_27_2018-11-20 16:03:35.504940,452,2611.497144773935,0.0,0.0,0.0,False
2_39_95_27_2018-11-21 05:48:35.016688,77,475.5530383169934,0.0,0.0,0.0,False
2_39_95_27_2018-11-21 15:11:42.834586,202,1138.0358478558292,2.0,2.481141909430439,21.0,True
2_39_95_27_2018-11-21 19:43:41.325116,71,451.08910409663866,0.0,0.0,0.0,False
2_39_95_27_2018-11-26 17:05:12.786141,187,899.4643741813484,0.0,0.0,0.0,False
2_39_95_27_2018-11-26 21:13:40.519178,136,613.1887869584664,0.0,0.0,0.0,False
2_39_95_27_2018-11-27 01:40:08.040345,110,368.67831340946634,6.0,5.375801122303622,29.0,True
2_39_95_27_2018-11-27 16:23:02.995122,145,405.5732717254237,3.0,0.9631588266145619,8.0,True
2_39_95_27_2018-11-28 18:48:08.187243,105,352.27497034886335,1.0,0.44908631944444444,9.0,True
2_39_95_27_2018-11-29 17:40:23.495380,265,1535.8934541634444,0.0,0.0,0.0,False
2_39_95_27_2018-11-30 18:03:13.384604,140,797.8660764992145,0.0,0.0,0.0,False
2_39_95_27_2018-12-04 17:02:48.333131,80,281.8252490788623,0.0,0.0,0.0,False
2_39_95_27_2018-12-04 19:36:56.632803,173,829.7367331747248,2.0,0.3775527668546051,7.0,True
2_39_95_27_2018-12-05 16:57:40.795595,76,263.40485128077546,1.0,0.12927243055555554,6.0,True
2_39_95_27_2018-12-05 19:32:32.802300,66,132.12792383458046,1.0,0.2803892361111111,8.0,True
2_39_95_27_2018-12-06 16:09:08.469031,127,393.3029088116862,1.0,0.19715641025641026,5.0,True
2_39_95_27_2018-12-07 09:22:27.660738,124,386.6454736461251,1.0,0.5980307448257081,19.0,True
2_39_95_27_2018-12-10 19:39:15.053781,33,55.26278095238095,0.0,0.0,0.0,False
2_39_95_27_2018-12-10 21:38:04.364779,32,87.04366951896142,1.0,0.14992290032679736,6.0,True
2_39_95_27_2018-12-11 16:08:40.974897,53,316.01079403864105,0.0,0.0,0.0,False
2_39_95_27_2018-12-11 18:29:13.984642,66,243.96998872549017,0.0,0.0,0.0,False
2_39_95_27_2018-12-12 17:19:52.940178,92,137.89052951925524,0.0,0.0,0.0,False
2_39_95_27_2018-12-13 16:08:32.172003,71,334.48797688998735,0.0,0.0,0.0,False
2_39_95_27_2018-12-14 17:42:13.168268,132,378.0697776781438,1.0,0.31025535850451297,12.0,True
2_39_95_27_2018-12-17 21:02:50.769627,93,288.6637307340535,0.0,0.0,0.0,False
2_39_95_27_2018-12-18 20:35:49.522622,127,656.1552042108776,0.0,0.0,0.0,False
2_39_95_27_2018-12-19 20:15:08.171953,72,248.64693143378398,0.0,0.0,0.0,False
2_39_95_27_2018-12-20 01:40:53.892637,30,53.65123112745098,0.0,0.0,0.0,False
2_39_95_27_2018-12-20 17:35:55.986059,201,680.3803716785063,4.0,0.6327615474680548,13.0,True
2_39_95_27_2018-12-21 18:13:02.670740,106,431.5103378490446,0.0,0.0,0.0,False
2_39_95_27_2019-01-02 19:04:51.295367,87,241.25111177801386,2.0,0.36660722572362286,7.0,True
2_39_95_27_2019-01-03 16:42:03.746450,195,1197.3492389570483,1.0,0.789857457788671,16.0,True
2_39_95_27_2019-01-04 16:47:03.244127,184,1122.4945707160944,0.0,0.0,0.0,False
2_39_95_27_2019-01-04 21:39:50.663929,124,402.8026844028455,2.0,0.39018713533220306,8.0,True
2_39_95_27_2019-01-07 16:25:56.121567,154,813.7573745715971,1.0,0.37626461101398595,6.0,True
2_39_95_27_2019-01-08 16:37:36.739428,98,312.31118270811146,0.0,0.0,0.0,False
2_39_95_27_2019-01-09 16:33:11.068553,146,815.0655373553046,1.0,0.30739190553684365,6.0,True
2_39_95_27_2019-01-10 18:17:17.261662,54,135.65412136335885,1.0,0.43982707282913164,13.0,True
2_39_95_27_2019-01-11 20:46:22.429400,146,400.2455791506438,0.0,0.0,0.0,False
2_39_95_27_2019-01-13 17:02:05.135759,99,637.5792468262946,0.0,0.0,0.0,False
2_39_95_27_2019-01-14 17:33:52.545813,188,1002.3108467819203,1.0,0.9465535415745245,17.0,True
2_39_95_27_2019-01-15 16:09:16.534362,88,100.86425390400363,0.0,0.0,0.0,False
2_39_95_27_2019-01-15 21:50:16.782924,121,703.3655834130481,1.0,0.703901751283847,8.0,True
2_39_95_27_2019-01-16 17:37:44.764081,45,93.95987897086573,2.0,0.7415147318150259,20.0,True
2_39_95_27_2019-01-18 17:06:12.969849,114,380.9010383090078,3.0,0.643945787037037,9.0,True
2_39_95_27_2019-01-22 17:07:28.307949,59,204.5156686570782,0.0,0.0,0.0,False
2_39_95_27_2019-01-22 18:29:41.895109,121,394.45235915358717,1.0,0.3951821901260505,9.0,True
2_39_95_27_2019-01-23 17:55:40.436415,31,53.30548256937278,0.0,0.0,0.0,False
2_39_95_27_2019-01-23 20:48:20.751264,122,393.21317416072486,1.0,0.40378753676470597,9.0,True
2_39_95_27_2019-01-24 20:32:34.969583,31,54.90879997358592,0.0,0.0,0.0,False
2_39_95_27_2019-01-25 17:49:45.891215,77,223.63019714052285,1.0,0.5137182638888889,17.0,True
2_39_95_27_2019-01-26 18:35:12.739002,229,1553.8862129321658,0.0,0.0,0.0,False
2_39_95_27_2019-01-28 17:01:57.131798,396,2632.8030509124665,1.0,0.8231241223155928,21.0,True
2_39_95_27_2019-01-30 17:35:27.111944,85,277.6648761348,1.0,0.3639938194444445,9.0,True
2_39_95_27_2019-01-31 16:12:04.192684,90,167.613696215794,2.0,0.7635206209150327,18.0,True
2_39_95_27_2019-02-01 17:16:40.085136,83,242.61883679971987,2.0,0.8421836589635855,17.0,True
2_39_95_27_2019-02-02 21:56:04.257633,477,3254.23503305771,0.0,0.0,0.0,False
2_39_95_27_2019-02-04 18:18:24.412057,127,758.9202970588235,0.0,0.0,0.0,False
2_39_95_27_2019-02-05 16:53:29.083808,108,361.6952401070335,0.0,0.0,0.0,False
2_39_95_27_2019-02-05 18:57:06.133850,36,53.47889794494721,0.0,0.0,0.0,False
2_39_95_27_2019-02-07 16:29:34.282057,130,814.3738240680888,1.0,0.6917574328898226,8.0,True
2_39_95_27_2019-02-08 04:14:45.603685,128,379.01555042204524,1.0,0.2568493226381462,6.0,True
2_39_95_27_2019-02-09 16:41:15.495484,75,252.0065441059757,0.0,0.0,0.0,False
2_39_95_27_2019-02-10 20:17:08.532264,100,350.4489054788263,1.0,0.1280922716718266,6.0,True
2_39_95_27_2019-02-11 16:28:46.774411,32,48.05395805501688,0.0,0.0,0.0,False
2_39_95_27_2019-02-12 17:00:17.850928,143,459.36350754024096,7.0,1.5319628104575163,20.0,True
2_39_95_27_2019-02-13 16:44:28.147899,210,1340.2527040867628,1.0,0.7998339093137256,17.0,True
2_39_95_27_2019-02-16 02:31:02.405020,415,2695.119709166487,1.0,0.8059515291394336,20.0,True
2_39_95_27_2019-02-19 18:30:09.758655,181,818.3473570189142,3.0,1.2282862192654842,30.0,True
2_39_95_27_2019-02-20 18:05:57.960485,79,260.9698934407096,1.0,0.34919880952380955,8.0,True
2_39_95_27_2019-02-21 17:03:54.173867,53,188.0322314102564,0.0,0.0,0.0,False
2_39_95_27_2019-02-21 18:19:51.076322,125,764.9488892683297,0.0,0.0,0.0,False
2_39_95_27_2019-02-22 17:05:36.465770,345,2295.996111782614,1.0,0.9218614721593766,22.0,True
2_39_95_27_2019-02-25 01:45:58.504862,129,804.6041706842993,1.0,0.6036529302832245,7.0,True
2_39_95_27_2019-02-25 18:13:50.423390,108,645.824987276449,0.0,0.0,0.0,False
2_39_95_27_2019-02-26 17:09:52.006595,75,264.0074626349141,2.0,0.22870893665158376,6.0,True
2_39_95_27_2019-02-26 19:16:34.045493,130,441.5510836035696,1.0,0.4998188888888889,12.0,True
2_39_95_27_2019-02-27 18:48:43.238194,120,370.09411261761113,2.0,0.8326805047852475,17.0,True
2_39_95_27_2019-02-28 17:49:52.539696,38,81.75591087946897,1.0,0.3494000692351428,14.0,True
2_39_95_27_2019-03-01 15:31:28.971253,37,59.6675654036495,0.0,0.0,0.0,False
2_39_95_27_2019-03-03 04:50:39.759006,558,3502.6263551070047,1.0,1.0366531840074575,37.0,True
2_39_95_27_2019-03-03 23:24:58.175867,123,386.1681931931544,1.0,0.4911415277777777,15.0,True
2_39_95_27_2019-03-04 20:00:03.040561,95,288.463789757628,1.0,0.5235956974969475,17.0,True
2_39_95_27_2019-03-05 19:09:52.324145,94,486.9848731406665,0.0,0.0,0.0,False
2_39_95_27_2019-03-06 17:30:04.493760,37,62.39752007110536,0.0,0.0,0.0,False
2_39_95_27_2019-03-07 18:02:01.567046,121,717.9146945261438,0.0,0.0,0.0,False
2_39_95_27_2019-03-08 18:09:42.487144,114,681.9355024159663,0.0,0.0,0.0,False
2_39_95_27_2019-03-09 20:02:09.138882,98,679.2699970487845,0.0,0.0,0.0,False
2_39_95_27_2019-03-11 16:13:56.909578,77,257.2988766110523,4.0,0.6370227266034619,11.0,True
2_39_95_27_2019-03-11 19:59:55.544745,121,395.50606023576097,1.0,0.36110298844537814,9.0,True
2_39_95_27_2019-03-12 18:53:46.894867,135,452.3481940395389,3.0,0.8482593178104576,13.0,True
2_39_95_27_2019-03-13 18:30:36.188275,64,127.57509388601594,2.0,0.612241556372549,8.0,True
2_39_95_27_2019-03-15 16:26:24.172385,161,980.5801496853636,1.0,0.8036943055555557,12.0,True
2_39_95_27_2019-03-16 03:26:59.559285,31,104.12432328431372,1.0,0.32262159722222217,6.0,True
2_39_95_27_2019-03-16 18:29:52.686654,120,371.9042396125117,1.0,0.34059487745098044,8.0,True
2_39_95_27_2019-03-17 15:02:35.908510,97,330.58171271995974,1.0,0.2589094444444444,5.0,True
2_39_95_27_2019-03-18 17:53:33.892417,59,201.97494479888445,1.0,0.10416819444444443,5.0,True
2_39_95_27_2019-03-18 19:23:52.646109,107,351.6639116830065,1.0,0.32293493055555555,8.0,True
2_39_95_27_2019-03-19 17:04:26.053410,140,454.0264422502334,6.0,1.6401733496732027,21.0,True
2_39_95_27_2019-03-20 15:47:39.867638,8,46.569454644955144,0.0,0.0,0.0,False
2_39_95_27_2019-03-20 16:10:46.546153,117,672.6208028657617,1.0,0.7931638194444444,13.0,True
2_39_95_27_2019-03-20 19:43:42.487528,120,393.954454248366,1.0,0.32921805555555556,9.0,True
2_39_95_27_2019-03-21 20:19:30.154562,123,398.17998480392157,1.0,0.36434172385620917,9.0,True
2_39_95_27_2019-03-22 17:23:34.964402,122,722.0798311507937,1.0,0.8406166666666667,13.0,True
2_39_95_27_2019-03-25 23:05:16.906056,101,332.46575661021984,0.0,0.0,0.0,False
2_39_95_27_2019-03-26 15:44:19.259061,85,316.31014653679654,0.0,0.0,0.0,False
2_39_95_27_2019-03-27 15:43:39.651827,78,432.6990641456582,1.0,0.8527782638888887,13.0,True
2_39_95_27_2019-03-28 17:00:38.539436,102,560.9693204481792,0.0,0.0,0.0,False
2_39_95_27_2019-03-29 15:31:50.751725,44,286.98363333333333,0.0,0.0,0.0,False
2_39_95_27_2019-03-29 16:17:21.278960,191,1293.012243942577,0.0,0.0,0.0,False
2_39_95_27_2019-03-30 19:57:38.670354,358,2312.888389215686,1.0,0.8245231658496733,21.0,True
2_39_95_27_2019-04-01 16:21:18.425884,33,53.74270340909091,0.0,0.0,0.0,False
2_39_95_27_2019-04-02 19:10:53.912313,32,53.4294125,0.0,0.0,0.0,False
2_39_95_27_2019-04-02 23:53:54.085989,134,456.03271357069144,4.0,0.799086568627451,11.0,True
2_39_95_27_2019-04-04 00:13:32.398828,85,276.5991573879552,0.0,0.0,0.0,False
2_39_95_27_2019-04-04 16:23:08.961155,105,377.4786943277311,1.0,1.5634661805555554,53.0,True
2_39_95_27_2019-04-05 17:16:21.051596,116,378.10018415032675,1.0,0.28894250000000005,7.0,True
2_39_95_27_2019-04-06 22:33:34.865666,121,373.1184306372549,2.0,0.7288981250000001,16.0,True
2_39_95_27_2019-04-08 16:03:00.096492,194,656.9459970970206,5.0,1.5895680596405228,22.0,True
2_39_95_27_2019-04-09 15:29:34.382475,161,843.7958288917781,0.0,0.0,0.0,False
2_39_95_27_2019-04-10 15:10:51.135179,106,573.9674119090619,1.0,0.804752704248366,13.0,True
2_39_95_27_2019-04-10 21:43:14.186410,99,595.1681468137255,0.0,0.0,0.0,False
2_39_95_27_2019-04-11 15:34:30.116157,127,792.5956824229692,1.0,0.6405894146825396,7.0,True
2_39_95_27_2019-04-12 14:40:27.132647,10,55.81431666666666,0.0,0.0,0.0,False
2_39_95_27_2019-04-12 16:41:06.254361,31,54.12482083333333,0.0,0.0,0.0,False
2_39_95_27_2019-04-12 22:56:15.530565,34,58.32404926470588,1.0,0.30261076388888886,11.0,True
2_39_95_27_2019-04-13 05:43:20.108973,547,3722.9725378618114,0.0,0.0,0.0,False
2_39_95_27_2019-04-14 00:55:48.119540,355,2274.019508578431,1.0,0.34392298611111116,7.0,True
2_39_95_27_2019-04-15 17:10:48.501981,100,554.754675,0.0,0.0,0.0,False
2_39_95_27_2019-04-16 14:42:18.448987,178,868.9321808629193,1.0,0.5160865645424837,8.0,True
2_39_95_27_2019-04-16 21:54:44.286692,82,264.89173556624405,1.0,0.4658182638888889,13.0,True
2_39_95_27_2019-04-17 15:42:56.475564,197,1161.0273424603174,1.0,0.7869288194444445,12.0,True
2_39_95_27_2019-04-18 16:32:04.077679,111,426.392054741964,3.0,1.078873472039233,14.0,True
2_39_95_27_2019-04-19 16:56:10.314742,45,118.99029507110536,1.0,0.5004923570261437,15.0,True
2_39_95_27_2019-04-19 22:20:06.190004,112,358.01790261437907,2.0,0.3587628472222222,8.0,True
2_39_95_27_2019-04-21 16:16:02.823390,90,275.5853863445378,1.0,0.2370665277777778,5.0,True
2_39_95_27_2019-04-22 17:09:15.120407,109,527.2773644607843,0.0,0.0,0.0,False
2_39_95_27_2019-04-23 16:14:04.970856,132,649.1674863095237,1.0,0.9883134027777779,30.0,True
2_39_95_27_2019-04-24 15:05:39.077575,199,1221.2857726307188,1.0,0.734193263888889,11.0,True
2_39_95_27_2019-04-24 19:46:03.651628,121,398.0229080532213,1.0,0.3763017361111112,8.0,True
2_39_95_27_2019-04-25 17:12:09.333359,64,126.13545340174531,2.0,0.6354520138888888,11.0,True
2_39_95_27_2019-04-26 18:35:58.148043,42,108.0956133184789,1.0,0.4916825746187365,15.0,True
2_39_95_27_2019-04-27 21:04:59.593333,68,232.52023406862745,1.0,0.3269410416666666,6.0,True
2_39_95_27_2019-04-28 18:23:01.905221,31,57.26358511904762,0.0,0.0,0.0,False
2_39_95_27_2019-04-29 15:48:57.204657,97,577.4269995915032,1.0,0.694552037037037,11.0,True
2_39_95_27_2019-04-29 18:16:47.738411,118,384.1012980962321,1.0,0.3771212500000001,9.0,True
2_39_95_27_2019-04-30 16:33:01.732517,141,836.0950104612019,1.0,0.6628941666666667,8.0,True
2_39_95_27_2019-05-01 15:35:21.813898,265,1783.988861601307,0.0,0.0,0.0,False
2_39_95_27_2019-05-02 17:38:11.200433,60,121.15214161010557,1.0,0.2565288888888889,8.0,True
2_39_95_27_2019-05-04 22:30:19.831562,101,316.96423848039217,1.0,0.41430118055555565,15.0,True
2_39_95_27_2019-05-06 15:44:18.916411,123,802.8888985724113,1.0,0.6081902083333333,7.0,True
2_39_95_27_2019-05-07 03:43:33.567939,119,371.7463803921568,2.0,0.7563092361111111,16.0,True
2_39_95_27_2019-05-07 16:13:40.716988,270,1837.0149244481254,0.0,0.0,0.0,False
2_39_95_27_2019-05-08 15:23:02.435833,149,897.572887990196,1.0,0.07306814133986929,5.0,True
2_39_95_27_2019-05-09 17:26:51.119879,59,404.54094471288516,0.0,0.0,0.0,False
2_39_95_27_2019-05-09 18:59:35.357676,63,127.41009758403361,2.0,0.5869902777777777,8.0,True
2_39_95_27_2019-05-10 15:57:19.910788,201,317.84803501150384,0.0,0.0,0.0,False
2_39_95_27_2019-05-11 22:11:15.013600,166,1057.5848604256853,0.0,0.0,0.0,False
2_39_95_27_2019-05-12 02:41:54.466742,31,56.9380669117647,0.0,0.0,0.0,False
2_39_95_27_2019-05-12 08:49:18.935658,121,379.4062558823529,2.0,0.8043548897058823,16.0,True
2_39_95_27_2019-05-13 15:11:39.232158,206,889.203969117647,1.0,0.7185260416666668,9.0,True
2_39_95_27_2019-05-14 15:29:10.471772,122,793.9687492077367,1.0,0.6539749387254902,7.0,True
2_39_95_27_2019-05-15 16:06:28.874158,127,324.8479958333333,1.0,0.3402875,9.0,True
2_39_95_27_2019-05-15 23:11:37.199671,201,656.5794067589273,0.0,0.0,0.0,False
2_39_95_27_2019-05-16 13:17:17.918794,80,259.6042010281385,1.0,0.24432381944444445,5.0,True
2_39_95_27_2019-05-16 16:27:34.327553,211,1313.1166020424837,0.0,0.0,0.0,False
2_39_95_27_2019-05-17 13:59:08.261560,74,238.00628869047617,0.0,0.0,0.0,False
2_39_95_27_2019-05-17 20:34:11.822206,89,568.4333462891296,0.0,0.0,0.0,False
2_39_95_27_2019-05-17 22:23:29.132166,116,357.8763741914948,1.0,0.5754536805555557,17.0,True
2_39_95_27_2019-05-18 20:49:18.298168,31,51.56346403743315,0.0,0.0,0.0,False
2_39_95_27_2019-05-19 15:26:29.873564,83,248.99891733193277,1.0,0.506712986111111,15.0,True
2_39_95_27_2019-05-19 18:56:20.392577,330,2198.215330388583,1.0,0.8034779084967321,20.0,True
2_39_95_27_2019-05-20 15:12:01.894093,151,870.6247605158729,1.0,0.5822687500000001,8.0,True
2_39_95_27_2019-05-22 16:47:37.242042,120,387.2578781862745,1.0,0.366585433006536,8.0,True
2_39_95_27_2019-05-23 15:11:29.192804,51,290.790625,1.0,0.7181615277777776,12.0,True
2_39_95_27_2019-05-24 19:15:12.396217,118,389.106921864002,1.0,0.4030757638888889,8.0,True
2_39_95_27_2019-05-28 15:07:24.230536,74,455.5147793300653,1.0,0.671501875,10.0,True
2_39_95_27_2019-05-29 20:34:34.012162,23,63.18285833333333,1.0,0.26923895833333333,6.0,True
2_39_95_27_2019-05-30 17:06:52.938574,194,571.1994642885744,2.0,0.5843772463768115,10.0,True
2_39_95_27_2019-05-31 15:51:17.398152,82,547.1216465909091,0.0,0.0,0.0,False
2_39_95_27_2019-06-01 22:58:12.332419,65,197.11672192684765,1.0,0.3697775,14.0,True
2_39_95_27_2019-06-03 15:51:10.259599,53,160.24509274165806,1.0,0.3919580555555555,9.0,True
2_39_95_27_2019-06-04 16:39:22.809985,61,188.38850277777777,1.0,0.3221296527777779,9.0,True
2_39_95_27_2019-06-05 15:04:50.053153,79,454.80255647347593,1.0,0.6794694095423379,12.0,True
2_39_95_27_2019-06-05 20:14:48.693378,17,103.69122082043343,0.0,0.0,0.0,False
2_39_95_27_2019-06-05 21:36:46.771110,63,186.9937941674038,2.0,0.4493869224429539,12.0,True
2_39_95_27_2019-06-06 17:02:15.387970,164,518.139715473626,2.0,1.64483281162465,36.0,True
2_39_95_27_2019-06-07 16:55:18.866224,58,358.36356102941176,1.0,0.6432884027777778,7.0,True
2_39_95_27_2019-06-08 20:51:33.959304,114,762.9223964905193,0.0,0.0,0.0,False
2_39_95_27_2019-06-08 23:12:37.152585,65,193.98275563725488,3.0,0.99346625,19.0,True
2_39_95_27_2019-06-10 17:27:28.959268,113,393.90271281512605,1.0,0.5098667361111111,6.0,True
2_39_95_27_2019-06-11 17:13:33.894185,96,581.0410330882353,0.0,0.0,0.0,False
2_39_95_27_2019-06-12 15:07:08.541550,97,365.90112635746607,1.0,0.8148016680283224,11.0,True
2_39_95_27_2019-06-12 23:42:23.467451,12,36.61687475490196,0.0,0.0,0.0,False
2_39_95_27_2019-06-13 19:40:41.983746,122,404.58455,1.0,0.3592904166666666,8.0,True
2_39_95_27_2019-06-14 17:16:52.001332,54,164.73517565359475,1.0,0.3063233292483661,8.0,True
2_39_95_27_2019-06-15 22:01:39.630389,418,2901.649412535014,0.0,0.0,0.0,False
2_39_95_27_2019-06-16 19:13:31.587645,148,889.8631230042016,1.0,0.7258638194444444,11.0,True
2_39_95_27_2019-06-17 16:18:45.996842,128,819.8643904411764,1.0,0.6169261805555555,8.0,True
2_39_95_27_2019-06-18 16:30:24.502398,75,230.735707528909,1.0,0.38673779275599135,9.0,True
2_39_95_27_2019-06-19 15:42:47.099617,77,309.503839624183,2.0,0.9911427954793028,23.0,True
2_39_95_27_2019-06-19 18:45:17.996963,45,256.40954999999997,1.0,0.7133667361111111,8.0,True
2_39_95_27_2019-06-20 17:24:27.246426,71,220.70931053921566,2.0,1.4628248161764705,29.0,True
2_39_95_27_2019-06-21 01:41:42.682340,232,828.4388911850705,5.0,2.3550202343481246,62.0,True
2_39_95_27_2019-06-21 17:22:33.740375,192,649.5302272353678,3.0,0.9352016172887282,25.0,True
2_39_95_27_2019-06-22 19:24:35.568153,152,921.9394096405229,1.0,0.8187719267429193,11.0,True
2_39_95_27_2019-06-24 16:30:16.946258,104,665.8148070863433,1.0,0.6021060416666666,7.0,True
2_39_95_27_2019-06-25 16:48:25.463155,31,40.244523611111106,1.0,0.2547532638888889,25.0,True
2_39_95_27_2019-06-27 16:41:36.699793,74,226.69575227324847,1.0,0.3910961111111111,8.0,True
2_39_95_27_2019-06-28 16:53:27.007308,98,308.7045324395547,3.0,2.0181767915909052,46.0,True
2_39_95_27_2019-06-29 04:11:41.777628,426,2821.9050897058823,1.0,0.6918243055555554,15.0,True
2_39_95_27_2019-06-30 19:13:24.591299,78,442.5971653361344,1.0,0.6909587867647058,11.0,True
2_39_95_27_2019-07-01 22:46:32.250708,85,253.32726232492996,3.0,1.5203809109477127,30.0,True
2_39_95_27_2019-07-02 16:29:16.328162,74,223.5419788703943,2.0,0.8871001686507938,9.0,True
2_39_95_27_2019-07-03 18:12:39.233583,51,129.79311567460317,1.0,0.4986969146825396,15.0,True
2_39_95_27_2019-07-08 00:11:53.153549,233,731.3959236461251,3.0,0.6676500297619048,6.0,True
2_39_95_27_2019-07-11 17:05:20.179569,87,485.93364573955455,0.0,0.0,0.0,False
2_39_95_27_2019-07-12 18:20:59.539667,35,84.7661375,1.0,0.5091320138888888,14.0,True
2_39_95_27_2019-07-12 23:05:26.847109,19,34.91072083333333,0.0,0.0,0.0,False
2_39_95_27_2019-07-13 01:04:19.562260,29,159.60357499999998,1.0,0.4191277083333333,7.0,True
2_39_95_27_2019-07-15 15:57:42.320883,245,807.5288575980392,6.0,2.7013487990196077,49.0,True
2_39_95_27_2019-07-16 19:52:26.645439,30,69.54692916666666,2.0,0.41836645833333336,11.0,True
2_39_95_27_2019-07-17 17:23:41.256101,105,662.9710110294118,1.0,0.6985197263071896,14.0,True
2_39_95_27_2019-07-18 16:43:58.456047,427,2533.803727526395,3.0,1.3449543300653595,11.0,True
2_39_95_27_2019-07-19 00:51:37.818256,45,305.19239166666665,0.0,0.0,0.0,False
2_39_95_27_2019-07-19 17:13:31.555932,240,808.0914066876751,8.0,3.4747674714052286,44.0,True
2_39_95_27_2019-07-21 23:15:25.870939,120,370.14809152661064,2.0,0.5789235416666667,7.0,True
2_39_95_27_2019-07-22 16:58:54.236810,107,319.37535178571426,3.0,1.231324603174603,19.0,True
2_39_95_27_2019-07-23 20:16:08.356409,105,675.873625910738,0.0,0.0,0.0,False
2_39_95_27_2019-07-24 17:30:07.022246,151,809.0642871426776,0.0,0.0,0.0,False
2_39_95_27_2019-07-26 16:26:36.983643,68,395.1622153361344,0.0,0.0,0.0,False
2_39_95_27_2019-07-27 02:50:14.506495,118,364.0312121498599,1.0,0.5196861805555555,16.0,True
2_39_95_27_2019-07-28 03:20:55.084139,53,257.98846176470585,2.0,1.0665550694444446,11.0,True
2_39_95_27_2019-07-29 16:55:12.607092,120,375.2457412114846,2.0,0.8020654166666666,15.0,True
2_39_95_27_2019-07-30 17:07:41.956278,303,1476.5114124622926,0.0,0.0,0.0,False
2_39_95_27_2019-07-31 15:09:05.380289,60,333.6728746148459,1.0,0.7566603472222223,11.0,True
2_39_95_27_2019-07-31 22:29:08.226726,229,725.0290248237013,1.0,0.23135591094771246,7.0,True
2_39_95_27_2019-08-01 16:58:42.934619,68,419.18515451680673,0.0,0.0,0.0,False
2_39_95_27_2019-08-02 20:37:57.657656,30,52.39060416666666,0.0,0.0,0.0,False
2_39_95_27_2019-08-03 18:19:15.197588,522,3168.297053559757,3.0,1.9266310294117646,29.0,True
2_39_95_27_2019-08-05 14:03:31.334168,17,44.30443848039216,1.0,0.26697284722222225,7.0,True
2_39_95_27_2019-08-05 17:20:38.351303,123,405.36223305322125,1.0,0.33414249999999995,9.0,True
2_39_95_27_2019-08-06 16:58:33.674066,120,373.43525776143787,2.0,0.7209906685729848,15.0,True
2_39_95_27_2019-08-07 16:48:10.325710,240,790.3565492776057,7.0,2.3200829175266597,22.0,True
2_39_95_27_2019-08-08 17:10:27.566907,122,380.00169542483656,2.0,0.7085059027777778,16.0,True
2_39_95_27_2019-08-09 17:41:43.937541,66,135.29869166666666,2.0,0.6018506944444444,7.0,True
2_39_95_27_2019-08-10 17:16:19.289206,419,2635.5219434714795,4.0,1.1463114011437907,10.0,True
2_39_95_27_2019-08-12 16:31:12.885629,124,375.90943475935825,1.0,0.5627394444444443,16.0,True
2_39_95_27_2019-08-14 16:51:39.126740,90,288.44700333710404,0.0,0.0,0.0,False
2_39_95_27_2019-08-14 18:52:34.024811,134,387.1786866830065,3.0,1.0281596338193397,15.0,True
2_39_95_27_2019-08-15 17:19:54.101676,107,632.2464593137255,0.0,0.0,0.0,False
2_39_95_27_2019-08-16 16:12:47.245729,283,1748.8115757352941,1.0,0.7668480555555556,13.0,True
2_39_95_27_2019-08-19 17:15:00.381514,104,624.4555731751092,0.0,0.0,0.0,False
2_39_95_27_2019-08-20 16:20:57.426252,197,611.3937204481792,2.0,0.513547843137255,12.0,True
2_39_95_27_2019-08-21 15:18:57.952573,105,589.5787046918767,1.0,0.8235650326797386,12.0,True
2_39_95_27_2019-08-22 13:30:48.257884,32,48.157133333333334,0.0,0.0,0.0,False
2_39_95_27_2019-08-22 18:21:49.527937,67,136.2310625,2.0,0.6423363194444445,8.0,True
2_39_95_27_2019-08-23 16:26:37.830587,116,357.5101713235294,1.0,0.5151086805555556,15.0,True
2_39_95_444_2018-11-01 16:00:45.568641,41,59.27316295518207,0.0,0.0,0.0,False
2_39_95_444_2018-11-02 17:13:40.020301,142,793.7789987661762,0.0,0.0,0.0,False
2_39_95_444_2018-11-05 16:30:27.751194,34,53.92238955415499,0.0,0.0,0.0,False
2_39_95_444_2018-11-06 18:08:11.911149,37,59.00487193317518,0.0,0.0,0.0,False
2_39_95_444_2018-11-07 15:02:59.532377,193,1196.2687952147526,1.0,0.22830659722222224,7.0,True
2_39_95_444_2018-11-09 17:49:33.630271,99,307.950839694211,1.0,0.3974897113289761,9.0,True
2_39_95_444_2018-11-12 21:25:35.360279,63,125.89411498599439,1.0,0.20923316993464053,8.0,True
2_39_95_444_2018-11-13 16:43:10.565628,102,622.2598337369158,1.0,0.2984467742374728,7.0,True
2_39_95_444_2018-11-14 17:50:07.385224,71,475.78420324295587,0.0,0.0,0.0,False
2_39_95_444_2018-11-15 17:48:08.259968,31,39.88284233193277,1.0,0.26259468954248366,25.0,True
2_39_95_444_2018-11-16 17:43:36.438412,76,513.7521828965797,0.0,0.0,0.0,False
2_39_95_444_2018-11-19 17:36:59.018633,149,475.361211097407,1.0,0.32387804563492056,5.0,True
2_39_95_444_2018-11-20 15:58:16.210241,268,1559.2656985039469,0.0,0.0,0.0,False
2_39_95_444_2018-11-21 15:51:30.744388,156,885.1918754622226,1.0,1.8297450061798226,38.0,True
2_39_95_444_2018-11-26 18:51:09.389717,41,53.72199908302482,0.0,0.0,0.0,False
2_39_95_444_2018-11-26 21:32:28.483082,244,1363.8780532143767,0.0,0.0,0.0,False
2_39_95_444_2018-11-27 17:33:41.968211,276,720.9141745484354,0.0,0.0,0.0,False
2_39_95_444_2018-11-28 17:06:36.965671,206,715.8777565323566,2.0,0.6370257528011205,12.0,True
2_39_95_444_2018-11-29 20:48:35.902800,51,119.41341188092781,2.0,0.7346934424603174,20.0,True
2_39_95_444_2018-11-30 21:01:32.307441,132,871.2339403102401,0.0,0.0,0.0,False
2_39_95_444_2018-12-03 17:59:17.183606,477,3067.317962772212,0.0,0.0,0.0,False
2_39_95_444_2018-12-05 16:33:11.640672,168,1115.539032774385,0.0,0.0,0.0,False
2_39_95_444_2018-12-05 21:42:20.291184,110,665.9792965326984,0.0,0.0,0.0,False
2_39_95_444_2018-12-07 16:17:50.213871,163,1088.5862428561034,0.0,0.0,0.0,False
2_39_95_444_2018-12-10 16:19:24.922585,333,2245.4712421627905,0.0,0.0,0.0,False
2_39_95_444_2018-12-11 19:17:27.727668,103,317.0159245011696,1.0,0.4122214542483661,12.0,True
2_39_95_444_2018-12-12 16:13:41.682863,168,1033.9511841426247,0.0,0.0,0.0,False
2_39_95_444_2018-12-14 22:23:12.579266,165,591.6594733786319,0.0,0.0,0.0,False
2_39_95_444_2018-12-17 15:57:07.589419,267,988.7219028818575,0.0,0.0,0.0,False
2_39_95_444_2018-12-18 17:56:42.773684,155,771.7117416123768,0.0,0.0,0.0,False
2_39_95_444_2018-12-20 16:09:07.294435,207,1208.7761642596352,0.0,0.0,0.0,False
2_39_95_444_2018-12-20 20:39:07.007671,82,421.02405933821683,0.0,0.0,0.0,False
2_39_95_444_2019-01-02 18:35:53.872924,337,2111.5299775888593,0.0,0.0,0.0,False
2_39_95_444_2019-01-03 16:56:35.653277,228,1314.7047226120553,3.0,1.322016723856209,14.0,True
2_39_95_444_2019-01-04 16:15:17.272653,91,517.3804879858488,0.0,0.0,0.0,False
2_39_95_444_2019-01-07 16:00:12.659040,354,1453.5216288446627,0.0,0.0,0.0,False
2_39_95_444_2019-01-08 17:49:47.828927,66,138.46661169998208,1.0,0.5744914979646829,20.0,True
2_39_95_444_2019-01-09 17:55:19.391608,35,51.87404282463322,0.0,0.0,0.0,False
2_39_95_444_2019-01-10 21:45:34.598622,129,398.45431115311413,1.0,0.33543676062091504,8.0,True
2_39_95_444_2019-01-11 21:18:45.747508,69,131.19649881523705,1.0,0.2247439087301587,8.0,True
2_39_95_444_2019-01-14 16:04:58.630096,269,1430.5705835747715,0.0,0.0,0.0,False
2_39_95_444_2019-01-15 20:09:37.716828,268,1348.4934599971923,1.0,1.2480897653959246,45.0,True
2_39_95_444_2019-01-16 17:45:43.434742,249,1388.5945063258293,1.0,0.5767843681917212,9.0,True
2_39_95_444_2019-01-17 16:26:20.970127,200,987.0656750958733,0.0,0.0,0.0,False
2_39_95_444_2019-01-18 16:08:43.124217,99,596.373119117647,0.0,0.0,0.0,False
2_39_95_444_2019-01-22 15:34:26.213557,381,2560.0297517147274,0.0,0.0,0.0,False
2_39_95_444_2019-01-24 20:40:22.575551,64,375.5241940009337,1.0,0.769465180322129,17.0,True
2_39_95_444_2019-01-25 16:25:04.703927,92,272.3352758995906,1.0,0.5299409722222223,17.0,True
2_39_95_444_2019-01-28 15:32:16.656494,373,2324.4155532446016,0.0,0.0,0.0,False
2_39_95_444_2019-01-29 16:19:57.790550,85,579.0385771951088,0.0,0.0,0.0,False
2_39_95_444_2019-01-30 19:05:36.314489,54,147.23899296218488,2.0,0.799498501984127,16.0,True
2_39_95_444_2019-01-31 18:13:55.101608,120,738.4503409313725,0.0,0.0,0.0,False
2_39_95_444_2019-02-01 16:17:59.841896,119,820.9133837535013,0.0,0.0,0.0,False
2_39_95_444_2019-02-01 18:28:10.509237,136,503.21588444967523,0.0,0.0,0.0,False
2_39_95_444_2019-02-04 16:25:41.287821,327,2179.2466950982066,0.0,0.0,0.0,False
2_39_95_444_2019-02-05 16:49:51.137479,129,781.5079729403766,0.0,0.0,0.0,False
2_39_95_444_2019-02-07 17:20:51.123765,150,979.9126018449688,0.0,0.0,0.0,False
2_39_95_444_2019-02-11 16:32:14.673820,239,1503.574850103981,0.0,0.0,0.0,False
2_39_95_444_2019-02-12 12:46:38.200674,235,1502.7060228287407,0.0,0.0,0.0,False
2_39_95_444_2019-02-12 22:29:28.234710,197,1300.192072595705,0.0,0.0,0.0,False
2_39_95_444_2019-02-13 22:00:07.025859,31,50.298751866515836,0.0,0.0,0.0,False
2_39_95_444_2019-02-14 16:11:56.900531,143,962.3036551784816,0.0,0.0,0.0,False
2_39_95_444_2019-02-16 17:50:16.041727,138,968.7988715705862,0.0,0.0,0.0,False
2_39_95_444_2019-02-20 16:05:42.184641,442,3011.087755523715,0.0,0.0,0.0,False
2_39_95_444_2019-02-22 15:07:11.317108,145,993.8516203061644,0.0,0.0,0.0,False
2_39_95_444_2019-02-25 17:15:46.694644,226,1509.7004411452453,0.0,0.0,0.0,False
2_39_95_444_2019-02-26 16:11:36.606667,131,873.362509916962,0.0,0.0,0.0,False
2_39_95_444_2019-02-28 16:41:25.868717,122,682.9432428655352,0.0,0.0,0.0,False
2_39_95_444_2019-03-01 16:51:17.263257,77,444.8446826372973,0.0,0.0,0.0,False
2_39_95_444_2019-03-04 16:17:55.614694,148,989.2136281628501,0.0,0.0,0.0,False
2_39_95_444_2019-03-05 18:14:02.037171,102,631.247021850535,0.0,0.0,0.0,False
2_39_95_444_2019-03-06 20:37:02.133219,128,849.3435455067807,1.0,0.31635861111111113,6.0,True
2_39_95_444_2019-03-07 16:25:37.827071,219,1475.7135902440696,0.0,0.0,0.0,False
2_39_95_444_2019-03-08 19:11:43.155423,78,399.37288294817927,0.0,0.0,0.0,False
2_39_95_444_2019-03-11 17:21:54.181305,66,441.63274858507503,0.0,0.0,0.0,False
2_39_95_444_2019-03-12 17:10:37.707875,78,474.03069570494864,1.0,0.7262887145969499,15.0,True
2_39_95_444_2019-03-13 21:38:10.880490,187,642.6659264176183,1.0,0.4895982638888888,14.0,True
2_39_95_444_2019-03-14 15:31:37.947462,262,1795.3139136716225,0.0,0.0,0.0,False
2_39_95_444_2019-03-18 21:15:40.018415,113,364.99296648490395,5.0,1.3560580733082706,14.0,True
2_39_95_444_2019-03-19 15:34:00.398165,271,1820.2669871580817,0.0,0.0,0.0,False
2_39_95_444_2019-03-20 19:20:40.079098,71,142.37807711251168,1.0,0.2823097916666667,9.0,True
2_39_95_444_2019-03-21 17:47:36.859374,119,808.6138833333333,0.0,0.0,0.0,False
2_39_95_444_2019-03-27 20:27:36.156972,122,401.02832598039214,1.0,0.3246689583333333,8.0,True
2_39_95_444_2019-03-28 21:15:05.659316,40,124.42762568681317,1.0,0.3611059027777778,11.0,True
2_39_95_444_2019-04-02 17:28:23.070890,164,1050.4097992647057,0.0,0.0,0.0,False
2_39_95_444_2019-04-05 18:43:20.030536,72,420.2491786531279,1.0,0.7882188235294117,16.0,True
2_39_95_444_2019-04-08 17:02:19.379784,168,569.5828017524958,1.0,0.47024241421568636,16.0,True
2_39_95_444_2019-04-09 17:14:12.866882,174,596.454353970376,1.0,0.37223857843137254,11.0,True
2_39_95_444_2019-04-11 16:51:33.957211,162,1089.4647597689075,0.0,0.0,0.0,False
2_39_95_444_2019-04-12 21:35:45.621576,128,866.1020301704831,0.0,0.0,0.0,False
2_39_95_444_2019-04-15 16:56:53.964684,391,2547.646362184874,1.0,0.4982683864379085,11.0,True
2_39_95_444_2019-04-17 17:14:54.160243,31,47.86036130952381,0.0,0.0,0.0,False
2_39_95_444_2019-04-18 17:00:27.859326,111,715.7101235294117,1.0,0.5154407638888889,9.0,True
2_39_95_444_2019-04-19 17:34:33.213381,67,413.86388322521987,1.0,0.5422356944444444,7.0,True
2_39_95_444_2019-04-22 19:19:15.098838,31,53.55563333333333,0.0,0.0,0.0,False
2_39_95_444_2019-04-23 17:19:55.236706,31,50.836462499999996,0.0,0.0,0.0,False
2_39_95_444_2019-04-23 19:55:19.690958,121,399.37634730392153,1.0,0.3615875694444444,8.0,True
2_39_95_444_2019-04-24 16:49:11.173066,149,686.999956897759,2.0,1.2264133741830066,25.0,True
2_39_95_444_2019-04-26 17:27:17.744117,32,54.47997985404688,0.0,0.0,0.0,False
2_39_95_444_2019-04-30 17:31:31.371893,86,513.1649747493734,0.0,0.0,0.0,False
2_39_95_444_2019-05-01 17:19:01.874288,218,738.9013668494989,3.0,0.820302914660016,16.0,True
2_39_95_444_2019-05-07 17:43:01.584667,104,393.9883855042017,0.0,0.0,0.0,False
2_39_95_444_2019-05-08 17:02:18.552134,102,625.0179083333333,0.0,0.0,0.0,False
2_39_95_444_2019-05-14 16:17:56.240835,105,648.8692355750802,1.0,0.25911256944444444,7.0,True
2_39_95_444_2019-05-15 16:40:16.437096,162,1042.8815621956473,1.0,0.6782401388888888,14.0,True
2_39_95_444_2019-05-20 16:41:12.491343,252,873.0388210847159,3.0,1.6514732638888887,42.0,True
2_39_95_444_2019-05-23 17:09:08.001476,119,738.0597693250377,0.0,0.0,0.0,False
2_39_95_444_2019-05-28 16:55:37.026014,55,326.82236666666665,1.0,0.7103138194444445,9.0,True
2_39_95_444_2019-05-30 16:10:22.128992,137,761.8079397058823,0.0,0.0,0.0,False
2_39_95_444_2019-05-31 19:49:20.745389,40,66.9534375953159,0.0,0.0,0.0,False
2_39_95_444_2019-06-03 16:13:32.224390,31,51.76342900326797,0.0,0.0,0.0,False
2_39_95_444_2019-06-10 17:07:41.856337,148,361.8149364176372,2.0,0.8218180555555556,15.0,True
2_39_95_444_2019-06-11 20:44:14.228520,150,743.5761458450046,0.0,0.0,0.0,False
2_39_95_444_2019-06-13 17:31:45.036900,109,698.8691898809524,1.0,0.7363378635620916,14.0,True
2_39_95_444_2019-06-14 17:25:35.208969,111,655.0932485312073,0.0,0.0,0.0,False
2_39_95_444_2019-06-18 18:06:46.872102,42,70.05285098039215,0.0,0.0,0.0,False
2_39_95_444_2019-06-19 16:50:29.091218,31,52.418636636321196,0.0,0.0,0.0,False
2_39_95_444_2019-06-25 17:11:31.150040,84,503.79079338235294,0.0,0.0,0.0,False
2_39_95_444_2019-06-26 18:12:48.314768,115,713.8664446083328,1.0,0.6644150000000001,8.0,True
2_39_95_444_2019-06-27 20:46:53.576837,32,46.889387675070026,0.0,0.0,0.0,False
2_39_95_444_2019-06-28 17:42:55.132348,62,388.9701519230769,1.0,0.5805301388888888,7.0,True
2_39_95_444_2019-07-02 17:07:30.040633,372,2466.1137768791364,1.0,0.7994831973622782,19.0,True
2_39_95_444_2019-07-03 17:10:15.218016,151,1008.8802465470803,0.0,0.0,0.0,False
2_39_95_444_2019-07-08 17:10:33.022887,151,1036.1973163515406,0.0,0.0,0.0,False
2_39_95_444_2019-07-16 18:30:47.578766,127,830.5004791666667,1.0,0.3291620138888889,12.0,True
2_39_95_444_2019-07-18 16:30:06.684389,189,1101.1750583333333,2.0,1.087988402777778,25.0,True
2_39_95_444_2019-07-23 20:16:58.625317,92,307.4095106466246,2.0,1.2649421555010891,37.0,True
2_39_95_444_2019-07-25 16:35:16.126819,33,52.64480833333333,0.0,0.0,0.0,False
2_39_95_444_2019-07-25 20:22:54.556560,159,999.3473302484151,0.0,0.0,0.0,False
2_39_95_444_2019-07-26 15:35:07.137165,74,475.3979732492997,0.0,0.0,0.0,False
2_39_95_444_2019-08-07 19:03:16.998190,414,2650.476933600329,0.0,0.0,0.0,False
2_39_95_444_2019-08-12 17:45:44.806477,156,960.5553676470588,0.0,0.0,0.0,False
2_39_95_444_2019-08-14 16:24:23.007995,208,1140.7032768557422,2.0,1.845450972222222,29.0,True
2_39_95_444_2019-08-16 16:50:40.512511,105,669.0079323277213,1.0,0.7009734232026145,13.0,True
2_39_95_444_2019-08-21 03:46:22.228064,69,138.36286151960783,1.0,0.26947468137254904,9.0,True
2_39_95_444_2019-08-22 16:04:26.277779,33,53.05750985166794,0.0,0.0,0.0,False
2_39_95_444_2019-08-23 19:00:14.571475,198,1318.1609771293206,0.0,0.0,0.0,False
